Iteration,FP32 Input,Custom Input,FP32 Result,Custom Result,Absolute Error,Relative Error (%)
1,1.2345,1.2344970703125,1.23482345,1.2348175048828125,5.945117187433624e-06,0.0004814548336795534
100,1.2666789641429927,1.2662200927734375,1.267005632039407,1.26654052734375,0.00046510469565697043,0.03670896828677274
200,1.299507983898534,1.2983245849609375,1.2998379346969238,1.2986602783203125,0.001177656376611269,0.09060024678275426
300,1.3326669242094584,1.3318939208984375,1.3330001909018794,1.3322296142578125,0.0007705766440668782,0.05780769195130592
400,1.3661591006658664,1.3654632568359375,1.366495716575933,1.3657989501953125,0.0006967663806205504,0.05098928391568308
500,1.3999878621784154,1.3990325927734375,1.4003278609646332,1.3993682861328125,0.000959574831820742,0.06852501178971951
600,1.4341565913131866,1.4326019287109375,1.434500006972318,1.4329376220703125,0.0015623849020054426,0.10891494558463201
700,1.4686687046299052,1.466888427734375,1.469015571500368,1.4672393798828125,0.0017761916175556003,0.12091033287969168
800,1.503527653023568,1.501983642578125,1.5038780057888703,1.5023345947265625,0.00154341106230782,0.10262874091959424
900,1.538736922069499,1.537078857421875,1.539090795761706,1.5374298095703125,0.001660986191393432,0.10791996131530365
1000,1.5743000323718803,1.572174072265625,1.5746574623751175,1.5725250244140625,0.0021324379610550004,0.1354223386360206
1100,1.6102205399157719,1.6074981689453125,1.6105815619697634,1.6078643798828125,0.002717182086950931,0.1687081332054851
1200,1.6465020364226834,1.6441192626953125,1.6468666866263257,1.6444854736328125,0.0023812129935132376,0.14459051317573557
1300,1.6831481497097136,1.6807403564453125,1.6835164645246845,1.6811065673828125,0.0024098971418720083,0.1431466334101108
1400,1.7201625440522965,1.7173614501953125,1.7205345603067017,1.7177276611328125,0.00280689917388921,0.1631411096670359
1500,1.7575489205505932,1.7539825439453125,1.7579246754426483,1.7543487548828125,0.003575920559835799,0.20341716626370104
1600,1.7953110174995757,1.7920684814453125,1.7956905486013255,1.792449951171875,0.003240597429450487,0.18046524953726623
1700,1.833452610762814,1.8302154541015625,1.8338359560238902,1.830596923828125,0.003239032195765157,0.17662605998783026
1800,1.8719775141500314,1.8683624267578125,1.8723647119014464,1.868743896484375,0.003620815417071377,0.1933819513931302
1900,1.9108895797984502,1.9065093994140625,1.91128066875643,1.906890869140625,0.004389799615805101,0.22967843957011888
2000,1.9501926985579734,1.9461517333984375,1.9505877178278292,1.9465484619140625,0.004039255913766748,0.2070789166182619
2100,1.9898908003802256,1.9858245849609375,1.9902897894602636,1.9862213134765625,0.004068475983701081,0.20441626165425839
2200,2.0299878547115187,2.0274658203125,2.0303908534969897,2.02789306640625,0.002497787090739667,0.12302001294172843
2300,2.0704878708897603,2.0701904296875,2.0708949196768494,2.07061767578125,0.00027724389559935503,0.013387637053193277
2400,2.111394898545349,2.1129150390625,2.1118060380352035,2.11334228515625,0.0015362471210464967,0.07274565435355043
2500,2.1527130280061013,2.1556396484375,2.153128299308902,2.15606689453125,0.0029385952223481837,0.1364802656344908
2600,2.1944463907062466,2.1983642578125,2.194865835345317,2.19879150390625,0.0039256685609330155,0.1788568803484698
2700,2.236599159599524,2.2410888671875,2.2370228195154835,2.24151611328125,0.0044932937657664596,0.20086043497489497
2800,2.2791755495764594,2.2838134765625,2.279603467131417,2.28424072265625,0.004637255524833073,0.2034237792535231
2900,2.322179817885796,2.32916259765625,2.322612035867585,2.329620361328125,0.007008325460540199,0.30174326802376705
3000,2.3656162645601952,2.37493896484375,2.3660528261866514,2.375396728515625,0.009343902328973641,0.3949152033107027
3100,2.409489232846187,2.42071533203125,2.4099301817694716,2.421173095703125,0.011242913933653398,0.466524466920381
3200,2.453803109638463,2.46649169921875,2.4542484899494266,2.466949462890625,0.01270097294119843,0.5175096569565436
3300,2.498562325918525,2.51226806640625,2.4990121821511164,2.512725830078125,0.013713647927008576,0.5487627481353072
3400,2.5437713571977447,2.55804443359375,2.5442257343334647,2.558502197265625,0.014276462932160339,0.5611319286454934
3500,2.5894347239648687,2.604522705078125,2.589893667437265,2.605010986328125,0.015117318890859988,0.5837042300589421
3600,2.635556992138023,2.653350830078125,2.6360205478372367,2.653839111328125,0.017818563490888284,0.6759645142185176
3700,2.682142773521278,2.702178955078125,2.68261098779863,2.702667236328125,0.020056248529495058,0.7476390956690058
3800,2.7291967262657657,2.751007080078125,2.729669645938392,2.751495361328125,0.02182571538973299,0.7995735096446024
3900,2.7767235553354706,2.799835205078125,2.777201227691004,2.800323486328125,0.023122258637120918,0.8325741183812244
4000,2.8247280129776686,2.848663330078125,2.825210485778966,2.849151611328125,0.023941125549158837,0.8474103317140208
4100,2.8732148991981257,2.897491455078125,2.8737022206880454,2.897979736328125,0.024277515640079628,0.8448166781270366
4200,2.922189062241032,2.949188232421875,2.922681281147256,2.94970703125,0.027025750102743995,0.9246902930221467
4300,2.9716553990738017,3.001068115234375,2.972152564613709,3.0015869140625,0.029434349448790975,0.9903377706526502
4400,3.0216188558767128,3.052947998046875,3.0221210177623004,3.053466796875,0.031345779112699645,1.037211247612755
4500,3.0720844285374853,3.104827880859375,3.072591636980339,3.1053466796875,0.032755042707160786,1.0660395710557737
4600,3.12305716315082,3.156707763671875,3.123569468867135,3.1572265625,0.03365709363286484,1.0775202526573449
4700,3.1745421565229726,3.208892822265625,3.1750596107386246,3.209442138671875,0.03438252793325036,1.0828939342418153
4800,3.22654455668137,3.263824462890625,3.227067211137038,3.264373779296875,0.03730656815983702,1.1560517869317097
4900,3.279069563389374,3.318756103515625,3.279597470345713,3.319305419921875,0.03970794957616208,1.2107568058337457
5000,3.3321224286662225,3.373687744140625,3.3326556409090893,3.374237060546875,0.04158141963778572,1.247696255423589
5100,3.3857084573121603,3.428619384765625,3.3862470281578916,3.429168701171875,0.04292167301398342,1.2675292929627962
5200,3.4398330074388914,3.483551025390625,3.4403769907396353,3.484100341796875,0.04372335105723968,1.2708883699352884
5300,3.4945014910053223,3.540008544921875,3.495050941154423,3.54058837890625,0.04553743775182717,1.3029119895112617
5400,3.549719374358725,3.597991943359375,3.550274346296161,3.59857177734375,0.04829743104758899,1.3603858839240268
5500,3.6054921787813137,3.655975341796875,3.6060527279991916,3.65655517578125,0.05050244778205837,1.400491107352152
5600,3.661825481042324,3.713958740234375,3.6623916635904283,3.71453857421875,0.05214691062832166,1.4238485508455805
5700,3.7187249139556324,3.771942138671875,3.719296786447028,3.77252197265625,0.05322518620922212,1.4310550963067163
5800,3.776196166942995,3.830780029296875,3.7767737865596893,3.831390380859375,0.05461659429968568,1.44611770220521
5900,3.8342449866029362,3.891815185546875,3.8348284111015967,3.892425537109375,0.05759712600777833,1.501947931778072
6000,3.8928771772853477,3.952850341796875,3.893466465003076,3.953460693359375,0.05999422835629886,1.5408949555765974
6100,3.9520986016718838,4.01385498046875,3.952693811532051,4.01446533203125,0.061771520499199095,1.5627701877382871
6200,4.011915181362169,4.07489013671875,4.012516372880306,4.07550048828125,0.06298411540094406,1.5696911750102631
6300,4.072332897465931,4.13592529296875,4.072940130755678,4.13653564453125,0.06359551377557171,1.5614153838242752
6400,4.133357791200961,4.19696044921875,4.133971126980081,4.19757080078125,0.0635996738011686,1.5384643928954813
6500,4.194995964497283,4.25799560546875,4.195615464093733,4.25860595703125,0.06299049293751668,1.5013409469145151
6600,4.257253580607256,4.31903076171875,4.257879305965317,4.31964111328125,0.06176180731593295,1.450529779681736
6700,4.320136864721845,4.38006591796875,4.320768878408318,4.38067626953125,0.059907391122932196,1.386498394355239
6800,4.383652104593073,4.44110107421875,4.384290469803533,4.44171142578125,0.057420955977717014,1.309697803400561
6900,4.44780565116275,4.50213623046875,4.448450431727867,4.50274658203125,0.05429615030338297,1.2205632306504821
7000,4.512603919197515,4.56317138671875,4.513255179589435,4.56378173828125,0.050526558691815104,1.1195147777221726
7100,4.578053387930234,4.62860107421875,4.578711193269028,4.6292724609375,0.050561267668472354,1.1042685492546542
7200,4.644160601707873,4.69573974609375,4.644825017768044,4.6964111328125,0.05158611504445609,1.1106148207332154
7300,4.710932170645871,4.76287841796875,4.711603263862936,4.7635498046875,0.05194654082456385,1.1025236615948446
7400,4.778374771289111,4.83001708984375,4.77905260876624,4.8306884765625,0.05163586779625984,1.080462426832128
7500,4.846495147279485,4.89715576171875,4.8471797967942125,4.8978271484375,0.050647351643287486,1.0448828755389723
7600,4.915300110030198,4.96429443359375,4.915991640041201,4.9649658203125,0.04897418027129863,0.9962217972951672
7700,4.984796539406868,5.03143310546875,4.985495019060809,5.0321044921875,0.04660947312669084,0.9349016085361839
7800,5.054991384415442,5.09857177734375,5.055696883553884,5.0992431640625,0.04354628050861642,0.861330920575399
7900,5.125891663897008,5.16571044921875,5.126604253063398,5.1663818359375,0.039777582874101824,0.7759050808404562
8000,5.197504467229654,5.23712158203125,5.198224217676378,5.23785400390625,0.03962978622987201,0.762371620968413
8100,5.269836955037318,5.31036376953125,5.270563938732822,5.31109619140625,0.04053225267342775,0.7690306605629138
8200,5.342896359905786,5.38360595703125,5.343630649541777,5.38433837890625,0.04070772936447309,0.7617990844476465
8300,5.416689987105884,5.45684814453125,5.417431656104595,5.45758056640625,0.040148910301654794,0.7411059861994432
8400,5.491225215323958,5.53009033203125,5.49197433784549,5.53082275390625,0.03884841606075984,0.7073670354403027
8500,5.566509497399635,5.60333251953125,5.5672661483493755,5.60406494140625,0.0367987930568745,0.6609849803531467
8600,5.642550361071081,5.67657470703125,5.6433146161071885,5.67730712890625,0.03399251279906146,0.6023501277430074
8700,5.719355409727675,5.74981689453125,5.720127345268648,5.75054931640625,0.030421971137601922,0.5318408018095119
8800,5.7969323231702985,5.82489013671875,5.797712016402616,5.82568359375,0.02797157734738409,0.482458895306428
8900,5.875288858379221,5.90423583984375,5.876076387265059,5.905029296875,0.02895290960994057,0.4927252081455039
9000,5.95443285028976,5.98358154296875,5.955228293574789,5.984375,0.029146706425210667,0.48943054721609264
9100,6.034372212575686,6.06292724609375,6.035175649796944,6.063720703125,0.028545053328056014,0.47297800402903645
9200,6.115114938440504,6.14227294921875,6.115926449934348,6.14306640625,0.02713995631565158,0.4437587099488895
9300,6.196669101416724,6.22161865234375,6.197488768326866,6.222412109375,0.024923341048133985,0.40215225843583946
9400,6.279042856173118,6.30096435546875,6.279870760458736,6.3017578125,0.021887052041264177,0.3485271094920648
9500,6.362244439330139,6.38031005859375,6.363080663774072,6.381103515625,0.01802285185092778,0.28324097718161034
9600,6.446282170283479,6.46368408203125,6.447126798500507,6.46453857421875,0.017411775718242595,0.2700703160094863
9700,6.531164452035957,6.54913330078125,6.5320175684811606,6.54998779296875,0.017970224487589448,0.2751098615273309
9800,6.616899772037712,6.63458251953125,6.617761462014916,6.63543701171875,0.017675549703834115,0.26709257813672277
9900,6.703496703034913,6.72003173828125,6.7043670527052175,6.72088623046875,0.01651917776353251,0.24639429246146377
10000,6.7909639039269125,6.80548095703125,6.791843000317305,6.80633544921875,0.014492448901444632,0.21338021065515747
10100,6.879310120632092,6.89093017578125,6.880198051644156,6.89178466796875,0.011586616324594345,0.16840527318578424
10200,6.968544186962337,6.97637939453125,6.9694410413810335,6.97723388671875,0.007792845337716514,0.11181449547311643
10300,7.058675025506377,7.064697265625,7.059580893008928,7.06561279296875,0.00603189995982234,0.08544274867358917
10400,7.1497116485219285,7.15625,7.150626619686781,7.15716552734375,0.006538907656969073,0.0914452397635537
10500,7.2416631588368645,7.247802734375,7.242587325152749,7.24871826171875,0.006130936566001388,0.08465119287839701
10600,7.3345387507594,7.33935546875,7.335472204634476,7.34027099609375,0.004798791459274199,0.06541898497335144
10700,7.4283477109974285,7.430908203125,7.429290545768529,7.43182373046875,0.002533184700221014,0.034097262512688103
10800,7.523099419587131,7.5224609375,7.52405172952909,7.52337646484375,0.0006752646853396271,0.008974748042859217
10900,7.618803350830886,7.614013671875,7.619765231165969,7.61492919921875,0.004836031947219155,0.06346694157241312
11000,7.715469074244598,7.71075439453125,7.716440621152023,7.71173095703125,0.004709664120772672,0.06103415229895911
11100,7.81310625551458,7.80841064453125,7.814087566140131,7.80938720703125,0.004700359108881003,0.06015237312221221
11200,7.911724657464028,7.90606689453125,7.912715829929774,7.90704345703125,0.005672372898524181,0.07168680160443122
11300,8.011334141029195,8.004150390625,8.012335274443297,8.0052490234375,0.00708625100579674,0.08844176838679654
11400,8.111944666245366,8.114013671875,8.11295586071199,8.1151123046875,0.0021564439755099585,0.026580250312377634
11500,8.21356629324294,8.223876953125,8.214587649872263,8.2249755859375,0.010387936065237469,0.12645718212525253
11600,8.316209183253166,8.333740234375,8.31724080417149,8.3348388671875,0.017598063016009746,0.211585349400771
11700,8.419883599624226,8.443603515625,8.420925587984188,8.4447021484375,0.023776560453312,0.28235091504951376
11800,8.524599908847504,8.553466796875,8.525652368838388,8.5545654296875,0.028913060849111716,0.3391301873249037
11900,8.630368581594084,8.663330078125,8.631431618452243,8.6644287109375,0.03299709248525673,0.38228991370001314
12000,8.737200193761781,8.773193359375,8.738273913781157,8.7742919921875,0.03601807840634308,0.41218756429160297
12100,8.845105427532602,8.883056640625,8.846189938075355,8.8841552734375,0.03796533536214497,0.429171605266312
12200,8.954095072440879,8.992919921875,8.955190481948122,8.9940185546875,0.03882807273937772,0.4335817626397492
12300,9.064180026452101,9.102783203125,9.065286444454745,9.1038818359375,0.03859539148275459,0.42574927686221625
12400,9.17537129705264,9.219482421875,9.176488834182345,9.220703125,0.0442142908176546,0.4818214419109489
12500,9.287680002350399,9.341552734375,9.288808770350633,9.3427734375,0.05396466714936743,0.5809643462746233
12600,9.401117372186473,9.463623046875,9.402257483923691,9.46484375,0.06258626607630902,0.6656514797996248
12700,9.515694749258119,9.585693359375,9.516846318733045,9.5869140625,0.07006774376695546,0.7362496085392647
12800,9.631423590252819,9.707763671875,9.632586732611843,9.708984375,0.07639764238815694,0.7931165792622142
12900,9.748315466993915,9.829833984375,9.749490298540614,9.8310546875,0.08156438895938578,0.8366015705620532
13000,9.866382067597655,9.951904296875,9.867568705804414,9.953125,0.08555629419558564,0.8670453355471316
13100,9.985635197641928,10.073974609375,9.98683376116169,10.0751953125,0.08836155133830914,0.8847804364376516
13200,10.106086781346661,10.196044921875,10.107297390024796,10.197265625,0.08996823497520445,0.8901314713861778
13300,10.227748862766177,10.318115234375,10.228971637652453,10.3193359375,0.0903642998475469,0.8834152938201467
13400,10.35063360699347,10.446044921875,10.35186867035417,10.4473876953125,0.09551902495832998,0.9227225344529218
13500,10.474753301376625,10.580322265625,10.476000776706762,10.5816650390625,0.105664262355738,1.0086316773733062
13600,10.600120356747393,10.714599609375,10.601380368783067,10.7159423828125,0.114562014029433,1.0806329934804857
13700,10.726747308662224,10.848876953125,10.72801998339309,10.8502197265625,0.12219974316941062,1.1390708011224353
13800,10.854646818655642,10.983154296875,10.855932283337507,10.9844970703125,0.12856478697499263,1.1842814013525438
13900,10.983831675506343,11.117431640625,10.985130058673892,11.1187744140625,0.13364435538860775,1.2165932917934072
14000,11.114314796515913,11.251708984375,11.115626227995564,11.2530517578125,0.13742552981693557,1.236327373718439
14100,11.246109228800451,11.385986328125,11.24743383972333,11.3873291015625,0.13989526183917,1.243797152601088
14200,11.37922815059516,11.520263671875,11.38056607341022,11.5216064453125,0.14104037190227992,1.239308932372085
14300,11.513684872572075,11.66015625,11.515036241059331,11.66162109375,0.146584852690669,1.2729864641501454
14400,11.649492839170975,11.806640625,11.650857788454891,11.80810546875,0.15724768029510905,1.349666120299996
14500,11.78666562994372,11.953125,11.788044296506714,11.95458984375,0.1665455472432864,1.4128344198082183
14600,11.92521696091207,12.099609375,11.92660948260816,12.10107421875,0.17446473614183944,1.462819222816431
14700,12.065160685939162,12.24609375,12.066567202007755,12.24755859375,0.18099139174224455,1.499941024752503
14800,12.206510798114795,12.392578125,12.207931449194605,12.39404296875,0.18611151955539462,1.5245131440156716
14900,12.34928143115459,12.5390625,12.350716359297705,12.54052734375,0.18981098445229527,1.5368419039872472
15000,12.493486860813224,12.685546875,12.494936209499304,12.68701171875,0.19207550925069583,1.5372268095668227
15100,12.639141506311887,12.832763671875,12.640605420462517,12.8343505859375,0.19374516547498288,1.5327206176481838
15200,12.786259931780059,12.991455078125,12.787738557773237,12.9930419921875,0.20530343441426346,1.605471002450753
15300,12.934856847711831,13.150146484375,12.936350333396602,13.1517333984375,0.2153830650408981,1.6649445901666962
15400,13.08494711243675,13.308837890625,13.086455607147993,13.3104248046875,0.22396919753950684,1.711458046876894
15500,13.236545733605594,13.467529296875,13.238069388178953,13.4691162109375,0.2310468227585467,1.7453211339476884
15600,13.389667869690928,13.626220703125,13.391206836477897,13.6278076171875,0.2366007807096029,1.766836877353712
15700,13.54432883150286,13.784912109375,13.54588326438601,13.7864990234375,0.24061575905149013,1.776301732084921
15800,13.700544083719965,13.943603515625,13.702114138128337,13.9451904296875,0.24307629155916288,1.7740057418056676
15900,13.8583292464356,14.107421875,13.859915079360244,14.109130859375,0.2492157800147563,1.7981046679418744
16000,14.017700096719794,14.2783203125,14.019301866729466,14.280029296875,0.26072743014553446,1.8597747065015515
16100,14.178672570196794,14.44921875,14.180290437453813,14.450927734375,0.270637296921187,1.9085455133299944
16200,14.341262762638495,14.6201171875,14.342896888914758,14.621826171875,0.27892928296024166,1.9447206873237626
16300,14.505486931573852,14.791015625,14.507137480267009,14.792724609375,0.28558712910799144,1.968597385228165
16400,14.671361497914486,14.9619140625,14.673028634064277,14.963623046875,0.29059441281072296,1.9804664739499749
16500,14.83890304759666,15.1328125,14.840586937901419,15.134521484375,0.2939345464735812,1.9806126786192053
16600,15.008128333239663,15.3065185546875,15.009829146072986,15.308349609375,0.29852046330201354,1.9888331865530615
16700,15.179054275820944,15.4896240234375,15.180772181248525,15.491455078125,0.3106828968764752,2.046555294863291
16800,15.351697966368063,15.6727294921875,15.353433136164698,15.674560546875,0.32112741071030193,2.091567455059239
16900,15.526076667667645,15.8558349609375,15.527829275334412,15.857666015625,0.3298367402905882,2.1241651646346087
17000,15.702207815991486,16.04150390625,15.703978036773083,16.04345703125,0.33947899447691654,2.1617388516589777
17100,15.880109022840008,16.23681640625,15.881897033742291,16.23876953125,0.3568724975077089,2.2470394862119196
17200,16.05979807670328,16.43212890625,16.06160405651095,16.43408203125,0.37247797473904853,2.319058379402995
17300,16.241292944839675,16.62744140625,16.243117074134158,16.62939453125,0.3862774571158418,2.378099322641448
17400,16.424611775072417,16.82275390625,16.426454236249924,16.82470703125,0.3982527950000758,2.424459894218747
17500,16.60977289760426,17.01806640625,16.611633874894018,17.02001953125,0.408385656355982,2.458431599393696
17600,16.796794826850302,17.21337890625,16.798674506332986,17.21533203125,0.4166575249170137,2.480300006765037
17700,16.985696263289206,17.40869140625,16.987594832915534,17.41064453125,0.4230496983344665,2.4903448810467044
17800,17.176496095333192,17.60400390625,17.178413744942723,17.60595703125,0.42754328630727656,2.488840312355057
17900,17.3692134012166,17.79931640625,17.371150322556723,17.80126953125,0.43011920869327724,2.476054842118086
18000,17.563867450903576,17.99462890625,17.565823837648665,17.99658203125,0.43075819360133494,2.452251585707554
18100,17.760477708014918,18.18994140625,17.762453755785717,18.19189453125,0.4294407754642826,2.417688351894524
18200,17.95906383177422,18.3935546875,17.961059738157395,18.395751953125,0.4346922149676047,2.4201924680653573
18300,18.159645678973643,18.61328125,18.16166164354154,18.615478515625,0.4538168720834612,2.498762949065527
18400,18.362243305959378,18.8330078125,18.364279530289974,18.835205078125,0.4709255478350265,2.5643562387420844
18500,18.566876970637146,19.052734375,18.56893365833421,19.054931640625,0.4859979822907903,2.6172638194151876
18600,18.773567134497743,19.2724609375,18.775644491211192,19.274658203125,0.4990137119138076,2.6577714131059205
18700,18.98233446466305,19.4921875,18.984432698109515,19.494384765625,0.5099520675154849,2.6861591053298444
18800,19.19319983595257,19.7119140625,19.195319155936165,19.714111328125,0.5187921721888351,2.702701465781038
18900,19.406184332970643,19.931640625,19.40832495140394,19.933837890625,0.5255129392210591,2.707667665998374
19000,19.621309252214765,20.1513671875,19.623471383139986,20.153564453125,0.5300930699850142,2.70132159410112
19100,19.83859610420504,20.37109375,19.840779963815457,20.373291015625,0.5325110518095428,2.6839219666802805
19200,20.058066615635042,20.5908203125,20.060272422296606,20.593017578125,0.532745155828394,2.655722437927902
19300,20.27974273154427,20.818115234375,20.281970705817425,20.820556640625,0.5385859348075748,2.6554911385070366
19400,20.503646617512448,21.062255859375,20.5058969821742,21.064697265625,0.5588002834508004,2.725071153612866
19500,20.729800661875892,21.306396484375,20.73207364194208,21.308837890625,0.5767642486829203,2.7819901600006656
19600,20.958227477966116,21.550537109375,20.960523300713913,21.552978515625,0.5924552149110873,2.826528738864589
19700,21.188949906370997,21.794677734375,21.191268801361634,21.797119140625,0.6058503392633661,2.858962079818635
19800,21.421991017218623,22.038818359375,21.424333216320345,22.041259765625,0.6169265493046545,2.879560092141866
19900,21.657374112483986,22.282958984375,21.65973984989523,22.285400390625,0.6256605407297684,2.88858751335739
20000,21.89512272831913,22.527099609375,21.89751224059196,22.529541015625,0.6320287750330387,2.8863040152179082
20100,22.13526063740647,22.771240234375,22.137674163470212,22.773681640625,0.6360074771547879,2.872964307173134
20200,22.377811851335842,23.015380859375,22.380249632520975,23.017822265625,0.6375726331040248,2.848818237387135
20300,22.62280062300541,23.26513671875,22.62526290306771,23.267822265625,0.6425593625572894,2.8400083805000387
20400,22.87025144904681,23.53369140625,22.872738474191713,23.536376953125,0.6636384789332865,2.9014386698037846
20500,23.120189072274524,23.80224609375,23.12270109118175,23.804931640625,0.6822305494432506,2.950479473626164
20600,23.372638484159975,24.07080078125,23.375175748008388,24.073486328125,0.6983105801166118,2.9874024804973254
20700,23.627624927330423,24.33935546875,23.630187689823156,24.342041015625,0.7118533258018438,3.012474277165469
20800,23.88517389809301,24.60791015625,23.88776241548282,24.610595703125,0.7228332876421817,3.025956450293889
20900,24.145311148984124,24.87646484375,24.14792568009902,24.879150390625,0.7312247105259786,3.0281056858171516
21000,24.408062691344444,25.14501953125,24.41070349761358,25.147705078125,0.7370015805114214,3.0191738660193534
21100,24.67345479791987,25.41357421875,24.676122143399663,25.416259765625,0.7401376222253369,2.999408164395506
21200,24.941514005488514,25.687255859375,24.94420815688906,25.690185546875,0.7459773899859385,2.9905835667103164
21300,25.212267117514102,25.980224609375,25.21498834422585,25.983154296875,0.7681659526491487,3.04646562656475
21400,25.48574120682613,26.273193359375,25.48848978094681,26.276123046875,0.7876332659281893,3.0901527422662833
21500,25.761963618326913,26.566162109375,25.764739814688745,26.569091796875,0.8043519821862546,3.121909974529163
21600,26.04096197172575,26.859130859375,26.04376606792292,26.862060546875,0.8182944789520796,3.1419975007375784
21700,26.322764164300715,27.152099609375,26.325596440717145,27.155029296875,0.8294328561578546,3.15067070949622
21800,26.607398373688085,27.445068359375,26.61025911352545,27.447998046875,0.8377389333495486,3.1481802930800584
21900,26.894893060699882,27.738037109375,26.897782550005953,27.740966796875,0.8431842468690469,3.1347723378366754
22000,27.18527697216965,28.031005859375,27.188195499866865,28.033935546875,0.8457400470081353,3.1106884125953735
22100,27.47857914382689,28.34375,27.481527001741274,28.346923828125,0.8653968263837264,3.1490128853789434
22200,27.7748289032004,28.6611328125,27.77780638609072,28.664306640625,0.8865002545342797,3.1913976295053312
22300,28.07405587255069,28.978515625,28.077063278137945,28.981689453125,0.9046261749870546,3.221940151025114
22400,28.37628997183204,29.2958984375,28.379327600829225,29.299072265625,0.9197446647957754,3.240896605206746
22500,28.681561421684112,29.61328125,28.68462957782628,29.616455078125,0.9318255002987215,3.248518506298017
22600,28.989900746453802,29.9306640625,28.992999736528446,29.933837890625,0.9408381540965536,3.2450528149772175
22700,29.30133877724737,30.248046875,29.304468911125095,30.251220703125,0.9467517919999047,3.23074202392551
22800,29.61590665501328,30.569580078125,29.61906824567878,30.572998046875,0.953929801196221,3.220661073075426
22900,29.933635833655995,30.911376953125,29.93682919723936,30.914794921875,0.9779657246356415,3.266764553427806
23000,30.254558083181124,31.253173828125,30.25778353898944,31.256591796875,0.9988082578855604,3.300996110962723
23100,30.578705492872068,31.594970703125,30.581963363421355,31.598388671875,1.0164253084536448,3.3236103790163334
23200,30.90611047449869,31.936767578125,30.90940108554614,31.940185546875,1.0307844613288601,3.334857438602638
23300,31.236805765558184,32.2783203125,31.240129446134738,32.28173828125,1.0416088351152624,3.334201405635142
23400,31.570824432548537,32.6201171875,31.574181514991793,32.62353515625,1.0493536412582074,3.323454768764036
23500,31.908199874274864,32.9619140625,31.91159069426229,32.96533203125,1.0537413369877093,3.302064591775966
23600,32.24896582518895,33.3037109375,32.25239072177146,33.30712890625,1.0547381844785377,3.2702635707763315
23700,32.59315635876248,33.6455078125,32.59661567439835,33.64892578125,1.0523101068516496,3.228280252658691
23800,32.94080589089399,33.9873046875,32.944299971483076,33.99072265625,1.0464226847669238,3.176339110780068
23900,33.29194918335019,34.3291015625,33.29547837826853,34.33251953125,1.0370411529814731,3.1146606190777386
24000,33.6466213472418,34.6708984375,33.65018600937652,34.67431640625,1.0241303968734812,3.0434613246658144
24100,34.00485784653422,35.0126953125,34.008458332318874,35.01611328125,1.0076549489311262,2.962953918947666
24200,34.36669450159388,35.3544921875,34.370331171044036,35.35791015625,0.987578985205964,2.8733473072786957
24300,34.73216749276968,35.6962890625,34.73584070951896,35.69970703125,0.9638663217310395,2.7748466772157405
24400,35.10131336401089,36.0380859375,35.10502349534729,36.04150390625,0.9364804109027105,2.6676535653845344
24500,35.47416902652103,36.3798828125,35.47791644342368,36.38330078125,0.9053843378263196,2.5519659229992495
24600,35.850771762448844,36.73828125,35.85455683962509,36.7421875,0.88763066037491,2.475642536443051
24700,36.23115922861599,37.12890625,36.23498234453885,37.1328125,0.8978301554611505,2.4777993457376883
24800,36.61536946028247,37.51953125,36.6192309972285,37.5234375,0.9042065027715012,2.4692121547826478
24900,37.00344087494981,37.91015625,37.0073412190373,37.9140625,0.9067212809626994,2.450111926701355
25000,37.39541227620243,38.30078125,37.399351817430045,38.3046875,0.9053356825699552,2.420725597035673
25100,37.7913228575877,38.69140625,37.79530198987346,38.6953125,0.9000105101265419,2.3812761447644544
25200,38.19121220653492,39.08203125,38.19523132775557,39.0859375,0.8907061722444283,2.3319826619224404
25300,38.5951203083136,39.47265625,38.599179820344425,39.4765625,0.8773826796555753,2.273060421851591
25400,39.00308755003174,39.86328125,39.00718785878674,39.8671875,0.8599996412132569,2.204720946115406
25500,39.41515472467408,40.25390625,39.41929624014655,40.2578125,0.8385162598534492,2.127172070107794
25600,39.83136303518119,40.64453125,39.83554617148471,40.6484375,0.8128913285152919,2.0406180073845204
25700,40.25175409856911,41.03515625,40.255979273978966,41.0390625,0.7830832260210343,1.9452594127481853
25800,40.67636995009093,41.42578125,40.68063758708594,41.4296875,0.7490499129140602,1.8412934441122082
25900,41.10525304743985,41.85302734375,41.1095635727446,41.857421875,0.747858302255402,1.8191832684675537
26000,41.538446274994456,42.29248046875,41.54280011962195,42.296875,0.7540748803780488,1.8151758625001204
26100,41.97599294810691,42.73193359375,41.98039054740172,42.736328125,0.7559375775982815,1.80069210348275
26200,42.41793681743401,43.17138671875,42.422378611115754,43.17578125,0.7534026388842463,1.775955671393766
26300,42.86432207331188,43.61083984375,42.86880850551921,43.615234375,0.7464258694807882,1.7411864138577315
26400,43.315193350174596,44.05029296875,43.31972486950961,44.0546875,0.7349626304903865,1.6966004117161106
26500,43.77059573101712,44.48974609375,43.77517279059022,44.494140625,0.7189678344097814,1.6424100433575641
26600,44.230574751903426,44.92919921875,44.23519780937861,44.93359375,0.6983959406213884,1.578824047833955
26700,44.695176406519415,45.36865234375,44.699845924160066,45.373046875,0.6732009508399344,1.5060475867906118
26800,45.16444715077211,45.80810546875,45.16916359548719,45.8125,0.6433364045128087,1.4242823052341926
26900,45.6384339074346,46.24755859375,45.643197750825344,46.251953125,0.6087553741746561,1.3337263911655888
27000,46.11718407083805,46.7216796875,46.12199578924513,46.7265625,0.6045667107548667,1.3107991109435932
27100,46.60074551161061,47.2099609375,46.60560558616177,47.21484375,0.6092381638382278,1.3072207863749419
27200,47.089166581464085,47.6982421875,47.09407549812223,47.703125,0.6090495018777702,1.2932614037662862
27300,47.58249611802864,48.1865234375,47.58745436764044,48.19140625,0.60395188235956,1.2691409750428853
27400,48.080783449736096,48.6748046875,48.08579152808107,48.6796875,0.5938959719189327,1.2350757948366313
27500,48.584078400752354,49.1630859375,48.58913680859243,49.16796875,0.5788319414075715,1.1912785026162716
27600,49.09243129595937,49.6513671875,49.09754053908897,49.65625,0.5587094609110324,1.137958143679756
27700,49.60589296598718,50.1396484375,49.61105355528378,50.14453125,0.5334776947162183,1.0753202290327106
27800,50.124514752296434,50.6279296875,50.129727203771665,50.6328125,0.5030852962283348,1.0035667941765372
27900,50.64834851231204,51.1162109375,50.65361334716327,51.12109375,0.46748040283672765,0.9228964568287954
28000,51.17744662460868,51.6357421875,51.18276436927114,51.64111328125,0.4583489119788595,0.8955141787027838
28100,51.71186199414791,52.1728515625,51.71723318034732,52.17822265625,0.4609894759026787,0.8913653100797663
28200,52.25164805756819,52.7099609375,52.25707322237395,52.71533203125,0.4582588088760531,0.876931639332317
28300,52.79685878852835,53.2470703125,52.8023384744072,53.25244140625,0.4501029318427996,0.8524299204304374
28400,53.34754870310401,53.7841796875,53.35308345797432,53.78955078125,0.4364673232756786,0.8180732864661505
28500,53.90377286523913,54.3212890625,53.90936324252565,54.32666015625,0.41729691372434985,0.7740713089988253
28600,54.46558689225161,54.8583984375,54.47123345094083,54.86376953125,0.39253608030917064,0.7206300563447049
28700,55.03304696039459,55.3955078125,55.038750265090634,55.40087890625,0.3621286411593658,0.6579521508304537
28800,55.606209810473594,55.9326171875,55.61197043145464,55.93798828125,0.3260178497953632,0.5862368250324835
28900,56.18513275352009,56.5,56.19095126679544,56.505859375,0.3149081082045626,0.5604249458411451
29000,56.769873676522025,57.0859375,56.775750663889674,57.091796875,0.3160462111103257,0.556657036524814
29100,57.36049104821199,57.671875,57.36642709731681,57.677734375,0.31130727768319133,0.5426645747957903
29200,57.95704392491364,58.2578125,57.96303962930613,58.263671875,0.30063224569386904,0.5186619742796741
29300,58.55959195644667,58.84375,58.56564791564231,58.849609375,0.2839614593576911,0.48486010052634937
29400,59.16819539209134,59.4296875,59.17431221163055,59.435546875,0.26123466336945,0.4414663282188602
29500,59.78291508661275,60.015625,59.789093378121414,60.021484375,0.23239099687858555,0.388684597387831
29600,60.40381250634595,60.6015625,60.410052887596585,60.607421875,0.19736898740341502,0.3267154686499851
29700,61.030949735341835,61.1982421875,61.03725283031537,61.20458984375,0.1673370134346328,0.2741555454663608
29800,61.66438948157501,61.8330078125,61.67075592052316,61.83935546875,0.16859954822683676,0.2733865439303448
29900,62.304195083214,62.4677734375,62.31062550272232,62.47412109375,0.16349559102768296,0.26238797911046474
30000,62.9504305149546,63.1025390625,62.95692555800609,63.10888671875,0.15196116074390886,0.24137322367163194
30100,63.60316039441665,63.7373046875,63.60972071045609,63.74365234375,0.133931633293912,0.21055214800195857
30200,64.26244998860548,64.400390625,64.26907623360435,64.4072265625,0.13815032889564804,0.21495614530618293
30300,64.92836522043763,65.083984375,64.93505805695968,65.0908203125,0.1557622555403242,0.23987389894021932
30400,65.60097267533224,65.767578125,65.60773277259979,65.7744140625,0.16668128990021103,0.254057384482311
30500,66.28033960786975,66.451171875,66.28716764183054,66.4580078125,0.17084017066946444,0.25772736526104895
30600,66.96653394851627,67.134765625,66.97343060191113,67.1416015625,0.16817096058886705,0.25110100987430706
30700,67.65962431041638,67.818359375,67.66659027284743,67.8251953125,0.15860503965257067,0.2343919488377326
30800,68.35967999625343,68.501953125,68.36671596425306,68.5087890625,0.14207309824693937,0.20781033028005208
30900,69.06677100517929,69.185546875,69.07387768227981,69.1923828125,0.1185051302201856,0.17156287470246784
31000,69.78096803981371,69.869140625,69.7881461366177,69.8759765625,0.08783042588230217,0.1258529288202681
31100,70.502342513314,70.552734375,70.50959274756534,70.5595703125,0.04997756493466454,0.07088051850418643
31200,71.2309665565154,71.236328125,71.23828965317105,71.2431640625,0.004874409328948559,0.006842400839043141
31300,71.96691302514358,71.919921875,71.9743097164461,71.9267578125,0.04755190394610054,0.06606788468474181
31400,72.71025550710004,72.603515625,72.71772653265076,72.6103515625,0.10737497015075803,0.14765996583040303
31500,73.46106832981947,73.298828125,73.46861443665246,73.306640625,0.16197381165245872,0.22046667532041037
31600,74.21942656770213,74.080078125,74.2270485103589,74.087890625,0.13915788535889817,0.1874759783011953
31700,74.98540604962103,74.861328125,74.993104590226,74.869140625,0.12396396522599673,0.1653004844956815
31800,75.75908336650318,75.642578125,75.76685927483983,75.650390625,0.11646864983983107,0.15371978059344904
31900,76.54053587898895,76.423828125,76.54838993257685,76.431640625,0.11674930757685331,0.15251699961251317
32000,77.3298417251668,77.205078125,77.33777470933933,77.212890625,0.12488408433932818,0.16147876611226977
32100,78.12707982838666,77.986328125,78.1350925363695,77.994140625,0.14095191136949836,0.18039514230291537
32200,78.93232990515148,78.767578125,78.940423138142,78.775390625,0.16503251314199474,0.20905957503318126
32300,79.74567247308809,79.548828125,79.7538470403354,79.556640625,0.19720641533540118,0.24726884364043816
32400,80.56718885899815,80.330078125,80.57544557788405,80.337890625,0.2375549528840537,0.29482300864775685
32500,81.39696120699041,81.111328125,81.40530090311111,81.119140625,0.28616027811111167,0.3515253612927501
32600,82.2350724866939,81.892578125,82.24349599394257,81.900390625,0.3431053689425738,0.4171823738716607
32700,83.08160650155473,82.673828125,83.0901146622049,82.681640625,0.40847403720489694,0.49160365088616137
32800,83.9366478972151,83.505859375,83.94524156200482,83.5146484375,0.43059312450482423,0.5129452444148052
32900,84.80028216997724,84.384765625,84.80896219819424,84.3935546875,0.4154075106942372,0.4898155807206448
33000,85.67259567535245,85.263671875,85.68136293491999,85.2724609375,0.40890199741998856,0.4772356360981017
33100,86.55367563669567,86.142578125,86.56253100425934,86.1513671875,0.4111638167593412,0.4749905207128356
33200,87.44361015392718,87.021484375,87.45255451494258,87.0302734375,0.4222810774425767,0.4828687735707294
33300,88.3424882123417,87.900390625,88.35152246116294,87.9091796875,0.4423427736629435,0.5006623104399656
33400,89.25039969150598,88.779296875,89.25952473147514,88.7880859375,0.471438793975139,0.528166372601016
33500,90.16743537424608,89.658203125,90.17665211778352,89.6669921875,0.5096599302835187,0.5651794764101804
33600,91.0936869557249,90.537109375,91.10299632442049,90.5458984375,0.5570978869204879,0.6115033636617677
33700,92.02924705261054,91.416015625,92.03864997731581,91.4248046875,0.6138452898158135,0.6669429527346437
33800,92.97420921233746,92.294921875,92.98370663325869,92.3037109375,0.6799956957586915,0.7313062905103297
33900,93.92866792246019,93.220703125,93.93826078925244,93.23046875,0.707792039252439,0.7534651305077369
34000,94.89271862010125,94.197265625,94.90240789196326,94.20703125,0.6953766419632643,0.7327281334683098
34100,95.866457701494,95.173828125,95.87624434726415,95.18359375,0.6926505972641479,0.7224423547040126
34200,96.84998253162141,96.150390625,96.85986752987458,96.16015625,0.6997112798745775,0.7223954540912054
34300,97.8433914539515,97.126953125,97.8533757930969,97.13671875,0.7166570430969017,0.7323784563265507
34400,98.84678380027111,98.103515625,98.85686847865115,98.11328125,0.7435872286511511,0.7521857004925603
34500,99.86025990061782,99.080078125,99.87044592660789,99.08984375,0.7806021766078857,0.7816147904070934
34600,100.88392109331213,100.056640625,100.89420948542146,100.06640625,0.827803235421456,0.8204665457446971
34700,101.9178697350906,101.033203125,101.92826152206412,101.04296875,0.885292772064119,0.8685449539159287
34800,102.96220921134042,102.009765625,102.97270543226156,102.01953125,0.9531741822615629,0.9256571226912054
34900,104.01704394643673,103.0263671875,104.02764565083137,103.037109375,0.9905362758313743,0.9521856133859913
35000,105.08247941418463,104.1005859375,105.09318766212606,104.111328125,0.9818595371260557,0.9342751504338492
35100,106.15862214836508,105.1748046875,106.16943801057992,105.185546875,0.983891135579924,0.926717852158055
35200,107.2455797533879,106.2490234375,107.25650431136324,106.259765625,0.9967386863632441,0.9293037217302309
35300,108.34346091505046,107.3232421875,108.35449526114196,107.333984375,1.0205108861419632,0.94182607162025
35400,109.45237541140581,108.3974609375,109.46352064894695,108.408203125,1.0553175239469539,0.9640814745319505
35500,110.57243412373936,109.4716796875,110.58369136715173,109.482421875,1.1012694921517294,0.9958697150878935
35600,111.70374904765616,110.5458984375,111.71511942256093,110.556640625,1.1584787975609316,1.0369937422516653
35700,112.84643330427886,111.6201171875,112.8579179476093,111.630859375,1.2270585726092946,1.0872596224740896
35800,114.00060115155947,112.732421875,114.01220121167462,112.744140625,1.268060586674622,1.1122148096415974
35900,115.16636799570375,113.904296875,115.17808463250333,113.916015625,1.262069007503328,1.0957544671194952
36000,116.34385040271073,115.076171875,116.355684787751,115.087890625,1.2677941627510023,1.0895850641622158
36100,117.53316611002843,116.248046875,117.54511942663945,116.259765625,1.2853538016394452,1.0934982310700205
36200,118.7344340383265,117.419921875,118.74650748173033,117.431640625,1.3148668567303332,1.1072888665231955
36300,119.9477743033869,118.591796875,119.95996908081723,118.603515625,1.3564534558172312,1.1307550895610736
36400,121.17330822811493,119.763671875,121.18562555893774,119.775390625,1.410234933937744,1.1636981922842708
36500,122.41115835466971,120.935546875,122.42359947050518,120.947265625,1.4763338455051809,1.205922593266722
36600,123.66144845671799,122.107421875,123.67401460156367,122.119140625,1.5548739765636697,1.2572357916680832
36700,124.92430355181003,123.3759765625,124.93699598216521,123.388671875,1.5483241071652145,1.2392839246641068
36800,126.19984991387992,124.6455078125,126.21266989887131,124.658203125,1.5544667738713116,1.2316249827508108
36900,127.48821508587243,125.9150390625,127.50116390738101,125.927734375,1.573429532381013,1.234051113073743
37000,128.78952789249573,127.1845703125,128.80260684528497,127.197265625,1.60534122028497,1.2463577093694018
37100,130.10391845310275,128.48828125,130.11712884494807,128.501953125,1.6151757199480699,1.241324439207975
37200,131.43151819470188,129.85546875,131.44486134652135,129.869140625,1.5757207215213498,1.1987693587863872
37300,132.77245986509874,131.22265625,132.78593711108525,131.236328125,1.5496089860852464,1.1669978160329464
37400,134.12687754616925,132.58984375,134.14049023392388,132.603515625,1.5369746089238845,1.1457946860367045
37500,135.4949066672672,133.95703125,135.50865615793393,133.970703125,1.5379530329339275,1.1349481845214813
37600,136.8766840187652,135.32421875,136.89057168716707,135.337890625,1.5526810621670677,1.134249819421731
37700,138.2723477657335,136.69140625,138.2863750005101,136.705078125,1.5812968755101053,1.1434943431731956
37800,139.6820374617541,138.05859375,139.6962056655003,138.072265625,1.6239400405002868,1.1624797057042324
37900,141.1058940628754,139.42578125,141.12020465228167,139.439453125,1.6807515272816715,1.191007008119795
38000,142.54405994170668,140.79296875,142.55851434770085,140.806640625,1.75187372270085,1.2288804570648248
38100,143.99667890165384,142.16015625,144.011278569544,142.173828125,1.8374504445440039,1.2759073197566861
38200,145.4638961912981,143.52734375,145.47864258091724,143.541015625,1.9376269559172385,1.3318978796763956
38300,146.94585851892026,144.89453125,146.96075310477215,144.908203125,2.0525499797721523,1.396665392908565
38400,148.4427140671693,146.26171875,148.457758338576,146.275390625,2.1823677135760136,1.4700260451184086
38500,149.9546125078801,147.80078125,149.9698079691309,147.81640625,2.1534017191308976,1.4358901623546414
38600,151.48170501703882,149.36328125,151.49705318754053,149.37890625,2.11814693754053,1.3981439856248843
38700,153.0241442898991,150.92578125,153.0396467043281,150.94140625,2.0982404543281064,1.3710437128634367
38800,154.5820845562504,152.48828125,154.59774276470603,152.50390625,2.0938365147060267,1.3543771579464743
38900,156.15568159583947,154.05078125,156.17149716399905,154.06640625,2.1050909139990495,1.3479354121760438
39000,157.7450927539466,155.61328125,157.761067263222,155.62890625,2.132161013222003,1.3515127973015826
39100,159.35047695711953,157.17578125,159.36661200481524,157.19140625,2.175205754815238,1.3649068192210263
39200,160.9719947290635,158.73828125,160.98829192853643,158.75390625,2.2343856785364267,1.3879181223490977
39300,162.6098082066931,160.30078125,162.62626918751377,160.31640625,2.3098629375137705,1.4203504446445965
39400,164.26408115634425,161.86328125,164.28070756445987,161.87890625,2.401801314459874,1.4620105732850366
39500,165.9349789901486,163.42578125,165.95177248804762,163.44140625,2.5103662380476237,1.5127083009784836
39600,167.62266878257432,164.98828125,167.6396310494526,165.00390625,2.635724799452589,1.5722563829045102
39700,169.32731928713144,166.607421875,169.34445201906016,166.625,2.7194520190601565,1.605870157915817
39800,171.04910095324587,168.365234375,171.0664058633412,168.3828125,2.6835933633412026,1.5687436406918074
39900,172.78818594330266,170.123046875,172.805664761897,170.140625,2.665039761896992,1.542217823454491
40000,174.54474814986023,171.880859375,174.56240262467523,171.8984375,2.6639651246752294,1.5260818392852855
40100,176.31896321303876,173.638671875,176.33679510936005,173.65625,2.680545109360054,1.5201280638551025
40200,178.11100853808225,175.396484375,178.12901963893606,175.4140625,2.7149571389360574,1.5241520693479484
40300,179.92106331309762,177.154296875,179.93925541942895,177.171875,2.767380419428946,1.5379525790402586
40400,181.7493085269715,178.912109375,181.7676834578242,178.9296875,2.837995957824205,1.5613314225257808
40500,183.59592698746786,180.669921875,183.6144865801666,180.6875,2.926986580166613,1.5940934915768108
40600,185.46110333950656,182.427734375,185.47984944984051,182.4453125,3.034536949840515,1.6360466966311331
40700,187.3450240836269,184.185546875,187.36395858603527,184.203125,3.1608335860352668,1.687001923896612
40800,189.24787759463536,185.9921875,189.26700238239482,186.01171875,3.2552836323948213,1.7199425105374946
40900,191.16985414044169,187.9453125,191.18917112585572,187.96484375,3.2243273758557223,1.6864592052304137
41000,193.11114590108394,189.8984375,193.13065701567405,189.91796875,3.2126882656740463,1.6634791779397882
41100,195.07194698794416,191.8515625,195.09165418264297,191.87109375,3.2205604326429693,1.650793544263001
41200,197.05245346315863,193.8046875,197.07235870850494,193.82421875,3.248139958504936,1.6481966216831796
41300,199.05286335922173,195.7578125,199.07296864555767,195.77734375,3.2956248955576655,1.6554858843871507
41400,201.0733766987877,197.7109375,201.0936840364576,197.73046875,3.363215286457603,1.6724619187183736
41500,203.1141955146705,199.6640625,203.13470693422198,199.68359375,3.451113184221981,1.6989283792550047
41600,205.1755238700456,201.6171875,205.1962414224326,201.63671875,3.5595226724325926,1.734691945504347
41700,207.25756787885476,203.5703125,207.27849363564266,203.58984375,3.6886498856426613,1.7795622792042414
41800,209.3605357264149,205.55859375,209.38167177998753,205.580078125,3.8015936549875278,1.8156286663820975
41900,211.48463769023513,207.70703125,211.50598615400415,207.728515625,3.777470529004148,1.7859875257874043
42000,213.6300861610425,209.85546875,213.6516491696586,209.876953125,3.7746960446586115,1.7667525897079144
42100,215.79709566401917,212.00390625,215.81887537358557,212.025390625,3.79348474858557,1.7577168549409747
42200,217.9858828802529,214.15234375,218.00788146854092,214.173828125,3.8340533435409156,1.7586764834895106
42300,220.19666666840303,216.30078125,220.21888633506987,216.322265625,3.896620710069868,1.7694307581507969
42400,222.42966808658454,218.44921875,222.4521110533932,218.470703125,3.981407928393196,1.7897820387227408
42500,224.68511041447155,220.59765625,224.707778925513,220.619140625,4.088638300512997,1.8195357188183123
42600,226.96321917562372,222.74609375,226.98611549754128,222.767578125,4.218537372541277,1.8585001832797006
42700,229.26422216003633,224.92578125,229.28734858225232,224.94921875,4.338129832252321,1.8920057556931023
42800,231.58834944691722,227.26953125,231.61170828186192,227.29296875,4.318739531861922,1.8646464653704786
42900,233.93583342769182,229.61328125,233.9594270110346,229.63671875,4.322708261034592,1.8476315813641966
43000,236.30690882924188,231.95703125,236.3307395201248,231.98046875,4.3502707701248085,1.840755366381088
43100,238.7018127373741,234.30078125,238.72588291864784,234.32421875,4.401664168647841,1.843815222226165
43200,241.12078462052798,236.64453125,241.14509669899005,236.66796875,4.477127948990045,1.8566116459662587
43300,243.56406635371962,238.98828125,243.588622760355,239.01171875,4.576904010355008,1.8789481866966395
43400,246.03190224272765,241.33203125,246.05670543295193,241.35546875,4.701236682951929,1.9106314029035762
43500,248.52453904852095,243.67578125,248.5495915024258,243.69921875,4.8503727524258125,1.9514708204131057
43600,251.04222601193268,246.16796875,251.06753023453388,246.193359375,4.874170859533876,1.941378423159971
43700,253.58521487858218,248.70703125,253.61077340007003,248.732421875,4.8783515250700304,1.9235584749290005
43800,256.15375992404756,251.24609375,256.17957530003997,251.271484375,4.908090925039971,1.9158790935192893
43900,258.7481179792903,253.78515625,258.77419279108824,253.810546875,4.96364591608824,1.9181379188362324
44000,261.3685484563361,256.34765625,261.3948853111817,256.375,5.019885311181724,1.9204221632744352
44100,264.01531337421426,259.08203125,264.04191490555166,259.109375,4.932539905551664,1.86808973390306
44200,266.6886773851564,261.81640625,266.7155462528949,261.84375,4.87179625289491,1.82658878394571
44300,269.3889078010599,264.55078125,269.41604669184,264.578125,4.837921691839995,1.7957065851291494
44400,272.11627462021573,267.28515625,272.14368624767775,267.3125,4.831186247677749,1.7752336327512264
44500,274.87105055430726,270.01953125,274.89873765936267,270.046875,4.851862659362666,1.7649636010241676
44600,277.65351105567817,272.75390625,277.68147640678376,272.78125,4.900226406783759,1.7646932990248412
44700,280.4639343448749,275.48828125,280.49218073830934,275.515625,4.976555738309344,1.7742226272440438
44800,283.30260143846556,278.22265625,283.3311316986094,278.25,5.081131698609397,1.7933545347266673
44900,286.16979617714094,280.95703125,286.19861315675865,280.984375,5.214238156758654,1.8218949767945507
45000,289.065805254095,283.69140625,289.0949118346204,283.71875,5.3761618346204045,1.8596528733428181
45100,291.99091824369,286.42578125,292.02031733551433,286.453125,5.567192335514335,1.9064400677018496
45200,294.9454276304139,289.16015625,294.97512217317694,289.1875,5.787622173176942,1.9620712860588585
45300,297.9296288381246,291.89453125,297.9596218010084,291.921875,6.037746801008382,2.0263640974281665
45400,300.94382025959,294.8828125,300.9741146416159,294.9140625,6.060052141615927,2.0134795142871065
45500,303.9883032863246,298.0078125,304.01890211665324,298.0390625,5.979839616653237,1.9669302056616038
45600,307.0633823387248,301.1328125,307.0942886769587,301.1640625,5.9302261769586835,1.9310766743685224
45700,310.16936489651107,304.2578125,310.20058183300074,304.2890625,5.91151933300074,1.9057086540808807
45800,313.3065615294695,307.3828125,313.33809218562243,307.4140625,5.924029685622429,1.8906190576130195
45900,316.475285928508,310.5078125,316.50713345710085,310.5390625,5.968070957100849,1.8856039331289691
46000,319.6758549370221,313.6328125,319.7080225225158,313.6640625,6.043960022515819,1.8904624209391447
46100,322.90858858257656,316.7578125,322.9410794414348,316.7890625,6.152016941434795,1.9049967108784809
46200,326.1738101089051,319.8828125,326.206627489916,319.9140625,6.292564989916002,1.929012000257574
46300,329.47184600823147,323.0078125,329.5049931928323,323.0390625,6.4659306928322735,1.962316452378703
46400,332.8030260539159,326.1328125,332.8365063565213,326.1640625,6.672443856521284,2.0047211556096634
46500,336.1676833334304,329.2578125,336.2015001017637,329.2890625,6.912437601763713,2.056040083007188
46600,339.5661542816624,332.40625,339.6003108970906,332.44140625,7.158904647090594,2.108038307791763
46700,342.9987787145567,335.921875,343.03327859242813,335.95703125,7.0762473424281325,2.0628457307303156
46800,346.4658998630934,339.4375,346.5007464530797,339.47265625,7.028090203079728,2.0283044914107893
46900,349.96786440760803,342.953125,350.00306119404877,342.98828125,7.014779944048769,2.0042053118385823
47000,353.505022512456,346.46875,353.5405730147072,346.50390625,7.036666764707206,1.990342071549022
47100,357.07772786102674,349.984375,357.11363563381286,350.01953125,7.094104383812862,1.9865117643077659
47200,360.6863376911082,353.5,360.7226063248773,353.53515625,7.18745007487729,1.9925144553884884
47300,364.33121283060683,357.015625,364.3678459518899,357.05078125,7.317064701889876,2.008153239420583
47400,368.01271773362805,360.53125,368.0497190054014,360.56640625,7.483312755401414,2.033234198798992
47500,371.7312205169183,364.046875,371.76859363897,364.08203125,7.686562388970003,2.067566362648303
47600,375.48709299667206,367.5625,375.5248417059717,367.59765625,7.92718545597171,2.110961666333258
47700,379.2807107257113,371.0859375,379.31883879678384,371.125,8.193838796783837,2.160145492054931
47800,383.1124530310369,374.9921875,383.15096427634,375.03125,8.119714276340005,2.119194529935679
47900,386.9827030517578,378.8984375,387.021601322063,378.9375,8.08410132206302,2.0887984790636462
48000,390.8918477774019,382.8046875,390.9311369621796,382.84375,8.087386962179608,2.068749761153463
48100,394.84027808661074,386.7109375,394.8799621144194,386.75,8.129962114419413,2.0588439258570674
48200,398.82838878622465,390.6171875,398.86847162510327,390.65625,8.212221625103268,2.058879608018239
48300,402.85657865075865,394.5234375,402.8970643086237,394.5625,8.334564308623726,2.068658485493296
48400,406.92525046227684,398.4296875,406.96614298732305,398.46875,8.497392987323053,2.0879852375306185
48500,411.0348110506679,402.3359375,411.07611453177293,402.375,8.70111453177293,2.1166675037015326
48600,415.18567133432225,406.2421875,415.2273899014557,406.28125,8.946139901455695,2.1545158433741203
48700,419.3782463612221,410.1484375,419.42038418585827,410.1875,9.232884185858268,2.201343695724357
48800,423.6129553504415,414.42578125,423.65551664597655,414.46875,9.186766645976547,2.16845202883393
48900,427.89022173406414,418.72265625,427.93321075623754,418.765625,9.167585756237543,2.1422935929737057
49000,432.21047319952334,423.01953125,432.2538942468433,423.0625,9.191394246843288,2.126387840382172
49100,436.5741417323666,427.31640625,436.6179991465399,427.359375,9.258624146539887,2.12053194431695
49200,440.9816636594505,431.61328125,441.0259618258164,431.65625,9.36971182581641,2.1245261360638414
49300,445.43347969256854,435.91015625,445.4782230405378,435.953125,9.525098040537785,2.1381736632434705
49400,449.930034972519,440.20703125,449.9752279760163,440.25,9.7252279760163,2.1612807486670476
49500,454.47177911361484,444.50390625,454.5174262915262,444.546875,9.970551291526192,2.1936565497339386
49600,459.05916624864085,448.80078125,459.1052721652657,448.84375,10.261522165265717,2.2351131183638078
49700,463.6926550742634,453.4609375,463.73922433977083,453.5078125,10.231411839770828,2.2062856240675712
49800,468.3727088968943,458.1484375,468.419746167784,458.1953125,10.224433667784012,2.1827503540215205
49900,473.0997956790192,462.8359375,473.14730565858713,462.8828125,10.264493158587129,2.1694075049840325
50000,477.8743880859882,467.5234375,477.9223755247968,467.5703125,10.352063024796792,2.1660553167089955
50100,482.6969635332785,472.2109375,482.74543322963183,472.2578125,10.487620729631828,2.1724950683568847
50200,487.5680042342313,476.8984375,487.6169610346547,476.9453125,10.671648534654707,2.188531037150752
50300,492.48799724826927,481.5859375,492.5374460479941,481.6328125,10.90463354799408,2.213970457574409
50400,497.4574345295977,486.2734375,497.50738027305067,486.3203125,11.187067773050671,2.2486234811051022
50500,502.47681297639537,491.16796875,502.527260657693,491.21875,11.308510657692977,2.250327801698306
50600,507.54663448049934,496.24609375,507.5975891439474,496.296875,11.300714143947403,2.2263135967619188
50700,512.6674059775901,501.32421875,512.7188727181878,501.375,11.343872718187754,2.2124936923129086
50800,517.839639497876,506.40234375,517.8916234618257,506.453125,11.438498461825702,2.2086664359167503
50900,523.0638522173064,511.48046875,523.1163586025281,511.53125,11.585108602528067,2.214633209612665
51000,528.3405665092683,516.90625,528.3936005659192,516.9609375,11.4326630659192,2.163664180201011
51100,533.6703099968257,522.375,533.7238770278253,522.4296875,11.294189527825324,2.116110973097145
51200,539.0536156054742,527.84375,539.1077209670347,527.8984375,11.209283467034652,2.079228887118847
51300,544.4910216164319,533.3125,544.5456707185934,533.3671875,11.178483218593442,2.0528091250532006
51400,549.983071720462,538.78125,550.038270027634,538.8359375,11.202332527633985,2.0366460186617883
51500,555.530315072235,544.25,555.5860681037422,544.3046875,11.28138060374215,2.030536986329835
51600,561.1333063452399,549.71875,561.1896196758744,549.7734375,11.416182175874383,2.034282491267036
51700,566.7926057872484,555.1875,566.849485047827,555.2421875,11.607297547826988,2.047686000252367
51800,572.5087792763308,560.65625,572.5662301542583,560.7109375,11.855292654258278,2.0705539429149145
51900,578.2823983774433,566.125,578.340426617281,566.1796875,12.160739117280968,2.1026956715457805
52000,584.1140403995751,571.59375,584.1726518036149,571.6484375,12.52421430361494,2.143923421431458
52100,590.004288453476,577.0625,590.0634888823213,577.1171875,12.94630138232128,2.19405227170448
52200,595.9537315099614,582.53125,596.0135268831123,582.5859375,13.427589383112263,2.252900106702717
52300,601.962964458805,588.328125,602.0233607552508,588.390625,13.632735755250792,2.2644861717904505
52400,608.0325881682228,594.578125,608.0935914270395,594.640625,13.452966427039541,2.212318402413826
52500,614.1632095449512,600.828125,614.2248258659056,600.890625,13.334200865905586,2.1708990428883514
52600,620.3554415949344,607.078125,620.4176771390938,607.140625,13.277052139093826,2.140018350269732
52700,626.6099034846206,613.328125,626.6727644749691,613.390625,13.282139474969085,2.119469718154571
52800,632.9272206028718,619.578125,632.990713324932,619.640625,13.350088324932017,2.1090496343631253
52900,639.3080246234936,625.828125,639.3721554259558,625.890625,13.481530425955839,2.1085576391693683
53000,645.752953568404,632.078125,645.8177288637607,632.140625,13.677103863760749,2.1177962840729045
53100,652.2626518714227,638.328125,652.3280781366097,638.390625,13.937453136609747,2.136571091102257
53200,658.8377704427138,644.578125,658.903854219758,644.640625,14.263229219758045,2.164690512646624
53300,665.4789667338673,650.828125,665.5457146305406,650.890625,14.655089630540601,2.2019658918059406
53400,672.1869048036384,657.078125,672.2543234941187,657.140625,15.113698494118694,2.2482114232547463
53500,678.9622553843515,663.328125,679.0303516098899,663.390625,15.639726609889863,2.3032441146128697
53600,685.8056959489614,670.2265625,685.8744765185563,670.296875,15.577601518556321,2.2712029754521517
53700,692.7179107787988,677.2578125,692.7873825698766,677.328125,15.459257569876627,2.2314577255334695
53800,699.6995910319896,684.2890625,699.7697609910928,684.359375,15.410385991092767,2.202208047582228
53900,706.7514348125652,691.3203125,706.8223099560464,691.390625,15.43168495604641,2.183248142946425
54000,713.8741472402671,698.3515625,713.945734654991,698.421875,15.523859654991043,2.1743752923312627
54100,721.0684405210523,705.3828125,721.1407473651043,705.453125,15.68762236510429,2.175389814321759
54200,728.3350340183064,712.4140625,728.4080675217082,712.484375,15.923692521708176,2.1860950244395276
54300,735.6746543247738,719.4453125,735.7484217902062,719.515625,16.23279679020618,2.2062971947270933
54400,743.0880353352113,726.4765625,743.1625441387448,726.546875,16.615669138744806,2.235805513853069
54500,750.57591831977,733.5078125,750.651175911602,733.578125,17.073050911601968,2.2744320477308517
54600,758.1390519981134,740.5390625,758.2150659033131,740.609375,17.605690903313075,2.3219917006447535
54700,765.7781926142876,748.1875,765.8549704335489,748.265625,17.589345433548942,2.2966940364167967
54800,773.4941040123349,756.0,773.5716534227361,756.078125,17.493528422736063,2.2613972920717043
54900,781.2875577126711,763.8125,781.3658864684422,763.890625,17.475261468442227,2.2365017171949466
55000,789.159332989232,771.625,789.2384489225309,771.703125,17.535323922530893,2.221803049062059
55100,797.1102169473934,779.4375,797.190127969088,779.515625,17.674502969088053,2.2171000805184837
55200,805.1410046026737,787.25,805.2217187031339,787.328125,17.893593703133888,2.2221946188874258
55300,813.2524989602293,795.0625,813.3340242101253,795.140625,18.193399210125335,2.2368914454050994
55400,821.4455110951475,802.875,821.527855646257,802.953125,18.574730646256967,2.2609982751765743
55500,829.720860233544,810.6875,829.8040323195673,810.765625,19.03840731956734,2.2943257176455156
55600,838.0793738344823,818.5,838.1633817718657,818.578125,19.585256771865716,2.3366872375720775
55700,846.5218876727087,826.875,846.6067398614758,826.9609375,19.64580236147583,2.3205346043772734
55800,855.0492459222236,835.46875,855.1349508468157,835.5546875,19.58026334681574,2.289727875983313
55900,863.6623012406907,844.0625,863.7488674708147,844.1484375,19.60042997081473,2.269227863442265
56000,872.3619148546956,852.65625,872.4493510461809,852.7421875,19.707163546180936,2.2588318190104064
56100,881.1489566458603,861.25,881.2372715415248,861.3359375,19.90133404152482,2.25834002761957
56200,890.0243052378224,869.84375,890.1135076683462,869.9296875,20.183820168346188,2.2675557661424257
56300,898.9888480840896,878.4375,899.0789469688979,878.5234375,20.555509468897867,2.2862852631793356
56400,908.0434815567785,887.03125,908.1344859049341,887.1171875,21.01729840493408,2.3143376593600946
56500,917.189111036243,895.625,917.2810299473466,895.7109375,21.57009244734661,2.3515249681534094
56600,926.426651001603,904.765625,926.519493666703,904.859375,21.660118666703056,2.337794165666508
56700,935.7570251221837,914.140625,935.8508008246959,914.234375,21.616425824695852,2.3098153899795673
56800,945.1811663498767,923.515625,945.2758844665116,923.609375,21.66650946651157,2.292083170908308
56900,954.7000170124232,932.890625,954.7956870141244,932.984375,21.811312014124383,2.2843957414945595
57000,964.3145289076409,942.265625,964.4111603605317,942.359375,22.051785360531653,2.2865543522212977
57100,974.0256633985936,951.640625,974.1232659649334,951.734375,22.388890964933353,2.298363230525623
57200,983.8343915097189,961.015625,983.9329749488699,961.109375,22.823599948869855,2.319629540828824
57300,993.741694023922,970.390625,993.8412681933244,970.484375,23.356893193324368,2.3501633450766435
57400,1003.7485615806446,980.0,1003.8491364368026,980.1015625,23.74757393680261,2.3656516776111842
57500,1013.8559947749206,990.15625,1013.957580374398,990.2578125,23.69976787439805,2.3373529951467047
57600,1024.0650042574252,1000.3125,1024.167610757851,1000.4140625,23.75354825785098,2.319302818048905
57700,1034.376610835532,1010.46875,1034.4802484966153,1010.5703125,23.90993599661533,2.3112994212661917
57800,1044.7918455753816,1020.625,1044.896524759939,1020.7265625,24.169962259938984,2.3131440948654642
57900,1055.3117499049874,1031.296875,1055.417481079978,1031.40625,24.01123107997796,2.275045800398148
58000,1065.9373757183544,1042.234375,1066.044169455926,1042.34375,23.700419455926067,2.2232117706738155
58100,1076.6697854806703,1053.171875,1076.7776524592182,1053.28125,23.49640245921819,2.1821034644947823
58200,1087.510052334541,1064.109375,1087.6190033397743,1064.21875,23.40025333977428,2.151511997116512
58300,1098.459260207289,1075.046875,1098.5693061333095,1075.15625,23.41305613330951,2.131231593909868
58400,1109.5185039193425,1085.984375,1109.6296557697344,1086.09375,23.535905769734427,2.121059548774217
58500,1120.6888892937066,1096.921875,1120.8011581826358,1097.03125,23.769908182635845,2.1207961830784003
58600,1131.971533266528,1107.859375,1132.0849304198546,1107.96875,24.116180419854572,2.1302448051234673
58700,1143.3675639987914,1118.796875,1143.4821007551911,1118.90625,24.57585075519114,2.149211670122382
58800,1154.878120989115,1129.734375,1154.9938088012138,1129.84375,25.150058801213845,2.1775059406870314
58900,1166.5043551876906,1140.671875,1166.6212056232093,1140.78125,25.839955623209335,2.21493964781873
59000,1178.2474291113751,1151.609375,1178.3654538542862,1151.71875,26.646703854286216,2.2613276523957975
59100,1190.108516959925,1162.546875,1190.227727811621,1162.65625,27.57147781162098,2.3164876071501466
59200,1202.0888047334067,1173.78125,1202.20921361388,1173.90625,28.30296361387991,2.354246107364315
59300,1214.1894903507862,1186.28125,1214.3111092998213,1186.40625,27.904859299821283,2.297999177155794
59400,1226.4117837697124,1198.78125,1226.5346249480892,1198.90625,27.62837494808923,2.252555646299716
59500,1238.7569071074988,1211.28125,1238.8809827982095,1211.40625,27.474732798209516,2.217705589132014
59600,1251.2260947633265,1223.78125,1251.3514173728029,1223.90625,27.44516737280287,2.193242201333313
59700,1263.820593541667,1236.28125,1263.9471756010212,1236.40625,27.540925601021172,2.1789617582653444
59800,1276.5416627769598,1248.78125,1276.6695169432373,1248.90625,27.76326694323734,2.174663573836371
59900,1289.3905744595259,1261.28125,1289.5197135169717,1261.40625,28.113463516971706,2.1801499598867276
60000,1302.3686133627625,1273.78125,1302.4990502240987,1273.90625,28.59280022409871,2.1952261860904416
60100,1315.4770771716057,1286.28125,1315.6088248793228,1286.40625,29.20257487932281,2.2197004403646714
60200,1328.7172766122837,1298.78125,1328.850348339945,1298.90625,29.944098339944958,2.2533837897813225
60300,1342.0905355833834,1311.28125,1342.2249446369417,1311.40625,30.8186946369417,2.296090141975259
60400,1355.5981912882244,1323.78125,1355.733951107353,1323.90625,31.82770110735305,2.347636207041686
60500,1369.2415943685648,1337.21875,1369.3787185280016,1337.359375,32.01934352800163,2.3382387278824126
60600,1383.0221090396603,1351.28125,1383.1606112505642,1351.421875,31.738736250564216,2.2946529847945936
60700,1396.9411132266653,1365.34375,1397.0810073379878,1365.484375,31.596632337987785,2.2616177710548313
60800,1410.9999987024191,1379.40625,1411.1412987022893,1379.546875,31.594423702289305,2.2389270111606896
60900,1425.2001712266053,1393.46875,1425.342891243728,1393.609375,31.73351624372799,2.226377697512344
61000,1439.5430506863222,1407.53125,1439.6872049913907,1407.671875,32.01532999139067,2.2237698494779723
61100,1454.0300712380467,1421.59375,1454.1756742451705,1421.734375,32.44129924517051,2.230906472975492
61200,1468.6626814510494,1435.65625,1468.8097477191943,1435.796875,33.01287271919432,2.2475935205670825
61300,1483.4423444522286,1449.71875,1483.5908886866737,1449.859375,33.73151368667368,2.273639852057462
61400,1498.3705380724164,1463.78125,1498.5205751262235,1463.921875,34.59870012622355,2.308857195591674
61500,1513.4487549941446,1477.84375,1513.600299869644,1477.984375,35.615924869644005,2.3530601092449146
61600,1528.6785029008997,1492.78125,1528.8315707511897,1492.9375,35.8940707511897,2.347810670442473
61700,1544.0613046278775,1508.40625,1544.2159107583402,1508.5625,35.653410758340215,2.3088358635568897
61800,1559.5986983142525,1524.03125,1559.7548581840838,1524.1875,35.56735818408379,2.2803171919908256
61900,1575.2922375569785,1539.65625,1575.4499667807343,1539.8125,35.63746678073426,2.2620500512342936
62000,1591.1434915661373,1555.28125,1591.302805915294,1555.4375,35.8653059152939,2.253832883469636
62100,1607.1540453218356,1570.90625,1607.3149607263676,1571.0625,36.252460726367644,2.255467136944004
62200,1623.325499732699,1586.53125,1623.488032282672,1586.6875,36.800532282672066,2.266757225855828
62300,1639.6594717959408,1602.15625,1639.8236377431203,1602.3125,37.511137743120344,2.2875104907468407
62400,1656.157594759053,1617.78125,1656.3234105185288,1617.9375,38.38591051852882,2.3175371593952008
62500,1672.8215182831125,1633.40625,1672.9890004349406,1633.5625,39.426500434940635,2.3566503082023016
62600,1689.6529086077294,1649.796875,1689.8220738985901,1649.96875,39.85332389859013,2.358433145961012
62700,1706.6534487176616,1666.984375,1706.8243140625334,1667.15625,39.668064062533404,2.324085949309958
62800,1723.8248385110953,1684.171875,1723.9974209949464,1684.34375,39.653670994946424,2.3001003662790667
62900,1741.1687949696172,1701.359375,1741.3431118491142,1701.53125,39.811861849114166,2.2862732552942058
63000,1758.6870523299021,1718.546875,1758.863121035135,1718.71875,40.14437103513501,2.2824045006702423
63100,1776.3813622571136,1735.734375,1776.559200393339,1735.90625,40.6529503933391,2.2882969722786797
63200,1794.2534940200612,1752.921875,1794.4331193694632,1753.09375,41.33936936946316,2.3037564857245387
63300,1812.3052346681036,1770.109375,1812.4866651915704,1770.28125,42.20541519157041,2.328591763024613
63400,1830.5383892098491,1787.296875,1830.7216430487701,1787.46875,43.25289304877015,2.3626143937829602
63500,1848.954780793626,1805.21875,1849.1398762717054,1805.40625,43.73362627170536,2.3650793989626404
63600,1867.5562508897897,1823.96875,1867.7432065148787,1824.15625,43.58695651487869,2.3336696588076427
63700,1886.3446594748495,1842.71875,1886.533493940797,1842.90625,43.627243940796916,2.312561323767625
63800,1905.3218852174525,1861.46875,1905.5126174059742,1861.65625,43.8563674059742,2.3015521915397787
63900,1924.4898256662284,1880.21875,1924.682474648795,1880.40625,44.27622464879505,2.300443072142293
64000,1943.850397439531,1898.96875,1944.044982479275,1899.15625,44.88873247927495,2.3090377477802777
64100,1963.4055364170815,1917.71875,1963.6020769707231,1917.90625,45.69582697072315,2.3271429332168334
64200,1983.1571979335347,1936.46875,1983.355713653328,1936.65625,46.69946365332794,2.3545682366431304
64300,2003.107356974001,1955.328125,2003.3078677096985,1955.53125,47.776617709698485,2.384886441060084
64400,2023.2580083715236,1975.640625,2023.4605341723607,1975.84375,47.61678417236067,2.353235132003055
64500,2043.6111670065422,1995.953125,2043.815728123243,1996.15625,47.659478123242934,2.331887237554767
64600,2064.1688680083676,2016.265625,2064.3754848951685,2016.46875,47.90673489516848,2.3206405639718803
64700,2084.933166958667,2036.578125,2085.1418602753624,2036.78125,48.36061027536243,2.319295928813973
64800,2105.9061400970086,2057.5625,2106.116930711018,2057.78125,48.335680711018085,2.2950141089602334
64900,2127.0898845284755,2079.4375,2127.3027935169284,2079.65625,47.64654351692843,2.239763124560071
65000,2148.4865184333394,2101.3125,2148.7015670851824,2101.53125,47.17031708518243,2.1952940235051464
65100,2170.0981812788727,2123.1875,2170.3153910970004,2123.40625,46.90914109700043,2.161397430503863
65200,2191.9270340332682,2145.0625,2192.1464267366714,2145.28125,46.8651767366714,2.137867076992527
65300,2213.9752593817225,2166.9375,2214.1968569076607,2167.15625,47.04060690766073,2.124499759852314
65400,2236.245061944676,2188.8125,2236.4688864508703,2189.03125,47.437636450870286,2.121095300643807
65500,2258.7386684982625,2210.6875,2258.964742365112,2210.90625,48.058492365112215,2.1274565053545493
65600,2281.458328196962,2232.5625,2281.686674029782,2232.78125,48.9054240297819,2.1433891246517205
65700,2304.406312798499,2254.4375,2304.6369534297787,2254.65625,49.980703429778714,2.168701814634927
65800,2327.584916890994,2276.3125,2327.817875382683,2276.53125,51.286625382682814,2.2032060980823736
65900,2350.9964581224035,2298.1875,2351.2317577682156,2298.40625,52.82550776821563,2.246716326184599
66000,2374.6432774322598,2320.0625,2374.8809417600028,2320.28125,54.59969176000277,2.2990496407596517
66100,2398.5277392857533,2341.9375,2398.767792059682,2342.15625,56.61154205968205,2.3600259369446106
66200,2422.6522319101437,2366.8125,2422.8946971333344,2367.0625,55.832197133334375,2.3043592112935265
66300,2447.019167533572,2391.8125,2447.264069450325,2392.0625,55.20156945032522,2.255644175854056
66400,2471.630982626255,2416.8125,2471.8783457245177,2417.0625,54.81584572451766,2.217578620700725
66500,2496.4901381441114,2441.8125,2496.7399871579255,2442.0625,54.6774871579255,2.1899551991461337
66600,2521.5991197748363,2466.8125,2521.8514796868135,2467.0625,54.78897968681349,2.1725696429044934
66700,2546.9604381864465,2491.8125,2547.215334230265,2492.0625,55.15283423026494,2.16522072119715
66800,2572.5766292783237,2516.8125,2572.8340869412514,2517.0625,55.77158694125137,2.167710200371147
66900,2598.45025443478,2541.8125,2598.7102994602237,2542.0625,56.64779946022372,2.1798428040243656
67000,2624.5839007811765,2566.8125,2624.8465591712543,2567.0625,57.784059171254285,2.2014261736312126
67100,2650.9801814426073,2591.8125,2651.2454794607515,2592.0625,59.18297946075154,2.2322708296626317
67200,2677.6417358051954,2616.8125,2677.9096999787757,2617.0625,60.847199978775734,2.272190133194483
67300,2704.5712297799982,2641.8125,2704.841886902976,2642.0625,62.77938690297606,2.321000247998155
67400,2731.7713560695797,2667.96875,2732.0447332051867,2668.25,63.79473320518673,2.3350544897683236
67500,2759.2448344372547,2696.09375,2759.5209589206984,2696.375,63.14595892069838,2.2882942315247345
67600,2786.9944119790407,2724.21875,2787.2733114202383,2724.5,62.773311420238315,2.252140511769639
67700,2815.0228633983425,2752.34375,2815.304565684682,2752.625,62.679565684682075,2.2263866740626836
67800,2843.3329912833956,2780.46875,2843.617524582524,2780.75,62.867524582523856,2.210829130114942
67900,2871.927626387499,2808.59375,2872.215019150138,2808.875,63.34001915013778,2.205267319049098
68000,2900.809627912069,2836.71875,2901.0999088748604,2837.0,64.09990887486038,2.209503667170166
68100,2929.981883792525,2864.84375,2930.2750819809044,2865.125,65.15008198090436,2.2233435482399164
68200,2959.4473109870687,2892.96875,2959.7434557181673,2893.25,66.4934557181673,2.2465952442500794
68300,2989.208855768338,2921.09375,2989.5079766539147,2921.375,68.13297665391474,2.2790699066865967
68400,3019.269494018022,2949.21875,3019.5716209674238,2949.5,70.07162096742377,2.3205815182808585
68500,3049.6322315244124,2978.375,3049.9373947475647,2978.6875,71.24989474756467,2.33611007459587
68600,3080.3001042829546,3009.625,3080.608334293383,3009.9375,70.670834293383,2.2940545056206627
68700,3111.276178799827,3040.875,3111.587506417707,3041.1875,70.40000641770712,2.262510897492222
68800,3142.563552398562,3072.125,3142.8780087538016,3072.4375,70.44050875380162,2.241274034741563
68900,3174.1653535297355,3103.375,3174.4829700650885,3103.6875,70.79547006508847,2.2301417500953518
69000,3206.0847420838045,3134.625,3206.4055505580127,3134.9375,71.46805055801269,2.2289148840069553
69100,3238.324909707051,3165.875,3238.648942198022,3166.1875,72.46144219802181,2.2373972446931325
69200,3270.8890801207303,3197.125,3271.2163690287425,3197.4375,73.77886902874252,2.2553955686718523
69300,3303.780509443401,3228.375,3304.111087494345,3228.6875,75.42358749434516,2.282719481793883
69400,3337.0024865165137,3259.625,3337.336386765165,3259.9375,77.39888676516512,2.319181460763289
69500,3370.558333233271,3291.6875,3370.895589066594,3292.03125,78.86433906659386,2.3395663550775097
69600,3404.4514048707715,3326.0625,3404.7920500112587,3326.40625,78.38580001125865,2.302219896542564
69700,3438.685090425518,3360.4375,3439.02915893456,3360.78125,78.2479089345602,2.2752906508882886
69800,3473.2628129522836,3394.8125,3473.610339233579,3395.15625,78.454089233579,2.2585748420730805
69900,3508.1880299063832,3429.1875,3508.5390487093737,3429.53125,79.00779870937367,2.2518717224605758
70000,3543.464233489393,3463.5625,3543.818779912742,3463.90625,79.91252991274177,2.254983532614764
70100,3579.0949509983316,3497.9375,3579.453060493431,3498.28125,81.17181049343117,2.267715461597408
70200,3615.0837451783636,3532.3125,3615.445453552881,3532.65625,82.78920355288119,2.289875607762928
70300,3651.434214579034,3566.6875,3651.7995580004917,3567.03125,84.76830800049174,2.3212749400436925
70400,3688.1499939141004,3601.8125,3688.5190089134917,3602.1875,86.33150891349169,2.3405466721160244
70500,3725.2347544249583,3639.3125,3725.6074779004007,3639.6875,85.91997790040068,2.306200489720448
70600,3762.6922042477454,3676.8125,3763.06867346817,3677.1875,85.88117346816989,2.282211166479163
70700,3800.5260887841137,3714.3125,3800.906341392992,3714.6875,86.21884139299209,2.268375846414405
70800,3838.7401910757326,3751.8125,3839.12426509484,3752.1875,86.93676509484021,2.2644946891994535
70900,3877.338332182567,3789.3125,3877.726266015785,3789.6875,88.03876601578486,2.270370830126731
71000,3916.324371564936,3826.8125,3916.7162040020926,3827.1875,89.52870400209258,2.2858103405759227
71100,3955.702207469437,3864.3125,3956.0979776901836,3864.6875,91.4104776901836,2.310622188977097
71200,3995.475777318725,3901.8125,3995.8755248964567,3902.1875,93.68802489645668,2.344618202262053
71300,4035.649058105228,3941.9375,4036.0528230110385,3942.34375,93.70907301103853,2.3217999644793608
71400,4076.2260667887995,3982.5625,4076.633889395478,3982.96875,93.66513939547804,2.2976097912331195
71500,4117.210860698402,4023.1875,4117.622781784472,4023.59375,94.02903178447195,2.283575664104962
71600,4158.607537937759,4063.8125,4159.023598691553,4064.21875,94.80484869155316,2.2794977340686207
71700,4200.420237795146,4105.0625,4200.840479818926,4105.5,95.34047981892581,2.2695572535293076
71800,4242.653141157288,4148.8125,4243.077606471404,4149.25,93.82760647140367,2.2113101661940116
71900,4285.310470927417,4192.5625,4285.739201974509,4193.0,92.73920197450934,2.1639021322572054
72000,4328.396492447522,4236.3125,4328.829532096767,4236.75,92.07953209676725,2.1271230805932526
72100,4371.915513924834,4280.0625,4372.352905476227,4280.5,91.85290547622662,2.1007660511845674
72200,4415.871886862597,4323.8125,4416.313674051284,4324.25,92.06367405128367,2.084627153913855
72300,4460.270006495224,4367.5625,4460.716233495874,4368.0,92.7162334958739,2.0785055278715174
72400,4505.114312227711,4411.3125,4505.565023658934,4411.75,93.81502365893357,2.0822033011688097
72500,4550.409288079599,4455.0625,4550.864529008407,4455.5,95.36452900840686,2.0955255512557733
72600,4596.159463133307,4498.8125,4596.619279079621,4499.25,97.36927907962126,2.118280265732982
72700,4642.369411986994,4542.5625,4642.833848928193,4543.0,99.83384892819322,2.150278303653706
72800,4689.043755211992,4586.3125,4689.512859587514,4586.75,102.76285958751396,2.191333357310655
72900,4736.187159814805,4630.0625,4736.660978530787,4630.5,106.16097853078736,2.2412619144998693
73000,4783.8043397037845,4673.8125,4784.282920137755,4674.25,110.03292013775535,2.299883221257892
73100,4831.900056160466,4722.125,4832.383446166083,4722.625,109.75844616608265,2.2713107804630615
73200,4880.47911831565,4772.125,4880.967366227483,4772.625,108.34236622748267,2.21969044450344
73300,4929.54638363028,4822.125,4930.039538268643,4822.625,107.4145382686429,2.1787764060481614
73400,4979.106758381151,4872.125,4979.60486905699,4872.625,106.97986905698963,2.14836060029094
73500,5029.165198151461,4922.125,5029.668314671276,4922.625,107.04331467127577,2.128238046215415
73600,5079.726708326358,4972.125,5080.234880997191,4972.625,107.60988099719088,2.118206805746515
73700,5130.796344593417,5022.125,5131.309624227877,5022.625,108.68462422787707,2.1180679434098884
73800,5182.379213448171,5072.125,5182.897651369516,5072.625,110.2726513695161,2.1276254864955306
73900,5234.4804727046885,5122.125,5235.004120751959,5122.625,112.37912075195891,2.146686385718006
74000,5287.105332011349,5172.125,5287.63424254455,5172.625,115.00924254455003,2.1750604763691928
74100,5340.259053371728,5222.125,5340.793279277066,5222.625,118.16827927706618,2.2125604399551206
74200,5393.9469516707595,5272.125,5394.486546365927,5272.625,121.8615463659271,2.2590017663130677
74300,5448.174395206168,5323.0,5448.719412645689,5323.5625,125.15691264568886,2.296996838472133
74400,5502.946806225271,5379.25,5503.497300905894,5379.8125,123.68480090589401,2.247385510401451
74500,5558.269661467132,5435.5,5558.8256884332795,5436.0625,122.76318843327954,2.208437452692991
74600,5614.148492710183,5491.75,5614.710107559455,5492.3125,122.39760755945463,2.1799452725914144
74700,5670.588887325367,5548.0,5671.1561462141,5548.5625,122.59364621409986,2.161704651633333
74800,5727.59648883483,5604.25,5728.1694484837135,5604.8125,123.3569484837135,2.1535143049297703
74900,5785.176997476188,5660.5,5785.7557151759365,5661.0625,124.69321517593653,2.1551759409556195
75000,5843.336170772526,5716.75,5843.920704389604,5717.3125,126.608204389604,2.166494221841571
75100,5902.079824108092,5773.0,5902.670232090503,5773.5625,129.1077320905033,2.1872767241611295
75200,5961.413831309785,5829.25,5962.010172692916,5829.8125,132.19767269291606,2.2173339002071026
75300,6021.344125234469,5885.5,6021.946459646993,5886.0625,135.8839596469934,2.2564790397515244
75400,6081.876698362225,5942.375,6082.485086032062,5943.0,139.4850860320621,2.2932252863616287
75500,6143.017603395528,6004.875,6143.632105155868,6005.5,138.13210515586798,2.2483785290454574
75600,6204.772953864469,6067.375,6205.393631159855,6068.0,137.39363115985543,2.2141001735964823
75700,6267.148924738044,6129.875,6267.775839630518,6130.5,137.27583963051802,2.1901842558334117
75800,6330.151753041614,6192.375,6330.784968216919,6193.0,137.78496821691897,2.176427866507152
75900,6393.787738480532,6254.875,6394.427317254381,6255.5,138.9273172543808,2.172631110834691
76000,6458.063244070064,6317.375,6458.709250394471,6318.0,140.70925039447138,2.1785970685377647
76100,6522.984696771615,6379.875,6523.637195241292,6380.5,143.13719524129192,2.1941317543793555
76200,6588.558588135389,6442.375,6589.217643994203,6443.0,146.21764399420317,2.2190440791931416
76300,6654.791474949486,6504.875,6655.457154096981,6505.5,149.95715409698096,2.253145811398846
76400,6721.6899798955055,6567.5625,6722.362348893495,6568.25,154.11234889349544,2.2925326082558226
76500,6789.26079221075,6636.3125,6789.9399182899715,6637.0,152.9399182899715,2.252448771718867
76600,6857.510668357101,6705.0625,6858.196619423938,6705.75,152.4466194239376,2.2228382748924824
76700,6926.446432696608,6773.8125,6927.139277339878,6774.5,152.6392773398784,2.203496583924527
76800,6996.074978173837,6842.5625,6996.774785671654,6843.25,153.52478567165417,2.194222200578042
76900,7066.403267005134,6911.3125,7067.110107331835,6912.0,155.11010733183502,2.1948166220151952
77000,7137.438331374755,6980.0625,7138.152275207893,6980.75,157.40227520789267,2.2050843010813814
77100,7209.1872741380375,7048.8125,7209.908392865452,7049.5,160.4083928654518,2.224832607085321
77200,7281.65726953161,7117.5625,7282.3856352585635,7118.25,164.13563525856352,2.2538717870676983
77300,7354.85556389076,7186.375,7355.5912494471495,7187.125,168.4662494471495,2.2903155400296544
77400,7428.78947637399,7261.375,7429.532555321627,7262.125,167.40755532162711,2.253271710906178
77500,7503.466399694879,7336.375,7504.216946334849,7337.125,167.09194633484913,2.2266406679041824
77600,7578.893800861281,7411.375,7579.651890241368,7412.125,167.52689024136816,2.2102187892963165
77700,7655.079221921951,7486.375,7655.844929844144,7487.125,168.71992984414373,2.2038054766030704
77800,7732.030280720687,7561.375,7732.80368374876,7562.125,170.6786837487598,2.207203114537327
77900,7809.754671658036,7636.375,7810.535847125203,7637.125,173.41084712520296,2.2202170314477168
78000,7888.260166460679,7711.375,7889.049192477325,7712.125,176.92419247732505,2.242655460255372
78100,7967.554614958523,7786.375,7968.35157042002,7787.125,181.22657042001993,2.2743294998775676
78200,8047.645945869612,7865.1875,8048.450910464199,7866.0,182.4509104641993,2.266907166284454
78300,8128.542167592928,7946.4375,8129.3552218096875,7947.25,182.10522180968746,2.240094285966615
78400,8210.25136900915,8027.6875,8211.07259414605,8028.5,182.5725941460496,2.2234926320857493
78500,8292.781720289477,8108.9375,8293.611198461505,8109.75,183.8611984615054,2.2169015892089603
78600,8376.141473712587,8190.1875,8376.979287859958,8191.0,185.97928785995828,2.2201235250692597
78700,8460.338964489747,8277.5,8461.185198386196,8278.375,182.81019838619613,2.1605743651736113
78800,8545.382611598281,8365.0,8546.23734985944,8365.875,180.36234985944066,2.110429917587148
78900,8631.280918623404,8452.5,8632.144246715266,8453.375,178.7692467152665,2.0709714945193647
79000,8718.042474608481,8540.0,8718.914478855942,8540.875,178.03947885594243,2.0419913429326813
79100,8805.675954913866,8627.5,8806.556722509358,8628.375,178.18172250935822,2.0232847879572478
79200,8894.190122084328,8715.0,8895.079741096537,8715.875,179.20474109653696,2.0146501921571933
79300,8983.593826725297,8802.5,8984.49238610797,8803.375,181.11738610796965,2.0158889153049713
79400,9073.896008387754,8890.0,9074.803597988594,8890.875,183.92859798859354,2.0268052746547687
79500,9165.105696462168,8977.5,9166.022407031815,8978.375,187.6474070318145,2.047206505712431
79600,9257.232011081325,9065.0,9258.157934282433,9065.875,192.28293428243342,2.0769027234934136
79700,9350.28416403228,9152.5,9351.219392448684,9153.375,197.84439244868372,2.1157068842641786
79800,9444.271459677395,9240.0,9445.216086823362,9240.875,204.34108682336228,2.163434747760088
79900,9539.20329588478,9327.5,9540.157416214368,9328.375,211.7824162143679,2.2199048398763774
80000,9635.089164967889,9421.25,9636.052873884386,9422.25,213.80287388438592,2.2187806219269937
80100,9731.938654634767,9521.25,9732.912048500231,9522.25,210.66204850023132,2.164429797068728
80200,9829.761448946665,9621.25,9830.74462509156,9622.25,208.49462509156,2.120842652746848
80300,9928.567329286381,9721.25,9929.56038601931,9722.25,207.3103860193096,2.0878103154616983
80400,10028.3661753363,9821.25,10029.369211953834,9822.25,207.11921195383366,2.065127004268342
80500,10129.167966066276,9921.25,10130.181082862882,9922.25,207.93108286288225,2.0525899898733004
80600,10230.982780731454,10021.25,10232.006079009527,10022.25,209.75607900952673,2.0499995542402125
80700,10333.820799880052,10121.25,10334.85438196004,10122.25,212.60438196003997,2.0571589506974632
80800,10437.692306371404,10221.25,10438.736275602041,10222.25,216.48627560204113,2.0738743645437636
80900,10542.607686404072,10321.25,10543.662147172712,10322.25,221.41214717271214,2.0999548741428886
81000,10648.57743055441,10421.25,10649.642488297464,10422.25,227.3924882974643,2.1352124125043472
81100,10755.612134825536,10521.25,10756.687896039019,10522.25,234.4378960390186,2.17946172934279
81200,10863.722501706789,10621.25,10864.80907395696,10622.25,242.55907395695976,2.2325203536100413
81300,10972.919341243945,10732.625,10974.01683317807,10733.75,240.26683317806965,2.1894155697999644
81400,11083.213572120048,10845.125,11084.32209347726,10846.25,238.07209347725984,2.1478272777489664
81500,11194.616222747254,10957.625,11195.73588436953,10958.75,236.98588436952923,2.116751295467656
81600,11307.138432369515,11070.125,11308.269346212752,11071.25,237.01934621275177,2.0959824970222507
81700,11420.79145217643,11182.625,11421.93373132165,11183.75,238.18373132164925,2.085318799114488
81800,11535.586646428232,11295.125,11536.740405092874,11296.25,240.49040509287443,2.0845611208059287
81900,11651.535493592151,11407.625,11652.70084714151,11408.75,243.95084714151017,2.093513343744279
82000,11768.649587490128,11520.125,11769.826652448877,11521.25,248.5766524488772,2.111982272883835
82100,11886.940638458094,11632.625,11888.12953252194,11633.75,254.37953252193984,2.139777597695606
82200,12006.420474516894,11745.125,12007.621316564346,11746.25,261.37131656434576,2.1767118538605783
82300,12127.101042554994,11857.625,12128.31395265925,11858.75,269.5639526592495,2.2226003854405914
82400,12248.994409523058,11981.0,12250.219508964012,11982.25,267.96950896401177,2.187466998186661
82500,12372.112763640513,12106.0,12373.350174916877,12107.25,266.1001749168772,2.150591158862639
82600,12496.468415614281,12231.0,12497.718262455843,12232.25,265.4682624558427,2.124133836920703
82700,12622.073799869724,12356.0,12623.336207249711,12357.25,266.08620724971115,2.107891312416246
82800,12748.94147579398,12481.0,12750.216569941558,12482.25,267.9665699415582,2.101662889187979
82900,12877.084128991777,12606.0,12878.372037404677,12607.25,271.12203740467703,2.105250854822448
83000,13006.5145725539,12731.0,13007.815424011156,12732.25,275.5654240111562,2.1184604411167256
83100,13137.245748338353,12856.0,13138.559672913187,12857.25,281.30967291318666,2.141099785033076
83200,13269.290728264452,12981.0,13270.617857337278,12982.25,288.3678573372781,2.172979890140085
83300,13402.66271561986,13106.0,13404.003181891421,13107.25,296.75318189142126,2.2139145885337426
83400,13537.375046380846,13241.0,13538.728983885485,13242.375,296.3539838854849,2.188935048764335
83500,13673.441190545725,13378.5,13674.80873466478,13379.875,294.9337346647808,2.1567667993567055
83600,13810.874753481734,13516.0,13812.256040957081,13517.375,294.8810409570815,2.1349230718188204
83700,13949.689477285472,13653.5,13951.084646233201,13654.875,296.20964623320106,2.123201555609354
83800,14089.899242156966,13791.0,14091.308432081181,13792.375,298.9334320811813,2.1214029450991942
83900,14231.518067787529,13928.5,14232.941419594308,13929.875,303.0664195943082,2.1293308997750846
84000,14374.560114761673,14066.0,14375.997770773149,14067.375,308.62277077314866,2.146792004938874
84100,14519.039685972979,14203.5,14520.491789941576,14204.875,315.6167899415759,2.173595732895255
84200,14664.971228054279,14341.0,14666.437925177084,14342.375,324.06292517708425,2.2095544046232445
84300,14812.369332822187,14488.25,14813.850769755469,14489.75,324.1007697554687,2.187822564117936
84400,14961.248738736147,14638.25,14962.74506361002,14639.75,322.9950636100202,2.1586618112979603
84500,15111.62433237213,14788.25,15113.135694805367,14789.75,323.38569480536717,2.1397657067058566
84600,15263.511149911166,14938.25,15265.037701026158,14939.75,325.2877010261582,2.130932837488449
84700,15416.924378642832,15088.25,15418.466271080697,15089.75,328.71627108069697,2.131964783664938
84800,15571.879358483826,15238.25,15573.436746419675,15239.75,333.6867464196748,2.1426660784838596
84900,15728.391583511844,15388.25,15729.964622670195,15389.75,340.21462267019524,2.162844169273428
85000,15886.476703514785,15538.25,15888.065551185136,15539.75,348.3155511851364,2.1923093787786807
85100,16046.150525555666,15693.0,16047.755340608222,15694.625,353.13034060822247,2.200496786704118
85200,16207.429015553149,15855.5,16209.049958454705,15857.125,351.9249584547051,2.1711633893209124
85300,16370.328299877949,16018.0,16371.965532707936,16019.625,352.3405327079363,2.1520967168177205
85400,16534.864666965223,16180.5,16536.51835343192,16182.125,354.3933534319185,2.1430953351699285
85500,16701.054568943688,16343.0,16702.72487440058,16344.625,358.09987440058103,2.143960803362226
85600,16868.914623280292,16514.75,16870.601714742617,16516.5,354.10171474261733,2.098927594462624
85700,17038.46161444187,16689.75,17040.16566060331,16691.5,348.66566060331024,2.0461400877658233
85800,17209.712495573494,16864.75,17211.43366682305,16866.5,344.93366682304986,2.0040960764816926
85900,17382.684390193583,17039.75,17384.4228586326,17041.5,342.92285863259895,1.9725869614493037
86000,17557.394593906163,17214.75,17559.15053336555,17216.5,342.6505333655514,1.9514072318843305
86100,17733.860576130246,17389.75,17735.634162187856,17391.5,344.1341621878564,1.940354424549115
86200,17912.09998184657,17564.75,17913.891391844754,17566.5,347.39139184475425,1.9392290834302095
86300,18092.130633361976,17739.75,18093.940046425312,17741.5,352.4400464253122,1.947834719917408
86400,18273.97053209146,17914.75,18275.79812914467,17916.5,359.2981291446704,1.9659777734778796
86500,18457.637860358194,18089.75,18459.48382414423,18091.5,367.9838241442303,1.9934675728197933
86600,18643.15098321151,18264.75,18645.015498309833,18266.5,378.51549830983276,2.0301162975388523
86700,18830.528450263297,18439.75,18832.411703108322,18441.5,390.9117031083224,2.0757389402431223
86800,19019.788997542775,18614.75,19021.691176442528,18616.5,405.19117644252765,2.1301532691495795
86900,19210.95154936993,18796.5,19212.872844524863,18798.5,414.37284452486347,2.1567458853138053
87000,19404.03522024774,18996.5,19405.975823769764,18998.5,407.47582376976425,2.099744055491711
87100,19599.059316773546,19196.5,19601.019422705223,19198.5,402.5194227052234,2.0535637153594024
87200,19796.04333956939,19396.5,19798.023143903345,19398.5,399.52314390334504,2.017995135167701
87300,19995.006985232027,19596.5,19997.006685930548,19598.5,398.506685930548,1.992831688209258
87400,20195.970148302335,19796.5,20197.989945317164,19798.5,399.4899453171638,1.9778698098113678
87500,20398.95292325462,19996.5,20400.993018546942,19998.5,402.49301854694204,1.9729089568386586
87600,20603.975606505843,20196.5,20606.03620406649,20198.5,407.53620406649134,1.9777515676987223
87700,20811.0586984451,20396.5,20813.140004314944,20398.5,414.64000431494424,1.992203022845096
87800,21020.222905483515,20596.5,21022.32512777406,20598.5,423.8251277740601,2.0160716057716908
87900,21231.48914212459,20796.5,21233.6124910388,20798.5,435.1124910387989,2.0491684644919888
88000,21444.87853305553,20996.5,21447.02322090883,20998.5,448.5232209088317,2.0913075734984226
88100,21660.41241525953,21196.5,21662.578656501053,21198.5,464.07865650105305,2.142305696195502
88200,21878.112340149266,21413.5,21880.30035138328,21415.75,464.55035138328094,2.123144307541061
88300,22098.000075721793,21638.5,22100.210075729363,21640.75,459.46007572936287,2.0789851053675994
88400,22320.097608735174,21863.5,22322.329818496044,21865.75,456.579818496044,2.045395002262384
88500,22544.427146907004,22088.5,22546.681789621693,22090.75,455.9317896216926,2.0221680239952624
88600,22771.011121134914,22313.5,22773.288422247027,22315.75,457.5384222470275,2.0091012495150338
88700,22999.87218773947,22538.5,23002.17237495824,22540.75,461.42237495824156,2.0059947705660095
88800,23231.033230729623,22763.5,23233.356534052695,22765.75,467.60653405269477,2.012651651806456
88900,23464.517364090858,22988.5,23466.864015827265,22990.75,476.11401582726467,2.0288778914223426
89000,23700.347934096422,23213.5,23702.71816888983,23215.75,486.96816888983085,2.054482382231519
89100,23938.54852164172,23438.5,23940.942576493882,23440.75,500.19257649388237,2.0892768732714404
89200,24179.142944602154,23663.5,24181.561058896612,23665.75,515.8110588966119,2.133075931865203
89300,24422.15526021479,23904.5,24424.59767574081,23907.0,517.5976757408098,2.1191656157960064
89400,24667.609767483722,24154.5,24670.07672846047,24157.0,513.0767284604699,2.079753274008112
89500,24915.531009609917,24404.5,24918.022762710876,24407.0,511.0227627108761,2.0508158595777806
89600,25165.9437764451,24654.5,25168.460570822743,24657.0,511.46057082274274,2.032148805380922
89700,25418.873106970725,24904.5,25421.41519428142,24907.0,514.4151942814206,2.023550578714984
89800,25674.34429180149,25154.5,25676.91192623067,25157.0,519.9119262306704,2.024822641150807
89900,25932.382875714284,25404.5,25934.976314001855,25407.0,527.9763140018549,2.035769408884362
90000,26193.01466020231,25654.5,26195.634161668328,25657.0,538.6341616683276,2.0561982135805774
90100,26456.265706055125,25904.5,26458.911532625727,25907.0,551.911532625727,2.085919263705087
90200,26722.162335964356,26154.5,26724.834752197952,26157.0,567.8347521979522,2.124745606336261
90300,26990.7311371558,26418.75,26993.430410269513,26421.5,571.9304102695132,2.118776315484249
90400,27261.99896404792,26693.75,27264.725363944326,26696.5,568.2253639443261,2.084104484308373
90500,27535.992940936958,26968.75,27538.74674023105,26971.5,567.2467402310504,2.0598131991328636
90600,27812.740464709204,27243.75,27815.521938755675,27246.5,569.0219387556754,2.0456993041818525
90700,28092.269207580415,27518.75,28095.078634501173,27521.5,573.5786345011729,2.041562659293681
90800,28374.607119862725,27793.75,28377.44478057471,27796.5,580.9447805747113,2.0472061000093533
90900,28659.78243275951,28068.75,28662.648611002787,28071.5,591.1486110027872,2.062435398157384
91000,28947.823661188097,28343.75,28950.718643554213,28346.5,604.2186435542135,2.0870592229279286
91100,29238.75960663119,28618.75,29241.68368259185,28621.5,620.1836825918508,2.120889102432424
91200,29532.619360016688,28907.5,29535.572821952686,28910.5,625.0728219526864,2.11633891687414
91300,29829.4323046264,29207.5,29832.41544785686,29210.5,621.9154478568598,2.084696926213991
91400,30129.22811903424,29507.5,30132.241241846143,29510.5,621.7412418461427,2.063375362144319
91500,30432.036780073733,29807.5,30435.08018375174,29810.5,624.5801837517392,2.052171967285243
91600,30737.888565835477,30107.5,30740.962554692058,30110.5,630.4625546920579,2.05088748789302
91700,31046.814058694603,30407.5,31049.91894010047,30410.5,639.4189401004696,2.059325634099065
91800,31358.84414836886,30707.5,31361.980232783695,30710.5,651.4802327836951,2.077293040643785
91900,31674.010035007148,31007.5,31677.17763601065,31010.5,666.6776360106487,2.104599228097799
92000,31992.343232309366,31311.25,31995.542666632595,31314.5,681.0426666325948,2.1285548231780367
92100,32313.875570677414,31636.25,32317.10715823448,31639.5,677.6071582344812,2.096744473187864
92200,32638.63920039798,31961.25,32641.903264318018,31964.5,677.403264318018,2.0752566381707
92300,32966.66659485753,32286.25,32969.96346151702,32289.5,680.4634615170216,2.0638890373999583
92400,33297.990553788775,32611.25,33301.320552844154,32614.5,686.820552844154,2.0624423940013843
92500,33632.64420655051,32949.0,33636.007670971165,32952.5,683.5076709711648,2.0320713375299038
92600,33970.661015440615,33299.0,33974.05828154216,33302.5,671.5582815421585,1.976679606472009
92700,34312.07477904184,33649.0,34315.50618651974,33652.5,663.0061865197422,1.9320891929030988
92800,34656.919635601116,33999.0,34660.38552756468,34002.5,657.8855275646783,1.898090622914381
92900,35005.23006644328,34349.0,35008.730789449924,34352.5,656.2307894499245,1.8744775221833616
93000,35357.04089941882,34699.0,35360.57680350876,34702.5,658.0768035087603,1.8610465750192757
93100,35712.387312386345,35049.0,35715.958751117585,35052.5,663.458751117585,1.8575974839169753
93200,36071.3048367301,35399.0,36074.91216721378,35402.5,672.4121672137771,1.8639329296133127
93300,36433.82936091276,35749.0,36437.47294384885,35752.5,684.9729438488503,1.879858531639701
93400,36799.997134063815,36099.0,36803.677333777225,36102.5,701.1773337772247,1.9051828093648318
93500,37169.84476960435,36449.0,37173.56195408131,36452.5,721.0619540813132,1.9397171435226082
93600,37543.40924890791,36799.0,37547.163789832804,36802.5,744.6637898328045,1.9832757382182031
93700,37920.72792499836,37149.0,37924.520197790865,37152.5,772.0201977908655,2.0356755834074765
93800,38301.83852628483,37501.0,38305.668910137465,37505.0,800.668910137465,2.090209968701449
93900,38686.77916033427,37901.0,38690.64803825031,37905.0,785.6480382503069,2.030588987482454
94000,39075.58831768173,38301.0,39079.4960765135,38305.0,774.4960765134965,1.981847654834432
94100,39468.30487567913,38701.0,39472.251906166704,38705.0,767.2519061667044,1.9437753589296423
94200,39864.96810238271,39101.0,39868.95479919295,39105.0,763.9547991929503,1.9161646023597656
94300,40265.6176604793,39501.0,40269.64442224535,39505.0,764.6444222453501,1.8988109610000754
94400,40670.29361125249,39901.0,40674.36084061362,39905.0,769.3608406136191,1.891513043384832
94500,41079.03641858801,40301.0,41083.14452222987,40305.0,778.1445222298717,1.8940724505857185
94600,41491.88695302015,40701.0,41496.03634171545,40705.0,791.0363417154513,1.9062937365905288
94700,41908.88649581815,41101.0,41913.077584467734,41105.0,808.0775844677337,1.9279843691726264
94800,42330.07674311422,41501.0,42334.309950788534,41505.0,829.3099507885345,1.958954691248221
94900,42755.49981007241,41901.0,42759.77556005342,41905.0,854.7755600534219,1.999017882713026
95000,43185.198235100055,42301.0,43189.516954923565,42305.0,884.5169549235652,2.04798992275539
95100,43619.21498410108,42723.5,43623.57710559949,42728.0,895.5771055994919,2.052965769935763
95200,44057.59345477216,43173.5,44061.99941411764,43178.0,883.999414117643,2.0062625978666007
95300,44500.377480942305,43623.5,44504.8277186904,43628.0,876.8277186904015,1.9701856262262667
95400,44947.611336955575,44073.5,44952.106298089275,44078.0,874.1062980892748,1.9445280100844338
95500,45399.33974209828,44523.5,45403.87987607249,44528.0,875.8798760724894,1.9290859690034368
95600,45855.60786507045,44973.5,45860.19362585696,44978.0,882.1936258569622,1.923658746524704
95700,46316.461328502184,45423.5,46321.09317463503,45428.0,893.0931746350325,1.928048570157842
95800,46781.946213515774,45873.5,46786.62460813713,45878.0,908.6246081371282,1.942060611867906
95900,47252.10906433308,46323.5,47256.83447523952,46328.0,928.8344752395205,1.9655029490521387
96000,47726.99689292975,46773.5,47731.76979261904,46778.0,953.7697926190376,1.9981865260033225
96100,48206.6571837358,47223.5,48211.47804945418,47228.0,983.4780494541774,2.039925115851767
96200,48691.13789838383,47694.0,48696.00721217367,47699.0,997.0072121736666,2.0474105974019605
96300,49180.487480504584,48194.0,49185.405729252634,48199.0,986.405729252634,2.005484583541774
96400,49674.75486057093,48694.0,49679.72253605699,48699.0,980.7225360569864,1.9740902041978776
96500,50173.9894607905,49194.0,50179.007059736585,49199.0,980.0070597365848,1.9530220248677221
96600,50678.241200047356,49694.0,50683.309224167366,49699.0,984.3092241673658,1.9420776567959708
96700,51187.56049889349,50194.0,51192.679454943376,50199.0,993.6794549433762,1.9410577166955114
96800,51701.998284590416,50694.0,51707.16868441887,50699.0,1008.1686844188735,1.949765786968469
96900,52221.605996201404,51194.0,52226.82835680102,51199.0,1027.828356801023,1.9680083764213077
97000,52746.43558973492,51694.0,52751.7104332939,51699.0,1052.710433293898,1.9955948814685005
97100,53276.53954333981,52194.0,53281.86739729415,52199.0,1082.867397294147,2.0323375478186394
97200,53811.97086255245,52711.0,53817.352259638705,52716.5,1100.8522596387047,2.045534039518902
97300,54352.783085597184,53261.0,54358.21856390574,53266.5,1091.7185639057425,2.008378112358987
97400,54899.03028873921,53811.0,54904.520391768085,53816.5,1088.0203917680847,1.9816590401019387
97500,55450.767091691996,54361.0,55456.312368401166,54366.5,1089.8123684011662,1.9651728033437323
97600,56008.04866307867,54911.0,56013.64966794498,54916.5,1097.1496679449774,1.9587184096180135
97700,56570.93072594835,55461.0,56576.58801902094,55466.5,1110.0880190209427,1.9620978533518727
97800,57139.469563347986,56011.0,57145.18371030432,56016.5,1128.6837103043217,1.9751160763191304
97900,57713.722023950184,56561.0,57719.49359615258,56566.5,1152.993596152577,1.9975809285849875
98000,58293.745527737396,57111.0,58299.57510229017,57116.5,1183.0751022901677,2.0293031299360074
98100,58879.59807174362,57677.0,58885.48623155079,57683.0,1202.4862315507926,2.04207574481486
98200,59471.33823585334,58277.0,59477.285569676926,58283.0,1194.2855696769257,2.007969190654867
98300,60069.02518865915,58877.0,60075.03229117802,58883.0,1192.0322911780167,1.984239118508249
98400,60672.71869337799,59477.0,60678.78616524733,59483.0,1195.7861652473293,1.9706824094846414
98500,61282.479113826965,60077.0,61288.60756173835,60083.0,1205.6075617383467,1.9670989596621076
98600,61898.36742045904,60677.0,61904.55745720109,60683.0,1221.5574572010883,1.9732916401924618
98700,62520.44519645972,61277.0,62526.69744097936,61283.0,1243.697440979362,1.989066257902589
98800,63148.77464390466,61877.0,63155.089721369055,61883.0,1272.089721369055,2.014231516385025
98900,63783.41858997944,62477.0,63789.79713183844,62483.0,1306.797131838437,2.048598977572536
99000,64424.44049326155,63123.0,64430.88313731088,63129.5,1301.383137310877,2.0198126642738305
99100,65071.90445006581,63773.0,65078.411840510824,63779.5,1298.9118405108238,1.995918160532401
99200,65725.87520085303,64423.0,65732.44798837311,64429.5,1302.947988373111,1.9821990938228544
99300,66386.41813670381,65073.0,66393.05697851747,65079.5,1313.556978517474,1.9784553359886654
99400,67053.59930585774,65737.0,67060.30486578832,65744.0,1316.3048657883191,1.962867404827217
99500,67727.48542031641,66437.0,67734.25836885844,66444.0,1290.2583688584418,1.9048829941152083
99600,68408.14386251441,67137.0,68414.98487690065,67144.0,1270.9848769006494,1.8577580323777567
99700,69095.64269205721,67837.0,69102.55245632642,67844.0,1258.552456326419,1.8212821546958604
99800,69790.0506525261,68537.0,69797.02985759135,68544.0,1253.0298575913475,1.7952481074738225
99900,70491.43717835238,69237.0,70498.4865220702,69244.0,1254.486522070205,1.7794517073461944
100000,71199.87240175963,69937.0,71206.9925889998,69944.0,1262.9925889997976,1.7736918005927793
100100,71915.42715977685,70637.0,71922.61890249283,70644.0,1278.6189024928317,1.7777702230591534
100200,72638.17300132103,71337.0,72645.43701862116,71344.0,1301.43701862116,1.791491760573432
100300,73368.18219435186,72037.0,73375.5192125713,72044.0,1331.5192125712929,1.814664109856365
100400,74105.5277330973,72737.0,74112.9384858706,72744.0,1368.9384858706035,1.8470978399157487
100500,74850.28334535277,73437.0,74857.7685736873,73444.0,1413.7685736872954,1.8886063539225493
100600,75602.52349985323,74137.0,75610.0839522032,74144.0,1466.0839522032038,1.9390058515607342
100700,76362.32341371913,74837.0,76369.9598460605,74844.0,1525.9598460605048,1.9981152918456333
100800,77129.75905997757,75618.0,77137.47223588356,75626.0,1511.472235883557,1.9594526396477323
100900,77904.90717515889,76418.0,77912.6978658764,76426.0,1486.6978658763983,1.9081586270259687
101000,78687.84526696982,77218.0,78695.71425149651,77226.0,1469.714251496509,1.8675912220576363
101100,79478.65162204303,78018.0,79486.59968720523,78026.0,1460.5996872052347,1.8375420422473348
101200,80277.40531376572,78818.0,80285.4332542971,78826.0,1459.4332542970951,1.817805790092043
101300,81084.18621018554,79618.0,81092.29482880655,79626.0,1466.2948288065527,1.8081802123149169
101400,81899.07498199744,80418.0,81907.26508949563,80426.0,1481.2650894956314,1.808466059606719
101500,82722.15311060927,81218.0,82730.42552592033,81226.0,1504.4255259203346,1.818467046865342
101600,83553.5028962897,82018.0,83561.85844657932,82026.0,1535.8584465793247,1.8379898139307078
101700,84393.20746639725,82818.0,84401.64698714387,82826.0,1575.6469871438749,1.8668438868069466
101800,85241.35078369215,83618.0,85249.8751187705,83626.0,1623.8751187705057,1.9048416393667622
101900,86098.01765473225,84418.0,86106.62765649772,84426.0,1680.627656497716,1.9517982555328814
102000,86963.2937383524,85240.0,86971.99026772623,85249.0,1722.990267726229,1.9810863962320986
102100,87837.26555423002,86140.0,87846.04948078544,86149.0,1697.0494807854411,1.9318449615160402
102200,88720.02049153586,87040.0,88728.892693585,87049.0,1679.8926935850031,1.8932871160539766
102300,89611.64681767252,87940.0,89620.60818235428,87949.0,1671.6081823542772,1.865205131115598
102400,90512.23368709987,88840.0,90521.28511046857,88849.0,1672.2851104685687,1.8473943541872817
102500,91421.87115025028,89740.0,91431.0135373653,89749.0,1682.013537365303,1.8396531683178934
102600,92340.65016253237,90640.0,92349.88442754862,90649.0,1700.884427548619,1.8417829519678675
102700,93268.66259342588,91540.0,93277.98965968522,91549.0,1728.9896596852195,1.8535880393576807
102800,94206.00123566788,92440.0,94215.42203579145,92449.0,1766.4220357914455,1.8748756813087357
102900,95152.75981453106,93340.0,95162.27529051251,93349.0,1813.275290512509,1.905456006570798
103000,96109.03299719532,94240.0,96118.64410049503,94249.0,1869.644100495032,1.9451419836304193
103100,97074.91640221383,95158.0,97084.62409385404,95168.0,1916.6240938540432,1.9741788277422763
103200,98050.50660907388,96158.0,98060.31185973478,96168.0,1892.3118597347784,1.9297428529918776
103300,99035.90116785403,97158.0,99045.8049579708,97168.0,1877.8049579708022,1.8958954988226222
103400,100031.19860897804,98158.0,100041.20192883893,98168.0,1873.2019288389274,1.8724304513767929
103500,101036.49845306722,99158.0,101046.60230291252,99168.0,1878.6023029125208,1.8591444542399749
103600,102051.90122089167,100158.0,102062.10661101375,100168.0,1894.1066110137472,1.8558372680202446
103700,103077.50844342088,101158.0,103087.81639426522,101168.0,1919.8163942652172,1.862311630428537
103800,104113.42267197656,102158.0,104123.83421424375,102168.0,1955.8342142437468,1.8783732168558542
103900,105159.74748848632,103158.0,105170.26366323516,103168.0,2002.2636632351641,1.9038306014393918
104000,106216.5875158414,104158.0,106227.20937459297,104168.0,2059.209374592974,1.9384952186134414
104100,107284.04842835756,105169.0,107294.7770332004,105180.0,2114.7770332004,1.970997183344741
104200,108362.23696234189,106269.0,108373.07338603812,106280.0,2093.073386038115,1.9313592580163637
104300,109451.26092676524,107369.0,109462.20625285791,107380.0,2082.2062528579117,1.9022147681255492
104400,110551.22921404202,108469.0,110562.28453696342,108480.0,2082.284536963416,1.883358819586676
104500,111662.2518109188,109569.0,111673.41823609988,109580.0,2093.418236099882,1.8745895569113664
104600,112784.4398094717,110669.0,112795.71845345265,110680.0,2115.718453452646,1.8757081230221857
104700,113917.90541821475,111769.0,113929.29740875657,111780.0,2149.297408756567,1.8865186195656931
104800,115062.76197331968,112869.0,115074.268449517,112880.0,2194.268449516996,1.9068280677183886
104900,116219.12394994815,113969.0,116230.74606234314,113980.0,2250.74606234314,1.9364463694794647
105000,117387.10697369878,115078.0,117398.84588439614,115090.0,2308.8458843961416,1.9666682981446735
105100,118566.82783216836,116278.0,118578.68471495157,116290.0,2288.684714951567,1.9300979096312973
105200,119758.40448662944,117478.0,119770.3805270781,117490.0,2280.3805270781013,1.9039603256186908
105300,120961.95608382561,118678.0,120974.05247943399,118690.0,2284.052479433987,1.888051555371582
105400,122177.602967885,119878.0,122189.82092818178,119890.0,2299.8209281817835,1.882170634764679
105500,123405.46669235342,121078.0,123417.80743902265,121090.0,2327.807439022654,1.8861195862458986
105600,124645.67003234886,122278.0,124658.13479935209,122290.0,2368.1347993520903,1.8997033792971518
105700,125898.33699683768,123478.0,125910.92703053735,123490.0,2420.92703053735,1.922729891385995
105800,127163.59284103452,124678.0,127176.30940031861,124690.0,2486.3094003186125,1.955009869402912
105900,128441.56407892656,125947.0,128454.40843533445,125960.0,2494.4084353344515,1.941862849020217
106000,129732.37849592387,127247.0,129745.35193377346,127260.0,2485.3519337734615,1.9155614414935431
106100,131036.16516163664,128547.0,131049.2689781528,128560.0,2489.2689781528024,1.8994909300621798
106200,132353.05444278242,129847.0,132366.2899482267,129860.0,2506.2899482267094,1.893450325764219
106300,133683.1780162174,131152.0,133696.54653401903,131166.0,2530.5465340190276,1.8927538516300653
106400,135026.6688821072,132552.0,135040.1717489954,132566.0,2474.1717489954026,1.8321746165979744
106500,136383.66137722397,133952.0,136397.2999433617,133966.0,2431.2999433616933,1.7825132494347604
106600,137754.29118837937,135352.0,137768.0668174982,135366.0,2402.066817498213,1.7435584841879495
106700,139138.69536599136,136752.0,139152.60943552796,136766.0,2386.609435527964,1.7151021782553961
106800,140537.0123377883,138152.0,140551.0662390221,138166.0,2385.066239022097,1.696939271144366
106900,141949.38192265053,139552.0,141963.5770608428,139566.0,2397.5770608427993,1.6888677437419353
107000,143375.94534459087,140952.0,143390.28313912533,140966.0,2424.2831391253276,1.6906885780908538
107100,144816.84524687548,142352.0,144831.32713140018,142366.0,2465.327131400176,1.7022057176645728
107200,146272.22570628807,143752.0,146286.8531288587,143766.0,2520.8531288586964,1.7232260281367662
107300,147742.2322475342,145152.0,147757.00667075897,145166.0,2591.006670758972,1.7535592586363156
107400,149227.01185779413,146552.0,149241.9347589799,146566.0,2675.9347589799145,1.7930180034863847
107500,150726.71300141967,147952.0,150741.78587271983,147966.0,2775.7858727198327,1.8414176644182736
107600,152241.4856347789,149352.0,152256.70998334239,149366.0,2890.7099833423854,1.8985764132553782
107700,153771.48122125084,150868.0,153786.85856937297,150884.0,2902.858569372969,1.8875855820043914
107800,155316.8527463704,152468.0,155332.38463164505,152484.0,2848.384631645051,1.8337352113660685
107900,156877.75473312542,154068.0,156893.44270859874,154084.0,2809.442708598741,1.79066929764348
108000,158454.3432574076,155668.0,158470.18889173336,155684.0,2786.1888917333563,1.7581785641947314
108100,160046.77596361816,157268.0,160062.78084121452,157284.0,2778.780841214524,1.7360568313324072
108200,161655.2120804317,158868.0,161671.37780163976,158884.0,2787.3778016397555,1.7241009754117926
108300,163279.81243671724,160468.0,163296.14061796092,160484.0,2812.1406179609185,1.7221108884257437
108400,164920.7394776194,162068.0,164937.2317515672,162084.0,2853.2317515671893,1.7298894381014
108500,166578.15728080165,163668.0,166594.81529652973,163684.0,2910.815296529734,1.747242428492532
108600,168252.2315728525,165268.0,168269.05699600978,165284.0,2985.0569960097782,1.7739785610616239
108700,169943.12974585718,166868.0,169960.12425883178,166884.0,3076.1242588317837,1.809909396245888
108800,171651.02087413374,168468.0,171668.18617622115,168484.0,3184.1861762211483,1.8548493155001424
108900,173376.07573114106,170068.0,173393.41353871417,170084.0,3309.4135387141723,1.908615483814365
109000,175118.46680655307,171866.0,175135.97885323374,171884.0,3251.9788532337407,1.8568308319782436
109100,176878.3683235065,173666.0,176896.05636033884,173684.0,3212.0563603388437,1.8157874327033363
109200,178655.956256022,175466.0,178673.8220516476,175484.0,3189.822051647614,1.785276665053687
109300,180451.40834659967,177266.0,180469.45368743435,177284.0,3185.4536874343466,1.7650929962648534
109400,182264.90412399152,179066.0,182283.13081440394,179084.0,3199.130814403936,1.7550339409416935
109500,184096.624921153,180866.0,184115.03478364513,180884.0,3231.0347836451256,1.7549000207625287
109600,185946.75389337473,182666.0,185965.34876876406,182684.0,3281.348768764059,1.7644947246834706
109700,187815.47603659527,184466.0,187834.25778419894,184484.0,3350.2577841989405,1.7836244696364287
109800,189702.97820590076,186266.0,189721.94870372134,186284.0,3437.9487037213403,1.812098561716864
109900,191609.4491342072,188066.0,191628.61027912065,188084.0,3544.6102791206504,1.8497291578526163
110000,193535.0794511331,189866.0,193554.4331590782,189884.0,3670.4331590782094,1.8963312279505165
110100,195480.06170206,191856.0,195499.6099082302,191876.0,3623.6099082301953,1.853512602879955
110200,197444.59036738536,193856.0,197464.3350264221,193876.0,3588.335026422108,1.817206649465061
110300,199428.8618819691,195856.0,199448.8049681573,195876.0,3572.8049681572884,1.7913393708865286
110400,201433.07465477494,197856.0,201453.21816224043,197876.0,3577.2181622404314,1.7757066354529603
110500,203457.42908870947,199856.0,203477.77503161834,199876.0,3601.7750316183374,1.770107340253086
110600,205502.12760066122,201856.0,205522.6780134213,201876.0,3646.678013421304,1.774343371091712
110700,207567.37464174,203856.0,207588.13157920417,203876.0,3712.1315792041714,1.7882195629222795
110800,209653.3767177199,205856.0,209674.34225539168,205876.0,3798.3422553916753,1.8115436607713993
110900,211760.34240968843,207856.0,211781.5186439294,207876.0,3905.5186439293902,1.8441262811491035
111000,213888.4823949025,209856.0,213909.871443142,209876.0,4033.8714431420085,1.8857808739388755
111100,216038.00946785437,212032.0,216059.61346880117,212054.0,4005.613468801166,1.8539390145579304
111200,218209.1385615489,214232.0,218230.95967540506,214254.0,3976.959675405058,1.8223627304395102
111300,220402.0867689949,216432.0,220424.1271776718,216454.0,3970.1271776717913,1.8011309508199569
111400,222617.073364913,218632.0,222639.3352722495,218654.0,3985.3352722495038,1.790040950030742
111500,224854.3198276603,220832.0,224876.80545964307,220854.0,4022.805459643074,1.7888930125188103
111600,227114.04986137687,223032.0,227136.761466363,223054.0,4082.7614663630084,1.797490393014884
111700,229396.48941835345,225232.0,229419.4292672953,225254.0,4165.429267295287,1.815639277195729
111800,231701.866721625,227432.0,231725.03710829717,227454.0,4271.037108297169,1.8431487428357132
111900,234030.41228779097,229632.0,234053.81552901975,229654.0,4399.8155290197465,1.8798307214411656
112000,236382.35895006463,232004.0,236405.99738595964,232028.0,4377.997385959636,1.851897766710232
112100,238757.94188155475,234404.0,238781.8178757429,234428.0,4353.817875742912,1.8233456443524305
112200,241157.39861877976,236804.0,241181.51455864165,236828.0,4353.514558641647,1.8050780411626943
112300,243580.96908542048,239204.0,243605.32738232904,239228.0,4377.3273823290365,1.796893126010743
112400,246028.89561630922,241604.0,246053.49870587085,241628.0,4425.49870587085,1.7985920660128607
112500,248501.42298166148,244004.0,248526.27332395964,244028.0,4498.273323959642,1.8099789868478173
112600,250998.7984115509,246404.0,251023.89849139206,246428.0,4595.898491392058,1.8308609335655173
112700,253521.27162062976,248804.0,253546.62394779184,248828.0,4718.6239477918425,1.8610478318825736
112800,256069.09483309815,251296.0,256094.70194258145,251322.0,4772.701942581451,1.863647278283613
112900,258642.52280792448,253896.0,258668.3872602053,253922.0,4746.387260205287,1.8349313228719748
113000,261241.81286431805,256496.0,261267.9372456045,256522.0,4745.937245604495,1.8165019771037134
113100,263867.22490745963,259096.0,263893.61182995036,259122.0,4771.611829950358,1.8081573846604224
113200,266519.02145448956,261696.0,266545.67355663504,261722.0,4823.67355663504,1.8096986877598358
113300,269197.4676607561,264460.0,269224.3876075222,264488.0,4736.387607522192,1.759271383106252
113400,271902.8313463295,267260.0,271930.0218294641,267288.0,4642.021829464124,1.7070648537568542
113500,274635.38302278146,270060.0,274662.84676108375,270088.0,4574.846761083754,1.665622713458292
113600,277395.39592023304,272860.0,277423.13565982506,272888.0,4535.135659825057,1.6347359238942563
113700,280183.14601467573,275660.0,280211.1645292772,275688.0,4523.164529277186,1.6141985409023896
113800,282998.91205556714,278460.0,283027.2121467727,278488.0,4539.212146772712,1.6038076735952724
113900,285842.9755937023,281260.0,285871.56009126164,281288.0,4583.5600912616355,1.6033634439880553
114000,288715.6210093657,284060.0,288744.49277146667,284088.0,4656.49277146667,1.6126689471276447
114100,291617.1355407697,286860.0,291646.2974543238,286888.0,4758.297454323794,1.6315302117178483
114200,294547.8093127718,289660.0,294577.2642937031,289688.0,4889.264293703076,1.659756161231887
114300,297507.93536588695,292460.0,297537.68635942356,292488.0,5049.686359423562,1.6971585755101875
114400,300497.8096855882,295260.0,300527.85966655676,295288.0,5239.85966655676,1.7435520528348076
114500,303517.7312319027,298060.0,303548.08320502593,298088.0,5460.083205025934,1.798753972476256
114600,306568.0019693047,301000.0,306598.6589695016,301032.0,5566.6589695016155,1.815617520380397
114700,309648.92689690937,304200.0,309679.89198959904,304232.0,5447.89198959904,1.7592010752128568
114800,312760.8140789701,307400.0,312792.09036037803,307432.0,5360.090360378032,1.713627206558355
114900,315903.97467568173,310600.0,315935.5652731493,310632.0,5303.565273149288,1.678685737252775
115000,319078.7229742936,313800.0,319110.63104659104,313832.0,5278.631046591036,1.6541695992009557
115100,322285.3764205366,317000.0,322317.60515817866,317032.0,5285.60515817866,1.6398747923138508
115200,325524.25565036316,320200.0,325556.8082759282,320232.0,5324.808275928197,1.6356003439544458
115300,328795.684522009,323400.0,328828.5642904612,323432.0,5396.564290461189,1.6411482688877024
115400,332099.9901483759,326600.0,332133.2003473908,326632.0,5501.200347390783,1.6563235297274912
115500,335437.5029297397,329800.0,335471.0468800327,329832.0,5639.046880032693,1.6809339978747149
115600,338808.55658678676,333000.0,338842.43764244544,333032.0,5810.4376424454385,1.714790414941103
115700,342213.48819398397,336200.0,342247.70974280336,336232.0,6015.709742803359,1.757706354652927
115800,345652.63821328303,339400.0,345687.2036771044,339432.0,6255.203677104379,1.8094981852285075
115900,349126.3505281626,342904.0,349161.26336321543,342940.0,6221.263363215432,1.7817736432989575
116000,352634.97247801465,346504.0,352670.2361752625,346540.0,6130.236175262486,1.7382346301024427
116100,356178.8548928747,350104.0,356214.47297836404,350140.0,6074.472978364036,1.7052852815256023
116200,359758.35212850093,353704.0,359794.3281637138,353740.0,6054.328163713799,1.6827191786522426
116300,363373.82210180745,357304.0,363410.15968401765,357340.0,6070.15968401765,1.670332961878558
116400,367025.62632665224,360904.0,367062.32908928493,360940.0,6122.329089284933,1.667926290468158
116500,370714.1299499863,364504.0,370751.2015629813,364540.0,6211.201562981296,1.675301802609578
116600,374439.70178836334,368104.0,374477.1459585422,368140.0,6337.1459585421835,1.6922650759690845
116700,378202.71436481865,371704.0,378240.53483625513,371740.0,6500.53483625513,1.7186245887340683
116800,382003.54394611827,375304.0,382041.7445005129,375340.0,6701.7445005128975,1.754191681140724
116900,385842.5705803828,378904.0,385881.1550374408,378940.0,6941.155037440825,1.7987805174801414
117000,389720.17813508713,382792.0,389759.1503529007,382832.0,6927.150352900673,1.7772899870672967
117100,393636.75433544535,386792.0,393676.1182108789,386832.0,6844.118210878922,1.7385149604662482
117200,397592.6908031781,390792.0,397632.45027225843,390832.0,6800.450272258429,1.7102352354799437
117300,401588.38309567224,394792.0,401628.5421339818,394832.0,6796.542133981828,1.6922457995314801
117400,405624.23074553313,398792.0,405664.7933686077,398832.0,6832.793368607701,1.68434468070762
117500,409700.6373005336,402792.0,409741.6075642636,402832.0,6909.607564263628,1.6863329075458682
117600,413818.0103639649,406792.0,413859.3923650013,406832.0,7027.392365001317,1.6980144693209094
117700,417976.76163539424,410792.0,418018.5595115578,410832.0,7186.5595115578035,1.719196276824427
117800,422177.3069518295,414792.0,422219.52488252474,414832.0,7387.52488252474,1.7496881236319402
117900,426420.0663293008,418792.0,426462.70853593375,418832.0,7630.708535933751,1.7893026478517493
118000,430705.46400485694,423052.0,430748.53475125745,423096.0,7652.534751257452,1.7765666354910594
118100,435033.9284789862,427452.0,435077.4320718341,427496.0,7581.432071834104,1.742547765746296
118200,439405.89255846135,431852.0,439449.8333477172,431896.0,7553.833347717184,1.7189296193770929
118300,443821.7933996175,436252.0,443866.17577895743,436296.0,7570.175778957433,1.7055085951688587
118400,448282.07255206234,440652.0,448326.9009593176,440696.0,7630.900959317572,1.7020841138439786
118500,452787.1760028293,445052.0,452832.45492042956,445096.0,7736.454920429562,1.7084585780824808
118600,457337.5542209701,449452.0,457383.2881763922,449496.0,7887.288176392205,1.7244373330383755
118700,461933.662202598,453852.0,461979.8557688183,453896.0,8083.855768818292,1.7498286273468115
118800,466575.9595163838,458252.0,466622.61731233547,458296.0,8326.617312335467,1.7844435746161051
118900,471264.9103495078,462904.0,471312.03704054275,462952.0,8360.037040542753,1.773779658384497
119000,476000.98355407483,467704.0,476048.5838524302,467752.0,8296.583852430223,1.7428019185121812
119100,480784.6526939949,472504.0,480832.73135926435,472552.0,8280.731359264348,1.7221646571055131
119200,485616.3960923352,477304.0,485664.95793194446,477352.0,8312.95793194446,1.7116651708500126
119300,490496.69687914796,482104.0,490545.7467488359,482152.0,8393.746748835896,1.7111037664614743
119400,495426.04303978,486904.0,495475.585844084,486952.0,8523.58584408398,1.7202837208544475
119500,500404.9274636656,491704.0,500454.96815641195,491752.0,8702.968156411953,1.7390112418050632
119600,505433.84799361037,496504.0,505484.39157840976,496552.0,8932.391578409763,1.7670954291027177
119700,510513.307475573,501396.0,510564.35900632053,501448.0,9116.359006320534,1.7855455136083398
119800,515643.813808944,506596.0,515695.37839032494,506648.0,9047.378390324942,1.7544036207121225
119900,520825.87999733066,511796.0,520877.96278533037,511848.0,9029.962785330368,1.7336043047480376
120000,526060.0241998534,516996.0,526112.6304022734,517048.0,9064.630402273382,1.7229448369909754
120100,531346.7697829574,522196.0,531399.9046599357,522248.0,9151.904659935739,1.7222254990415198
120200,536686.6453727423,527632.0,536740.3142372796,527688.0,9052.314237279585,1.6865351823149584
120300,542080.184907822,533232.0,542134.3931263129,533288.0,8846.393126312876,1.6317712431595792
120400,547527.9276927138,538832.0,547582.680685483,538888.0,8694.680685483036,1.587829745564402
120500,553030.4184517635,544432.0,553085.7216936087,544488.0,8597.721693608677,1.5545007503143486
120600,558588.2073836096,550032.0,558644.066404348,550088.0,8556.066404348006,1.53157742449825
120700,564201.8502162041,555632.0,564258.2706012257,555688.0,8570.270601225668,1.5188560004789855
120800,569871.9082623767,561232.0,569928.8956532029,561288.0,8640.895653202897,1.5161357353708929
120900,575598.9484759604,566832.0,575656.508570808,566888.0,8768.508570807986,1.5232188710204475
121000,581383.5435084838,572432.0,581441.6820628346,572488.0,8953.682062834618,1.5399105944845248
121100,587226.2717664274,578032.0,587284.9945936041,578088.0,9196.994593604119,1.5660189989986644
121200,593127.7174690643,583632.0,593187.0304408112,583688.0,9499.030440811184,1.6013550454318313
121300,599088.4707068722,589232.0,599148.3797539428,589288.0,9860.379753942834,1.645732524219172
121400,605109.1275005388,594832.0,605169.6386132889,594888.0,10281.638613288873,1.6989680177691417
121500,611190.2898605586,600528.0,611251.4090895447,600592.0,10659.409089544672,1.7438665876323785
121600,617332.5658474291,606928.0,617394.2993040138,606992.0,10402.299304013839,1.6848712914486432
121700,623536.5696324488,613328.0,623598.9234894121,613392.0,10206.92348941206,1.6367769579039948
121800,629802.9215591309,619728.0,629865.9020512868,619792.0,10073.902051286772,1.5993725042868736
121900,636132.248205231,626128.0,636195.8616300515,626192.0,10003.861630051513,1.5724499691682634
122000,642525.1824453999,632528.0,642589.4351636445,632592.0,9997.435163644492,1.5558044711859451
122100,648982.3635144641,638928.0,649047.2619508156,638992.0,10055.261950815562,1.5492341683397386
122200,655504.4370713443,645328.0,655569.9877150515,645392.0,10177.98771505151,1.5525402177921925
122300,662092.0552636174,651728.0,662158.2646691438,651792.0,10366.264669143828,1.5655267361683494
122400,668745.8767927194,658128.0,668812.7515803986,658192.0,10620.751580398646,1.5880007603476316
122500,675466.5669798155,664528.0,675534.1138365135,664592.0,10942.113836513483,1.619772208744678
122600,682254.7978323225,670928.0,682323.0235121058,670992.0,11331.023512105807,1.6606538430700881
122700,689111.2481111059,677328.0,689180.159435917,677392.0,11788.159435917041,1.7104612305678477
122800,696036.6033983472,684152.0,696106.207258687,684224.0,11882.207258687005,1.7069532112750345
122900,703031.556166098,691352.0,703101.8595217146,691424.0,11677.859521714621,1.6609057938857523
123000,710096.8058455212,698552.0,710167.8157261057,698624.0,11543.815726105706,1.6255053341586339
123100,717233.0588968243,705752.0,717304.7824027139,705824.0,11480.7824027139,1.6005445222681207
123200,724441.0288799022,712952.0,724513.4731827902,713024.0,11489.473182790214,1.5858191197351954
123300,731721.4365256858,720152.0,731794.6088693384,720224.0,11570.608869338408,1.5811279188317082
123400,739075.0098082077,727352.0,739148.9175091885,727424.0,11724.917509188526,1.5862727024886392
123500,746502.484017394,734552.0,746577.1344657957,734624.0,11953.134465795709,1.6010582047022683
123600,754004.6018325866,741752.0,754080.0024927699,741824.0,12256.002492769854,1.6252920714320847
123700,761582.1133968026,748952.0,761658.2718081422,749024.0,12634.271808142192,1.6587848219844055
123800,769235.7763917431,756152.0,769312.7001693823,756224.0,13088.700169382268,1.7013498108767062
123900,776966.3561135551,763744.0,777044.0529491665,763824.0,13220.052949166507,1.7013260572539701
124000,784774.6255493545,771744.0,784853.1032119094,771824.0,13029.103211909416,1.6600690191055503
124100,792661.365454514,779744.0,792740.6317910595,779824.0,12916.63179105951,1.6293641669251426
124200,800627.3644307343,787744.0,800707.4273671773,787824.0,12883.427367177326,1.6090056026505948
124300,808673.4190048978,795744.0,808754.2865467983,795824.0,12930.286546798307,1.598790480852691
124400,816800.3337087126,803744.0,816882.0139420835,803824.0,13058.01394208346,1.5985189683720065
124500,825008.9211591583,811744.0,825091.4222512742,811824.0,13267.422251274227,1.6079942044572308
124600,833300.0021397409,819744.0,833383.3323399548,819824.0,13559.332339954795,1.6270222613983902
124700,841674.4056825629,827744.0,841758.5733231311,827824.0,13934.573323131073,1.655412105649196
124800,850132.9691512197,835744.0,850217.9826481348,835824.0,14393.982648134814,1.6929755594327163
124900,858676.5383245273,844080.0,858762.4061783598,844168.0,14594.406178359757,1.6994696173656894
125000,867305.9674810938,852880.0,867392.6982778419,852968.0,14424.698277841904,1.6629951239480467
125100,876022.1194847386,861680.0,876109.721896687,861768.0,14341.721896687057,1.6369778280326246
125200,884825.8658707691,870480.0,884914.3486573562,870568.0,14346.348657356226,1.6212132483921573
125300,893718.0869331319,879280.0,893807.4589418252,879368.0,14439.4589418252,1.615499937639815
125400,902699.6718124257,888080.0,902789.941979607,888168.0,14621.941979606985,1.6196394420992872
125500,911771.5185848154,896880.0,911862.6959366739,896968.0,14894.695936673903,1.633436262174749
125600,920934.5343518261,905680.0,921026.6280052613,905768.0,15258.6280052613,1.6566978132117736
125700,930189.635331047,914480.0,930282.6544945801,914568.0,15714.654494580114,1.6892343868453445
125800,939537.7469477439,923600.0,939631.7009224388,923696.0,15935.700922438758,1.6959518188663325
125900,948979.8039273963,933200.0,949074.702107789,933296.0,15778.702107788995,1.662535317056314
126000,958516.7503891551,942800.0,958612.602264194,942896.0,15716.60226419405,1.6395155067930716
126100,968149.539940253,952400.0,968246.355094247,952496.0,15750.355094247032,1.6266888082128568
126200,977879.1357713508,962000.0,977976.923884928,962096.0,15880.923884927994,1.6238546633434263
126300,987706.5107528504,971600.0,987805.2816039257,971696.0,16109.281603925745,1.6308154961237578
126400,997632.6475321746,981200.0,997732.4109969278,981296.0,16436.410996927763,1.6473766729202077
126500,1007658.5386320193,990800.0,1007759.3046858825,990896.0,16863.304685882526,1.6733464635326587
126600,1017785.1865495971,1000400.0,1017886.9652682521,1000504.0,17382.96526825207,1.7077500608008074
126700,1028013.6038568801,1010800.0,1028116.4054172658,1010904.0,17212.405417265836,1.6741689293713877
126800,1038344.8133018465,1021200.0,1038448.6479831766,1021304.0,17144.647983176634,1.6509865958681844
126900,1048779.8479107453,1031600.0,1048884.7260955363,1031704.0,17180.726095536258,1.6379994548582428
127000,1059319.7510913792,1042000.0,1059425.6832664881,1042104.0,17321.683266488137,1.635006923098261
127100,1069965.57673747,1052688.0,1070072.5734951436,1052800.0,17272.57349514356,1.614149724324464
127200,1080718.3893340037,1063888.0,1080826.4613729368,1064000.0,16826.461372936843,1.5568143429392696
127300,1091579.264063679,1075088.0,1091688.422190085,1075200.0,16488.422190085053,1.5103597193974898
127400,1102549.2869144212,1086288.0,1102659.5420431127,1086400.0,16259.542043112684,1.4745750091624341
127500,1113629.5547879648,1097488.0,1113740.9179434434,1097600.0,16140.917943443405,1.4492524862288532
127600,1124821.1756095355,1108688.0,1124933.6579270964,1108800.0,16133.657927096356,1.4341875019390637
127700,1136125.2684386354,1119888.0,1136238.881165479,1120000.0,16238.881165479077,1.429178444309378
127800,1147542.9635809336,1131088.0,1147657.7180772915,1131200.0,16457.7180772915,1.434026697861071
127900,1159075.4027012924,1142288.0,1159191.3104415624,1142400.0,16791.31044156244,1.448536603950753
128000,1170723.738937916,1153488.0,1170840.8115118097,1153600.0,17240.811511809705,1.47251542159246
128100,1182489.1370176629,1164688.0,1182607.3861313646,1164800.0,17807.38613136462,1.5057732887680921
128200,1194372.7733724997,1175888.0,1194492.210849837,1176000.0,18492.210849836934,1.5481231842173682
128300,1206375.8362571355,1187088.0,1206496.4740407611,1187200.0,19296.474040761124,1.5993808897040507
128400,1218499.5258678442,1198288.0,1218621.3760204308,1198400.0,20221.37602043082,1.6593649527522976
128500,1230745.0544624599,1210912.0,1230868.129167906,1211040.0,19828.12916790601,1.610906050618945
128600,1243113.6464815966,1223712.0,1243237.9580462447,1223840.0,19397.95804624469,1.5602771714538615
128700,1255606.5386710921,1236512.0,1255732.0995249592,1236640.0,19092.099524959223,1.5203959134421843
128800,1268224.9802056553,1249312.0,1268351.8029036757,1249440.0,18911.802903675707,1.4910534175439616
128900,1280970.2328137779,1262112.0,1281098.330037059,1262240.0,18858.33003705903,1.4720439169188133
129000,1293843.5709039003,1274912.0,1293972.9554609905,1275040.0,18932.955460990546,1.4631646960693623
129100,1306846.2816918362,1287712.0,1306976.9665200054,1287840.0,19136.96652000537,1.4642160504909287
129200,1319979.665329485,1300512.0,1320111.6634960177,1300640.0,19471.66349601769,1.4750012468226654
129300,1333245.0350348265,1313312.0,1333378.35973833,1313440.0,19938.35973832989,1.495326483492856
129400,1346643.7172232438,1326112.0,1346778.381794966,1326240.0,20538.38179496606,1.5250008518545428
129500,1360177.0516401455,1338912.0,1360313.0695453093,1339040.0,21273.069545309292,1.563836297803116
129600,1373846.3914949251,1351712.0,1373983.7763340746,1351840.0,22143.77633407456,1.6116475838715036
129700,1387653.1035962792,1364992.0,1387791.8691066387,1365136.0,22655.86910663871,1.6325120222258502
129800,1401598.568488865,1379392.0,1401738.7285457137,1379536.0,22202.728545713704,1.5839420067068244
129900,1415684.1805913502,1393792.0,1415825.749209409,1393936.0,21889.749209409114,1.5460765014079065
130000,1429911.3483358363,1408192.0,1430054.3396706698,1408336.0,21718.339670669753,1.5187073014072539
130100,1444281.4943086929,1422592.0,1444425.9226581235,1422736.0,21689.92265812354,1.5016292852324598
130200,1458796.055392802,1436992.0,1458941.9351983413,1437136.0,21805.935198341263,1.4946403741130914
130300,1473456.482911233,1451392.0,1473603.828759524,1451536.0,22067.82875952404,1.4975414917387044
130400,1488264.2427723606,1465792.0,1488413.0693966376,1465936.0,22477.069396637613,1.5101365245166256
130500,1503220.8156164465,1480192.0,1503371.137898008,1480336.0,23035.137898008106,1.5322322823235455
130600,1518327.6969636823,1494592.0,1518479.5299333786,1494736.0,23743.529933378566,1.5636384597440232
130700,1533586.397363734,1508992.0,1533739.7562034703,1509136.0,24603.756203470286,1.604167597792013
130800,1548998.4425467837,1523808.0,1549153.3425910382,1523968.0,25185.342591038207,1.6257488460706178
130900,1564565.3735760828,1539808.0,1564721.8303134402,1539968.0,24753.83031344018,1.5819955875787564
131000,1580288.7470020491,1555808.0,1580446.7760767492,1555968.0,24478.7760767492,1.5488516568406394
131100,1596170.1350179068,1571808.0,1596329.7522314084,1571968.0,24361.752231408376,1.5261102662125179
131200,1612211.125616889,1587808.0,1612372.3469294505,1587968.0,24404.34692945052,1.513567692718457
131300,1628413.3227510261,1603808.0,1628576.1642833012,1603968.0,24608.164283301216,1.5110232375364956
131400,1644778.346491525,1619808.0,1644942.824526174,1619968.0,24974.824526173994,1.5182791859873912
131500,1661307.8331907566,1635808.0,1661473.9641740755,1635968.0,25505.964174075518,1.5351407680200768
131600,1678003.435645884,1651808.0,1678171.2361894483,1651968.0,26203.236189448275,1.5614161191885783
131700,1694866.8232641222,1667808.0,1695036.3101464484,1667968.0,27068.310146448435,1.5969162421134082
131800,1711899.682229665,1684112.0,1712070.872397888,1684288.0,27782.872397887986,1.622764153389043
131900,1729103.7156722867,1701712.0,1729276.6262438537,1701888.0,27388.62624385371,1.5838198370462162
132000,1746480.6438376426,1719312.0,1746655.2921020263,1719488.0,27167.292102026287,1.5553894477559789
132100,1764032.204259273,1736912.0,1764208.6076796986,1737088.0,27120.607679698616,1.5372676202599338
132200,1781760.1519323424,1754512.0,1781938.3281475354,1754688.0,27250.328147535445,1.5292520351063046
132300,1799666.259489127,1772112.0,1799846.2263150758,1772288.0,27558.226315075764,1.5311433783705644
132400,1817752.3173762558,1789712.0,1817934.0928079933,1789888.0,28046.092807993293,1.5427453018757742
132500,1836020.1340337424,1807312.0,1836203.7362471456,1807488.0,28715.73624714557,1.563864383907372
132600,1854471.5360758104,1824912.0,1854656.983429418,1825088.0,29568.983429417945,1.5943100904158778
132700,1873108.3684735405,1842784.0,1873295.6795103878,1842976.0,30319.679510387825,1.6185207622062256
132800,1891932.4947393509,1861984.0,1892121.6881888246,1862176.0,29945.68818882457,1.5826512837812858
132900,1910945.7971133245,1881184.0,1911136.8918930357,1881376.0,29760.891893035732,1.5572349641347103
133000,1930150.176751428,1900384.0,1930343.1919691032,1900576.0,29767.19196910318,1.542067342892446
133100,1949547.5539155975,1919584.0,1949742.5088709889,1919776.0,29966.50887098885,1.536946993495113
133200,1969139.8681657538,1938784.0,1969336.7823525702,1938976.0,30360.78235257021,1.5416754830680213
133300,1988929.0785537425,1957984.0,1989127.9716615977,1958176.0,30951.971661597723,1.5560573327890166
133400,2008917.1638192143,1977184.0,2009118.0557355962,1977376.0,31742.055735596223,1.5798999787483639
133500,2029106.1225874887,1996384.0,2029309.0333997475,1996576.0,32733.03339974745,1.6130137332956656
133600,2049497.9735693913,2016816.0,2049702.9235667482,2017024.0,32678.923566748155,1.5943248746448875
133700,2070094.7557631102,2037616.0,2070301.7654386864,2037824.0,32477.765438686358,1.5687454834297783
133800,2090898.5286580767,2058416.0,2091107.6187109423,2058624.0,32483.618710942334,1.5534168791832326
133900,2111911.3724409114,2079216.0,2112122.5637781555,2079424.0,32698.563778155483,1.54813760995311
134000,2133135.388203381,2100224.0,2133348.7019422017,2100448.0,32900.701942201704,1.5422092934103502
134100,2154572.698152517,2122624.0,2154788.1556223324,2122848.0,31940.155622332357,1.4822875065000347
134200,2176225.445822821,2145024.0,2176443.0685674036,2145248.0,31195.068567403592,1.4333050571332917
134300,2198095.7962905965,2167424.0,2198315.6060702256,2167648.0,30667.606070225593,1.3950501914075895
134400,2220185.936390423,2189824.0,2220407.9551840625,2190048.0,30359.955184062477,1.3673142862409609
134500,2242498.0749338367,2212224.0,2242722.32494133,2212448.0,30274.324941330124,1.349891808033886
134600,2265034.4429301815,2234624.0,2265260.9465744747,2234848.0,30412.946574474685,1.342580271843079
134700,2287797.293809693,2257024.0,2288026.0737390737,2257248.0,30778.073739073705,1.345180201061976
134800,2310788.9036488133,2279424.0,2311019.9827391785,2279648.0,31371.982739178464,1.3574950876017198
134900,2334011.5713977846,2301824.0,2334244.9727549246,2302048.0,32196.972754924558,1.3793313525668653
135000,2357467.6191105307,2324224.0,2357703.366072442,2324448.0,33255.36607244192,1.4104983074202442
135100,2381159.392176823,2346624.0,2381397.508316041,2346848.0,34549.50831604097,1.4508081156292123
135200,2405089.2595568146,2369024.0,2405329.7686827704,2369248.0,36081.76868277043,1.5000757547905739
135300,2429259.614017903,2391424.0,2429502.540179305,2391648.0,37854.54017930478,1.5581189792257224
135400,2453672.8723739893,2415936.0,2453918.2398612266,2416192.0,37726.23986122664,1.5373878089499886
135500,2478331.4757271395,2441536.0,2478579.3090747125,2441792.0,36787.30907471245,1.4842094800043197
135600,2503237.8897116734,2467136.0,2503488.2137006447,2467392.0,36096.21370064467,1.4418367741099694
135700,2528394.6047406965,2492736.0,2528647.4444011706,2492992.0,35655.44440117059,1.4100599306604582
135800,2553804.1362551264,2518336.0,2554059.516868752,2518592.0,35467.51686875196,1.3886722934410993
135900,2579469.024975215,2543936.0,2579726.972077713,2544192.0,35534.97207771288,1.3774702696189978
136000,2605391.837154593,2569536.0,2605652.3765383083,2569792.0,35860.37653830834,1.3762532892415211
136100,2631575.164836868,2595136.0,2631838.322553352,2595392.0,36446.32255335199,1.3848237652376976
136200,2658021.6261148173,2620736.0,2658287.428477429,2620992.0,37295.42847742885,1.402987053916526
136300,2684733.8653921657,2646336.0,2685002.338978705,2646592.0,38410.338978705,1.4305514159557546
136400,2711714.553647993,2671936.0,2711985.725303358,2672192.0,39793.72530335793,1.4673279778752035
136500,2738966.388703826,2697536.0,2739240.2855426962,2697792.0,41448.28554269625,1.5131306939903795
136600,2766492.095493379,2723360.0,2766768.7449029284,2723648.0,43120.74490292836,1.5585236381742213
136700,2794294.4263350354,2752160.0,2794573.855977669,2752448.0,42125.85597766889,1.5074160909206442
136800,2822376.1612070445,2780960.0,2822658.3990231655,2781248.0,41410.39902316546,1.4670708661556893
136900,2850740.1080254996,2809760.0,2851025.182236302,2810048.0,40977.18223630218,1.4372788599559223
137000,2879389.1029251018,2838560.0,2879677.0420353943,2838848.0,40829.04203539435,1.4178340640079496
137100,2908326.0105427452,2867360.0,2908616.8433437995,2867648.0,40968.84334379947,1.4085335247079478
137200,2937553.724303957,2896160.0,2937847.4798763874,2896448.0,41399.4798763874,1.4091773027689416
137300,2967075.166712217,2924960.0,2967371.8744288883,2925248.0,42123.87442888832,1.4195684333294303
137400,2996893.2896411745,2953760.0,2997192.9791701385,2954048.0,43144.97917013848,1.4395128865570892
137500,3027011.0746298106,2982560.0,3027313.7759372736,2982848.0,44465.77593727363,1.4688195287423345
137600,3057431.5331805684,3011360.0,3057737.2765338863,3011648.0,46089.276533886325,1.507300083875455
137700,3088157.707060471,3040256.0,3088466.5230311775,3040576.0,47890.523031177465,1.5506246441089893
137800,3119192.668605274,3072256.0,3119504.5880721346,3072576.0,46928.58807213465,1.5043602837313566
137900,3150539.5210266695,3104256.0,3150854.575178772,3104576.0,46278.57517877221,1.468762650721399
138000,3182201.398722573,3136256.0,3182519.6190624456,3136576.0,45943.61906244559,1.4436240640043676
138100,3214181.467590547,3168256.0,3214502.885937306,3168576.0,45926.8859373061,1.4287399192648238
138200,3246482.925344352,3200256.0,3246807.573836887,3200576.0,46231.57383688679,1.42390864828041
138300,3279109.0018336885,3232256.0,3279436.912933872,3232576.0,46860.91293387208,1.4289316787603348
138400,3312062.9593671584,3264256.0,3312394.1658630953,3264576.0,47818.16586309532,1.4436133946829228
138500,3345348.093038463,3296256.0,3345682.628047767,3296576.0,49106.628047767095,1.4677610971253783
138600,3378967.7310558837,3328256.0,3379305.6280289893,3328576.0,50729.628028989304,1.5011849655805716
138700,3412925.2350750617,3360256.0,3413266.5277985693,3360576.0,52690.527798569296,1.5436980197544883
138800,3447224.0005351515,3395328.0,3447568.723135205,3395680.0,51888.723135204986,1.5050816184461029
138900,3481867.4569983166,3430528.0,3482215.6439440167,3430880.0,51335.64394401666,1.4742235746742276
139000,3516859.068492668,3465728.0,3517210.7545995177,3466080.0,51130.75459951768,1.4537301903974078
139100,3552202.3338586194,3500928.0,3552557.5542920055,3501280.0,51277.55429200549,1.4433982703546844
139200,3587900.7870987626,3536128.0,3588259.5773774725,3536480.0,51779.57737747254,1.4430276366827488
139300,3623957.997731205,3571328.0,3624320.3937309785,3571680.0,52640.39373097848,1.4524210889862572
139400,3660377.5711465157,3606528.0,3660743.6091036303,3606880.0,53863.6091036303,1.4713843649055591
139500,3697163.1489682165,3641728.0,3697532.8654831136,3642080.0,55452.865483113565,1.4997261011733614
139600,3734318.409416915,3676928.0,3734691.841457857,3677280.0,57411.84145785682,1.5372577951557524
139700,3771847.067678093,3715136.0,3772224.2525848607,3715520.0,56704.25258486066,1.5032047086279376
139800,3809752.8762735967,3753536.0,3810133.851761224,3753920.0,56213.851761224214,1.475377347576372
139900,3848039.625436843,3791936.0,3848424.4295993866,3792320.0,56104.42959938664,1.4578545226942912
140000,3886711.143491814,3830336.0,3887099.8148061633,3830720.0,56379.81480616331,1.4504339351258668
140100,3925771.297235857,3868736.0,3926163.874565581,3869120.0,57043.87456558086,1.452916291526232
140200,3965223.9923263215,3907136.0,3965620.5149255544,3907520.0,58100.514925554395,1.465105264280314
140300,4005073.1736711017,3945536.0,4005473.681188469,3945920.0,59553.68118846882,1.4868074522162027
140400,4045322.8258230737,3983936.0,4045727.3583056564,3984320.0,61407.35830565635,1.5178323418059898
140500,4085976.9733785293,4024064.0,4086385.571275867,4024480.0,61905.571275867056,1.5149224221770796
140600,4127039.68137959,4065664.0,4127452.3855477283,4066080.0,61372.38554772828,1.4869314001688705
140700,4168515.0557206795,4107264.0,4168931.9074262516,4107680.0,61251.907426251564,1.4692470106585716
140800,4210407.243559058,4148864.0,4210828.284483413,4149280.0,61548.28448341321,1.461666929288331
140900,4252720.433729513,4190464.0,4253145.705972885,4190880.0,62265.70597288478,1.4639918375108154
141000,4295458.857163251,4234944.0,4295888.403248968,4235392.0,60496.4032489676,1.408239636840062
141100,4338626.787310883,4279744.0,4339060.650189614,4280192.0,58868.65018961392,1.3567141585596736
141200,4382228.540569746,4324544.0,4382666.763623803,4324992.0,57674.76362380292,1.3159741941254646
141300,4426268.47671552,4369344.0,4426711.103763191,4369792.0,56919.10376319103,1.285810219573704
141400,4470750.999338147,4414144.0,4471198.074638081,4414592.0,56606.07463808078,1.2660158126110916
141500,4515680.556282173,4458944.0,4516132.1245378,4459392.0,56740.12453780044,1.2563876116358632
141600,4561061.640091467,4503744.0,4561517.746455476,4504192.0,57325.74645547569,1.2567252752665627
141700,4606898.788458451,4548544.0,4607359.478537296,4548992.0,58367.478537295945,1.2668314423737117
141800,4653196.584677827,4593344.0,4653661.904536294,4593792.0,59869.90453629382,1.2865116926077906
141900,4699959.658104852,4638144.0,4700429.654270662,4638592.0,61837.654270661995,1.3155745074171732
142000,4747192.684618242,4682944.0,4747667.404086703,4683392.0,64275.404086703435,1.3538312315512324
142100,4794900.387087714,4727744.0,4795379.877326422,4728192.0,67187.87732642237,1.4010960350419988
142200,4843087.535846233,4772544.0,4843571.844799818,4772992.0,70579.84479981754,1.45718587565897
142300,4891758.949166998,4820096.0,4892248.125261915,4820608.0,71640.12526191492,1.4643600125674234
142400,4940919.493745215,4871296.0,4941413.585894589,4871808.0,69605.58589458931,1.4086168802643946
142500,4990574.085184752,4922496.0,4991073.14279327,4923008.0,68065.14279326983,1.3637376340907912
142600,5040727.6884896085,4973696.0,5041231.761458457,4974208.0,67023.76145845745,1.329511608073085
142700,5091385.318560418,5024896.0,5091894.457292274,5025408.0,66486.45729227364,1.3057312528749716
142800,5142552.040695868,5076096.0,5143066.2960999375,5076608.0,66458.29609993752,1.292192094632998
142900,5194232.9710991755,5127296.0,5194752.394596285,5127808.0,66944.39459628519,1.2886926943028596
143000,5246433.277389682,5178496.0,5246957.920917421,5179008.0,67949.92091742065,1.2950346075110077
143100,5299158.179119556,5229696.0,5299688.095137468,5230208.0,69480.09513746761,1.3110223449039669
143200,5352412.948295693,5280896.0,5352948.189790522,5281408.0,71540.18979052175,1.336463332990364
143300,5406202.9099068865,5332096.0,5406743.530397877,5332608.0,74135.5303978771,1.3711678754701637
143400,5460533.4424562575,5383296.0,5461079.496000503,5383808.0,77271.49600050319,1.4149491150439037
143500,5515409.978499077,5434496.0,5515961.519696927,5435008.0,80953.5196969267,1.4676229956980316
143600,5570838.005185959,5491072.0,5571395.0891864775,5491648.0,79747.08918647747,1.431366613027653
143700,5626823.06481152,5548672.0,5627385.747318001,5549248.0,78137.74731800146,1.3885265881273863
143800,5683370.755368568,5606272.0,5683939.092644105,5606848.0,77091.09264410473,1.3562969515959895
143900,5740486.731107845,5663872.0,5741060.779980956,5664448.0,76612.77998095565,1.334470804561135
144000,5798176.7031034045,5721472.0,5798756.520973714,5722048.0,76708.52097371407,1.322844314919319
144100,5856446.439823667,5779072.0,5857032.084667648,5779648.0,77384.08466764819,1.3212166767913358
144200,5915301.767708209,5836672.0,5915893.29808498,5837248.0,78645.29808497988,1.3293900704807837
144300,5974748.571750357,5894272.0,5975346.046807531,5894848.0,80498.04680753127,1.3471696229298593
144400,6034792.796085627,5951872.0,6035396.275565235,5952448.0,82948.27556523494,1.3743633686665682
144500,6095440.4445861,6009472.0,6096049.988830558,6010048.0,86001.98883055802,1.410782211237351
144600,6156697.581460727,6067072.0,6157313.251418873,6067648.0,89665.25141887274,1.4562398851188956
144700,6218570.3318617195,6129792.0,6219192.189094905,6130432.0,88760.18909490481,1.4271980410983618
144800,6281064.882497001,6193792.0,6281692.98918525,6194432.0,87260.98918525036,1.3891317091663264
144900,6344187.482248812,6257792.0,6344821.901197037,6258432.0,86389.90119703673,1.3615811845047707
145000,6407944.442798556,6321792.0,6408585.237442835,6322432.0,86153.23744283523,1.3443409777789308
145100,6472342.13925789,6385792.0,6472989.373671816,6386432.0,86557.37367181573,1.3372086477366776
145200,6537387.010806199,6449792.0,6538040.74970728,6450432.0,87608.74970727973,1.3399847608964832
145300,6603085.561334442,6513792.0,6603745.870090575,6514432.0,89313.87009057496,1.352472851735434
145400,6669444.360095487,6577792.0,6670111.304731496,6578432.0,91679.30473149568,1.3744793833719424
145500,6736470.042360968,6641792.0,6737143.689565204,6642432.0,94711.68956520408,1.405813708736803
145600,6804169.310084765,6705792.0,6804849.7272157725,6706432.0,98417.7272157725,1.446288032227281
145700,6872548.932573119,6774464.0,6873236.187666376,6775168.0,98068.18766637612,1.4268124212340294
145800,6941615.747161517,6844864.0,6942309.908936232,6845568.0,96741.90893623233,1.3935118167471159
145900,7011376.659898365,6915264.0,7012077.797764354,6915968.0,96109.79776435439,1.3706322225203615
146000,7081838.646235507,6985664.0,7082546.83030013,6986368.0,96178.83030012995,1.3579695638391462
146100,7153008.751725729,7056064.0,7153724.052800901,7056768.0,96956.05280090123,1.3553227953060334
146200,7224894.092727243,7126464.0,7225616.582336515,7127168.0,98448.58233651519,1.362493860761711
146300,7297501.857115251,7196864.0,7298231.607500962,7197568.0,100663.60750096198,1.3792876537037018
146400,7370839.30500068,7267264.0,7371576.389131179,7267968.0,103608.38913117908,1.4055119781969792
146500,7444913.769456111,7337664.0,7445658.261033056,7338368.0,107290.2610330563,1.4409775102701288
146600,7519732.657249032,7412608.0,7520484.630714756,7413376.0,107108.63071475644,1.4242251127980392
146700,7595303.449582435,7489408.0,7596062.980127393,7490176.0,105886.98012739327,1.3939718562683303
146800,7671633.702842879,7566208.0,7672400.866413163,7566976.0,105424.86641316302,1.3740792256394316
146900,7748731.049356057,7643008.0,7749505.9226609925,7643776.0,105729.92266099248,1.3643440461387168
147000,7826603.198149946,7719808.0,7827385.85866976,7720576.0,106809.8586697597,1.3645661603797785
147100,7905257.935725664,7796608.0,7906048.461719236,7797376.0,108672.46171923634,1.3745483884322738
147200,7984703.126836015,7873408.0,7985501.597348698,7874176.0,111325.59734869841,1.3940964883866547
147300,8064946.715271931,7950208.0,8065753.210143458,7950976.0,114777.2101434581,1.4230191174100733
147400,8145996.724656752,8028992.0,8146811.324529218,8029824.0,116987.32452921756,1.4359891234620918
147500,8227861.259248512,8112192.0,8228684.045574436,8113024.0,115660.04557443596,1.4055715948486374
147600,8310548.504750307,8195392.0,8311379.559800781,8196224.0,115155.55980078131,1.385516796245815
147700,8394066.72912879,8278592.0,8394906.136001702,8279424.0,115482.1360017024,1.3756215272789678
147800,8478424.283440879,8361792.0,8479272.126069222,8362624.0,116648.12606922165,1.3756856052607525
147900,8563629.602668783,8449280.0,8564485.965829048,8450176.0,114309.9658290483,1.3346973336768497
148000,8649691.206563434,8538880.0,8650556.17588409,8539776.0,110780.17588409036,1.2806133343532513
148100,8736617.700496404,8628480.0,8737491.362466453,8629376.0,108115.36246645264,1.2373730397134657
148200,8824417.776320318,8718080.0,8825300.218297949,8718976.0,106324.21829794906,1.2047660211887363
148300,8913100.213237982,8807680.0,8913991.523459306,8808576.0,105415.52345930599,1.182584964119382
148400,9002673.878680237,8897280.0,9003574.146268105,8898176.0,105398.14626810513,1.1706256266217527
148500,9093147.72919262,8986880.0,9094057.044165539,8987776.0,106281.04416553862,1.168686798965322
148600,9184530.811330894,9076480.0,9185449.264612027,9077376.0,108073.26461202651,1.176570263453426
148700,9276832.262565667,9166080.0,9277759.945991922,9166976.0,110783.94599192217,1.1940807548031231
148800,9370061.312196031,9255680.0,9370998.31852725,9256576.0,114422.31852724962,1.221025921016623
148900,9464227.282272417,9345280.0,9465173.705200644,9346176.0,118997.70520064421,1.2572162847392951
149000,9559339.58852873,9434880.0,9560295.522687582,9435776.0,124519.5226875823,1.3024652050983616
149100,9655407.741323773,9524480.0,9656373.282297906,9525376.0,130997.28229790553,1.356588840015642
149200,9752441.346592307,9616640.0,9753416.590926966,9617664.0,135752.5909269657,1.3918465356360192
149300,9850450.106805433,9719040.0,9851435.152016113,9720064.0,131371.15201611258,1.3335229841027503
149400,9949443.82194085,9821440.0,9950438.766523045,9822464.0,127974.76652304456,1.2861218437281279
149500,10049432.390462693,9923840.0,10050437.333901739,9924864.0,125573.33390173875,1.2494315394431617
149600,10150425.81031133,10026240.0,10151440.853092361,10027264.0,124176.85309236124,1.2232436251109529
149700,10252434.179903049,10128640.0,10253459.423521038,10129664.0,123795.42352103814,1.20735274220773
149800,10355467.699139817,10231040.0,10356503.24610973,10232064.0,124439.24610972963,1.201556579016894
149900,10459536.670429148,10333440.0,10460582.62429619,10334464.0,126118.62429619022,1.2056558303288172
150000,10564651.499714293,10435840.0,10565707.965064263,10436864.0,128843.96506426297,1.2194541576417621
150100,10670822.697514705,10538240.0,10671889.779984456,10539264.0,132625.77998445556,1.242758149856461
150200,10778060.879977005,10640640.0,10779138.686265001,10641664.0,137474.68626500107,1.2753772844594173
150300,10886376.769936506,10743040.0,10887465.407813499,10744064.0,143401.40781349875,1.317123889188987
150400,10995781.19798939,10845440.0,10996880.776309188,10846464.0,150416.77630918846,1.367813104178
150500,11106285.103575675,10955648.0,11107395.732286032,10956800.0,150595.7322860323,1.3558149535295068
150600,11217899.53607304,11070848.0,11219021.326226648,11072000.0,147021.32622664794,1.3104648075047058
150700,11330635.655901693,11186048.0,11331768.719667282,11187200.0,144568.71966728196,1.2757824770670638
150800,11444504.735640282,11301248.0,11445649.186313845,11302400.0,143249.18631384522,1.2515601691264109
150900,11559518.161153076,11416448.0,11560674.113169191,11417600.0,143074.1131691914,1.2375931694693338
151000,11675687.43272841,11531648.0,11676855.001671683,11532800.0,144055.00167168304,1.2336798020619406
151100,11793024.16622866,11646848.0,11794203.468845282,11648000.0,146203.46884528175,1.2396213888583685
151200,11911540.094251657,11762048.0,11912731.24846108,11763200.0,149531.24846108072,1.2552222101073385
151300,12031247.06730392,11877248.0,12032450.19221065,11878400.0,154050.19221065007,1.2802894651529604
151400,12152157.05498551,11992448.0,12153372.270891009,11993600.0,159772.2708910089,1.3146332337213544
151500,12274282.147186954,12107648.0,12275509.57560167,12108800.0,166709.5756016709,1.35806643769002
151600,12397634.555298092,12230144.0,12398874.31895362,12231424.0,167450.31895362027,1.3505283999664892
151700,12522226.61342908,12358144.0,12523478.836290423,12359424.0,164054.83629042283,1.3099781493224247
151800,12648070.779643748,12486144.0,12649335.586921712,12487424.0,161911.58692171238,1.2800007226396504
151900,12775179.637205236,12614144.0,12776457.155368956,12615424.0,161033.1553689558,1.2603897419347274
152000,12903565.895834219,12742144.0,12904856.252623802,12743424.0,161432.25262380205,1.2509418893447946
152100,13033242.392979791,12870144.0,13034545.71741909,12871424.0,163121.71741908975,1.251456866663925
152200,13164222.095103068,12998144.0,13165538.517512579,12999424.0,166114.51751257852,1.2617373553813676
152300,13296518.098973712,13126144.0,13297847.750983609,13127424.0,170423.7509836089,1.2815889772162798
152400,13430143.632979495,13254144.0,13431486.647542793,13255424.0,176062.6475427933,1.310820255142813
152500,13565112.058449013,13382144.0,13566468.569854857,13383424.0,183044.5698548574,1.3492425748996206
152600,13701436.87098771,13516544.0,13702807.014874808,13517952.0,184855.0148748085,1.3490302729516865
152700,13839131.701827286,13657344.0,13840515.615197469,13658752.0,181763.61519746855,1.3132719925396743
152800,13978210.31918874,13798144.0,13979608.140420659,13799552.0,180056.1404206585,1.287991327167776
152900,14118686.62965902,13938944.0,14120098.498521985,13940352.0,179746.4985219855,1.2729833190667923
153000,14260574.679581577,14079744.0,14262000.737249535,14081152.0,180848.73724953458,1.2680460517520051
153100,14403888.656460874,14220544.0,14405329.04552652,14221952.0,183377.04552651942,1.2729806097936094
153200,14548642.890380986,14361344.0,14550097.754870024,14362752.0,187345.75487002358,1.2875910390864391
153300,14694851.855438521,14502144.0,14696321.340824064,14503552.0,192769.34082406387,1.3116843076136409
153400,14842530.171189835,14642944.0,14844014.424406953,14644352.0,199662.42440695316,1.345070266697279
153500,14991692.604112897,14789888.0,14993191.773573307,14791424.0,201767.77357330732,1.3457292924708604
153600,15142354.069083786,14943488.0,15143868.304690694,14945024.0,198844.30469069444,1.3130350891198914
153700,15294529.630868036,15097088.0,15296059.084031122,15098624.0,197435.0840311218,1.290757854336751
153800,15448234.505627027,15250688.0,15449779.329277588,15252224.0,197555.32927758805,1.27869353385014
153900,15603484.06243937,15404288.0,15605044.411045615,15405824.0,199220.41104561463,1.2766411026975466
154000,15760293.824837744,15557888.0,15761869.854420228,15559424.0,202445.85442022793,1.2844025251449112
154100,15918679.472361084,15711488.0,15920271.34050832,15713024.0,207247.34050831944,1.3017827151035368
154200,16078656.842122393,15865088.0,16080264.708006604,15866624.0,213640.70800660364,1.3285894970387444
154300,16240241.93039231,16019712.0,16241865.954785349,16021376.0,220489.95478534885,1.3575407862566788
154400,16403450.89419859,16186112.0,16405091.23948801,16187776.0,217315.23948800936,1.3246816876270637
154500,16568300.05294165,16352512.0,16569956.883146944,16354176.0,215780.88314694352,1.3022416694783983
154600,16734805.890026374,16518912.0,16736479.370815376,16520576.0,215903.37081537582,1.2900166518405438
154700,16902985.054510273,16685312.0,16904675.353215724,16686976.0,217699.35321572423,1.2878055843545788
154800,17072854.3627683,16857344.0,17074561.648404576,16859136.0,215425.64840457588,1.261676011604696
154900,17244430.800174277,17036544.0,17246155.243454292,17038336.0,207819.24345429242,1.2050178171344559
155000,17417731.522799283,17215744.0,17419473.296151564,17217536.0,201937.29615156353,1.159261779724287
155100,17592773.859127138,17394944.0,17594533.13671305,17396736.0,197797.1367130503,1.1241965625124968
155200,17769575.311787028,17574144.0,17771352.269518208,17575936.0,195416.26951820776,1.0996139548333066
155300,17948153.559303682,17753344.0,17949948.374859612,17755136.0,194812.37485961244,1.0853088309293597
155400,18128526.457865015,17932544.0,18130339.3107108,17934336.0,196003.31071079895,1.0810791091758924
155500,18310712.043107595,18111744.0,18312543.114511907,18113536.0,199007.1145119071,1.086725711811171
155600,18494728.53192007,18290944.0,18496578.004973263,18292736.0,203842.00497326255,1.1020525251668423
155700,18680594.324264616,18470144.0,18682462.38389704,18471936.0,210526.38389704004,1.1268663603920803
155800,18868328.005016852,18649344.0,18870214.838017352,18651136.0,219078.83801735193,1.1609769146664894
155900,19057948.3458241,18828544.0,19059854.140858684,18830336.0,229518.14085868374,1.2041967328945336
156000,19249474.306982398,19007744.0,19251399.254613094,19009536.0,241863.25461309403,1.2563411698769784
156100,19442925.039332353,19186944.0,19444869.332036287,19188736.0,256133.3320362866,1.3172283529532158
156200,19638319.88617403,19390976.0,19640283.718362648,19393024.0,247259.71836264804,1.2589416828610933
156300,19835678.38520116,19595776.0,19837661.95323968,19597824.0,239837.95323967934,1.2090031265025742
156400,20035020.270454675,19800576.0,20037023.77268172,19802624.0,234399.77268172055,1.1698332813344208
156500,20236365.474295955,20005376.0,20238389.111043382,20007424.0,230965.11104338244,1.1412228007680356
156600,20439734.129399873,20210176.0,20441778.10301281,20212224.0,229554.1030128114,1.1229654380162681
156700,20645146.570767842,20414976.0,20647211.08562492,20417024.0,230187.08562491834,1.1148580051335848
156800,20852623.33776122,20619776.0,20854708.600294996,20621824.0,232884.60029499605,1.1167003325651927
156900,21062185.176155016,20824576.0,21064291.394872632,20826624.0,237667.39487263188,1.128295229197616
157000,21273853.04021224,21029376.0,21275980.425716262,21031424.0,244556.4257162623,1.1494484429054426
157100,21487648.09477916,21234176.0,21489796.859788638,21236224.0,253572.8597886376,1.1799686215885972
157200,21703591.71740159,21438976.0,21705762.07677333,21441024.0,264738.07677333057,1.2196672746939332
157300,21921705.500462484,21643776.0,21923897.671212528,21645824.0,278073.6712125279,1.2683587352154828
157400,22142011.25334095,21858304.0,22144225.454666283,21860608.0,283617.454666283,1.2807738760016933
157500,22364531.004592977,22088704.0,22366767.457893435,22091008.0,275759.4578934349,1.2328981307315237
157600,22589287.004154045,22319104.0,22591545.93305446,22321408.0,270137.93305445835,1.1957478866428985
157700,22816301.725564055,22549504.0,22818583.35593661,22551808.0,266775.3559366092,1.1691144527918444
157800,23045597.868214335,22779904.0,23047902.428201158,22782208.0,265694.4282011576,1.152792229266195
157900,23277198.35961747,23010304.0,23279526.079653434,23012608.0,266918.07965343446,1.146578666336012
158000,23511126.357699744,23240704.0,23513477.470535513,23243008.0,270469.470535513,1.1502742241101318
158100,23747405.253116813,23471104.0,23749779.993842125,23473408.0,276371.99384212494,1.1636823326943788
158200,23986058.671592504,23701504.0,23988457.277659662,23703808.0,284649.27765966207,1.1866093528438555
158300,24227110.476281177,23931904.0,24229533.187528804,23934208.0,295325.18752880394,1.2188645371047053
158400,24470584.77015385,24162304.0,24473031.828830864,24164608.0,308423.8288308643,1.2602599914389048
158500,24716505.89840824,24401408.0,24718977.549198084,24403968.0,315009.5491980836,1.274363183392684
158600,24964898.450903114,24657408.0,24967394.940948203,24659968.0,307426.9409482032,1.231313645958323
158700,25215787.264616918,24913408.0,25218308.84354338,24915968.0,302340.8435433805,1.1988942058689576
158800,25469197.42613145,25169408.0,25471744.346074063,25171968.0,299776.34607406333,1.1768975928822385
158900,25725154.2741401,25425408.0,25727726.789767515,25427968.0,299758.7897675149,1.1651196089610825
159000,25983683.401981596,25681408.0,25986281.770521794,25683968.0,302313.7705217935,1.1633590876580537
159100,26244810.66019904,25937408.0,26247435.141465057,25939968.0,307467.1414650567,1.171417854003295
159200,26508562.159124825,26193408.0,26511213.015540738,26195968.0,315245.01554073766,1.1891006848911163
159300,26774964.271491308,26449408.0,26777641.768118456,26451968.0,325673.768118456,1.2162152699578055
159400,27044043.635067914,26705408.0,27046748.03963142,26707968.0,338780.0396314189,1.252572172946658
159500,27315827.155324616,26968320.0,27318558.73824015,26971136.0,347422.7382401489,1.2717462204689123
159600,27590342.00812231,27249920.0,27593101.042523123,27252736.0,340365.0425231233,1.2335150079673691
159700,27867615.642430086,27531520.0,27870402.40419433,27534336.0,336066.40419432893,1.2058182702943427
159800,28147675.78306992,27813120.0,28150490.550848227,27815936.0,334554.550848227,1.1884501630403959
159900,28430550.433488883,28094720.0,28433393.48873223,28097536.0,335857.4887322299,1.1812078950946383
160000,28716267.87855919,28376320.0,28719139.505547047,28379136.0,340003.50554704666,1.1838916882637645
160100,29004856.687406503,28657920.0,29007757.173275243,28660736.0,347021.1732752435,1.1963047373926343
160200,29296345.7162665,28939520.0,29299275.35103813,28942336.0,356939.35103812814,1.218253170979811
160300,29590764.111370325,29221120.0,29593723.18798146,29223936.0,369787.18798146024,1.2495460122828932
160400,29888141.311858866,29509120.0,29891130.12619005,29512192.0,378938.12619005144,1.2677276656663874
160500,30188507.052726462,29816320.0,30191525.903631736,29819392.0,372133.9036317356,1.2325773292133329
160600,30491891.367794048,30123520.0,30494940.55713083,30126592.0,368348.5571308285,1.2079005579327
160700,30798324.592712335,30430720.0,30801404.425371606,30433792.0,367612.4253716059,1.1934924144848333
160800,31107837.367995095,30737920.0,31110948.151931893,30740992.0,369956.1519318931,1.1891510028083794
160900,31420460.642082866,31045120.0,31423602.688347075,31048192.0,375410.68834707513,1.1946774278885914
161000,31736225.67443759,31352320.0,31739399.297205035,31355392.0,384007.29720503464,1.2098757560255726
161100,32055164.038668234,31659520.0,32058369.5552721,31662592.0,395777.55527209863,1.2345529755957654
161200,32377307.625687815,31966720.0,32380545.356650382,31969792.0,410753.3566503823,1.2685189583010557
161300,32702688.64690236,32295680.0,32705958.91596705,32299008.0,406950.91596705094,1.2442714705679445
161400,33031339.637431547,32628480.0,33034642.771595288,32631808.0,402834.77159528807,1.219431293325999
161500,33363293.45936202,32961280.0,33366629.788907953,32964608.0,402021.7889079526,1.204861837864118
161600,33698583.305033505,33294080.0,33701953.16356401,33297408.0,404545.16356401145,1.2003611826313227
161700,34037242.700357385,33632256.0,34040646.42482743,33635840.0,404806.4248274267,1.1891854807204323
161800,34379305.50816888,33990656.0,34382743.4389197,33994240.0,388503.4389197007,1.1299372884827232
161900,34724805.93161335,34349056.0,34728278.41240651,34352640.0,375638.4124065116,1.081649968206649
162000,35073778.517566375,34707456.0,35077285.89561813,34711040.0,366245.89561813325,1.0441112710601272
162100,35426258.16008794,35065856.0,35429800.78610396,35069440.0,360360.7861039564,1.0171120867416639
162200,35782280.10391146,35424256.0,35785858.33212186,35427840.0,358018.3321218565,1.0004464020372388
162300,36141879.94796808,35782656.0,36145494.13616288,35786240.0,359254.1361628771,0.9939112598918662
162400,36505093.64894608,36141056.0,36508744.158510976,36144640.0,364104.15851097554,0.9973067189880181
162500,36871957.524886414,36499456.0,36875644.720838904,36503040.0,372604.7208389044,1.0104358138268443
162600,37242508.25881402,36857856.0,37246232.50983991,36861440.0,384792.5098399073,1.033104515304335
162700,37616782.90240591,37216256.0,37620544.580896154,37219840.0,400704.58089615405,1.065121691778043
162800,37994818.87969583,37574656.0,37998618.3617838,37578240.0,420378.3617838025,1.1062990706172304
162900,38376653.99081645,37933056.0,38380491.65641554,37936640.0,443851.656415537,1.1564512002319398
163000,38762326.41577905,38291456.0,38766202.64862063,38295040.0,471162.6486206278,1.2153954125743927
163100,39151874.71829106,38687744.0,39155789.90596289,38691840.0,463949.9059628919,1.1848819984914636
163200,39545337.84961214,39097344.0,39549292.383597106,39101440.0,447852.38359710574,1.1323903832546205
163300,39942755.152449004,39506944.0,39946749.42816425,39511040.0,435709.42816425115,1.0907256144777988
163400,40344166.364889234,39916544.0,40348200.78172573,39920640.0,427560.781725727,1.0596774414768337
163500,40749611.624374785,40326144.0,40753686.58573723,40330240.0,423446.5857372284,1.0390387256043336
163600,41159131.471715346,40735744.0,41163247.38506252,40739840.0,423407.3850625232,1.02860539913615
163700,41572766.855141975,41145344.0,41576924.13202749,41149440.0,427484.1320274919,1.0281764246677227
163800,41990559.134401724,41554944.0,41994758.19051517,41559040.0,435718.190515168,1.0375537550150205
163900,42412550.08489304,41964544.0,42416791.34010153,41968640.0,448151.34010153264,1.0565422936124897
164000,42838781.90184304,42374144.0,42843065.78023323,42378240.0,464825.7802332267,1.0849498554038732
164100,43269297.20452661,42783744.0,43273624.13444707,42787840.0,485784.134447068,1.1225871282187563
164200,43704139.04052796,43193344.0,43708509.45463202,43197440.0,511069.4546320215,1.1692676346295785
164300,44143350.89004499,43610624.0,44147765.225333996,43615232.0,532533.2253339961,1.2062518286393449
164400,44586976.67023682,44071424.0,44591435.36810385,44076032.0,515403.3681038469,1.1558348903756388
164500,45035060.73961529,44532224.0,45039564.245889254,44536832.0,502732.2458892539,1.1162013982742698
164600,45487647.90248024,44993024.0,45492196.667470485,44997632.0,494564.667470485,1.0871417599056652
164700,45944783.41339948,45453824.0,45949377.891940825,45458432.0,490945.8919408247,1.0684494860743976
164800,46406512.981734134,45914624.0,46411153.63323231,45919232.0,491921.6332323104,1.0599211498161814
164900,46872882.77620885,46375424.0,46877570.06468647,46380032.0,497538.06468646973,1.0613563459025623
165000,47343939.42952835,46836224.0,47348673.8236713,46840832.0,507841.8236713037,1.0725576508489563
165100,47819730.04304033,47297024.0,47824512.016244635,47301632.0,522880.016244635,1.0933305834192881
165200,48300302.19144505,47757824.0,48305132.2218642,47762432.0,542700.2218642011,1.1234835656211295
165300,48785703.927552484,48218624.0,48790582.498145245,48223232.0,567350.498145245,1.1628278841860775
165400,49275983.78708711,48685056.0,49280911.38566583,48690176.0,590735.3856658265,1.1987103506321348
165500,49771190.79354101,49197056.0,49776167.91282036,49202176.0,573991.9128203616,1.1531460473728514
165600,50271374.463075794,49709056.0,50276401.600722104,49714176.0,562225.6007221043,1.1182693725519712
165700,50776584.80947376,50221056.0,50781662.46815471,50226176.0,555486.4681547135,1.0938721600598647
165800,51286872.34913882,50733056.0,51292001.03657374,50738176.0,553825.0365737379,1.0797493281239567
165900,51802288.106147766,51245056.0,51807468.335158385,51250176.0,557292.3351583853,1.075698838540209
166000,52322883.617352016,51757056.0,52328115.905913755,51762176.0,565939.9059137553,1.0815216564099468
166100,52848710.93753092,52269056.0,52853995.80882467,52274176.0,579819.8088246733,1.0970217103772213
166200,53379822.6445968,52781056.0,53385160.62706126,52786176.0,598984.6270612627,1.1220058533599948
166300,53916271.84485227,53293056.0,53921663.47223676,53298176.0,623487.47223676,1.1562838237692386
166400,54458112.1783003,53807104.0,54463557.98971813,53812736.0,650821.9897181317,1.1949678165370627
166500,55005397.82400777,54370304.0,55010898.36399017,54375936.0,634962.3639901727,1.1542483087420647
166600,55558183.50552293,54933504.0,55563739.324073486,54939136.0,624603.324073486,1.1241203915929954
166700,56116524.49634706,55496704.0,56122136.1489967,55502336.0,619800.1489967033,1.1043773304551656
166800,56680476.62546155,56059904.0,56686144.6733241,56065536.0,620608.6733241007,1.0948154560529717
166900,57250096.28291022,56623104.0,57255821.29273851,56628736.0,627085.2927385122,1.0952341239370929
167000,57825440.42543771,57186304.0,57831222.96968026,57191936.0,639286.9696802571,1.1054356744546494
167100,58406566.58218473,57749504.0,58412407.23904295,57755136.0,657271.2390429527,1.1252253932168566
167200,58993532.86044038,58312704.0,58999432.21392643,58318336.0,681096.2139264271,1.1544114720576224
167300,59586397.9514524,58876928.0,59592356.59144755,58883072.0,709284.5914475471,1.190227458716309
167400,60185221.13629579,59491328.0,60191239.65860942,59497472.0,693767.6586094201,1.1526056990092035
167500,60790062.29180022,60105728.0,60796141.298229404,60111872.0,684269.2982294038,1.125514356039126
167600,61400981.89653733,60720128.0,61407121.99492698,60726272.0,680849.9949269816,1.108747605828569
167700,62018041.036867954,61334528.0,62024242.841171645,61340672.0,683570.8411716446,1.1021026776934564
167800,62641301.41305023,61948928.0,62647565.54339153,61955072.0,692493.5433915332,1.105379813860272
167900,63270825.34540899,62563328.0,63277152.42814353,62569472.0,707680.4281435311,1.1183822295846215
168000,63906675.78056733,63177728.0,63913066.44834539,63183872.0,729194.448345393,1.1409160737651802
168100,64548916.297740646,63792128.0,64555371.18957042,63798272.0,757099.1895704195,1.1727903900469503
168200,65197611.1150939,64438272.0,65204130.87640541,64444928.0,759202.8764054105,1.1643478199939223
168300,65852825.09616295,65103872.0,65859410.37887257,65110528.0,748882.3788725734,1.1370924436833583
168400,66514623.7563403,65769472.0,66521275.21891594,65776128.0,745147.2189159393,1.1201637618396856
168500,67183073.26942596,66435072.0,67189791.5769529,66441728.0,748063.5769529045,1.1133589781955826
168600,67858240.47424428,67100672.0,67865026.2984917,67107328.0,757698.2984917015,1.116478309695345
168700,68540192.88132723,67816448.0,68547046.90081537,67823616.0,723430.9008153677,1.0553786538202603
168800,69228998.6796648,68533248.0,69235921.57973278,68540416.0,695505.5797327757,1.0045444096989806
168900,69924726.74352318,69250048.0,69931719.21639754,69257216.0,674503.2163975388,0.9645168515167604
169000,70627446.63933195,69966848.0,70634509.3841959,69974016.0,660493.384195894,0.935085965704571
169100,71337228.63263954,70683648.0,71344362.3557028,70690816.0,653546.3557028025,0.9160448480069181
169200,72054143.69513942,71400448.0,72061349.10970894,71407616.0,653733.109708935,0.9071896623995576
169300,72778263.51176675,72117248.0,72785541.33831793,72124416.0,661125.3383179307,0.9083196005164303
169400,73509660.48786601,72834048.0,73517011.45411481,72841216.0,675795.4541148096,0.919236841579997
169500,74248407.75643077,73550848.0,74255832.59740642,73558016.0,697816.5974064171,0.9397465128292027
169600,74994579.18541668,74267648.0,75002078.64353523,74274816.0,727262.6435352266,0.9696566504399311
169700,75748249.38512723,74984448.0,75755824.21026574,74991616.0,764208.2102657408,1.008778160930077
169800,76509493.71567425,75701248.0,76517144.66524582,75708416.0,808728.6652458161,1.0569247830455724
169900,77278388.2945134,76418048.0,77286116.13354287,76425216.0,860900.1335428655,1.11391305012056
170000,78055010.0040549,77187072.0,78062815.50525531,77195264.0,867551.5052553117,1.1113505189892963
170100,78839436.49935128,78006272.0,78847320.44320121,78014464.0,832856.4432012141,1.0562901041147923
170200,79631746.21586211,78825472.0,79639709.3906837,78833664.0,806045.3906836957,1.0121149321747618
170300,80432018.37729684,79644672.0,80440061.57933457,79652864.0,787197.579334572,0.9786138447422654
170400,81240333.00353625,80463872.0,81248457.03703661,80472064.0,776393.0370366126,0.9555788077091713
170500,82056770.91863418,81283072.0,82064976.59592605,81291264.0,773712.5959260464,0.9428048700186381
170600,82881413.75889863,82102272.0,82889701.90047452,82110464.0,779237.9004745185,0.9400901229083292
170700,83714343.98105496,82921472.0,83722715.41565306,82929664.0,793051.4156530648,0.9472356596604049
170800,84555644.87049101,83740672.0,84564100.43517807,83748864.0,815236.4351780713,0.9640455358512141
170900,85405400.5495843,84559872.0,85413941.08983926,84568064.0,845877.0898392648,0.9903267300938174
171000,86263695.986114,85379072.0,86272322.35591261,85387264.0,885058.3559126109,1.025889105269871
171100,87130617.00175671,86198272.0,87139330.0636569,86206464.0,932866.0636568964,1.0705453702425993
171200,88006250.28066778,87017472.0,88015050.90589584,87025664.0,989386.9058958441,1.1241110420462965
171300,88890683.3781492,87930880.0,88899572.44668701,87940096.0,959476.4466870129,1.079281283678175
171400,89784004.72940406,88852480.0,89792983.130077,88861696.0,931287.1300770044,1.0371491152353318
171500,90686303.65837938,89774080.0,90695372.28894521,89783296.0,912076.288945213,1.0056481008087612
171600,91597670.3866976,90695680.0,91606830.15393628,90704896.0,901934.1539362818,0.9845708583308364
171700,92518196.04267818,91617280.0,92527447.86248244,91626496.0,900951.8624824435,0.9737130800597352
171800,93447972.67044915,92538880.0,93457317.4679162,92548096.0,909221.4679162055,0.9728734919321221
171900,94387093.23915114,93460480.0,94396531.94867505,93469696.0,926835.9486750513,0.9818538134208016
172000,95335651.65223292,94382080.0,95345185.21759814,94391296.0,953889.2175981402,1.0004587178903273
172100,96293742.75684161,95303680.0,96303372.1313173,95312896.0,990476.1313173026,1.0284957934460588
172200,97261462.35330582,96225280.0,97271188.49974115,96234496.0,1036692.4997411519,1.0657755042685746
172300,98238907.20471519,97146880.0,98248731.09563567,97156096.0,1092635.0956356674,1.1121111524301444
172400,99226175.04659565,98158592.0,99236097.66430031,98168832.0,1067265.6643003076,1.0754812910022873
172500,100223364.59668209,99182592.0,100233386.93334176,99192832.0,1040554.9333417565,1.038132068742481
172600,101230575.56478941,100206592.0,101240698.6225459,100216832.0,1023866.622545898,1.011319199172226
172700,102247908.66278253,101230592.0,102258133.45384881,101240832.0,1017301.453848809,0.9948367132164972
172800,103275465.61464645,102254592.0,103285793.16140792,102264832.0,1020961.1614079177,0.988481697393203
172900,104313349.1666577,103278592.0,104323780.50177437,103288832.0,1034948.5017743707,0.9920542533988863
173000,105361663.09765841,104302592.0,105372199.26416817,104312832.0,1059367.264168173,1.0053574581966718
173100,106420512.22943297,105326592.0,106431154.28085591,105336832.0,1094322.280855909,1.0281973245992955
173200,107490002.4371892,106350592.0,107500751.43763293,106360832.0,1139919.4376329333,1.0603827623421431
173300,108570240.66014501,107374592.0,108581097.68441103,107384832.0,1196265.684411034,1.1017255396403878
173400,109661334.91222122,108481536.0,109672301.04591244,108492800.0,1179501.0459124446,1.0754776134574457
173500,110763394.29284228,109607936.0,110774470.63247158,109619200.0,1155270.6324715763,1.0429033204812528
173600,111876528.99784495,110734336.0,111887716.65094474,110745600.0,1142116.6509447396,1.0207703625839397
173700,113000850.33049676,111860736.0,113012150.4157298,111872000.0,1140150.4157298058,1.0088741887802464
173800,114136470.71262555,112987136.0,114147884.35989681,112998400.0,1149484.3598968089,1.007013284865272
173900,115283503.6958605,114113536.0,115295032.0464301,114124800.0,1170232.046430096,1.0149891332341499
174000,116442063.97298644,115239936.0,116453708.17958374,115251200.0,1202508.1795837432,1.0326061732009002
174100,117612267.38941157,116366336.0,117624028.61635052,116377600.0,1246428.6163505167,1.0596717618097762
174200,118794230.95475179,117492736.0,118806110.37804727,117504000.0,1302110.3780472726,1.0959961351347074
174300,119988072.85452972,118700032.0,120000071.66201518,118712320.0,1287751.6620151848,1.073125744159709
174400,121193912.46199273,119928832.0,121206031.85343893,119941120.0,1264911.8534389287,1.0436047068750234
174500,122411870.35004896,121157632.0,122424111.53728397,121169920.0,1254191.537283972,1.0244644796968863
174600,123642068.30332349,122386432.0,123654432.51035383,122398720.0,1255712.5103538334,1.0155014137877265
174700,124884629.33033586,123615232.0,124897117.7934689,123627520.0,1269597.7934688926,1.0165148851299453
174800,126139677.67579941,124844032.0,126152291.643767,124856320.0,1295971.6437669992,1.0273072544941209
174900,127407338.83304505,126072832.0,127420079.56712836,126085120.0,1334959.5671283603,1.0476838279049006
175000,128687739.55656935,127301632.0,128700608.33072501,127313920.0,1386688.3307250142,1.0774528175978844
175100,129981007.87470849,128570368.0,129994005.97569597,128583680.0,1410325.9756959677,1.0849161583339821
175200,131287273.10244042,129901568.0,131300401.82995066,129914880.0,1385521.8299506605,1.0552304567544835
175300,132606665.85431466,131232768.0,132619926.52110009,131246080.0,1373846.521100089,1.0359276747763146
175400,133939318.05751303,132563968.0,133952711.98951878,132577280.0,1375431.9895187765,1.0268041378859116
175500,135285362.9650408,133895168.0,135298891.50153732,133908480.0,1390411.501537323,1.027659196691589
175600,136644935.16905108,135303168.0,136658599.66276798,135317504.0,1341095.6627679765,0.9813474351979271
175700,138018170.61430258,136736768.0,138031972.431564,136751104.0,1280868.4315640032,0.9279505385602278
175800,139405206.61175284,138170368.0,139419147.13261402,138184704.0,1234443.1326140165,0.8854186516001474
175900,140806181.8522882,139603968.0,140820262.4706734,139618304.0,1201958.470673412,0.8535408538410632
176000,142221236.42059118,141037568.0,142235458.54443324,141051904.0,1183554.5444332361,0.8321093463930465
176100,143650511.80914864,142471168.0,143664876.86052954,142485504.0,1179372.860529542,0.8209194107161502
176200,145094150.93239877,143904768.0,145108660.347692,143919104.0,1189556.3476920128,0.8197693678941974
176300,146552298.14102176,145338368.0,146566953.37103587,145352704.0,1214249.371035874,0.8284605384148145
176400,148025099.2363731,146771968.0,148039901.74649674,146786304.0,1253597.746496737,0.8467972024484287
176500,149512701.48506266,148205568.0,149527652.75541118,148219904.0,1307748.7554111779,0.8745865606212109
176600,151015253.6336802,149639168.0,151030355.15924355,149653504.0,1376851.1592435539,0.9116386952754154
176700,152532905.92366824,151072768.0,152548159.2144606,151087104.0,1461055.2144606113,0.9577665322113651
176800,154065810.10634524,152506368.0,154081216.68755588,152520704.0,1560512.6875558794,1.0127858029056644
176900,155614119.45807874,153997312.0,155629680.87022457,154013696.0,1615984.8702245653,1.038352620906607
177000,157177988.79561242,155635712.0,157193706.594692,155652096.0,1541610.5946919918,0.9807075792588046
177100,158757574.49154583,157274112.0,158773450.24919498,157290496.0,1482954.2491949797,0.9340064392802969
177200,160353034.48997015,158912512.0,160369069.79361916,158928896.0,1440173.793619156,0.898037131145384
177300,161964528.32226124,160550912.0,161980724.77529347,160567296.0,1413428.7752934694,0.872590721676445
177400,163592217.12303153,162189312.0,163608576.34494382,162205696.0,1402880.3449438214,0.8574613729209778
177500,165236263.64624202,163827712.0,165252787.27280664,163844096.0,1408691.2728066444,0.8524463012421777
177600,166896832.2814757,165466112.0,166913521.96490383,165482496.0,1431025.9649038315,0.8573457369168251
177700,168574089.07037544,167104512.0,168590946.47948247,167120896.0,1470050.479482472,0.8719628842355288
177800,170268201.72324663,168742912.0,170285228.54361895,168759296.0,1525932.5436189473,0.8961038820980741
177900,171979339.63582644,170381312.0,171996537.56999,170397696.0,1598841.569990009,0.9295777650985546
178000,173707673.90622205,172019712.0,173725044.67381266,172036096.0,1688948.6738126576,0.972196425094516
178100,175453377.3520186,173658112.0,175470922.6899538,173674496.0,1796426.689953804,1.0237745732539276
178200,177216624.52755976,175437824.0,177234346.19021252,175456256.0,1778090.190212518,1.003242446192808
178300,178997591.74140128,177281024.0,179015491.50077543,177299456.0,1716035.5007754266,0.958596089304368
178400,180796457.0739405,179124224.0,180814536.7198479,179142656.0,1671880.7198478878,0.9246384445506625
178500,182613400.39522246,180967424.0,182631661.73546198,180985856.0,1645805.73546198,0.9011612333933062
178600,184448603.38292494,182810624.0,184467048.24346325,182829056.0,1637992.243463248,0.887959263760427
178700,186302249.54052585,184653824.0,186320879.7656799,184672256.0,1648623.7656798959,0.884830389247427
178800,188174524.21565023,186497024.0,188193341.6682718,186515456.0,1677885.6682718098,0.891575468822599
178900,190065614.61860484,188340224.0,190084621.1802667,188358656.0,1725965.1802667081,0.9079983270345103
179000,191975709.84109628,190183424.0,191994907.41228038,190201856.0,1793051.4122803807,0.9339057147125631
179100,193905000.8751389,192026624.0,193924391.3754264,192045056.0,1879335.3754264116,0.9691072701567112
179200,195853680.6321523,193869824.0,195873266.0004155,193888256.0,1985010.000415504,1.0134154808095626
179300,197821943.96225104,195846144.0,197841726.15684727,195866624.0,1975102.1568472683,0.9983243652460977
179400,199809987.67372704,197894144.0,199829968.6726944,197914624.0,1915344.6726944149,0.9584872006018261
179500,201818010.55272928,199942144.0,201838192.35398456,199962624.0,1875568.3539845645,0.9292435351854448
179600,203846213.38314018,201990144.0,203866598.0046785,202010624.0,1855974.0046784878,0.9103865090424943
179700,205894798.96665266,204038144.0,205915388.44674933,204058624.0,1856764.4467493296,0.9017123298822795
179800,207963972.14304766,206086144.0,207984768.54046196,206106624.0,1878144.5404619575,0.9030202325111983
179900,210053939.8106772,208134144.0,210074945.20485827,208154624.0,1920321.2048582733,0.9141124387706675
180000,212164910.94715133,210182144.0,212186127.43844604,210202624.0,1983503.438446045,0.9347941179714719
180100,214297096.63023487,212230144.0,214318526.3400979,212250624.0,2067902.3400979042,0.9648733478207994
180200,216450710.05895272,214278144.0,216472355.1301586,214298624.0,2173731.130158603,1.0041610758341872
180300,218625966.5749079,216444928.0,218647829.1717654,216467456.0,2180373.171765387,0.9972077838708059
180400,220823083.68381363,218697728.0,220845165.99238202,218720256.0,2124909.9923820198,0.962171837827466
180500,223042281.07724243,220950528.0,223064585.30555016,220973056.0,2091529.305550158,0.9376339604447815
180600,225283780.65459254,223203328.0,225306309.032858,223225856.0,2080453.032858014,0.9233887154729461
180700,227547806.54527634,225456128.0,227570561.32613087,225478656.0,2091905.326130867,0.9192337154422017
180800,229834585.13113093,227708928.0,229857568.58984405,227731456.0,2126112.589844048,0.9249695813314138
180900,232144345.06905463,229961728.0,232167559.50376153,229984256.0,2183303.50376153,0.9403999027375556
181000,234477317.31387007,232214528.0,234500765.04580146,232237056.0,2263709.0458014607,0.9653311985397255
181100,236833735.14141813,234467328.0,236857418.51513228,234489856.0,2367562.515132278,0.9995728780523799
181200,239213834.17188266,236834816.0,239237755.55549985,236859392.0,2378363.5554998517,0.9941422289209297
181300,241617852.39335087,239292416.0,241642014.1787902,239316992.0,2325022.1787902117,0.962176294835026
181400,244046030.18560994,241750016.0,244070434.7888285,241774592.0,2295842.788828492,0.9406476416592088
181500,246498610.34418252,244207616.0,246523260.20541695,244232192.0,2291068.2054169476,0.9293517388614371
181600,248975838.10460475,246665216.0,249000735.6886152,246689792.0,2310943.688615203,0.9280870926843867
181700,251477961.16694614,249122816.0,251503108.96326283,249147392.0,2355716.963262826,0.9366552059628522
181800,254005229.72057873,251580416.0,254030630.24375078,251604992.0,2425638.243750781,0.954860538441093
181900,256557896.46919337,254038016.0,256583552.2590403,254062592.0,2520960.259040296,0.9825104675825822
182000,259136216.6560673,256528384.0,259162130.2779329,256555008.0,2607122.277932912,1.0059811883537766
182100,261740448.0895867,259190784.0,261766622.13459566,259217408.0,2549214.1345956624,0.9738499560440148
182200,264370851.16902465,261853184.0,264397288.25434154,261879808.0,2517480.2543415427,0.9521581219546431
182300,267027688.91057882,264515584.0,267054391.6796699,264542208.0,2512183.679669887,0.9407011297845406
182400,269711226.97366977,267177984.0,269738198.0965671,267204608.0,2533590.0965670943,0.9392774603098895
182500,272421733.6875063,269946880.0,272448975.86107504,269975552.0,2473423.8610750437,0.907848470803675
182600,275159480.07791764,272814080.0,275186996.0261254,272842752.0,2344244.0261253715,0.8518731117304745
182700,277924739.8944485,275681280.0,277952532.3686379,275709952.0,2242580.3686379194,0.8068213480651689
182800,280717789.6377349,278548480.0,280745861.4168986,278577152.0,2168709.416898608,0.7724813487733464
182900,283538908.5871496,281415680.0,283567262.4782083,281444352.0,2122910.4782083035,0.7486444167268589
183000,286388378.8287296,284282880.0,286417017.6668125,284311552.0,2105465.6668124795,0.7351049473120893
183100,289266485.2833812,287150080.0,289295411.93210953,287178752.0,2116659.9321095347,0.731660387550931
183200,292173515.7353694,290017280.0,292202733.0871429,290045952.0,2156781.0871428847,0.7381111957291903
183300,295109760.86109406,292884480.0,295139271.8373801,292913152.0,2226119.837380111,0.7542608015265042
183400,298075514.25815415,295751680.0,298105321.80977994,295780352.0,2324969.809779942,0.7799155666410739
183500,301071072.4747054,298618880.0,301101179.58215284,298647552.0,2453627.5821528435,0.8148847459042892
183600,304096735.0391124,301486080.0,304127144.7128163,301514752.0,2612392.712816298,0.8589804488787576
183700,307152804.4898987,304353280.0,307183519.7705476,304381952.0,2801567.7705476284,0.912017601933943
183800,310239586.4059976,307240960.0,310270610.3648381,307273728.0,2996882.3648381233,0.9658930832392334
183900,313357389.43730783,310517760.0,313388725.17645156,310550528.0,2838197.176451564,0.9056475068953215
184000,316506525.33555514,313794560.0,316538175.98828864,313827328.0,2710847.988288641,0.8564047542843419
184100,319687308.9854643,317071360.0,319719277.7165628,317104128.0,2615149.7165628076,0.8179518405146614
184200,322900058.43624556,320348160.0,322932348.4422892,320380928.0,2551420.4422891736,0.7900789297189702
184300,326145094.9333967,323624960.0,326177709.44309,323657728.0,2519981.4430900216,0.7725792934755085
184400,329422742.9508226,326901760.0,329455685.22531766,326934528.0,2521157.225317657,0.7652492697442496
184500,332733330.22328335,330178560.0,332766603.5565056,330211328.0,2555275.5565056205,0.7678882223142686
184600,336077187.77916145,333455360.0,336110795.4981393,333488128.0,2622667.498139322,0.7802985007525117
184700,339454649.9735623,336732160.0,339488595.4387596,336764928.0,2723667.438759625,0.8022854008511009
184800,342866054.5217483,340008960.0,342900341.12740046,340041728.0,2858613.127400458,0.8336571255665141
184900,346311742.5329057,343285760.0,346346373.70735896,343318528.0,3027845.7073589563,0.8742247464433673
185000,349792058.54425323,346562560.0,349827037.7503076,346595328.0,3231709.7503076196,0.9238021655188022
185100,353307350.5554909,350027776.0,353342681.29074645,350064640.0,3278041.2907464504,0.9277229908291573
185200,356857970.06359947,353714176.0,356893655.8608058,353751040.0,3142615.8608058095,0.8805468545598019
185300,360444272.09798497,357400576.0,360480316.52539474,357437440.0,3042876.5253947377,0.8441172474337795
185400,364066615.25597876,361086976.0,364103021.91770434,361123840.0,2979181.917704344,0.8182249908317727
185500,367725361.73869485,364773376.0,367762134.2750687,364810240.0,2951894.2750687003,0.8026640047887103
185600,371420877.38724566,368459776.0,371458019.4751843,368496640.0,2961379.4751843214,0.7972312670401667
185700,375153531.7193235,372146176.0,375191047.07269543,372183040.0,3008007.072695434,0.8017267725774425
185800,378923697.9661482,375832576.0,378961590.3361448,375869440.0,3092150.336144805,0.8159534937042088
185900,382731753.10978734,379518976.0,382770026.2852983,379555840.0,3214186.285298288,0.8397173405899313
186000,386578077.92085105,383205376.0,386616735.7288431,383242240.0,3374495.728843093,0.8728271223131489
186100,390463056.99656546,386891776.0,390502103.3024651,386928640.0,3573463.302465081,0.915094508389175
186200,394387078.79922867,390750208.0,394426517.50730854,390791168.0,3635349.5073085427,0.9216797922926623
186300,398350535.69505364,394846208.0,398390370.7488231,394887168.0,3503202.7488231063,0.8793392125011482
186400,402353823.99340165,398942208.0,402394059.37600094,398983168.0,3410891.376000941,0.847649535703948
186500,406397343.9864086,403038208.0,406437983.7210072,403079168.0,3358815.721007228,0.8264030074789547
186600,410481499.9890108,407134208.0,410522548.1392097,407175168.0,3347380.1392096877,0.8153949531840523
186700,414606700.37937355,411230208.0,414648161.04961145,411271168.0,3376993.0496114492,0.8144237372386179
186800,418773357.6397249,415326208.0,418815234.9756889,415367168.0,3448066.9756888747,0.8232907229100741
186900,422981888.3976,419422208.0,423024186.5866397,419463168.0,3561018.5866397023,0.84180023259979
187000,427232713.4674988,423518208.0,427275436.7390455,423559168.0,3716268.7390455008,0.8697595086223451
187100,431526257.8929661,427614208.0,431569410.51895535,427655168.0,3914242.51895535,0.9069786744729047
187200,435862950.98909,431853568.0,435906537.2843889,431898624.0,4007913.2843889,0.9194432617040806
187300,440243226.38543063,436359168.0,440287250.7082691,436404224.0,3883026.7082691193,0.88193030845719
187400,444667522.069378,440864768.0,444711988.8217849,440909824.0,3802164.8217849135,0.8549724130123695
187500,449136280.429948,445370368.0,449181194.05819094,445415424.0,3765770.058190942,0.8383632502884995
187600,453649948.3020163,449875968.0,453695313.2970465,449921024.0,3774289.2970464826,0.8318995560298756
187700,458208977.0109985,454381568.0,458254797.90889955,454426624.0,3828173.9088995457,0.8353810863231991
187800,462813822.4179777,458887168.0,462860103.80041945,458932224.0,3927879.80041945,0.848610577617014
187900,467464944.96528715,463392768.0,467511691.45998365,463437824.0,4073867.459983647,0.8713937072378749
188000,472162809.72254956,467898368.0,472210026.0037218,467943424.0,4266602.003721774,0.9035390543969827
188100,476907886.4331804,472539136.0,476955577.22202367,472588288.0,4367289.222023666,0.9156595353094457
188200,481700649.5613578,477454336.0,481748819.6265139,477503488.0,4245331.626513898,0.8812334257103489
188300,486541578.3394648,482369536.0,486590232.4974987,482418688.0,4171544.497498691,0.8573013223236319
188400,491431156.8160073,487284736.0,491480299.9318889,487333888.0,4146411.9318888783,0.8436578093696743
188500,496369873.9040155,492199936.0,496419510.89160585,492249088.0,4170422.891605854,0.840100519843684
188600,501358223.42993087,497115136.0,501408359.25247383,497164288.0,4244071.252473831,0.846430095182521
188700,506396704.18298274,502030336.0,506447343.85360104,502079488.0,4367855.853601038,0.8624501454318333
188800,511485819.9650643,506945536.0,511536968.54726076,506994688.0,4542280.547260761,0.8879672099087207
188900,516626079.6411072,511860736.0,516677742.2492713,511909888.0,4767854.249271274,0.9227907183528377
189000,521817997.1899638,517156864.0,521870178.98988277,517210112.0,4660066.989882767,0.8929552171198327
189100,527062091.7558005,522481664.0,527114797.96517605,522534912.0,4579885.965176046,0.8688593040559291
189200,532358887.7000067,527806464.0,532412123.5889767,527859712.0,4552411.588976681,0.8550540807164551
189300,537708914.6536285,533131264.0,537762685.5452938,533184512.0,4578173.545293808,0.8513371545389987
189400,543112707.570327,538574848.0,543167018.8412842,538632192.0,4534826.841284156,0.8348862659146934
189500,548570806.7798584,544309248.0,548625663.8607364,544366592.0,4259071.86073637,0.7763165563136136
189600,554083758.0421147,550043648.0,554139166.418119,550100992.0,4038174.4181189537,0.7287292909146217
189700,559652112.601691,555778048.0,559708077.8131512,555835392.0,3872685.8131512403,0.691911724462206
189800,565276427.2430044,561512448.0,565332954.8859288,561569792.0,3763162.88592875,0.6656542579740589
189900,570957264.3459668,567246848.0,571014360.0726014,567304192.0,3710168.0726014376,0.6497503971931125
190000,576695191.9422191,572981248.0,576752861.4616134,573038592.0,3714269.4616134167,0.6439967115552188
190100,582490783.7719271,578715648.0,582549032.8505043,578772992.0,3776040.850504279,0.6481927936653703
190200,588344619.341152,584450048.0,588403453.8032861,584507392.0,3896061.8032860756,0.6621412192778527
190300,594257283.9797947,590184448.0,594316709.7083927,590241792.0,4074917.7083927393,0.6856475077727728
190400,600229368.9001245,595918848.0,600289391.8372146,595976192.0,4313199.837214589,0.7185200831242133
190500,606261471.255894,601653248.0,606322097.4032196,601710592.0,4611505.403219581,0.7605702353534399
190600,612354194.2020484,607387648.0,612415429.6216687,607444992.0,4970437.621668696,0.8116120824616191
190700,618508146.9550365,613122048.0,618569997.769932,613179392.0,5390605.769932032,0.8714625328364192
190800,624723944.8537278,619528192.0,624786417.2484132,619593728.0,5192689.248413205,0.8311142984321004
190900,631002209.4209385,626081792.0,631065309.6420807,626147328.0,4917981.642080665,0.7793142115306546
191000,637343568.4255797,632635392.0,637407302.7826222,632700928.0,4706374.782622218,0.7383622311944633
191100,643748655.9454267,639188992.0,643813030.8112212,639254528.0,4558502.811221242,0.70804761523348
191200,650218112.4305238,645742592.0,650283134.2419668,645808128.0,4475006.241966844,0.6881627411701743
191300,656752584.767221,652296192.0,656818260.0258977,652361728.0,4456532.025897741,0.6785030650216735
191400,663352726.3428572,658849792.0,663419061.6156915,658915328.0,4503733.615691543,0.678867080593546
191500,670019197.1110936,665403392.0,670086199.0310048,665468928.0,4617271.0310047865,0.6890562792789507
191600,676752663.6579022,671956992.0,676820338.924468,672022528.0,4797810.9244680405,0.7088751103567926
191700,683553799.2682198,678510592.0,683622154.6483467,678576128.0,5046026.6483466625,0.7381309417835243
191800,690423283.9932693,685064192.0,690492326.3218687,685129728.0,5362598.321868658,0.7766340214719369
191900,697361804.7185584,691617792.0,697431540.8992304,691683328.0,5748212.899230361,0.8241974390517135
192000,704370055.2325604,698359808.0,704440492.2382836,698433536.0,6006956.238283634,0.8527272785238649
192100,711448736.2960904,705732608.0,711519881.16992,705806336.0,5713545.169919968,0.8030056954312286
192200,718598555.7123718,713105408.0,718670415.5681431,713179136.0,5491279.568143129,0.7640887184429336
192300,725820228.3978122,720478208.0,725892810.4208521,720551936.0,5340874.420852065,0.7357662652362651
192400,733114476.4534869,727851008.0,733187787.9013323,727924736.0,5263051.901332259,0.7178313643762608
192500,740482029.2373424,735223808.0,740556077.4404662,735297536.0,5258541.440466166,0.7100801142083536
192600,747923623.4371274,742596608.0,747998415.799671,742670336.0,5328079.799671054,0.712311642261288
192700,755440003.1440523,749969408.0,755515547.1445667,750043136.0,5472411.144566655,0.7243280651535711
192800,763031919.9271935,757342208.0,763108223.1193863,757415936.0,5692287.119386315,0.7459344489983004
192900,770700132.9086416,764715008.0,770777202.9221325,764788736.0,5988466.922132492,0.7769387702995512
193000,778445408.8394098,772087808.0,778523253.3804938,772161536.0,6361717.38049376,0.8171518773357112
193100,786268522.1760987,779616256.0,786347149.0285163,779698176.0,6648973.028516293,0.8455518706630641
193200,794170255.1583358,787808256.0,794249672.1840516,787890176.0,6359496.184051633,0.8006923272079043
193300,802151397.8869923,796000256.0,802231613.0269811,796082176.0,6149437.026981115,0.7665413487980177
193400,810212748.403187,804192256.0,810293769.6782274,804274176.0,6019593.678227425,0.7428902829424249
193500,818355112.7680814,812384256.0,818436948.2795583,812466176.0,5970772.279558301,0.72953356909283
193600,826579305.1434798,820576256.0,826661963.0741942,820658176.0,6003787.074194193,0.7262686977718538
193700,834886147.8732382,828768256.0,834969636.4882256,828850176.0,6119460.488225579,0.7328961702084449
193800,843276471.5654899,836960256.0,843360799.2128465,837042176.0,6318623.212846518,0.7492194584742408
193900,851751115.175698,845152256.0,851836290.2874156,845234176.0,6602114.287415624,0.7750449661152642
194000,860310926.0905464,853344256.0,860396957.1833555,853426176.0,6970781.183355451,0.8101819892733463
194100,868956760.2126677,861634560.0,869043655.888889,861724672.0,7318983.888888955,0.8421882881594523
194200,877689482.0462278,870645760.0,877777250.9946325,870735872.0,7041378.9946324825,0.8021828985262162
194300,886509964.7833661,879656960.0,886598615.7800444,879747072.0,6851543.780044436,0.772789812447015
194400,895419090.3915087,888668160.0,895508632.3007479,888758272.0,6750360.300747871,0.7538018124297464
194500,904417749.7015557,897679360.0,904508191.4767259,897769472.0,6738719.476725936,0.7450147538989238
194600,913506842.4969579,906690560.0,913598193.1814076,906780672.0,6817521.181407571,0.7462275245605545
194700,922687277.6036845,915701760.0,922779546.3316449,915791872.0,6987674.331644893,0.7572420042710329
194800,931959972.9810985,924712960.0,932053168.9785967,924803072.0,7250096.978596687,0.777863025404635
194900,941325855.8137462,933724160.0,941419988.3995277,933814272.0,7605716.399527669,0.8078983337137188
195000,950785862.6040645,942817280.0,950880941.1905249,942915584.0,7965357.190524936,0.8376818637832959
195100,960340939.2660213,952647680.0,960436973.3601478,952745984.0,7690989.360147834,0.8007802254051544
195200,969992041.219702,962478080.0,970089040.424024,962576384.0,7512656.424023986,0.7744295740873661
195300,979740133.4868411,972308480.0,979838107.5003898,972406784.0,7431323.500389814,0.7584236052369353
195400,989586190.7873154,982138880.0,989685149.4065942,982237184.0,7447965.406594157,0.752559075081594
195500,999531197.6366066,991969280.0,999631150.7565702,992067584.0,7563566.75657022,0.7566357601847181
195600,1009576148.4442439,1001799680.0,1009677106.0592884,1001897984.0,7779122.0592883825,0.7704564174629895
195700,1019722047.613238,1011630080.0,1019824019.8181993,1011728384.0,8095635.818199277,0.7938267447007631
195800,1029969909.6405083,1021460480.0,1030072906.6316724,1021558784.0,8514122.631672382,0.826555341554752
195900,1040320759.218327,1031864320.0,1040424791.2944489,1031970816.0,8453975.294448853,0.8125503510860025
196000,1050775631.3367771,1042513920.0,1050880708.9001108,1042620416.0,8260292.900110841,0.7860352588217512
196100,1061335571.3872429,1053163520.0,1061441704.9445816,1053270016.0,8171688.944581628,0.7698669560951795
196200,1072001635.2669367,1063813120.0,1072108835.4306633,1063919616.0,8189219.430663347,0.7638421734836053
196300,1082774889.484482,1074511872.0,1082883166.9736304,1074626560.0,8256606.973630428,0.7624651694148541
196400,1093656411.2665539,1085980672.0,1093765776.9078805,1086095360.0,7670416.907880545,0.7012851443903391
196500,1104647288.6655922,1097449472.0,1104757753.3946588,1097564160.0,7193593.394658804,0.6511466765048352
196600,1115748620.6685948,1108918272.0,1115860195.5308616,1109032960.0,6827235.530861616,0.6118361026054534
196700,1126961517.3070097,1120387072.0,1127074213.4589405,1120501760.0,6572453.458940506,0.5831429182262932
196800,1138287099.7677228,1131855872.0,1138400928.4778996,1131970560.0,6430368.477899551,0.5648597358838493
196900,1149726500.5051713,1143324672.0,1149841473.1554217,1143439360.0,6402113.155421734,0.5567822438907953
197000,1161280863.3545752,1154793472.0,1161396991.4411106,1154908160.0,6488831.441110611,0.5587091656797728
197100,1172951343.646313,1166262272.0,1173068638.7808776,1166376960.0,6691678.78087759,0.5704422196327726
197200,1184739108.321445,1177731072.0,1184857582.2324772,1177845760.0,7011822.232477188,0.5917860794092822
197300,1196645336.0483923,1189199872.0,1196765000.5821972,1189314560.0,7450440.582197189,0.6225483347668699
197400,1208671217.3407955,1200668672.0,1208792084.4627297,1200783360.0,8008724.462729692,0.6625394528695413
197500,1220817954.6765585,1212137472.0,1220940036.4722261,1212252160.0,8687876.472226143,0.7115727400772949
197600,1233086762.618075,1223606272.0,1233210071.2945368,1223720960.0,9489111.294536829,0.7694643042102169
197700,1245478867.9336867,1236041728.0,1245603415.8206801,1236172800.0,9430615.820680141,0.7571122317825912
197800,1257995509.7203398,1249148928.0,1258121309.2715118,1249280000.0,8841309.271511793,0.7027390130313558
197900,1270637939.5274878,1262256128.0,1270765003.3216405,1262387200.0,8377803.3216404915,0.6592724303661048
198000,1283407421.4822295,1275363328.0,1283535762.2245777,1275494400.0,8041362.224577665,0.6265008316278362
198100,1296305232.415717,1288470528.0,1296434862.9391584,1288601600.0,7833262.93915844,0.6042156966837179
198200,1309332661.9908235,1301577728.0,1309463595.2572227,1301708800.0,7754795.257222652,0.5922115960542874
198300,1322491012.8310997,1314684928.0,1322623261.9325829,1314816000.0,7807261.932582855,0.59028615005418
198400,1335781600.651021,1327792128.0,1335915178.8112862,1327923200.0,7991978.811286211,0.5982399884398029
198500,1349205754.3875473,1340899328.0,1349340674.963186,1341030400.0,8310274.963186026,0.6158767105581217
198600,1362764816.3330076,1354006528.0,1362901092.8148408,1354137600.0,8763492.814840794,0.6430028459909212
198700,1376460142.2693152,1367113728.0,1376597788.2837422,1367244800.0,9352988.28374219,0.679427815687756
198800,1390293101.6035361,1380220928.0,1390432130.9138966,1380352000.0,10080130.91389656,0.7249638935825757
198900,1404265077.5048096,1393328128.0,1404405504.0127602,1393475584.0,10929920.012760162,0.778259554062589
199000,1418377467.0426617,1408073728.0,1418519304.789566,1408221184.0,10298120.78956604,0.7259767811967665
199100,1432631681.326692,1422819328.0,1432774944.4950247,1422966784.0,9808160.495024681,0.6845569524166634
199200,1447029145.6476758,1437564928.0,1447173848.5624406,1437712384.0,9461464.562440634,0.6537890780599193
199300,1461571299.6200814,1452310528.0,1461717456.7502434,1452457984.0,9259472.750243425,0.6334652916323176
199400,1476259597.3260114,1467056128.0,1476407223.285944,1467203584.0,9203639.285943985,0.6233808085454934
199500,1491095507.4606047,1481801728.0,1491244617.0115507,1481949184.0,9295433.011550665,0.6233338853674243
199600,1506080513.47889,1496547328.0,1506231121.530438,1496694784.0,9536337.530437946,0.6331257795781267
199700,1521216113.74412,1511292928.0,1521368235.3556943,1511440384.0,9927851.355694294,0.6525607098253352
199800,1536503821.6775877,1526038528.0,1536657472.0599556,1526185984.0,10471488.059955597,0.6814458166736479
199900,1551945165.9099612,1540784128.0,1552100360.4267523,1540931584.0,11168776.426752329,0.7195911238421113
200000,1567541690.4341304,1555529728.0,1567698444.6033738,1555677184.0,12021260.603373766,0.766809499923637
200100,1583294954.759591,1571848192.0,1583453284.2552671,1572012032.0,11441252.255267143,0.7225506662577807
200200,1599206534.0683818,1588232192.0,1599366454.7219887,1588396032.0,10970422.721988678,0.6859230221816565
200300,1615278019.3725913,1604616192.0,1615439547.1747286,1604780032.0,10659515.174728632,0.6598523103740558
200400,1631511017.673437,1621000192.0,1631674168.7754045,1621164032.0,10510136.775404453,0.6441320808119716
200500,1647907152.1219628,1637384192.0,1648071942.837375,1637548032.0,10523910.837374926,0.6385589465989339
200600,1664468062.181325,1653768192.0,1664634508.9877431,1653932032.0,10702476.98774314,0.6429325434477066
200700,1681195403.790733,1670152192.0,1681363523.3313122,1670316032.0,11047491.33131218,0.6570554896673153
200800,1698090849.5310278,1686536192.0,1698260658.616181,1686700032.0,11560626.616180897,0.6807333466466223
200900,1715156088.7919216,1702920192.0,1715327604.4010007,1703084032.0,12243572.401000738,0.7137745798288043
201000,1732392827.9409213,1719304192.0,1732566067.2239153,1719468032.0,13098035.223915339,0.7559905201711745
201100,1749802790.4939504,1737146368.0,1749977770.7731998,1737326592.0,12651178.773199797,0.7229336843296058
201200,1767387717.2876878,1755168768.0,1767564456.0596166,1755348992.0,12215464.059616566,0.6910901618178139
201300,1785149366.6536305,1773191168.0,1785327881.5904958,1773371392.0,11956489.590495825,0.6697083327822193
201400,1803089514.5939121,1791213568.0,1803269823.5455716,1791393792.0,11876031.545571566,0.6585831687806447
201500,1821209954.95889,1809235968.0,1821392075.9545858,1809416192.0,11975883.95458579,0.6575126856368511
201600,1839512499.6265101,1827258368.0,1839696450.8766727,1827438592.0,12257858.876672745,0.6662979031585071
201700,1857998978.68348,1845280768.0,1858184778.5815485,1845460992.0,12723786.581548452,0.6847428053555147
201800,1876671240.6082594,1863303168.0,1876858907.7325203,1863483392.0,13375515.732520342,0.7126543011525375
201900,1895531152.4558928,1881325568.0,1895720705.5713384,1881505792.0,14214913.571338415,0.7498421855900064
202000,1914580600.0446966,1900773376.0,1914772058.104901,1900969984.0,13802074.104901075,0.7208207392874398
202100,1933821488.144823,1920434176.0,1934014870.2938375,1920630784.0,13384086.293837547,0.6920363694930683
202200,1953255740.6687224,1940094976.0,1953451066.2429893,1940291584.0,13159482.242989302,0.6736530272190805
202300,1972885300.8635156,1959755776.0,1973082589.393802,1959952384.0,13130205.393801928,0.6654665883923274
202400,1992712131.5052972,1979416576.0,1992911402.7186477,1979613184.0,13298218.718647718,0.6672759612146749
202500,2012738215.0954015,1999077376.0,2012939488.9171112,1999273984.0,13665504.917111158,0.6788830460304948
202600,2032965554.05863,2018738176.0,2033168850.6142359,2018934784.0,14234066.614235878,0.7000926956920306
202700,2053396170.9434774,2038398976.0,2053601510.5607717,2038595584.0,15005926.560771704,0.7307126764176403
202800,2074032108.6243668,2058829824.0,2074239511.8354292,2059042816.0,15196695.835429192,0.7326393962084984
202900,2094875430.5059173,2080129024.0,2095084918.0491679,2080342016.0,14742902.049167871,0.7036899517607945
203000,2115928220.7292724,2101428224.0,2116139813.5515454,2101641216.0,14498597.551545382,0.685143649710564
203100,2137192584.3804839,2122727424.0,2137406303.639122,2122940416.0,14465887.63912201,0.6767963402415612
203200,2158670647.7009974,2144026624.0,2158886514.7659674,2144239616.0,14646898.76596737,0.6784469061151719
203300,2180364558.3002796,2166685696.0,2180582594.7563095,2166915072.0,13667522.75630951,0.6267830803188136
203400,2202276485.3705597,2189623296.0,2202496713.0192966,2189852672.0,12644041.019296646,0.5740776340121543
203500,2224408619.903698,2212560896.0,2224631060.765888,2212790272.0,11840788.765888214,0.5322585382679909
203600,2246763174.910288,2235498496.0,2246987851.2279787,2235727872.0,11259979.227978706,0.5011143794936465
203700,2269342385.640932,2258436096.0,2269569319.879696,2258665472.0,10903847.879695892,0.4804368733832671
203800,2292148509.8097415,2281373696.0,2292377724.660922,2281603072.0,10774652.66092205,0.47002082357591346
203900,2315183827.820093,2304311296.0,2315415346.203075,2304540672.0,10874674.203074932,0.46966408082712785
204000,2338450642.992653,2327248896.0,2338684488.057152,2327478272.0,11206216.057151794,0.4791675026870038
204100,2361951281.795676,2350186496.0,2362187476.9240556,2350415872.0,11771604.924055576,0.49833491367857397
204200,2385688094.0776334,2373124096.0,2385926662.887241,2373353472.0,12573190.887240887,0.5269730659711855
204300,2409663453.3021884,2396061696.0,2409904419.6477184,2396291072.0,13613347.64771843,0.5648916005435783
204400,2433879756.7855062,2418999296.0,2434123144.7613845,2419228672.0,14894472.761384487,0.6119030088284454
204500,2458339425.935969,2441936896.0,2458585259.8787622,2442166272.0,16418987.878762245,0.6678225948353688
204600,2483044906.4962997,2466054144.0,2483293210.9871492,2466316288.0,16976922.98714924,0.6836455281251559
204700,2507998668.788102,2492268544.0,2508249468.655181,2492530688.0,15718780.655180931,0.6266833044963701
204800,2533203207.958884,2518482944.0,2533456528.2798796,2518745088.0,14711440.27987957,0.5806865093465045
204900,2558661044.2315383,2544697344.0,2558916910.336161,2544959488.0,13957422.336161137,0.5454425768880308
205000,2584374723.1563478,2570911744.0,2584633160.6288633,2571173888.0,13459272.628863335,0.5207420857197614
205100,2610346815.8655148,2597126144.0,2610607850.5473013,2597388288.0,13219562.547301292,0.506378717298727
205200,2636579919.3302526,2623340544.0,2636843577.3223853,2623602688.0,13240889.322385311,0.5021492149273008
205300,2663076656.620462,2649554944.0,2663342964.2863235,2649817088.0,13525876.286323547,0.5078533432493166
205400,2689839677.1669993,2675769344.0,2690108661.134916,2676031488.0,14077173.134915829,0.5232938482483783
205500,2716871657.0266166,2701983744.0,2717143344.192519,2702245888.0,14897456.192519188,0.548276417744402
205600,2744175299.149523,2728198144.0,2744449716.6796374,2728460288.0,15989428.679637432,0.582609642379682
205700,2771753333.649669,2754412544.0,2772030508.983234,2754674688.0,17355820.98323393,0.6261049770913218
205800,2799608518.077728,2780626944.0,2799888478.929735,2780889088.0,18999390.929735184,0.678576703062036
205900,2827743637.696824,2809364480.0,2828026412.0607934,2809659392.0,18367020.0607934,0.6494642335185719
206000,2856161505.761036,2838855680.0,2856447121.911812,2839150592.0,17296529.91181183,0.6055259969326969
206100,2884864963.7966914,2868346880.0,2885153450.293271,2868641792.0,16511658.293271065,0.5722974038553368
206200,2913856881.8865004,2897838080.0,2914148267.5748887,2898132992.0,16015275.574888706,0.5495696891296606
206300,2943140158.9565387,2927329280.0,2943434472.9726343,2927624192.0,15810280.972634315,0.5371371816769949
206400,2972717723.0661016,2956820480.0,2973014994.838608,2957115392.0,15899602.838607788,0.5347972635930451
206500,3002592531.7004967,2986311680.0,3002892790.9538665,2986606592.0,16286198.953866482,0.5423503297529708
206600,3032767572.0667567,3015802880.0,3033070848.824163,3016097792.0,16973056.82416296,0.5595997479169648
206700,3063245861.392337,3045294080.0,3063552185.978676,3045588992.0,17963193.978675842,0.5863518193321507
206800,3094030447.22681,3074785280.0,3094339850.2717323,3075080192.0,19259658.27173233,0.6224157398238278
206900,3125124407.746584,3104276480.0,3125436920.187558,3104571392.0,20865528.187558174,0.6676035613704221
207000,3156530852.0627127,3136159744.0,3156846505.1481185,3136487424.0,20359081.148118496,0.6449183105645884
207100,3188252920.531758,3168927744.0,3188571745.824011,3169255424.0,19316321.82401085,0.6057985632378802
207200,3220293785.0698037,3201695744.0,3220615814.4485106,3202023424.0,18592390.448510647,0.577293024678709
207300,3252656649.46962,3234463744.0,3252981915.134767,3234791424.0,18190491.134767056,0.5591943518079302
207400,3285344749.721014,3267231744.0,3285673284.196186,3267559424.0,18113860.196186066,0.5512982767736591
207500,3318361354.33439,3299999744.0,3318693190.470023,3300327424.0,18365766.470023155,0.5534035662821253
207600,3351709764.667586,3332767744.0,3352044935.6442523,3333095424.0,18949511.6442523,0.5653119814341112
207700,3385393315.255963,3365535744.0,3385731854.587688,3365863424.0,19868430.58768797,0.586828238059258
207800,3419415374.145843,3398303744.0,3419757315.6834574,3398631424.0,21125891.683457375,0.6177599675442246
207900,3453779343.231273,3431071744.0,3454124721.1657963,3431399424.0,22725297.16579628,0.6579176781470213
208000,3488488658.594179,3466002432.0,3488837507.4602385,3466362880.0,22474627.460238457,0.6441867072393195
208100,3523546790.847958,3502047232.0,3523899145.5272427,3502407680.0,21491465.52724266,0.6098774295093262
208200,3558957245.4844937,3538092032.0,3559313141.209242,3538452480.0,20860661.209241867,0.5860867077897692
208300,3594723563.2246814,3574136832.0,3595083035.5812035,3574497280.0,20585755.58120346,0.5726086262114788
208400,3630849320.3724647,3610181632.0,3631212405.304702,3610542080.0,20670325.304701805,0.5692403252011726
208500,3667338129.172432,3646226432.0,3667704862.985549,3646586880.0,21117982.985548973,0.5757819610479432
208600,3704193638.171013,3682271232.0,3704564057.53503,3682631680.0,21932377.53502989,0.5920366659720663
208700,3741419532.5812874,3718316032.0,3741793674.534745,3718676480.0,23117194.534745216,0.617810508689248
208800,3779019534.6514926,3754360832.0,3779397436.6051574,3754721280.0,24676156.605157375,0.6529124554659889
208900,3816997404.037194,3792502784.0,3817379103.777797,3792896000.0,24483103.777797222,0.6413589824905779
209000,3855356938.1772256,3831824384.0,3855742473.871243,3832217600.0,23524873.871243,0.6101256510428601
209100,3894101972.673409,3871145984.0,3894491382.8708763,3871539200.0,22952182.870876312,0.589349946229867
209200,3933236381.6740537,3910467584.0,3933629705.312421,3910860800.0,22768905.312420845,0.5788268601305081
209300,3972764078.2613606,3949789184.0,3973161354.6693864,3950182400.0,22978954.669386387,0.5783544290840538
209400,4012689014.8426805,3989110784.0,4013090283.7443643,3989504000.0,23586283.74436426,0.587733693405905
209500,4053015183.54572,4028432384.0,4053420485.0642743,4028825600.0,24594885.06427431,0.6067686576041054
209600,4093746616.617726,4067753984.0,4094155991.2795873,4068147200.0,26008791.27958727,0.6352662510902152
209700,4134887386.828668,4107862016.0,4135300875.5675507,4108288000.0,27012875.56755066,0.6532263644261016
209800,4176441607.8784657,4150460416.0,4176859252.039453,4150886400.0,25972852.03945303,0.6218273222103703
209900,4218413434.8083477,4193058816.0,4218835276.152028,4193484800.0,25350476.152028084,0.600888029341361
210000,4260807064.416295,4235657216.0,4261233145.1229362,4236083200.0,25149945.12293625,0.5902034520622474
210100,4303626735.676704,4278255616.0,4304057098.350472,4278681600.0,25375498.35047245,0.5895716011806069
210200,4346876730.164251,4322820096.0,4347311417.837468,4323278848.0,24032569.837468147,0.5528145450739974
210300,4390561372.48192,4368695296.0,4391000428.619369,4369154048.0,21846380.619368553,0.4975262693435345
210400,4434685030.69352,4414570496.0,4435128499.196789,4415029248.0,20099251.196788788,0.45318306336397707
210500,4479252116.760451,4460445696.0,4479700041.972327,4460904448.0,18795593.972327232,0.4195726007594894
210600,4524267086.982816,4506320896.0,4524719513.691714,4506779648.0,17939865.691714287,0.3964856967913392
210700,4569734442.445039,4552196096.0,4570191415.889483,4552654848.0,17536567.88948345,0.3837162668616662
210800,4615658729.465911,4598071296.0,4616120295.339058,4598530048.0,17590247.339057922,0.38106128553059954
210900,4662044540.053205,4643946496.0,4662510744.50741,4644405248.0,18105496.50741005,0.38832074604308237
211000,4708896512.3628025,4689821696.0,4709367402.014239,4690280448.0,19086954.01423931,0.40529762035715555
211100,4756219331.162495,4735696896.0,4756694953.095811,4736155648.0,20539305.09581089,0.4317978196697951
211200,4804017728.300407,4781572096.0,4804498130.073438,4782030848.0,22467282.07343769,0.4676301554329937
211300,4852296483.178133,4827447296.0,4852781712.826651,4827906048.0,24875664.82665062,0.5126063008542173
211400,4901060423.228644,4873322496.0,4901550529.271168,4873781248.0,27769281.271167755,0.5665407528767614
211500,4950314424.398984,4920049664.0,4950809455.841624,4920573952.0,30235503.84162426,0.6107183908269462
211600,5000063411.637811,4972478464.0,5000563417.979175,4973002752.0,27560665.979174614,0.5511512138828631
211700,5050312359.387842,5024907264.0,5050817390.623981,5025431552.0,25385838.623981476,0.5026085217633515
211800,5101066292.083285,5077336064.0,5101576398.712694,5077860352.0,23716046.712694168,0.464876831378602
211900,5152330284.65221,5129764864.0,5152845517.680876,5130289152.0,22556365.68087578,0.4377458164324641
212000,5204109463.023979,5182193664.0,5204629873.970482,5182717952.0,21911921.970481873,0.4210082657379403
212100,5256409004.641832,5234622464.0,5256934645.542497,5235146752.0,21787893.54249668,0.4144600420507653
212200,5309234138.9805565,5287051264.0,5309765062.394655,5287575552.0,22189510.394655228,0.4179000414125284
212300,5362590148.069391,5339480064.0,5363126407.084398,5340004352.0,23122055.08439827,0.4311301529991031
212400,5416482367.020198,5391908864.0,5417024015.2571,5392433152.0,24590863.257100105,0.45395521946810097
212500,5470916184.560894,5444337664.0,5471463276.17955,5444861952.0,26601324.17955017,0.48618299779806895
212600,5525897043.574301,5496766464.0,5526449633.278858,5497290752.0,29158881.278858185,0.5276241206157187
212700,5581430441.642367,5549195264.0,5581988584.686731,5549719552.0,32269032.68673134,0.5780920580034171
212800,5637521931.595884,5605163008.0,5638085683.789244,5605752832.0,32332851.789243698,0.5734721606343777
212900,5694177122.069726,5664145408.0,5694746539.782133,5664735232.0,30011307.782133102,0.5269998861666855
213000,5751401678.063632,5723127808.0,5751976818.231639,5723717632.0,28259186.23163891,0.4912952037996353
213100,5809201321.508695,5782110208.0,5809782241.641046,5782700032.0,27082209.64104557,0.466148446097282
213200,5867581831.839463,5841092608.0,5868168590.022847,5841682432.0,26486158.022847176,0.4513530519194585
213300,5926549046.571873,5900075008.0,5927141701.47673,5900664832.0,26476869.476730347,0.4467055253653496
213400,5986108861.886905,5959057408.0,5986707472.7732935,5959647232.0,27060240.773293495,0.4520053952253334
213500,6046267233.220163,6018039808.0,6046871859.943686,6018629632.0,28242227.94368553,0.46705517493715426
213600,6107030175.857377,6077022208.0,6107640878.875163,6077612032.0,30028846.87516308,0.4916603230393836
213700,6168403765.535862,6136004608.0,6169020605.912616,6136594432.0,32426173.912615776,0.5256292041160852
213800,6230394139.052048,6194987008.0,6231017178.466153,6195576832.0,35440346.466153145,0.5687730502273667
213900,6293007494.875078,6257246208.0,6293636795.624766,6257901568.0,35735227.62476635,0.5677993310578217
214000,6356250093.76663,6322782208.0,6356885718.776207,6323437568.0,33448150.77620697,0.526171969356187
214100,6420128259.406921,6388318208.0,6420770272.233063,6388973568.0,31796704.233062744,0.49521635076353937
214200,6484648379.027008,6453854208.0,6485296843.865111,6454509568.0,30787275.86511135,0.4747242355488347
214300,6549816904.047473,6519390208.0,6550471885.738078,6520045568.0,30426317.738078117,0.4644904713555582
214400,6615640350.723478,6584926208.0,6616301914.758751,6585581568.0,30720346.758750916,0.46431295237939674
214500,6682125300.7963705,6650462208.0,6682793513.326651,6651117568.0,31675945.32665062,0.47399257905370384
214600,6749278402.151753,6715998208.0,6749953329.992168,6716653568.0,33299761.992168427,0.49333321823437054
214700,6817106369.484249,6781534208.0,6817788080.121398,6782189568.0,35598512.12139797,0.5221416638805838
214800,6885615984.968881,6847070208.0,6886304546.567577,6847725568.0,38578978.56757736,0.5602275982232987
214900,6954814098.939244,6915424256.0,6955509580.349339,6916145152.0,39364428.34933853,0.5659460014338944
215000,7024707630.572479,6987513856.0,7025410101.335736,6988234752.0,37175349.335736275,0.5291555766782661
215100,7095303568.581099,7059603456.0,7096013098.938157,7060324352.0,35688746.93815708,0.502940826638236
215200,7166608971.911844,7131693056.0,7167325632.809236,7132413952.0,34911680.80923557,0.4870949444437608
215300,7238630970.451455,7203782656.0,7239354833.5487,7204503552.0,34851281.54870033,0.4814141915960816
215400,7311376765.739638,7275872256.0,7312107903.416412,7276593152.0,35514751.41641235,0.4856978573828063
215500,7384853631.689149,7347961856.0,7385592117.052518,7348682752.0,36909365.05251789,0.4997482187961374
215600,7459068915.313093,7420051456.0,7459814822.204824,7420772352.0,39042470.20482445,0.5233705009487762
215700,7534030037.459588,7492141056.0,7534783440.463534,7492861952.0,41921488.463534355,0.556372837982393
215800,7609744493.553756,7566917632.0,7610505468.003311,7567704064.0,42801404.00331116,0.5623989652626912
215900,7686219854.347214,7645560832.0,7686988476.332849,7646347264.0,40641212.33284855,0.5287013562980757
216000,7763463766.675078,7724204032.0,7764240113.051946,7724990464.0,39249649.05194569,0.5055182281903636
216100,7841483954.220578,7802847232.0,7842268102.6162,7803633664.0,38634438.61620045,0.492643685610696
216200,7920288218.287322,7881490432.0,7921080247.109351,7882276864.0,38803383.10935116,0.48987488952042524
216300,7999884438.579417,7960133632.0,8000684427.023476,7960920064.0,39764363.02347565,0.4970120167365397
216400,8080280573.989319,8038776832.0,8081088602.046918,8039563264.0,41525338.046917915,0.5138582199977322
216500,8161484663.393665,8117420032.0,8162300811.860205,8118206464.0,44094347.8602047,0.5402195885274597
216600,8243504826.457084,8196128768.0,8244329176.93993,8196980736.0,47348440.93992996,0.5743152647563791
216700,8326349264.44409,8281325568.0,8327181899.370734,8282177536.0,45004363.370734215,0.5404513065114512
216800,8410026261.03914,8366522368.0,8410867263.665443,8367374336.0,43492927.66544342,0.5171039596990296
216900,8494544183.174916,8451719168.0,8495393637.593434,8452571136.0,42822501.593434334,0.5040673030610155
217000,8579911481.868952,8536915968.0,8580769473.017339,8537767936.0,43001537.01733875,0.5011384719349383
217100,8666136693.068644,8624537600.0,8667003306.738152,8625455104.0,41548202.73815155,0.47938371854375483
217200,8753228438.504778,8716288000.0,8754103761.34883,8717205504.0,36898257.34882927,0.4214966872079204
217300,8841195426.55363,8808038400.0,8842079546.096487,8808955904.0,33123642.096487045,0.374613708503789
217400,8930046453.107702,8899788800.0,8930939457.753214,8900706304.0,30233153.753213882,0.33852153960093845
217500,9019790402.455248,8991539200.0,9020692381.495693,8992456704.0,28235677.495693207,0.313010091704419
217600,9110436248.168612,9083289600.0,9111347291.793629,9084207104.0,27140187.793628693,0.29787238840158364
217700,9201993054.001518,9175040000.0,9202913253.30712,9175957504.0,26955749.30711937,0.29290452452578175
217800,9294469974.795343,9266790400.0,9295399421.793022,9267707904.0,27691517.793022156,0.2979056255301899
217900,9387876257.394539,9358540800.0,9388815045.02048,9359458304.0,29356741.020479202,0.3126778073666395
218000,9482221241.571203,9450291200.0,9483169463.69556,9451208704.0,31960759.695560455,0.3370261368618995
218100,9577514360.959005,9542041600.0,9578472112.395302,9542959104.0,35513008.39530182,0.37075859258748767
218200,9673765143.99643,9633792000.0,9674732520.51103,9634709504.0,40023016.5110302,0.4136860262149773
218300,9770983214.87956,9725542400.0,9771960313.201248,9726459904.0,45500409.20124817,0.46562212435288175
218400,9869178294.524384,9817292800.0,9870165212.354036,9818210304.0,51954908.35403633,0.526383370857934
218500,9968360201.538818,9920839680.0,9969357037.559172,9921888256.0,47468781.55917168,0.47614687065910927
218600,10068538853.204473,10025697280.0,10069545707.089994,10026745856.0,42799851.08999443,0.4250425226220379
218700,10169724266.468288,10130554880.0,10170741238.895136,10131603456.0,39137782.89513588,0.3848075767129386
218800,10271926558.944141,10235412480.0,10272953751.600237,10236461056.0,36492695.60023689,0.35523079809983915
218900,10375155949.9245,10340270080.0,10376193465.519691,10341318656.0,34874809.51969147,0.33610407935801495
219000,10479422761.402258,10445127680.0,10480470703.678598,10446176256.0,34294447.678598404,0.3272223991481719
219100,10584737419.10286,10549985280.0,10585795892.84497,10551033856.0,34762036.8449707,0.3283837814071841
219200,10691110453.526787,10654842880.0,10692179564.57234,10655891456.0,36288108.57234001,0.3393892550456007
219300,10798552501.00247,10759700480.0,10799632356.25277,10760749056.0,38883300.25276947,0.36004281414502803
219400,10907074304.749846,10864558080.0,10908165012.180521,10865606656.0,42558356.18052101,0.3901513786507496
219500,11016686715.954592,10969415680.0,11017788384.626387,10970464256.0,47324128.62638664,0.42952475555275793
219600,11127400694.853128,11074273280.0,11128513434.922813,11075321856.0,53191578.922813416,0.4779756005495836
219700,11239227311.828566,11183194112.0,11240351234.559948,11184373760.0,55977474.55994797,0.49800467433649065
219800,11352177748.51759,11301158912.0,11353312966.29264,11302338560.0,50974406.292640686,0.44898265769631196
219900,11466263298.928576,11419123712.0,11467409925.258669,11420303360.0,47106565.2586689,0.4107864423239088
220000,11581495370.57087,11537088512.0,11582653520.108128,11538268160.0,44385360.108127594,0.38320545487329094
220100,11697885485.595434,11655053312.0,11699055274.144194,11656232960.0,42822314.14419365,0.3660322405590667
220200,11815445281.946936,11773018112.0,11816626826.47533,11774197760.0,42429066.47533035,0.3590624219448768
220300,11934186514.527489,11890982912.0,11935379933.179142,11892162560.0,43217373.179142,0.3620946582437824
220400,12054121056.371964,12008947712.0,12055326468.4778,12010127360.0,45199108.47780037,0.374930605122862
220500,12175260899.835247,12126912512.0,12176478425.92543,12128092160.0,48386265.9254303,0.3973748750082713
220600,12297618157.791317,12244877312.0,12298847919.607296,12246056960.0,52790959.60729599,0.4292349978824815
220700,12421205064.844463,12362842112.0,12422447185.351149,12364021760.0,58425425.351148605,0.4703213825698151
220800,12546033978.552597,12484345856.0,12547288581.950653,12485656576.0,61632005.950653076,0.49119780379731665
220900,12672117380.662916,12615417856.0,12673384592.401182,12616728576.0,56656016.401182175,0.44704724289005227
221000,12799467878.359957,12746489856.0,12800747825.147993,12747800576.0,52947249.14799309,0.41362621833682556
221100,12928098205.526215,12877561856.0,12929391015.346968,12878872576.0,50518439.3469677,0.390725590145763
221200,13058021224.015387,13008633856.0,13059327026.137989,13009944576.0,49382450.137989044,0.3781393178924996
221300,13189249924.938457,13139705856.0,13190568849.931152,13141016576.0,49552273.931152344,0.37566441974495274
221400,13321797429.962702,13270777856.0,13323129609.705898,13272088576.0,51041033.705898285,0.3831009319966001
221500,13455676992.62369,13401849856.0,13457022560.323153,13403160576.0,53861984.32315254,0.4002518691018611
221600,13590901999.650562,13532921856.0,13592261089.850727,13534232576.0,58028513.85072708,0.426923184208525
221700,13727485972.304564,13663993856.0,13728858720.901995,13665304576.0,63554144.901994705,0.46292373018038574
221800,13865442567.731033,13797687296.0,13866829111.988007,13799129088.0,67700023.98800659,0.4882156074850542
221900,14004785580.325031,13941866496.0,14006186058.883265,13943308288.0,62877770.88326454,0.44892857069669606
222000,14145528943.110605,14086045696.0,14146943496.005116,14087487488.0,59456008.00511551,0.42027458455534933
222100,14287686729.133982,14230224896.0,14289115497.807095,14231666688.0,57448809.807094574,0.40204594760194257
222200,14431273152.870768,14374404096.0,14432716280.186255,14375845888.0,56870392.1862545,0.3940380388709518
222300,14576302571.647224,14518583296.0,14577760201.904589,14520025088.0,57735113.9045887,0.39604927715195637
222400,14722789487.07592,14662762496.0,14724261766.024828,14664204288.0,60057478.02482796,0.4078810807575172
222500,14870748546.505701,14806941696.0,14872235621.360552,14808383488.0,63852133.360551834,0.42933782778994506
222600,15020194544.486324,14951120896.0,15021696563.940973,14952562688.0,69133875.94097328,0.4602268169024702
222700,15171142424.247797,15097659392.0,15172659538.490421,15099232256.0,73427282.4904213,0.48394470530462336
222800,15323607279.194504,15254945792.0,15325139639.922623,15256518656.0,68620983.92262268,0.447767430085023
222900,15477604354.414465,15412232192.0,15479152114.850107,15413805056.0,65347058.85010719,0.4221617461037528
223000,15633149048.20367,15569518592.0,15634712363.10869,15571091456.0,63620907.10869026,0.40692086704971114
223100,15790256913.6058,15726804992.0,15791835939.297361,15728377856.0,63458083.297361374,0.40184107497880245
223200,15948943659.967356,15884091392.0,15950538554.333553,15885664256.0,64874298.333553314,0.40672167972615453
223300,16109225154.508463,16041377792.0,16110836077.024115,16042950656.0,67885421.02411461,0.4213649788227127
223400,16271117423.909449,16198664192.0,16272744535.65204,16200237056.0,72507479.65204048,0.44557621790954477
223500,16434636655.91336,16355950592.0,16436280119.579151,16357523456.0,78756663.57915115,0.4791635516441156
223600,16599799200.94461,16523460608.0,16601459180.864904,16525164544.0,76294636.8649044,0.45956584920464566
223700,16766621573.743814,16693854208.0,16768298235.901388,16695558144.0,72740091.90138817,0.4337953135020561
223800,16935120455.019184,16864247808.0,16936813967.064886,16865951744.0,70862223.0648861,0.4183916951717358
223900,17105312693.114412,17034641408.0,17107023224.383924,17036345344.0,70677880.38392448,0.41315125055294244
224000,17277215305.693184,17206870016.0,17278943027.223953,17208705024.0,70238003.22395325,0.4064947902964278
224100,17450845481.441185,17390370816.0,17452590565.98953,17392205824.0,60384741.989528656,0.34599300179082015
224200,17626220581.784584,17573871616.0,17627983203.84296,17575706624.0,52276579.84296036,0.2965545135734182
224300,17803358142.625935,17757372416.0,17805138478.440395,17759207424.0,45931054.440395355,0.257965162674874
224400,17982275876.097694,17940873216.0,17984074103.6855,17942708224.0,41365879.6855011,0.23001395260612237
224500,18162991672.333256,18124374016.0,18164807971.500687,18126209024.0,38598947.500686646,0.21249301154873584
224600,18345523601.25585,18307874816.0,18347358153.616177,18309709824.0,37648329.616176605,0.20519755106408222
224700,18529889914.385277,18491375616.0,18531742903.376915,18493210624.0,38532279.37691498,0.20792582531399947
224800,18716109046.662968,18674876416.0,18717980657.567833,18676711424.0,41269233.56783295,0.22047909078882105
224900,18904199618.29529,18858377216.0,18906090038.25732,18860212224.0,45877814.257320404,0.24266156653482868
225000,19094180436.615356,19041878016.0,19096089854.659218,19043713024.0,52376830.659217834,0.2742803948759097
225100,19286070497.963676,19225378816.0,19287999105.01367,19227213824.0,60785281.013671875,0.31514560262433605
225200,19479888989.587517,19408879616.0,19481836978.486675,19410714624.0,71122354.48667526,0.36507006277289955
225300,19675655291.559544,19592380416.0,19677622857.088898,19594215424.0,83407433.0888977,0.423869456664833
225400,19873388978.715553,19793444864.0,19875376317.613625,19795542016.0,79834301.61362457,0.40167441530591375
225500,20073109822.611862,20003160064.0,20075117133.594322,20005257216.0,69859917.5943222,0.34799257772407444
225600,20274837793.502216,20212875264.0,20276865277.281765,20214972416.0,61892861.281764984,0.3052388050884268
225700,20478593062.33471,20422590464.0,20480640921.64114,20424687616.0,55953305.641139984,0.273200950376588
225800,20684396002.76861,20632305664.0,20686464442.369083,20634402816.0,52061626.369083405,0.2516700063180112
225900,20892267193.211586,20842020864.0,20894356419.931107,20844118016.0,50238403.93110657,0.24044006391689673
226000,21102227418.877377,21051736064.0,21104337641.61946,21053833216.0,50504425.61946106,0.23930827148946976
226100,21314297673.86404,21261451264.0,21316429103.631626,21263548416.0,52880687.63162613,0.24807479420939682
226200,21528499163.25327,21471166464.0,21530652013.169792,21473263616.0,57388397.169792175,0.2665427741560685
226300,21744853305.23066,21680881664.0,21747027790.561382,21682978816.0,64048974.56138229,0.29451829085895015
226400,21963381733.227303,21890596864.0,21965578071.40082,21892694016.0,72884055.40082169,0.3318103223320888
226500,22184106298.083004,22100312064.0,22186324708.71301,22102409216.0,83915492.71300888,0.3782307065940201
226600,22407049070.231117,22312124416.0,22409289775.13834,22314483712.0,94806063.13834,0.4230658985164322
226700,22632232341.905376,22548054016.0,22634495565.139767,22550413312.0,84082253.1397667,0.37147836097246595
226800,22859678629.368893,22783983616.0,22861964597.23203,22786342912.0,75621685.23202896,0.33077509551031636
226900,23089410675.16572,23019913216.0,23091719616.233437,23022272512.0,69447104.23343658,0.30074461922972334
227000,23321451450.394707,23255842816.0,23323783595.539944,23258202112.0,65581483.539943695,0.28117858010174823
227100,23555824157.006504,23491772416.0,23558179739.4224,23494131712.0,64048027.42240143,0.27187171560298046
227200,23792552230.123543,23727702016.0,23794931485.346752,23730061312.0,64870173.34675217,0.27262181186232926
227300,24031659340.383327,23963631616.0,24034062506.317562,23965990912.0,68071594.3175621,0.28322966331500926
227400,24273169396.30521,24199561216.0,24275596713.245037,24201920512.0,73676201.24503708,0.3034990328572995
227500,24517106546.68114,24435490816.0,24519558257.336006,24437850112.0,81708145.33600616,0.33323661249712727
227600,24763495182.990253,24671420416.0,24765971532.50875,24673779712.0,92191820.50875092,0.3722519844930632
227700,25012359941.837784,24908398592.0,25014861177.832165,24911020032.0,103841145.83216476,0.41511781774022954
227800,25263725707.41855,25170542592.0,25266252079.989487,25173164032.0,93088047.9894867,0.36842839885703155
227900,25517617614.005146,25432686592.0,25520169375.766747,25435308032.0,84861343.76674652,0.33252656954278886
228000,25774061048.461033,25694830592.0,25776638454.56608,25697452032.0,79186422.56607819,0.3072022859212315
228100,26033081652.779175,25956974592.0,26035684960.944653,25959596032.0,76088928.94465256,0.2922486159238417
228200,26294705326.645763,26219118592.0,26297334797.178627,26221740032.0,75594765.17862701,0.28746169815937916
228300,26558958230.030186,26481262592.0,26561614125.853386,26483884032.0,77730093.85338593,0.29264070129581615
228400,26825866785.800724,26743406592.0,26828549372.479504,26746028032.0,82521340.47950363,0.3075877839453866
228500,27095457682.36645,27005550592.0,27098167228.134888,27008172032.0,89995196.1348877,0.3321080550475365
228600,27367757876.345985,27267694592.0,27370494652.13382,27270316032.0,100178620.13381958,0.36600953474550957
228700,27642794595.262825,27529838592.0,27645558874.72255,27532460032.0,113098842.72254944,0.40910311574840424
228800,27920595340.267914,27817410560.0,27923387399.80214,27820294144.0,103093255.80213928,0.369200392223437
228900,28201187888.88947,28105768960.0,28204008007.678555,28108652544.0,95355463.67855453,0.3380918898214536
229000,28484600297.81042,28394127360.0,28487448757.8404,28397010944.0,90437813.8404007,0.3174654726338389
229100,28770860905.673973,28682485760.0,28773737991.76474,28685369344.0,88368647.76473999,0.3071156336727323
229200,29059998335.917065,28970844160.0,29062904335.750854,28973727744.0,89176591.75085449,0.30683991771998026
229300,29352041499.632477,29259202560.0,29354976703.78264,29262086144.0,92890559.78263855,0.31643888094337613
229400,29647019598.45978,29547560960.0,29649984300.419827,29550444544.0,99539756.41982651,0.33571605101462765
229500,29944962127.5051,29835919360.0,29947956623.71805,29838802944.0,109153679.7180481,0.36447788772206596
229600,30245898878.290405,30124277760.0,30248923468.178432,30127161344.0,121762124.17843246,0.4025337440736527
229700,30549859941.732452,30437539840.0,30552914927.72682,30440685568.0,112229359.7268219,0.3673278310508225
229800,30856875711.15146,30752112640.0,30859961398.72277,30755258368.0,104703030.72277069,0.3392843865550141
229900,31166976885.31034,31066685440.0,31170093582.99907,31069831168.0,100262414.99906921,0.3216622200125661
230000,31480194471.48409,31381258240.0,31483342490.931435,31384403968.0,98938522.93143463,0.3142567310314437
230100,31796559788.560425,31695831040.0,31799739444.53948,31698976768.0,100762676.5394783,0.3168663589688024
230200,32116104470.1713,32010403840.0,32119316080.618515,32013549568.0,105766512.61851501,0.32929254269625247
230300,32438860467.855938,32324976640.0,32442104353.90292,32328122368.0,113981985.90291977,0.35133968086508316
230400,32764860054.25576,32639549440.0,32768136540.261383,32642695168.0,125441372.26138306,0.38281509266557284
230500,33094135826.341316,32968540160.0,33097445239.92415,32971948032.0,125497207.92414856,0.3791749091641859
230600,33426720708.671684,33309327360.0,33430063380.74275,33312735232.0,117328148.74274826,0.35096597755879416
230700,33762647956.686707,33650114560.0,33766024221.482574,33653522432.0,112501789.48257446,0.3331804441785561
230800,34101951160.03205,33990901760.0,34105361355.14825,33994309632.0,111051723.14825058,0.3256136828220035
230900,34444664245.91806,34331688960.0,34448108712.34285,34335096832.0,113011880.34284973,0.3280641073405498
231000,34790821482.51197,34696331264.0,34794300564.66042,34700001280.0,94299284.66042328,0.2710193426224534
231100,35140457482.36471,35063332864.0,35143971528.113144,35067002880.0,76968648.11314392,0.2190095335456707
231200,35493607205.871475,35430334464.0,35497156566.59226,35434004480.0,63152086.59226227,0.17790745147090772
231300,35850305964.76773,35797336064.0,35853890995.3644,35801006080.0,52884915.36440277,0.14750118856344024
231400,36210589425.659805,36164337664.0,36214210484.60257,36168007680.0,46202804.60256958,0.12758197399392132
231500,36574493613.59147,36531339264.0,36578151062.953026,36535009280.0,43141782.95302582,0.1179441324925812
231600,36942054915.646,36898340864.0,36945749121.137764,36902010880.0,43738241.13776398,0.11838504341691648
231700,37313310084.58462,37265342464.0,37317041415.59328,37269012480.0,48028935.59327698,0.12870510032772223
231800,37688296242.52129,37632344064.0,37692065072.145744,37636014080.0,56050992.145744324,0.14870767106673002
231900,38067050884.63477,37999345664.0,38070857589.723434,38003015680.0,67841909.72343445,0.17819905833102953
232000,38449611882.917595,38366347264.0,38453456844.10609,38370017280.0,83439564.10608673,0.21698846073672529
232100,38836017489.96304,38733348864.0,38839901091.712234,38737018880.0,102882211.7122345,0.26488793436754604
232200,39226306342.79011,39100350464.0,39230228973.42458,39104020480.0,126208493.42458344,0.321712354801905
232300,39620517466.70673,39490420736.0,39624479518.453606,39494615040.0,129864478.45360565,0.32773800446546225
232400,40018690279.21194,39909851136.0,40022692148.24006,39914045440.0,108646708.2400589,0.2714627687653852
232500,40420864593.93738,40329281536.0,40424906680.39697,40333475840.0,91430840.39697266,0.22617452433430035
232600,40827080624.628265,40748711936.0,40831163332.690926,40752906240.0,78257092.6909256,0.1916602082906369
232700,41237378989.1643,41168142336.0,41241502727.063416,41172336640.0,69166087.06341553,0.16770990989624512
232800,41651800713.62119,41587572736.0,41655965893.69276,41591767040.0,64198853.69275665,0.1541168289233624
232900,42070387236.372856,42007003136.0,42074594275.096695,42011197440.0,63396835.09669495,0.15067723453775184
233000,42493180412.23476,42426433536.0,42497429730.27618,42430627840.0,66801890.27617645,0.1571904246919319
233100,42920222516.649254,42845863936.0,42924514538.901115,42850058240.0,74456298.90111542,0.1734586860234332
233200,43351556249.912544,43265294336.0,43355891405.537735,43269488640.0,86402765.53773499,0.19928725425006252
233300,43787224741.444336,43684724736.0,43791603463.91868,43688919040.0,102684423.91867828,0.23448427505807892
233400,44227271554.10057,44104155136.0,44231694281.25618,44108349440.0,123344841.25617981,0.27886076547705063
233500,44671740688.52903,44523585536.0,44676207862.59808,44527779840.0,148428022.5980835,0.3322305757341238
233600,45120676587.56922,44987580416.0,45125188655.22818,44992299008.0,132889647.22817993,0.29449106184021107
233700,45574124140.69615,45459439616.0,45578681553.11042,45464158208.0,114523345.11042023,0.2512651555683379
233800,46032128688.50886,45931298816.0,46036731901.37791,45936017408.0,100714493.3779068,0.21876985880244976
233900,46494736027.264015,46403158016.0,46499385500.866936,46407876608.0,91508892.86693573,0.19679591865838664
234000,46961992413.45539,46875017216.0,46966688612.69694,46879735808.0,86952804.69693756,0.1851371839602735
234100,47433944568.43871,47346876416.0,47438687962.89575,47351595008.0,87092954.89575195,0.18359056423287223
234200,47910639683.103645,47818735616.0,47915430747.07215,47823454208.0,91976539.07215118,0.1919559892045244
234300,48392125422.59229,48290594816.0,48396964635.13475,48295313408.0,101651227.13475037,0.2100363688117635
234400,48878449931.06533,48762454016.0,48883337776.05863,48767172608.0,116165168.0586319,0.23763755370142825
234500,49369661836.51599,49234313216.0,49374598802.699844,49239031808.0,135566994.69984436,0.27456829622366763
234600,49865810255.632454,49706172416.0,49870796836.65822,49710891008.0,159905828.65821838,0.32064021190990355
234700,50366944798.70893,50220498944.0,50371981493.189,50225741824.0,146239669.189003,0.2903194689864973
234800,50873115574.60642,50744786944.0,50878202886.16408,50750029824.0,128173062.16407776,0.25192136296727063
234900,51384373195.76294,51269074944.0,51389511633.08271,51274317824.0,115193809.08271027,0.22415820937390007
235000,51900768783.25451,51793362944.0,51905958860.13303,51798605824.0,107353036.13303375,0.20682218090279317
235100,52422353971.906586,52317650944.0,52427596207.30397,52322893824.0,104702383.30397034,0.1997085330595105
235200,52949180915.45727,52841938944.0,52954475833.54901,52847181824.0,107294009.54901123,0.20261556338744025
235300,53481302291.772064,53366226944.0,53486650422.00144,53371469824.0,115180598.00144196,0.21534457120175737
235400,54018771308.111244,53890514944.0,54024173185.242256,53895757824.0,128415361.24225616,0.2376998178240242
235500,54561641706.450005,54414802944.0,54567097870.62085,54420045824.0,147052046.6208496,0.2694884873106346
235600,55109967768.85228,54939090944.0,55115478765.629364,54944333824.0,171144941.629364,0.3105206476698374
235700,55663804322.898476,55502176256.0,55669370703.33096,55507943424.0,161427279.33096313,0.2899750388615479
235800,56223206747.16747,56078893056.0,56228829067.842384,56084660224.0,144168843.84238434,0.25639666739003
235900,56788230976.77431,56655609856.0,56793909799.872185,56661377024.0,132532775.87218475,0.23335737289296998
236000,57358933508.96302,57232326656.0,57364669402.31412,57238093824.0,126575578.31411743,0.22065075879093504
236100,57935371408.75575,57809043456.0,57941164945.89683,57814810624.0,126354321.8968277,0.21807349233453002
236200,58517602314.65893,58385760256.0,58523454074.890594,58391527424.0,131926650.89059448,0.22542526406895289
236300,59105684444.42646,58962477056.0,59111595012.8711,58968244224.0,143350788.87110138,0.24250874780132026
236400,59699676600.88103,59539193856.0,59705646568.54131,59544961024.0,160685544.54131317,0.2691295610656326
236500,60299638177.79374,60115910656.0,60305668141.61172,60121677824.0,183990317.61171722,0.30509622607889064
236600,60905629165.823135,60730376192.0,60911719728.739914,60736667648.0,175052080.73991394,0.28738653500423056
236700,61517710158.5136,61359521792.0,61523861929.529655,61365813248.0,158048681.52965546,0.25689005301826917
236800,62135942358.35402,61988667392.0,62142155952.59005,61994958848.0,147197104.59004974,0.23687157668354866
236900,62760387582.89778,62617812992.0,62766663621.656265,62624104448.0,142559173.65626526,0.22712561960530642
237000,63391108270.94374,63246958592.0,63397447381.771034,63253250048.0,144197333.77103424,0.2274497471525896
237100,64028167488.77951,63876104192.0,64034570305.52859,63882395648.0,152174657.52858734,0.2376445360724923
237200,64671628936.487724,64505249792.0,64678096099.38157,64511541248.0,166554851.3815689,0.2575135346062876
237300,65321556954.3152,65134395392.0,65328089110.01083,65140686848.0,187402262.01083374,0.28686322310033147
237400,65978016529.10651,65780318208.0,65984614330.75961,65787133952.0,197480378.75961304,0.2992824626809327
237500,66641073300.8021,66461892608.0,66647737408.13238,66468708352.0,179029056.13237762,0.26861985581904
237600,67310793569.00167,67143467008.0,67317524648.35877,67150282752.0,167241896.35877228,0.24843738273559604
237700,67987244299.59338,67825041408.0,67994043024.023544,67831857152.0,162185872.0235443,0.23852953113295683
237800,68670493131.45002,68506615808.0,68677360180.76336,68513431552.0,163928628.76335907,0.23869384078230158
237900,69360608383.1921,69223841792.0,69367544444.03061,69231181824.0,136362620.03060913,0.19657985751626783
238000,70057659060.01936,69957844992.0,70064664825.92557,69965185024.0,99479801.92556763,0.14198284138334702
238100,70761714860.61044,70691848192.0,70768791032.0967,70699188224.0,69602808.09669495,0.09835240517974524
238200,71472846184.09196,71425851392.0,71479993468.71057,71433191424.0,46802044.71057129,0.06547572605901017
238300,72191124137.07806,72159854592.0,72198343249.49197,72167194624.0,31148625.491973877,0.043143130562338844
238400,72916620540.78047,72893857792.0,72923912202.83475,72901197824.0,22714378.834747314,0.03114805301664047
238500,73649407938.18968,73627860992.0,73656772878.9837,73635201024.0,21571854.983703613,0.02928699444808103
238600,74389559601.32874,74361864192.0,74396998557.28906,74369204224.0,27794333.2890625,0.03735948200606454
238700,75137149538.57983,75095867392.0,75144663253.53389,75103207424.0,41455829.53388977,0.05516802889118036
238800,75892252502.08437,75829870592.0,75899841727.33478,75837210624.0,62631103.33477783,0.0825180947804555
238900,76654943995.21748,76563873792.0,76662609489.6172,76571213824.0,91395665.61720276,0.11921804674491406
239000,77425300280.13759,77297876992.0,77433042810.1658,77305217024.0,127825786.165802,0.16507912065289573
239100,78203398385.41234,78031880192.0,78211218725.25108,78039220224.0,171998501.25108337,0.21991538305431413
239200,78989316113.7202,78787903488.0,78997215045.33177,78796292096.0,200922949.33177185,0.25434181346326473
239300,79783132049.63031,79626764288.0,79791110362.83546,79635152896.0,155957466.83546448,0.19545719582830276
239400,80584925567.4602,80465625088.0,80592984060.01715,80474013696.0,118970364.01715088,0.14761876037317878
239500,81394776839.21263,81304485888.0,81402916316.89674,81312874496.0,90041820.89674377,0.11061252467444321
239600,82212766842.59167,82143346688.0,82220988119.27614,82151735296.0,69252823.2761383,0.08422767089064266
239700,83038977369.1,82982207488.0,83047281266.83711,82990596096.0,56685170.83711243,0.06825650397269327
239800,83873491032.21729,83821068288.0,83881878381.32071,83829456896.0,52421485.32070923,0.06249441039267755
239900,84716391275.66087,84659929088.0,84724862914.78864,84668317696.0,56545218.788635254,0.06673981738454408
240000,85567762381.72905,85498789888.0,85576319157.96742,85507178496.0,69140661.96742249,0.08079415269052885
240100,86427689479.7289,86337650688.0,86436332248.67706,86346039296.0,90292952.67706299,0.10446180480829571
240200,87296258554.48808,87176511488.0,87304988180.34373,87184900096.0,120088084.34373474,0.13755008373138058
240300,88173556454.9529,88015372288.0,88182373810.59859,88023760896.0,158612914.59858704,0.17986918217835893
240400,89059670902.87216,88854233088.0,89068576869.96265,88862621696.0,205955173.96264648,0.23123213730397268
240500,89954690501.56862,89758105600.0,89963685970.61897,89767542784.0,196143186.61897278,0.21802484469459235
240600,90858704744.7985,90701824000.0,90867790615.27316,90711261184.0,156529431.27316284,0.17226063296277966
240700,91771804025.69997,91645542400.0,91780981206.10274,91654979584.0,126001622.10273743,0.13728511119290504
240800,92694079645.83174,92589260800.0,92703349053.79652,92598697984.0,104651069.79652405,0.11288812202005147
240900,93625623824.30232,93532979200.0,93634986386.68495,93542416384.0,92570002.68495178,0.09886262203602499
241000,94566529706.99124,94476697600.0,94575986359.96214,94486134784.0,89851575.96214294,0.09500464062850184
241100,95516891375.86232,95420416000.0,95526443065.0001,95429853184.0,96589881.00010681,0.10111323933037379
241200,96476803858.37157,96364134400.0,96486451538.7576,96373571584.0,112879954.75759888,0.11699047167493375
241300,97446363136.9687,97307852800.0,97456107773.2826,97317289984.0,138817789.28259277,0.14244134354876156
241400,98425666158.69484,98251571200.0,98435508725.31091,98261008384.0,174500341.3109131,0.17727377403805042
241500,99414810844.87578,99195289600.0,99424752325.96046,99204726784.0,220025541.96046448,0.2212985567609147
241600,100413896100.91385,100199825408.0,100423937490.52414,100210311168.0,213626322.5241394,0.2127245036018398
241700,101423021826.17714,101248401408.0,101433164128.35995,101258887168.0,174276960.35995483,0.17181457549664303
241800,102442288923.98854,102296977408.0,102452533152.88113,102307463168.0,145069984.88113403,0.14159726501311443
241900,103471799311.71532,103345553408.0,103482146491.64668,103356039168.0,126107323.64668274,0.12186384600831837
242000,104511655930.95973,104394129408.0,104522107096.55302,104404615168.0,117491928.55302429,0.1124086873262996
242100,105561962757.85268,105442705408.0,105572518954.12866,105453191168.0,119327786.12866211,0.11302921187331917
242200,106622824813.44978,106491281408.0,106633487095.93132,106501767168.0,131719927.93132019,0.1235258562001449
242300,107694348174.23279,107539857408.0,107705117609.05042,107550343168.0,154774441.05041504,0.14370203058708642
242400,108776639982.71628,108588433408.0,108787517646.71475,108598919168.0,188598478.7147522,0.17336407962466974
242500,109869808458.16092,109637009408.0,109880795439.00693,109647495168.0,233300271.0069275,0.21232124328443613
242600,110973962907.39432,110739062784.0,110985060303.68526,110750597120.0,234463183.68525696,0.21125652681874665
242700,112089213735.74083,111892496384.0,112100422657.1146,111904030720.0,196391937.1145935,0.17519286052587352
242800,113215672458.06108,113045929984.0,113226994025.30708,113057464320.0,169529705.30708313,0.14972551975476092
242900,114353451709.9022,114199363584.0,114364887055.0734,114210897920.0,153989135.07339478,0.1346472147515347
243000,115502665258.76068,115352797184.0,115514215525.28676,115364331520.0,149884005.28675842,0.12975373169889026
243100,116663428015.45763,116506230784.0,116675094358.25937,116517765120.0,157329238.2593689,0.13484389202744335
243200,117835856045.62946,117659664384.0,117847639631.23422,117671198720.0,176440911.2342224,0.14971951223319935
243300,119020066581.33269,118813097984.0,119031968587.99101,118824632320.0,207336267.99101257,0.17418536419293537
243400,120216178032.7666,119966531584.0,120228199650.57007,119978065920.0,250133730.57006836,0.2080491359739681
243500,121424310000.1128,121171345408.0,121436452431.113,121183928320.0,252524111.1130066,0.20794753639254687
243600,122644583285.49438,122429636608.0,122656847743.82314,122442219520.0,214628223.82313538,0.17498266731214263
243700,123877119905.05511,123687927808.0,123889507617.04582,123700510720.0,188996897.04582214,0.1525527873030454
243800,125122043101.15959,124946219008.0,125134555305.46991,124958801920.0,175753385.46990967,0.1404515203980807
243900,126379477354.7164,126204510208.0,126392115302.45207,126217093120.0,175022182.45207214,0.13847555445468251
244000,127649548397.62546,127462801408.0,127662313352.46542,127475384320.0,186929032.46542358,0.14642460061751153
244100,128932383225.34962,128721092608.0,128945276463.67236,128733675520.0,211600943.67236328,0.16410135328375322
244200,130228110109.6135,129979383808.0,130241132920.62465,129991966720.0,249166200.62464905,0.19131145056646828
244300,131536858611.2288,131247112192.0,131550012297.09012,131260743680.0,289268617.0901184,0.2198925047888551
244400,132858759593.0499,132610260992.0,132872045469.0094,132623892480.0,248152989.0093994,0.18676087068086697
244500,134193945233.0586,133973409792.0,134207364627.58209,133987041280.0,220323347.5820923,0.16416636165494883
244600,135542549037.58064,135336558592.0,135556103292.4846,135350190080.0,205913212.48460388,0.15190257574777893
244700,136904705854.6353,136699707392.0,136918396325.22096,136713338880.0,205057445.22096252,0.14976617512659987
244800,138280551887.41968,138110042112.0,138294379942.60864,138124722176.0,169657766.60864258,0.12267871382701855
244900,139670224707.92606,139578048512.0,139684191730.39706,139592728576.0,91463154.39706421,0.06547852929098538
245000,141073863270.69806,141046054912.0,141087970657.02533,141060734976.0,27235681.02532959,0.019304041938158968
245100,142491607926.72656,142514061312.0,142505857087.51944,142528741376.0,22884288.480560303,0.01605848976895455
245200,143923600437.48206,143982067712.0,143937992797.526,143996747776.0,58754978.47399902,0.040819645551573164
245300,145369983989.0901,145450074112.0,145384520987.4892,145464754176.0,80233188.51080322,0.05518688507266021
245400,146830903206.64868,146918080512.0,146845586296.96954,146932760576.0,87174279.03045654,0.059364589177479124
245500,148306504168.68875,148386086912.0,148321334819.10583,148400766976.0,79432156.89416504,0.053554100622841126
245600,149796934421.7812,149854093312.0,149811914115.22357,149868773376.0,56859260.77642822,0.0379537642998784
245700,151302342995.2902,151322099712.0,151317473229.58994,151336779776.0,19306546.410064697,0.012758966957352897
245800,152822880416.27466,152790106112.0,152838162704.3165,152804786176.0,33376528.316497803,0.02183782356836404
245900,154358698724.5395,154258112512.0,154374134594.41217,154272792576.0,101342018.41217041,0.06564701961143085
246000,155909951487.8385,155726118912.0,155925542482.9875,155740798976.0,184743506.9874878,0.11848187541668777
246100,157476793817.22922,157194125312.0,157492541496.61115,157208805376.0,283736120.611145,0.1801584493556797
246200,159059382382.5832,158867652608.0,159075288320.82166,158884429824.0,190858496.82165527,0.11997997856004733
246300,160657875428.25113,160545374208.0,160673941215.79416,160562151424.0,111789791.79415894,0.06957555839376527
246400,162272432788.8857,162223095808.0,162288660032.16483,162239873024.0,48787008.16482544,0.030061871331709865
246500,163903215905.42435,163900817408.0,163919606227.0151,163917594624.0,2011603.0151062012,0.0012271887795534948
246600,165550387841.23108,165578539008.0,165566942880.0154,165595316224.0,28373343.984588623,0.017137082735863816
246700,167214113298.4012,167256260608.0,167230834709.73126,167273037824.0,42203114.26873779,0.025236442993298035
246800,168894558634.2314,168933982208.0,168911448090.09506,168950759424.0,39311333.904937744,0.023273338988823073
246900,170591891877.85217,170611703808.0,170608951067.04016,170628481024.0,19529956.959838867,0.011447205341626326
247000,172306282747.03046,172289425408.0,172323513375.30536,172306202624.0,17310751.305358887,0.010045495803963562
247100,174037902665.13907,173967147008.0,174055306455.4058,173983924224.0,71382231.40579224,0.04101123537079915
247200,175786924778.29794,175644868608.0,175804503470.77597,175661645824.0,142857646.77597046,0.08125937843208762
247300,177553523972.687,177322590208.0,177571279325.0845,177339367424.0,231911901.08450317,0.13060214577827975
247400,179337876892.03302,179082100736.0,179355810679.72244,179100975104.0,254835575.72244263,0.14208381359748928
247500,181140161955.27325,180969537536.0,181158275971.469,180988411904.0,169864067.46899414,0.0937655575259208
247600,182960559374.3937,182856974336.0,182978855430.33136,182875848704.0,103006726.33135986,0.056294333074227446
247700,184799251172.45126,184744411136.0,184817731097.56873,184763285504.0,54445593.568725586,0.029459074757271393
247800,186656421201.7724,186631847936.0,186675086843.8928,186650722304.0,24364539.892791748,0.013051843341670234
247900,188532255162.33698,188519284736.0,188551108387.85342,188538159104.0,12949283.853424072,0.006867784530222508
248000,190426940620.34766,190406721536.0,190445983314.4099,190425595904.0,20387410.40991211,0.01070508815943587
248100,192340667026.98364,192294158336.0,192359901093.68655,192313032704.0,46868389.686553955,0.024364947902383916
248200,194273625737.34457,194181595136.0,194293053099.91852,194200469504.0,92583595.91851807,0.04765152147303248
248300,196226010029.584,196069031936.0,196245632630.5872,196087906304.0,157726326.58718872,0.08037189132463028
248400,198198015124.23605,197956468736.0,198217834925.7487,197975343104.0,242491821.74868774,0.12233602583719262
248500,200189838203.7348,199917305856.0,200209857187.5554,199938277376.0,271579811.5553894,0.13564757268718047
248600,202201678432.1312,202014457856.0,202221898599.9746,202035429376.0,186469223.97460938,0.09221020337835596
248700,204233736975.0078,204111609856.0,204254160348.70554,204132581376.0,121578972.70553589,0.05952337641396121
248800,206286217019.59326,206208761856.0,206306845641.29544,206229733376.0,77112265.29544067,0.03737746319359433
248900,208359323795.0792,208305913856.0,208380159727.45892,208326885376.0,53274351.45892334,0.025565942328003313
249000,210453264593.14114,210403065856.0,210474309919.60068,210424037376.0,50272543.60067749,0.023885358559855192
249100,212568248788.6662,212500217856.0,212589505613.5453,212521189376.0,68316237.54528809,0.032135282194727145
249200,214704487860.68802,214597369856.0,214725958309.4743,214618341376.0,107616933.4743042,0.05011826903536322
249300,216862195413.53326,216694521856.0,216883881633.07483,216715493376.0,168388257.0748291,0.07763982081421299
249400,219041587198.17975,218791673856.0,219063491356.89978,218812645376.0,250845980.89978027,0.11450834611738211
249500,221242881133.83005,220947546112.0,221265005421.94363,220970614784.0,294390637.94363403,0.13304889193039934
249600,223466297329.70062,223254413312.0,223488643959.4338,223277481984.0,211161975.43380737,0.09448443182291451
249700,225712058107.0316,225561280512.0,225734629312.8425,225584349184.0,150280128.84249878,0.06657380362949436
249800,227980388021.31647,227868147712.0,228003186060.1188,227891216384.0,111969676.11880493,0.049108820825548155
249900,230271513884.75476,230175014912.0,230294541036.14343,230198083584.0,96457452.14343262,0.04188438497475898
250000,232585664788.93286,232481882112.0,232608923355.41196,232504950784.0,103972571.41195679,0.04469844488858803
250100,234923072127.72983,234788749312.0,234946564434.9428,234811817984.0,134746450.94281006,0.05735195629137264
250200,237283969620.4553,237095616512.0,237307698017.41754,237118685184.0,189012833.4175415,0.07964884198727874
250300,239668593335.21838,239402483712.0,239692560194.55212,239425552384.0,267007810.55212402,0.11139595252159717
250400,242077181712.5335,241763876864.0,242101389430.705,241789042688.0,312346742.7049866,0.12901484929081228
250500,244509975589.1616,244280459264.0,244534426586.7207,244305625088.0,228801498.72070312,0.09356617058562178
250600,246967218222.1913,246797041664.0,246991914944.01373,246822207488.0,169707456.0137329,0.06870972114702657
250700,249449155313.36325,249313624064.0,249474100228.8948,249338789888.0,135310340.8948059,0.0542382318527885
250800,251956035033.63715,251830206464.0,251981230637.14072,251855372288.0,125858349.14071655,0.04994750951191111
250900,254488108048.0074,254346788864.0,254513556858.8124,254371954688.0,141602170.81240845,0.05563639617474685
251000,257045627540.56665,256863371264.0,257071332103.32092,256888537088.0,182795015.32092285,0.0711067289476894
251100,259628849239.8218,259379953664.0,259654812124.746,259405119488.0,249692636.7460022,0.09616330030734895
251200,262238031444.26544,261896536064.0,262264255247.41006,261921701888.0,342553359.4100647,0.13061381890830415
251300,264873435048.20242,264593473536.0,264899922391.70746,264620736512.0,279185879.7074585,0.10539296394908956
251400,267535323567.83752,267319771136.0,267562077100.19452,267347034112.0,215042988.19451904,0.08037125086078303
251500,270223963167.62372,270046068736.0,270250985563.9407,270073331712.0,177653851.94070435,0.065736615749981
251600,272939622686.87747,272772366336.0,272966916649.14636,272799629312.0,167287337.1463623,0.06128483964281371
251700,275682573666.6579,275544801280.0,275710141924.0247,275574161408.0,135980516.02471924,0.04932009938981147
251800,278453090376.92065,278480814080.0,278480935685.9585,278510174208.0,29238522.041503906,0.010499290362366506
251900,281251449843.9435,281416826880.0,281279574988.92804,281446187008.0,166612019.07196045,0.059233600263552295
252000,284077931878.02496,284352839680.0,284106339671.21295,284382199808.0,275860136.78704834,0.09709749423623996
252100,286932819101.4603,287288852480.0,286961512383.37067,287318212608.0,356700224.6293335,0.12430246191091798
252200,289816396976.805,290224865280.0,289845378616.50287,290254225408.0,408846791.49713135,0.1410568605401435
252300,292728953835.41516,293160878080.0,292758226730.7989,293190238208.0,432011477.20111084,0.14756595639526127
252400,295670780906.2802,296096890880.0,295700347984.37103,296126251008.0,425903023.6289673,0.14403196564769616
252500,298642172345.1435,299032903680.0,298672036562.3782,299062263808.0,390227245.6218262,0.13065409474325748
252600,301643425263.9128,301968916480.0,301673589606.43933,301998276608.0,324687001.56066895,0.10762858027587126
252700,304674839760.37103,304904929280.0,304705307244.3472,304934289408.0,228982163.652771,0.07514872836433635
252800,307736718948.1821,307840942080.0,307767492620.07715,307870302208.0,102809587.92285156,0.03340495354061471
252900,310829368987.20044,310776954880.0,310860451924.09937,310806315008.0,54136916.099365234,0.017415182846283538
253000,313953099114.0817,313712967680.0,313984494423.9933,313742327808.0,242166615.99328613,0.07712693470342936
253100,317108221673.2077,316963553280.0,317139932495.3752,316997107712.0,142824783.3751831,0.04503525691368617
253200,320295052147.91486,320318996480.0,320327081653.1298,320352550912.0,25469258.870178223,0.007951016423193942
253300,323513909192.0399,323674439680.0,323546260582.9593,323707994112.0,161733529.04071045,0.04998776025082229
253400,326765114661.7836,327029882880.0,326797791173.25,327063437312.0,265646138.75,0.08128761758036768
253500,330048993647.8928,330385326080.0,330081998547.2578,330418880512.0,336881964.7421875,0.10206008392607212
253600,333365874508.1661,333740769280.0,333399211095.61707,333774323712.0,375112616.3829346,0.11251154888766497
253700,336716088900.2871,337096212480.0,336749760509.1773,337129766912.0,380006402.8226929,0.1128453372166056
253800,340099971814.9879,340451655680.0,340133981812.1696,340485210112.0,351228299.8303833,0.10326174937273402
253900,343517861609.54346,343807098880.0,343552213395.7046,343840653312.0,288439916.29541016,0.0839581015777605
254000,346970100041.60504,347162542080.0,347004797051.6094,347196096512.0,191299460.390625,0.05512876537040305
254100,350457032303.3725,350517985280.0,350492078006.603,350551539712.0,59461705.396972656,0.016965206670335197
254200,353979007056.112,353873428480.0,354014404956.8178,353906982912.0,107422044.81781006,0.030343975644412904
254300,357536376465.0161,357295980544.0,357572130102.6628,357333729280.0,238400822.66278076,0.06667209287097776
254400,361129496234.41895,361070854144.0,361165609184.04254,361108602880.0,57006304.042541504,0.01578397903702184
254500,364758725643.3632,364845727744.0,364795201515.92773,364883476480.0,88274964.07226562,0.024198499241611146
254600,368424427581.5252,368620601344.0,368461270024.28357,368658350080.0,197080055.71643066,0.05348731922447155
254700,372126968585.499,372395474944.0,372164181282.3577,372433223680.0,269042397.64227295,0.07229131957708548
254800,375866718875.4476,376170348544.0,375904305547.33527,376208097280.0,303791732.6647339,0.08081624184176292
254900,379644052392.1217,379945222144.0,379682016797.3611,379982970880.0,300954082.638916,0.07926477139409457
255000,383459346834.25085,383720095744.0,383497692768.93445,383757844480.0,260151711.06555176,0.0678365778910432
255100,387312983696.30835,387494969344.0,387351714994.67816,387532718080.0,181003085.32183838,0.046728355216995796
255200,391205348306.6577,391269842944.0,391244468841.4886,391307591680.0,63122838.511413574,0.01613386093312097
255300,395136829866.0837,395044716544.0,395176343549.0705,395082465280.0,93878269.0704956,0.023756044764060732
255400,399107821486.70636,398869921792.0,399147732268.8552,398911864832.0,235867436.8552246,0.0590927663585849
255500,403118720231.2898,403064225792.0,403159032103.3131,403106168832.0,52863271.31311035,0.013112262681383675
255600,407169927152.9451,407258529792.0,407210644145.6606,407300472832.0,89828686.3394165,0.022059513333174192
255700,411261847335.23145,411452833792.0,411302973519.96515,411494776832.0,191803312.03485107,0.04663309637501094
255800,415394889932.6605,415647137792.0,415436429421.654,415689080832.0,252651410.3460083,0.060815901652566826
255900,419569468211.60925,419841441792.0,419611425158.4306,419883384832.0,271959673.569397,0.06481226612614624
256000,423785999591.6417,424035745792.0,423828378191.6011,424077688832.0,249310640.39892578,0.058823489229930546
256100,428044905687.24774,428230049792.0,428087710177.81665,428271992832.0,184282654.1833496,0.04304787308815834
256200,432346612350.0,432424353792.0,432389847011.23517,432466296832.0,76449820.76483154,0.017680762231876614
256300,436691549711.1352,436618657792.0,436735218866.1065,436660600832.0,74618034.10650635,0.01708541717799558
256400,441080152224.5648,440833933312.0,441124260239.7875,440880070656.0,244189583.7874756,0.05535619003469417
256500,445512858710.31433,445447667712.0,445557409996.18555,445493805056.0,63604940.185546875,0.014275363568993591
256600,449990112398.40247,450061402112.0,450035111409.64246,450107539456.0,72428046.35754395,0.016093865683208135
256700,454512360973.1599,454675136512.0,454557812209.2574,454721273856.0,163461646.74261475,0.035960584627982274
256800,459080056617.9937,459288870912.0,459125964623.6557,459335008256.0,209043632.34429932,0.045530779884263746
256900,463693656060.6008,463902605312.0,463740025426.2071,463948742656.0,208717229.7929077,0.04500737877889299
257000,468353620618.6385,468516339712.0,468400455980.7005,468562477056.0,162021075.2994995,0.03459028983229155
257100,473060416245.84875,473130074112.0,473107722287.4735,473176211456.0,68489168.52648926,0.014476442742330323
257200,477814513578.6531,477743808512.0,477862295030.0111,477789945856.0,72349174.0111084,0.015140172129831809
257300,482616387983.20905,482370125824.0,482664649622.00757,482420457472.0,244192150.00756836,0.05059250769634863
257400,487466519602.94275,487403290624.0,487515266254.9032,487453622272.0,61643982.90319824,0.01264452360163978
257500,492365393406.56067,492436455424.0,492414629945.9015,492486787072.0,72157126.09851074,0.014653733197658687
257600,497313499236.5407,497469620224.0,497363230586.46454,497519951872.0,156721285.53546143,0.03151042857564358
257700,502311331858.11176,502502785024.0,502361562991.2977,502553116672.0,191553680.7022705,0.038130640322414304
257800,507359391008.72644,507535949824.0,507410126947.8275,507586281472.0,176154524.17248535,0.034716398987164436
257900,512458181448.02954,512569114624.0,512509427266.1745,512619446272.0,110019005.82550049,0.021466728214613217
258000,517608213008.32983,517602279424.0,517659973829.63086,517652611072.0,7362757.630859375,0.0014223154199831107
258100,522810000645.5793,522635444224.0,522862281645.64404,522685775872.0,176505773.64404297,0.0337576030706428
258200,528064064490.86163,527932850176.0,528116870897.3109,527987376128.0,129494769.31091309,0.02452009705558006
258300,533370929902.40393,533385445376.0,533424266995.39435,533439971328.0,15704332.605651855,0.0029440603994470033
258400,538731127518.1044,538838040576.0,538785000630.8564,538892566528.0,107565897.14361572,0.019964530753021743
258500,544145193308.5934,544290635776.0,544199607827.92444,544345161728.0,145553900.07556152,0.026746417671360313
258600,549613668630.8254,549743230976.0,549668629997.68866,549797756928.0,129126930.31134033,0.02349177727531646
258700,555137100282.2153,555611062272.0,555192613992.2438,555669782528.0,477168535.7562256,0.08594648482893755
258800,560716040555.2944,561483087872.0,560772112159.3502,561541808128.0,769695968.6497803,0.13725646335833863
258900,566351047292.9547,567355113472.0,566407682397.6842,567413833728.0,1006151330.3157959,0.17763730287989993
259000,572042683944.2192,573227139072.0,572099888212.6139,573285859328.0,1185971115.3861084,0.20730140659376545
259100,577791519620.5851,579099164672.0,577849298772.5474,579157884928.0,1308586155.4526367,0.2264580329563957
259200,583598129152.925,584971190272.0,583656488965.8406,585029910528.0,1373421562.1594238,0.23531333723247708
259300,589463093148.971,590843215872.0,589522039458.2861,590901936128.0,1379896669.7138672,0.23407041252976038
259400,595386998051.3635,596715241472.0,595446536751.169,596773961728.0,1327424976.8310547,0.22292933032638865
259500,601370436196.2957,602587267072.0,601430573239.9155,602645987328.0,1215414088.0844727,0.20208718049317292
259600,607414005872.7382,608459292672.0,607474747273.3257,608518012928.0,1043265654.6743164,0.17173811081975923
259700,613518311382.2633,614331318272.0,613579663213.4017,614390038528.0,810375314.5982666,0.13207336604903408
259800,619683963099.4711,620203343872.0,619745931495.7812,620262064128.0,516132632.21875,0.08328132642566019
259900,625911577533.0194,626075369472.0,625974168690.773,626134089728.0,159921037.22705078,0.02554754576559064
260000,632201777387.2698,632383602688.0,632264997565.0088,632450711552.0,185713986.99121094,0.029372808506945073
260100,638555191624.5518,639094489088.0,638619047143.7145,639161597952.0,542550808.2855225,0.08495687855101308
260200,644972455528.0549,645805375488.0,645036952773.608,645872484352.0,835531578.3919678,0.12953235854151424
260300,651454210765.3486,652516261888.0,651519356186.4254,652583370752.0,1064014565.574585,0.16331280958445207
260400,658001105452.546,659227148288.0,658066905563.0916,659294257152.0,1227351588.9084473,0.1865086328658684
260500,664613794219.107,665938034688.0,664680255598.5292,666005143552.0,1324887953.4708252,0.19932711139099418
260600,671292938273.298,672648921088.0,671360067567.1255,672716029952.0,1355962384.8745117,0.20197245120464907
260700,678039205468.3027,679359807488.0,678107009388.8499,679426916352.0,1319906963.1501465,0.19464582210110534
260800,684853270369.0057,686070693888.0,684921755696.0428,686137802752.0,1216047055.9571533,0.1775453978274294
260900,691735814319.4392,692781580288.0,691804987900.8713,692848689152.0,1043701251.1286621,0.1508663957881457
261000,698687525510.9141,699492466688.0,698757394263.4653,699559575552.0,802181288.534668,0.1148011162558384
261100,705709099050.8309,706203353088.0,705779669960.7362,706270461952.0,490791991.26379395,0.06953898109463788
261200,712801237032.1835,712914239488.0,712872517155.887,712981348352.0,108831196.11303711,0.015266572001854647
261300,719964648603.765,720405266432.0,720036645068.6256,720480763904.0,444118835.37438965,0.0616800323172526
261400,727200050041.0734,727955013632.0,727272770046.0778,728030511104.0,757741057.9222412,0.10418938933658042
261500,734508164817.9337,735504760832.0,734581615634.4158,735580258304.0,998642669.5842285,0.13594713621055687
261600,741889723678.8372,743054508032.0,741963912651.2053,743130005504.0,1166092852.7946777,0.15716301465767565
261700,749345464712.0107,750604255232.0,749420399258.4822,750679752704.0,1259353445.5178223,0.1680436570400133
261800,756876133423.2192,758154002432.0,756951821036.5618,758229499904.0,1277678867.4382324,0.16879262747377932
261900,764482482810.3096,765703749632.0,764558931058.5908,765779247104.0,1220316045.4091797,0.1596104624295681
262000,772165273438.5006,773253496832.0,772242489965.8447,773328994304.0,1086504338.1552734,0.14069471082889107
262100,779925273516.4347,780803244032.0,780003266043.7866,780878741504.0,875475460.2133789,0.1122399736418838
262200,787763258972.9929,788352991232.0,787842035298.8905,788428488704.0,586453405.1094971,0.07443794299284996
262300,795680013534.8779,795902738432.0,795759581536.2317,795978235904.0,218654367.76831055,0.027477440780064928
262400,803676328804.9832,804199071744.0,803756696437.8639,804282957824.0,526261386.1361084,0.06547521015606148
262500,811753004341.5404,812587679744.0,811834179641.9749,812671565824.0,837386182.0251465,0.10314744106911589
262600,819910847738.074,820976287744.0,819992838822.848,821060173824.0,1067335001.1519775,0.13016394175883353
262700,828150674704.1493,829364895744.0,828233489771.62,829448781824.0,1215292052.380005,0.14673302485209982
262800,836473309146.9379,837753503744.0,836556956477.8528,837837389824.0,1280433346.1472168,0.15305991256569215
262900,844879583253.5984,846142111744.0,844964071211.924,846225997824.0,1261926612.0760498,0.14934677758145154
263000,853370337574.4908,854530719744.0,853455674608.2485,854614605824.0,1158931215.7514648,0.13579278341355397
263100,861946421107.2222,862919327744.0,862032615749.3331,863003213824.0,970598074.6668701,0.1125941242748878
263200,870608691381.5381,871307935744.0,870695752250.6765,871391821824.0,696069573.3234863,0.07994406444779409
263300,879358014545.0681,879696543744.0,879445950346.5228,879780429824.0,334479477.47717285,0.03803297716538235
263400,888195265449.9321,888773017600.0,888284084976.4774,888865292288.0,581207311.522583,0.06543034163873081
263500,897121327740.2206,898000486400.0,897211039872.9949,898092761088.0,881721215.005127,0.09827355837372881
263600,906137093940.346,907227955200.0,906227707649.7402,907320229888.0,1092522238.2597656,0.1205571435343962
263700,915243465544.2911,916455424000.0,915334989890.8458,916547698688.0,1212708797.1541748,0.13248797550050948
263800,924441353105.7487,925682892800.0,924533797241.0594,925775167488.0,1241370246.9405518,0.13426986126899604
263900,933731676329.166,934910361600.0,933825049496.7992,935002636288.0,1177586791.2008057,0.12610357709245001
264000,943115364161.7131,944137830400.0,943209675698.1295,944230105088.0,1020429389.8704834,0.10818690861236116
264100,952593354886.1624,953365299200.0,952688614221.6512,953457573888.0,768959666.3487549,0.08071469049485773
264200,962166596214.7114,962592768000.0,962262812874.3331,962685042688.0,422229813.6668701,0.043878845572930945
264300,971836045383.7461,972491325440.0,971933228988.2847,972591988736.0,658759747.715332,0.0677782925891993
264400,981602669249.5533,982557655040.0,981700829516.4785,982658318336.0,957488819.5214844,0.09753366715530642
264500,991467444385.0001,992623984640.0,991566591129.4388,992724647936.0,1158056806.5611572,0.11679062373834909
264600,1001431357177.1805,1002690314240.0,1001531500312.8984,1002790977536.0,1259477223.1015625,0.12575512829182872
264700,1011495403926.0453,1012756643840.0,1011596553466.4381,1012857307136.0,1260753669.5618896,0.1246300874831636
264800,1021660590944.0227,1022822973440.0,1021762757003.1173,1022923636736.0,1160879732.8826904,0.11361538918169325
264900,1031927934656.6417,1032889303040.0,1032031127450.1077,1032989966336.0,958838885.892334,0.09290794244369222
265000,1042298461704.1644,1042955632640.0,1042402691550.3351,1043056295936.0,653604385.664917,0.06270171700082915
265100,1052773209044.2399,1053357506560.0,1052878486365.1445,1053466558464.0,588072098.8554688,0.05585374822176031
265200,1063353224055.591,1064262696960.0,1063459559377.9967,1064371748864.0,912189486.0032959,0.08577566283167583
265300,1074039564642.7434,1075167887360.0,1074146968599.2079,1075276939264.0,1129970664.7921143,0.10519702590286185
265400,1084833299341.8069,1086073077760.0,1084941782671.7413,1086182129664.0,1240346992.258667,0.11432382935831174
265500,1095735507427.3158,1096978268160.0,1095845080978.0587,1097087320064.0,1242239085.9412842,0.11335900552955593
265600,1106747279020.1511,1108520992768.0,1106857953748.0535,1108638433280.0,1780479531.9465332,0.16085890026967378
265700,1117869715196.5376,1120265043968.0,1117981502168.0574,1120382484480.0,2400982311.942627,0.21476046851280606
265800,1129103928098.1458,1132009095168.0,1129216838490.9558,1132126535680.0,2909697189.0441895,0.2576739107904734
265900,1140451041043.2954,1143753146368.0,1140565086147.4,1143870586880.0,3305500732.6000977,0.28981254754741054
266000,1151912188639.274,1155497197568.0,1152027379858.1382,1155614638080.0,3587258221.8618164,0.31138654207190414
266100,1163488516895.788,1167241248768.0,1163604865747.4778,1167358689280.0,3753823532.522217,0.32260294220330815
266200,1175181183339.5562,1178985299968.0,1175298701457.8904,1179102740480.0,3804039022.109619,0.3236657215217653
266300,1186991357130.048,1190729351168.0,1187110056265.7612,1190846791680.0,3736735414.2387695,0.3147758200274413
266400,1198920219176.3943,1202473402368.0,1199040111198.3123,1202590842880.0,3550731681.687744,0.2961311843136897
266500,1210968962255.458,1214217453568.0,1211090059151.6838,1214334894080.0,3244834928.316162,0.2679268072424794
266600,1223138791131.108,1225961504768.0,1223261105010.2212,1226078945280.0,2817840269.7788086,0.2303547671251481
266700,1235430922674.6873,1237705555968.0,1235554465766.9548,1237822996480.0,2268530713.045166,0.18360426641629304
266800,1247846585986.6816,1249449607168.0,1247971370645.2805,1249567047680.0,1595677034.7194824,0.1278616699271247
266900,1260387022519.6216,1261680197632.0,1260513061221.8738,1261814415360.0,1301354138.1262207,0.10324003599492715
267000,1273053486202.2136,1275101970432.0,1273180791550.834,1275236188160.0,2055396609.1660156,0.16143792168450655
267100,1285847243564.7266,1288523743232.0,1285975828289.0833,1288657960960.0,2682132670.916748,0.2085678915508988
267200,1298769573865.6316,1301945516032.0,1298899450823.0183,1302079733760.0,3180282936.9816895,0.24484442848648333
267300,1311821769219.5132,1315367288832.0,1311952951396.4353,1315501506560.0,3548555163.5646973,0.2704788429941512
267400,1325005134726.2717,1328789061632.0,1325137635239.7446,1328923279360.0,3785644120.255371,0.2856793150826533
267500,1338320988601.62,1342210834432.0,1338454820700.4805,1342345052160.0,3890231459.5195312,0.2906509356426075
267600,1351770662308.8936,1355632607232.0,1351905839375.1248,1355766824960.0,3860985584.875244,0.28559574730884074
267700,1365355500692.1858,1369054380032.0,1365492036242.2551,1369188597760.0,3696561517.744873,0.2707127848154698
267800,1379076862110.8162,1382476152832.0,1379214769797.0276,1382610370560.0,3395600762.972412,0.2461981148499538
267900,1392936118575.1577,1395897925632.0,1393075412187.0154,1396032143360.0,2956731172.984619,0.21224487541150347
268000,1406934655883.8252,1409319698432.0,1407075349349.4138,1409453916160.0,2378566810.5861816,0.16904331468005276
268100,1421073873762.2373,1422741471232.0,1421215981149.6138,1422875688960.0,1659707810.3862305,0.11678082940241791
268200,1435355186002.585,1437337649152.0,1435498721521.1855,1437488644096.0,1989922574.8144531,0.13862238572429725
268300,1449780020605.192,1452437143552.0,1449924998607.2527,1452588138496.0,2663139888.7473145,0.18367432048591711
268400,1464349819921.2993,1467536637952.0,1464496254903.2917,1467687632896.0,3191377992.708252,0.21791643249500797
268500,1479066040797.2961,1482636132352.0,1479213947401.3762,1482787127296.0,3573179894.6237793,0.24155937015744058
268600,1493930154720.3816,1497735626752.0,1494079547735.8538,1497886621696.0,3807073960.14624,0.2548106602433268
268700,1508943647965.702,1512835121152.0,1509094542330.4988,1512986116096.0,3891573765.5012207,0.257874749151995
268800,1524108021744.973,1527934615552.0,1524260432547.1477,1528085610496.0,3825177948.852295,0.25095304366460197
268900,1539424792356.5754,1543034109952.0,1539578734835.8113,1543185104896.0,3606370060.1887207,0.23424395119183838
269000,1554895491337.179,1558133604352.0,1555050980886.313,1558284599296.0,3233618409.6870117,0.2079429195204897
269100,1570521665614.8782,1573233098752.0,1570678717781.44,1573384093696.0,2705375914.5600586,0.17224247606673893
269200,1586304877663.8723,1588332593152.0,1586463508151.639,1588483588096.0,2020079944.361084,0.12733226664095437
269300,1602246705660.699,1604539383808.0,1602406930331.2654,1604707155968.0,2300225636.734619,0.14354815828580408
269400,1618348743642.0369,1621316599808.0,1618510578516.4014,1621484371968.0,2973793451.598633,0.18373642354099062
269500,1634612601664.094,1638093815808.0,1634776062924.2607,1638261587968.0,3485525043.739258,0.2132111622373775
269600,1651039905963.5986,1654871031808.0,1651205009954.1953,1655038803968.0,3833794013.8046875,0.23218158803376193
269700,1667632299120.4097,1671648247808.0,1667799062350.322,1671816019968.0,4016957617.6779785,0.24085381197043837
269800,1684391440221.7583,1688425463808.0,1684559879365.7808,1688593235968.0,4033356602.2192383,0.23943088349805383
269900,1701319005028.1445,1705202679808.0,1701489136928.6475,1705370451968.0,3881315039.352539,0.22811283099689303
270000,1718416686140.8906,1721979895808.0,1718588527809.505,1722147667968.0,3559140158.495117,0.2070967017935096
270100,1735686193171.3901,1738757111808.0,1735859761790.7075,1738924883968.0,3065122177.2924805,0.17657660167953373
270200,1753129252912.056,1755534327808.0,1753304565837.3474,1755702099968.0,2397534130.652588,0.13674373393920683
270300,1770747609508.9802,1773301399552.0,1770924684269.9314,1773485948928.0,2561264658.0686035,0.14462866099381816
270400,1788543024636.336,1791756337152.0,1788721878938.7998,1791940886528.0,3219007589.2001953,0.1799613247370768
270500,1806517277672.526,1810211274752.0,1806697929400.2935,1810395824128.0,3697894727.706543,0.2046769782336555
270600,1824672165878.1016,1828666212352.0,1824854633094.6897,1828850761728.0,3996128633.3103027,0.21898339521616833
270700,1843009504575.475,1847121149952.0,1843193805525.9329,1847305699328.0,4111893802.0671387,0.22308526589768243
270800,1861531127330.4407,1865576087552.0,1861717280443.1738,1865760636928.0,4043356484.826172,0.21718423776265686
270900,1880238886135.5054,1884031025152.0,1880426910024.1191,1884215574528.0,3788664503.8808594,0.2014789558522253
271000,1899134651595.0764,1902485962752.0,1899324565060.236,1902670512128.0,3345947067.763916,0.17616510254832624
271100,1918220313112.5027,1920940900352.0,1918412135143.8142,1921125449728.0,2713314584.185791,0.1414354368636428
271200,1937497779078.997,1940352139264.0,1937691528856.9053,1940553465856.0,2861936999.0947266,0.14769827686572268
271300,1956968977064.4622,1960484798464.0,1957164673962.169,1960686125056.0,3521451093.8310547,0.17992615239176968
271400,1976635854010.2236,1980617457664.0,1976833517595.6248,1980818784256.0,3985266660.375244,0.2015984970359279
271500,1996500376423.7131,2000750116864.0,1996700026461.3557,2000951443456.0,4251416994.644287,0.2129221684931234
271600,2016564530575.094,2020882776064.0,2016766187028.1516,2021084102656.0,4317915627.848389,0.21410095308128627
271700,2036830322695.877,2041015435264.0,2037034005728.1467,2041216761856.0,4182756127.8532715,0.20533560638120651
271800,2057299779179.5178,2061148094464.0,2057505509157.436,2061349421056.0,3843911898.563965,0.18682389337261487
271900,2077974946784.043,2081280753664.0,2078182744278.7217,2081482080256.0,3299335977.2783203,0.15876062807091712
272000,2098857892836.7078,2101698625536.0,2099067778625.9917,2101916729344.0,2848950718.008301,0.13572457006953664
272100,2119950705440.7053,2123509006336.0,2120162700511.2495,2123727110144.0,3564409632.7504883,0.168119627417791
272200,2141255493683.961,2145319387136.0,2141469619233.3296,2145537490944.0,4067871710.67041,0.18995701242433474
272300,2162774387850.0215,2167129767936.0,2162990665288.8066,2167347871744.0,4357206455.193359,0.20144360884754797
272400,2184509539631.0627,2188940148736.0,2184727990585.0261,2189158252544.0,4430261958.973877,0.20278322876192667
272500,2206463122343.0347,2211639721984.0,2206683768655.269,2211874603008.0,5190834352.730957,0.23523236208395187
272600,2228637331142.9727,2235127824384.0,2228860194876.087,2235362705408.0,6502510531.913086,0.291741516442425
272700,2251034383248.5293,2258615926784.0,2251259486686.854,2258850807808.0,7591321121.145996,0.3372032929139605
272800,2273656518159.6216,2282104029184.0,2273883883811.4375,2282338910208.0,8455026396.5625,0.37183193287734456
272900,2296505997882.391,2305592131584.0,2296735648482.179,2305827012608.0,9091364125.8208,0.39583850809425625
273000,2319585107155.3706,2329080233984.0,2319817065666.086,2329315115008.0,9498049341.914062,0.409430962574064
273100,2342896153677.9463,2352568336384.0,2343130443293.314,2352803217408.0,9672774114.686035,0.4128141539184122
273200,2366441468341.105,2376056438784.0,2366678112487.939,2376291319808.0,9613207320.061035,0.4061898941531714
273300,2390223405460.501,2399544541184.0,2390462427801.047,2399779422208.0,9316994406.953125,0.3897569900533303
273400,2414244343011.8613,2423032643584.0,2414485767446.1626,2423267524608.0,8781757161.837402,0.36371128296713867
273500,2438506682868.766,2446520745984.0,2438750533537.0527,2446755627008.0,8005093470.947266,0.32824568814494703
273600,2463012851042.814,2470008848384.0,2463259152327.9185,2470243729408.0,6984577080.081543,0.2835502335789852
273700,2487765297926.2046,2493496950784.0,2488014074455.997,2493731831808.0,5717757352.00293,0.22981209836013947
273800,2512766498536.7466,2517186379776.0,2513017775186.6,2517454815232.0,4437040045.399902,0.17656222288640347
273900,2538018952765.3374,2544029925376.0,2538272754660.614,2544298360832.0,6025606171.38623,0.23739001887493763
274000,2563525185625.942,2570873470976.0,2563781538144.5044,2571141906432.0,7360368287.495605,0.2870903069542561
274100,2589287747508.0576,2597717016576.0,2589546676282.8086,2597985452032.0,8438775749.191406,0.32587849550968256
274200,2615309214431.739,2624560562176.0,2615570745353.182,2624828997632.0,9258252278.817871,0.35396680801947583
274300,2641592188305.1626,2651404107776.0,2641856347523.993,2651672543232.0,9816195708.006836,0.3715643251082442
274400,2668139297184.8086,2678247653376.0,2668406111114.527,2678516088832.0,10109977717.473145,0.3788770260779555
274500,2694953195538.2383,2705091198976.0,2695222690857.792,2705359634432.0,10136943574.208008,0.37610782992413083
274600,2722036564509.5127,2731934744576.0,2722308768165.9634,2732203180032.0,9894411866.036621,0.36345663584305865
274700,2749392112187.286,2758778290176.0,2749667051398.505,2759046725632.0,9379674233.495117,0.34112036323541545
274800,2777022573875.584,2785621835776.0,2777300276132.9717,2785890271232.0,8589995099.02832,0.30929299121335085
274900,2804930712367.3228,2812465381376.0,2805211205438.5596,2812733816832.0,7522611393.44043,0.2681655976154695
275000,2833119318220.544,2839308926976.0,2833402630152.366,2839577362432.0,6174732279.633789,0.21792639753785162
275100,2861591210037.457,2867729530880.0,2861877369158.461,2868031520768.0,6154151609.5390625,0.21503896972876582
275200,2890349234746.2764,2897928519680.0,2890638269669.751,2898230509568.0,7592239898.249023,0.26264925563019065
275300,2919396267885.8784,2928127508480.0,2919688207512.667,2928429498368.0,8741290855.333008,0.2993912443404313
275400,2948735213893.3345,2958326497280.0,2949030087414.7236,2958628487168.0,9598399753.276367,0.32547649460202127
275500,2978369006394.3247,2988525486080.0,2978666843294.964,2988827475968.0,10160632673.036133,0.3411134311951641
275600,3008300608496.48,3018724474880.0,3008601438557.3296,3019026464768.0,10425026210.67041,0.3465073863578743
275700,3038533013085.6577,3048923463680.0,3038836866386.9663,3049225453568.0,10388587181.033691,0.3418606406926092
275800,3069069243125.217,3079122452480.0,3069376150049.5293,3079424442368.0,10048292318.470703,0.3273724635642509
275900,3099912351958.263,3109321441280.0,3100222343193.459,3109623431168.0,9401087974.541016,0.30323915299756204
276000,3131065423612.9727,3139520430080.0,3131378530155.334,3139822419968.0,8443889812.666016,0.26965407507750755
276100,3162531573110.9688,3169719418880.0,3162847826268.28,3170021408768.0,7173582499.720215,0.2268077028601165
276200,3194313946778.783,3201361248256.0,3194633378173.461,3201696792576.0,7063414402.5390625,0.221102504306068
276300,3226415722562.468,3234915680256.0,3226738364134.724,3235251224576.0,8512860441.275879,0.26382245724960324
276400,3258840110345.3604,3268470112256.0,3259165994356.395,3268805656576.0,9639662219.60498,0.29577082714710196
276500,3291590352269.0405,3302024544256.0,3291919511304.2676,3302360088576.0,10440577271.732422,0.3171577323163602
276600,3324669723057.513,3335578976256.0,3325002190029.819,3335914520576.0,10912330546.181152,0.32819017620205804
276700,3358081530344.6567,3369133408256.0,3358417338497.6914,3369468952576.0,11051614078.308594,0.32907208855860276
276800,3391829115004.9463,3402687840256.0,3392168297916.447,3403023384576.0,10855086659.553223,0.3200043661224204
276900,3425915851487.5225,3436242272256.0,3426258443072.6714,3436577816576.0,10319373503.328613,0.3011849127783306
277000,3460345148153.5977,3469796704256.0,3460691182668.413,3470132248576.0,9441065907.586914,0.27280867922769264
277100,3495120447617.2627,3503351136256.0,3495469959662.0244,3503686680576.0,8216720913.975586,0.2350677021630035
277200,3530245227089.7153,3538113527808.0,3530598251612.4243,3538482626560.0,7884374947.575684,0.223315551237666
277300,3565722998726.953,3575023403008.0,3566079571026.8257,3575392501760.0,9312930733.174316,0.26115319492135525
277400,3601557309980.9526,3611933278208.0,3601917465711.9507,3612302376960.0,10384911248.049316,0.2883161912205739
277500,3637751743954.389,3648843153408.0,3638115519128.7847,3649212252160.0,11096733031.215332,0.3050132128259812
277600,3674309919758.899,3685753028608.0,3674677350750.875,3686122127360.0,11444776609.125,0.3114498367261115
277700,3711235492876.9766,3722662903808.0,3711606616426.264,3723032002560.0,11425386133.73584,0.30782858515153794
277800,3748532155527.474,3759572779008.0,3748907008743.027,3759941877760.0,11034869016.973145,0.29434896601164384
277900,3786203637034.8003,3796482654208.0,3786582257398.504,3796851752960.0,10269495561.496094,0.271207512828509
278000,3824253704201.817,3833392529408.0,3824636129572.237,3833761628160.0,9125498587.763184,0.23859782417481418
278100,3862686161686.4683,3871443255296.0,3863072430302.6367,3871845908480.0,8773478177.363281,0.22711140771119218
278200,3901504852382.2427,3911708573696.0,3901895002867.481,3912111226880.0,10216224012.519043,0.2618272404821554
278300,3940713657802.3955,3951973892096.0,3941107729168.176,3952376545280.0,11268816111.824219,0.2859301720788702
278400,3980316498468.0894,3992239210496.0,3980714530117.936,3992641863680.0,11927333562.063965,0.29962795552964694
278500,4020317334300.3906,4032504528896.0,4020719366033.821,4032907182080.0,12187816046.1792,0.30312526034866466
278600,4060720165016.2383,4072769847296.0,4061126237032.7397,4073172500480.0,12046263447.260254,0.2966237133288881
278700,4101529030528.3774,4113035165696.0,4101939183431.43,4113437818880.0,11498635448.569824,0.2803219388287169
278800,4142748011349.3047,4153300484096.0,4143162286150.4395,4153703137280.0,10540851129.560547,0.2544155985585211
278900,4184381228999.2983,4193565802496.0,4184799667122.198,4193968455680.0,9168788557.801758,0.21909743087192862
279000,4226432846418.5127,4236985237504.0,4226855489703.1543,4237421445120.0,10565955416.845703,0.24997200501850453
279100,4268907068383.2485,4280605999104.0,4269333959090.087,4281042206720.0,11708247629.913086,0.27424061322221877
279200,4311808141926.3896,4324226760704.0,4312239322740.582,4324662968320.0,12423645579.417969,0.28810195004488526
279300,4355140356762.06,4367847522304.0,4355575870797.7363,4368283729920.0,12707859122.263672,0.2917607108503012
279400,4398908045714.565,4412474916864.0,4399347936519.137,4412944678912.0,13596742392.863281,0.3090626744931052
279500,4443115585151.628,4459451121664.0,4443559896710.143,4459920883712.0,16360987001.857422,0.36819548700064847
279600,4487767395421.992,4506427326464.0,4488216172161.534,4506897088512.0,18680916350.46582,0.41622140364663074
279700,4532867941297.402,4553403531264.0,4533321228091.532,4553873293312.0,20552065220.467773,0.45335559044687235
279800,4578421732419.065,4600379736064.0,4578879574592.308,4600849498112.0,21969923519.692383,0.4798100312923939
279900,4624433323748.557,4647355940864.0,4624895767080.932,4647825702912.0,22929935831.06836,0.49579356997143553
280000,4670907316023.265,4694332145664.0,4671374406754.867,4694801907712.0,23427500957.132812,0.5015119516700769
280100,4717848356216.44,4741308350464.0,4718320141052.0625,4741778112512.0,23457971459.9375,0.49716786395734025
280200,4765261138001.845,4788284555264.0,4765737664115.645,4788754317312.0,23016653196.35547,0.48296097726198617
280300,4813150402223.072,4835260760064.0,4813631717263.295,4835730522112.0,22098804848.70508,0.45908798484627245
280400,4861520937367.606,4882236964864.0,4862007089461.343,4882706726912.0,20699637450.657227,0.42574264228295317
280500,4910377580045.591,4929213169664.0,4910868617803.596,4929682931712.0,18814313908.404297,0.3831158064419787
280600,4959725215473.481,4976189374464.0,4960221187995.028,4976659136512.0,16437948516.97168,0.33139547399127306
280700,5009568777962.503,5023165579264.0,5010069734840.299,5023635341312.0,13565606471.701172,0.2707668194190033
280800,5059913251412.049,5075711819776.0,5060419242737.19,5076248690688.0,15829447950.80957,0.3128090221680406
280900,5110763669808.005,5129398910976.0,5111274746174.985,5129935781888.0,18661035713.01465,0.3650955317355931
281000,5162125117726.126,5183086002176.0,5162641330237.898,5183622873088.0,20981542850.101562,0.40641101149544157
281100,5214002730840.414,5236773093376.0,5214524131113.498,5237309964288.0,22785833174.501953,0.43696860157470047
281200,5266401696436.685,5290460184576.0,5266928336606.328,5290997055488.0,24068718881.671875,0.4569782868391982
281300,5319327253931.221,5344147275776.0,5319859186656.613,5344684146688.0,24824960031.38672,0.46664693858163053
281400,5372784695394.652,5397834366976.0,5373321973864.191,5398371237888.0,25049264023.808594,0.46617835569221566
281500,5426779366081.141,5451521458176.0,5427322044017.749,5452058329088.0,24736285070.250977,0.4557733053176102
281600,5481316664962.849,5505208549376.0,5481864796629.345,5505745420288.0,23880623658.655273,0.4356295630154695
281700,5536402045269.772,5558895640576.0,5536955685474.3,5559432511488.0,22476826013.700195,0.4059419524101684
281800,5592041015035.042,5612582731776.0,5592600219136.546,5613119602688.0,20519383551.4541,0.36690238435498496
281900,5648239137645.6455,5666269822976.0,5648803961559.41,5666806693888.0,18002732328.589844,0.31869989560799
282000,5705002032398.737,5721567526912.0,5705572532601.978,5722171506688.0,16598974086.02246,0.290925651916174
282100,5762335375063.509,5781965504512.0,5762911608601.015,5782569484288.0,19657875686.98535,0.3411101370641607
282200,5820244898448.725,5842363482112.0,5820826922938.569,5842967461888.0,22140538949.430664,0.38036758767349327
282300,5878736392975.915,5902761459712.0,5879324266615.213,5903365439488.0,24041172872.78711,0.408910476486235
282400,5937815707258.416,5963159437312.0,5938409488829.142,5963763417088.0,25353928258.8584,0.42694812990838993
282500,5997488748686.128,6023557414912.0,5998088497560.996,6024161394688.0,26072897127.003906,0.43468676958677643
282600,6057761484016.245,6083955392512.0,6058367260164.646,6084559372288.0,26192112123.353516,0.43232955346853136
282700,6118639939969.847,6144353370112.0,6119251803963.844,6144957349888.0,25705545924.15625,0.4200766163521016
282800,6180130203834.517,6204751347712.0,6180748216854.9,6205355327488.0,24607110633.09961,0.3981251099340371
282900,6242238424073.036,6265149325312.0,6242862647915.443,6265753305088.0,22890657172.55664,0.36666924235791204
283000,6304970810938.13,6325547302912.0,6305601308019.224,6326151282688.0,20549974668.776367,0.32590031727254454
283100,6368333637093.501,6387287457792.0,6368970470457.21,6387958546432.0,18988075974.79004,0.29813414998337934
283200,6432333238240.985,6454396321792.0,6432976471564.81,6455067410432.0,22090938867.19043,0.34340151817494285
283300,6496976013754.075,6521505185792.0,6497625711355.45,6522176274432.0,24550563076.549805,0.37783898561045903
283400,6562268427317.818,6588614049792.0,6562924654160.55,6589285138432.0,26360484271.450195,0.4016575789078888
283500,6628217007575.1045,6655722913792.0,6628879829275.862,6656394002432.0,27514173156.137695,0.41506519751080384
283600,6694828348779.49,6722831777792.0,6695497831614.368,6723502866432.0,28005034817.631836,0.41826665502600086
283700,6762109111454.527,6789940641792.0,6762785322365.673,6790611730432.0,27826408066.32715,0.41146372004890525
283800,6830066023059.801,6857049505792.0,6830749029662.106,6857720594432.0,26971564769.893555,0.39485515648095393
283900,6898705878663.582,6924158369792.0,6899395749251.448,6924829458432.0,25433709180.551758,0.3686367633471554
284000,6968035541622.283,6991267233792.0,6968732345176.445,6991938322432.0,23205977255.554688,0.3330014141182678
284100,7038061944266.731,7059248513024.0,7038765750461.158,7059986710528.0,21220960066.841797,0.301486948410685
284200,7108792088595.338,7133068263424.0,7109502967804.197,7133806460928.0,24303493123.802734,0.34184517868355263
284300,7180233046974.228,7206888013824.0,7180951070278.925,7207626211328.0,26675141049.075195,0.3714708649036801
284400,7252391962844.42,7280707764224.0,7253117202040.704,7281445961728.0,28328759687.2959,0.39057358233954154
284500,7325276051436.094,7354527514624.0,7326008579041.237,7355265712128.0,29257133086.762695,0.39935979832815877
284600,7398892600490.065,7428347265024.0,7399632489750.114,7429085462528.0,29452972777.885742,0.3980329133735177
284700,7473248970986.465,7502167015424.0,7473996295883.563,7502905212928.0,28908917044.436523,0.3867933017354936
284800,7548352597880.805,7575986765824.0,7549107433140.593,7576724963328.0,27617530187.407227,0.3658383515137992
284900,7624210990847.386,7649806516224.0,7624973411946.471,7650544713728.0,25571301781.529297,0.3353625042346418
285000,7700831735030.1875,7724364464128.0,7701601818203.69,7725169770496.0,23567952292.30957,0.30601364298792744
285100,7778222491801.331,7804895100928.0,7779000314050.511,7805700407296.0,26700093245.489258,0.34323296268883385
285200,7856390999527.138,7885425737728.0,7857176638627.09,7886231044096.0,29054405468.910156,0.36978175246912776
285300,7935345074341.893,7965956374528.0,7936138608849.327,7966761680896.0,30623072046.67285,0.38586866429633765
285400,8015092610929.395,8046487011328.0,8015894120190.487,8047292317696.0,31398197505.512695,0.3916992544403339
285500,8095641583312.335,8127017648128.0,8096451147470.666,8127822954496.0,31371807025.333984,0.3874760244200886
285600,8177000045649.653,8207548284928.0,8177817745654.218,8208353591296.0,30535845641.782227,0.37339846144173744
285700,8259176133041.858,8288078921728.0,8260002050655.162,8288884228096.0,28882177440.83789,0.34966307833479326
285800,8342178062344.473,8368609558528.0,8343012280150.707,8369414864896.0,26402584745.29297,0.31646345299177764
285900,8426014132989.63,8453904924672.0,8426856734402.929,8454777339904.0,27920605501.07129,0.33132882616936477
286000,8510692727815.975,8541146447872.0,8511543797088.756,8542018863104.0,30475066015.24414,0.3580439311804713
286100,8596222313906.819,8628387971072.0,8597081936138.21,8629260386304.0,32178450165.79004,0.37429502713620205
286200,8682611443436.821,8715629494272.0,8683479704581.165,8716501909504.0,33022204922.83496,0.38028769624938896
286300,8769868754527.096,8803340779520.0,8770745741402.548,8804280303616.0,33534562213.45215,0.3823456203404839
286400,8858002972108.96,8897293189120.0,8858888772406.172,8898232713216.0,39343940809.828125,0.4441182389870087
286500,8947022908796.354,8991245598720.0,8947917611087.232,8992185122816.0,44267511728.76758,0.49472417664995444
286600,9036937465766.973,9085198008320.0,9037841159513.549,9086137532416.0,48296372902.45117,0.5343795276996289
286700,9127755633652.377,9179150417920.0,9128668409215.742,9180089942016.0,51421532800.25781,0.5632971918264201
286800,9219486493436.922,9273102827520.0,9220408442086.266,9274042351616.0,53633909529.734375,0.581686916220805
286900,9312139217365.799,9367055237120.0,9313070431287.535,9367994761216.0,54924329928.46484,0.589755337229545
287000,9405723069862.13,9461007646720.0,9406663642169.117,9461947170816.0,55283528646.88281,0.587706021495787
287100,9500247408453.41,9554960056320.0,9501197433194.256,9555899580416.0,54702147221.74414,0.575739506587156
287200,9595721684707.084,9648912465920.0,9596681256875.555,9649851990016.0,53170733140.44531,0.5540533411209325
287300,9692155445175.674,9742864875520.0,9693124660720.191,9743804399616.0,50679738895.80859,0.5228421243892589
287400,9789558332351.3,9836817285120.0,9790537288184.535,9837756809216.0,47219521031.46484,0.48229754549273346
287500,9887940085629.934,9930769694720.0,9888928879638.496,9931709218816.0,42780339177.50391,0.4326084219858178
287600,9987310542285.104,10024722104320.0,9988309273339.332,10025661628416.0,37352355076.66797,0.3739607380437088
287700,10087679638451.678,10126727577600.0,10088688406415.523,10127801319424.0,39112913008.47656,0.3876907624940044
287800,10189057410119.299,10234101760000.0,10190076315860.31,10235175501824.0,45099185963.68945,0.44257947208398213
287900,10291453994135.912,10341475942400.0,10292483139535.326,10342549684224.0,50066544688.67383,0.4864379568071285
288000,10394879629221.346,10448850124800.0,10395919117184.268,10449923866624.0,54004749439.73242,0.5194802771258921
288100,10499344656991.129,10556224307200.0,10500394591456.828,10557298049024.0,56903457567.171875,0.5419173257876309
288200,10604859522990.527,10663598489600.0,10605920008942.826,10664672231424.0,58752222481.17383,0.5539568696693397
288300,10711434777739.0,10770972672000.0,10712505921216.773,10772046413824.0,59540492607.22656,0.5558035911028341
288400,10819081077785.156,10878346854400.0,10820162985892.936,10879420596224.0,59257610331.06445,0.5476591286870917
288500,10927809186772.316,10985721036800.0,10928901967690.994,10986794778624.0,57892810933.00586,0.5297221175938243
288600,11037629976514.805,11093095219200.0,11038733739512.455,11094168961024.0,55435221511.54492,0.5021882293719797
288700,11148554428084.969,11200469401600.0,11149669283527.777,11201543143424.0,51873859896.22266,0.46525021125837074
288800,11260593632911.262,11307843584000.0,11261719692274.553,11308917325824.0,47197633549.447266,0.4190979249982972
288900,11373758793887.207,11415351984128.0,11374896169766.596,11416559943680.0,41663773913.4043,0.36627827886590025
289000,11488061226491.648,11536147939328.0,11489210032614.297,11537355898880.0,48145866265.703125,0.4190528863954265
289100,11603512359920.15,11656943894528.0,11604672711156.143,11658151854080.0,53479142923.85742,0.46084145804857807
289200,11720123738227.846,11777739849728.0,11721295750601.668,11778947809280.0,57652058678.33203,0.49185738424331354
289300,11837907021483.729,11898535804928.0,11839090812185.877,11899743764480.0,60652952294.12305,0.5123108966416025
289400,11956873986936.523,12019331760128.0,11958069674335.217,12020539719680.0,62470045344.7832,0.5224091098821607
289500,12077036530192.324,12140127715328.0,12078244233845.344,12141335674880.0,63091441034.65625,0.5223560627948145
289600,12198406666404.078,12260923670528.0,12199626507070.719,12262131630080.0,62505123009.28125,0.5123527591033564
289700,12320996531472.912,12381719625728.0,12322228631126.059,12382927585280.0,60698954153.94141,0.4925972076237517
289800,12444818383261.701,12502515580928.0,12446062865100.027,12503723540480.0,57660675379.97266,0.4632844619615317
289900,12569884602820.686,12623311536128.0,12571141591280.967,12624519495680.0,53377904399.0332,0.4246066597170045
290000,12696207695625.467,12744107491328.0,12697477316395.03,12745315450880.0,47838134484.9707,0.3767530612021801
290100,12823800292827.455,12877922566144.0,12825082672856.738,12879264743424.0,54182070567.26172,0.4224695617903012
290200,12952675152516.889,13012140294144.0,12953970420032.14,13013482471424.0,59512051391.859375,0.4594116665561424
290300,13082845160998.467,13146358022144.0,13084153445514.566,13147700199424.0,63546753909.43359,0.4856772291310778
290400,13214323334079.924,13280575750144.0,13215644766413.332,13281917927424.0,66273161010.66797,0.5014750485658992
290500,13347122818373.428,13414793478144.0,13348457530655.266,13416135655424.0,67678124768.734375,0.5070108258823827
290600,13481256892610.193,13549011206144.0,13482605018299.455,13550353383424.0,67748365124.54492,0.5024872050511937
290700,13616738968968.178,13683228934144.0,13618100642865.074,13684571111424.0,66470468558.92578,0.48810381346206033
290800,13753582594413.191,13817446662144.0,13754957952672.633,13818788839424.0,63830886751.36719,0.4640573018906586
290900,13891801452053.496,13951664390144.0,13893190632198.701,13953006567424.0,59815935225.29883,0.43054138396884944
291000,14031409362507.947,14085882118144.0,14032812503444.197,14087224295424.0,54411791979.802734,0.38774687516453293
291100,14172420285287.96,14232179441664.0,14173837527316.49,14233655836672.0,59818309355.509766,0.42203326544575587
291200,14314848320193.318,14379818942464.0,14316279805025.338,14381295337472.0,65015532446.66211,0.4541370616676561
291300,14458707708722.027,14527458443264.0,14460153579492.898,14528934838272.0,68781258779.10156,0.4756606380491406
291400,14604012835494.34,14675097944064.0,14605473236777.889,14676574339072.0,71101102294.11133,0.48681135586262547
291500,14750778229691.084,14822737444864.0,14752253307514.053,14824213839872.0,71960532357.94727,0.48779349742655387
291600,14899018566506.434,14970376945664.0,14900508468363.084,14971853340672.0,71344872308.91602,0.47880830684668374
291700,15048748668615.293,15118016446464.0,15050253543482.154,15119492841472.0,69239297989.8457,0.46005403025141267
291800,15199983507655.484,15265655947264.0,15201503506006.25,15267132342272.0,65628836265.75,0.4317259555268297
291900,15352738205724.697,15413295448064.0,15354273479545.27,15414771843072.0,60498363526.73047,0.3940164515587499
292000,15507028036892.605,15572746108928.0,15508578739696.295,15574356721664.0,65777981967.70508,0.42413933005567733
292100,15662868428728.125,15733807382528.0,15664434715570.998,15735417995264.0,70983279693.00195,0.45314932189951346
292200,15820274963842.006,15894868656128.0,15821856991338.39,15896479268864.0,74622277525.60938,0.4716404500840895
292300,15979263381444.986,16055929929728.0,15980861307783.13,16057540542464.0,76679234680.86914,0.47981916120831475
292400,16139849578921.564,16216991203328.0,16141463563879.457,16218601816064.0,77138252184.54297,0.4778888350444195
292500,16302049613419.562,16378052476928.0,16303679818380.904,16379663089664.0,75983271283.0957,0.4660498251286285
292600,16465879703455.719,16539113750528.0,16467526291426.064,16540724363264.0,73198071837.93555,0.4444994988472959
292700,16631356230537.39,16700175024128.0,16633019366160.443,16701785636864.0,68766270703.55664,0.41343227702518215
292800,16798495740800.533,16867678748672.0,16800175590374.613,16869423579136.0,69247988761.38672,0.4121861012039733
292900,16967314946664.178,17042161795072.0,16969011678158.844,17043906625536.0,74894947377.15625,0.4413630492903428
293000,17137830728501.547,17216644841472.0,17139544511574.396,17218389671936.0,78845160361.60352,0.46001899471925345
293100,17310060136327.883,17391127887872.0,17311791142341.516,17392872718336.0,81081575994.48438,0.4683604101263299
293200,17484020391505.328,17565610934272.0,17485768793544.479,17567355764736.0,81586971191.52148,0.46659070101420047
293300,17659728888464.902,17751368269824.0,17661494861353.75,17753247318016.0,91752456662.25,0.5195056102698273
293400,17837203196445.785,17939273089024.0,17838986916765.43,17941152137216.0,102165220450.57031,0.5727075249691082
293500,18016461061252.02,18127177908224.0,18018262707358.145,18129056956416.0,110794249057.85547,0.6148997317738645
293600,18197520407027.055,18315082727424.0,18199340159067.758,18316961775616.0,117621616548.24219,0.6462960498578166
293700,18380399338045.887,18502987546624.0,18382237377979.69,18504866594816.0,122629216836.3086,0.6671071334505105
293800,18565116140525.348,18690892365824.0,18566972652139.4,18692771414016.0,125798761876.60156,0.6775405136502222
293900,18751689284452.62,18878797185024.0,18753564453381.066,18880676233216.0,127111779834.9336,0.6778006397179428
294000,18940137425431.957,19066702004224.0,18942031439174.5,19068581052416.0,126549613241.5,0.6680889198598811
294100,19130479406550.156,19254606823424.0,19132392454490.812,19256485871616.0,124093417125.1875,0.6486037615021844
294200,19322734260260.7,19442511642624.0,19324666533686.727,19444390690816.0,119724157129.27344,0.6195406110660201
294300,19516921210286.73,19630416461824.0,19518872902407.758,19632295510016.0,113422607608.24219,0.5810919932484979
294400,19713059673543.38,19818321281024.0,19715030979510.734,19820200329216.0,105169349705.26562,0.5334475498139725
294500,19911169262079.17,20006226100224.0,19913160379005.38,20008105148416.0,94944769410.6211,0.47679407790398853
294600,20111269785037.105,20204063031296.0,20113280912015.61,20206210514944.0,92929602928.39062,0.46203104970743375
294700,20313381250635.395,20418811396096.0,20315412588760.457,20420958879744.0,105546290983.54297,0.5195380134289601
294800,20517523868168.04,20633559760896.0,20519575620554.855,20635707244544.0,116131623989.14453,0.5659552913599891
294900,20723718050025.637,20848308125696.0,20725790421830.64,20850455609344.0,124665187513.35938,0.6014978679995169
295000,20931984413736.414,21063056490496.0,20934077612177.79,21065203974144.0,131126361966.21094,0.6263775476304339
295100,21142343784027.797,21277804855296.0,21144458018406.2,21279952338944.0,135494320537.80078,0.6408029963210847
295200,21354817194908.68,21492553220096.0,21356952676628.17,21494700703744.0,137748027115.82812,0.6449797834059524
295300,21569425891772.637,21707301584896.0,21571582834361.812,21709449068544.0,137866234182.1875,0.6391104224516041
295400,21786191333522.27,21922049949696.0,21788369952655.62,21924197433344.0,135827480688.3789,0.6233944117137772
295500,22005135194714.89,22136798314496.0,22007335708234.363,22138945798144.0,131610089909.63672,0.5980282740922287
295600,22226279367729.816,22351546679296.0,22228501995666.59,22353694162944.0,125192167277.41016,0.5632055965886328
295700,22449645964957.348,22566295044096.0,22451890929553.844,22568442527744.0,116551598190.15625,0.519117069274273
295800,22675257321009.84,22781043408896.0,22677524846741.94,22783190892544.0,105666045802.0586,0.46595052377261326
295900,22903135994954.99,23016729739264.0,22905426308554.484,23019145658368.0,113719349813.51562,0.496473404518321
296000,23133304772571.445,23258321649664.0,23135618103048.703,23260737568768.0,125119465719.29688,0.5408088306177963
296100,23365786668627.293,23499913560064.0,23368123247294.156,23502329479168.0,134206231873.84375,0.5743132662114138
296200,23600604929181.23,23741505470464.0,23602964989674.15,23743921389568.0,140956399893.85156,0.5971978518610578
296300,23837783033906.953,23983097380864.0,23840166812210.344,23985513299968.0,145346487757.65625,0.6096705987946921
296400,24077344698441.008,24224689291264.0,24079752432910.85,24227105210368.0,147352777457.14844,0.611936430275566
296500,24319313876754.02,24466281201664.0,24321745808141.695,24468697120768.0,146951312626.3047,0.6041972224588943
296600,24563714763545.992,24707873112064.0,24566171135022.348,24710289031168.0,144117896145.65234,0.5866518447402375
296700,24810571796665.42,24949465022464.0,24813052853845.09,24951880941568.0,138828087722.91016,0.5594961996036575
296800,25059909659552.934,25191056932864.0,25062415650518.887,25193472851968.0,131057201449.11328,0.5229232619737512
296900,25311753283709.42,25432648843264.0,25314284459037.793,25435064762368.0,120780303330.20703,0.4771231180784399
297000,25566127851188.906,25694104977408.0,25568684463974.023,25696789331968.0,128104867993.97656,0.5010225229791342
297100,25823058797116.61,25962540433408.0,25825641102996.32,25965224787968.0,139583684971.6797,0.5404848786328291
297200,26082571812232.105,26230975889408.0,26085180069413.33,26233660243968.0,148480174554.67188,0.5692127643342402
297300,26344692845458.2,26499411345408.0,26347327314742.746,26502095699968.0,154768385225.2539,0.587415882364101
297400,26609448106495.637,26767846801408.0,26612109051306.285,26770531155968.0,158422104661.71484,0.5953008247346654
297500,26876864068443.83,27036282257408.0,26879551754850.67,27038966611968.0,159414857117.32812,0.5930711143222848
297600,27146967470447.812,27304717713408.0,27149682167194.855,27307402067968.0,157719900773.14453,0.5809272454898885
297700,27419785320372.09,27573153169408.0,27422527298904.125,27575837523968.0,153310225063.875,0.5590667242037961
297800,27695344897501.01,27841588625408.0,27698114431990.76,27844272979968.0,146158547977.23828,0.5276841076532925
297900,27973673755266.547,28110024081408.0,27976471122642.074,28112708435968.0,136237313325.92578,0.4869710433767518
298000,28254799724003.324,28396444712960.0,28257625203975.723,28399397502976.0,141772299000.27734,0.5017134241710114
298100,28538750913731.438,28691723714560.0,28541604788822.81,28694676504576.0,153071715753.1914,0.5363108237457478
298200,28825555716967.152,28987002716160.0,28828438272538.848,28989955506176.0,161517233637.15234,0.5602704943993067
298300,29115242811562.027,29282281717760.0,29118154335843.184,29285234507776.0,167080171932.8164,0.5738006949401596
298400,29407841163570.242,29577560719360.0,29410781947686.598,29580513509376.0,169731561689.40234,0.577106593055929
298500,29703380030145.066,29872839720960.0,29706350368148.082,29875792510976.0,169442142827.91797,0.5703903062073833
298600,30001888962464.31,30168118722560.0,30004889151360.555,30171071512576.0,166182361215.4453,0.5538509420152611
298700,30303397808685.04,30463397724160.0,30306428148465.906,30466350514176.0,159922365710.09375,0.5276846381456171
298800,30607936716928.293,30758676725760.0,30610997510599.984,30761629515776.0,150632005176.01562,0.492084601698637
298900,30915536138293.535,31071404032000.0,30918627691907.363,31074625257472.0,155997565564.63672,0.5045423332467873
299000,31226226829903.47,31393526579200.0,31229349452586.457,31396747804672.0,167398352085.54297,0.5360289439896699
299100,31540039857979.47,31715649126400.0,31543193861965.266,31718870351872.0,175676489906.73438,0.5569394484131958
299200,31857006600947.965,32037771673600.0,31860192301608.06,32040992899072.0,180800597463.9414,0.567481187032308
299300,32177158752578.01,32359894220800.0,32180376468453.27,32363115446272.0,182738977818.73047,0.5678584214136563
299400,32500528325150.23,32682016768000.0,32503778377982.746,32685237993472.0,181459615489.2539,0.5582723749192499
299500,32827147652657.93,33004139315200.0,32830430367423.195,33007360540672.0,176930173248.8047,0.5389212729430681
299600,33157049394040.06,33326261862400.0,33160365098979.46,33329483087872.0,169117988892.53906,0.5100003826488142
299700,33490266536446.95,33655095296000.0,33493615563100.594,33658584956928.0,164969393827.40625,0.49253982006394836
299800,33826832398538.574,34004061388800.0,33830215081778.426,34007551049728.0,177335967949.57422,0.5241940304573784
299900,34166780633816.22,34353027481600.0,34170197311879.6,34356517142528.0,186319830648.39844,0.5452699876088293
300000,34510145233987.47,34701993574400.0,34513596248510.867,34705483235328.0,191886986817.1328,0.5559750581639605
300100,34856960532365.105,35050959667200.0,34860446228418.34,35054449328128.0,194003099709.66016,0.5565135295127354
300200,35207261207300.05,35416300322816.0,35210781933420.77,35420058419200.0,209276485779.22656,0.5943534175836892
300300,35561082285648.99,35792109961216.0,35564638393877.555,35795868057600.0,231229663722.4453,0.6501673408332796
300400,35918459146276.7,36167919599616.0,35922050992191.33,36171677696000.0,249626703808.67188,0.6949121693049634
300500,36279427523593.555,36543729238016.0,36283055466345.914,36547487334400.0,264431868054.08594,0.7288026453542696
300600,36644023511128.62,36919538876416.0,36647687913479.73,36923296972800.0,275609059320.27344,0.7520503339008711
300700,37012283565138.84,37295348514816.0,37015984793495.36,37299106611200.0,283121817704.6406,0.7648636643982851
300800,37384244508254.195,37671158153216.0,37387982932705.02,37674916249600.0,286933316894.97656,0.7674479722841173
300900,37759943533159.586,38046967791616.0,37763719527512.9,38050725888000.0,287006360487.10156,0.7600055399151082
301000,38139418206313.91,38422777430016.0,38143232148134.54,38426535526400.0,283303378265.46094,0.7427356369937738
301100,38522706471706.22,38798587068416.0,38526558742353.39,38802345164800.0,275786422446.6094,0.715834560493536
301200,38909846654649.89,39174396706816.0,38913737639315.35,39178154803200.0,264417163884.64844,0.6794956740868354
301300,39300877465614.71,39550206345216.0,39304807553361.27,39553964441600.0,249156888238.72656,0.6339094470834501
301400,39695838004097.664,39926015983616.0,39699807587898.07,39929774080000.0,229966492101.9297,0.5792634928841109
301500,40094767762532.34,40309341814784.0,40098777239308.59,40313636782080.0,214859542771.40625,0.5358256724117281
301600,40497706630238.07,40738838544384.0,40501756400901.09,40743133511680.0,241377110778.90625,0.5959670202686224
301700,40904694897408.35,41168335273984.0,40908785366898.09,41172630241280.0,263844874381.90625,0.6449589544533384
301800,41315773259139.47,41597832003584.0,41319904836465.38,41602126970880.0,282222134414.6172,0.683017387217098
301900,41730982819499.664,42027328733184.0,41735155917781.62,42031623700480.0,296467782698.3828,0.7103550380461624
302000,42150365095639.234,42456825462784.0,42154580132148.8,42461120430080.0,306540297931.2031,0.7271814758212312
302100,42573962021941.74,42886322192384.0,42578219418143.94,42890617159680.0,312397741536.0625,0.7337031604542388
302200,43001815954217.16,43315818921984.0,43006116135812.58,43320113889280.0,313997753467.4219,0.7301234840082335
302300,43433969673937.04,43745315651584.0,43438313070904.43,43749610618880.0,311297547975.5703,0.7166428113067808
302400,43870466392512.32,44174812381184.0,43874853439151.57,44179107348480.0,304253909328.4297,0.6934585200390203
302500,44311349755613.91,44604309110784.0,44315780890589.47,44608604078080.0,292823187490.53125,0.6607650403667213
302600,44756663847537.04,45033805840384.0,44761139513921.79,45038100807680.0,276961293758.21094,0.6187538940380848
302700,45206453195609.17,45463302569984.0,45210973840928.734,45467597537280.0,256623696351.26562,0.5676137330157408
302800,45660762774642.44,45922327199744.0,45665328850919.9,45927159037952.0,261830187032.10156,0.5733675714607871
302900,46119638011430.516,46405511020544.0,46124249975231.66,46410342858752.0,286092883520.34375,0.6202656599814051
303000,46583124789291.19,46888694841344.0,46587783101770.12,46893526679552.0,305743577781.8828,0.6562741504870319
303100,47051269452653.82,47371878662144.0,47055974579599.086,47376710500352.0,320735920752.91406,0.6816050960975479
303200,47524118811693.8,47855062482944.0,47528871223574.97,47859894321152.0,331023097577.03125,0.696467408240992
303300,48001720147013.0,48338246303744.0,48006520319027.7,48343078141952.0,336557822924.2969,0.7010668981790374
303400,48484121214367.25,48821430124544.0,48488969626488.69,48826261962752.0,337292336263.3125,0.6956063180172332
303500,48971370249441.69,49304613945344.0,48976267386466.63,49309445783552.0,333178397085.3672,0.6802854012052227
303600,49463515972673.664,49787797766144.0,49468462324270.93,49792629604352.0,324167280081.0703,0.6553009025348716
303700,49960607594124.586,50270981586944.0,49965603654884.0,50275813425152.0,310209770268.0,0.6208466376402476
303800,50462694818400.23,50754165407744.0,50467741087882.06,50758997245952.0,291256158069.9375,0.5771135220075696
303900,50969827849621.07,51264729645056.0,50974924832406.03,51270098354176.0,295173521769.96875,0.5790563159051871
304000,51482057396441.79,51801600557056.0,51487205602181.43,51806969266176.0,319763663994.5703,0.6210546100816596
304100,51999434677122.055,52338471469056.0,52004634620589.766,52343840178176.0,339205557586.2344,0.6522602457665101
304200,52522011424647.664,52875342381056.0,52527263625790.125,52880711090176.0,353447464385.875,0.6728838321064519
304300,53049839891903.51,53412213293056.0,53055144875892.695,53417582002176.0,362437126283.3047,0.6831328556940566
304400,53582972856898.28,53949084205056.0,53588331154183.97,53954452914176.0,366121759992.03125,0.6832117218553201
304500,54121463628041.83,54485955117056.0,54126875774404.63,54491323826176.0,364448051771.3672,0.6733217954244208
304600,54665366049475.46,55022826029056.0,54670832586080.41,55028194738176.0,357362152095.59375,0.6536614410122973
304700,55214734506456.02,55559696941056.0,55220255979906.67,55565065650176.0,344809670269.3281,0.6244260627744936
304800,55769623930793.71,56096567853056.0,55775200893186.79,56101936562176.0,326735668989.21094,0.5858081436854552
304900,56330089806344.914,56657061085184.0,56335722815325.55,56662966665216.0,327243849890.4531,0.5808816032470073
305000,56896188174559.97,57247619088384.0,56901877793377.42,57253524668416.0,351646875038.5781,0.6179881731064856
305100,57467975640086.945,57838177091584.0,57473722437650.95,57844082671616.0,370360233965.0469,0.6443992458759282
305200,58045509376431.42,58428735094784.0,58051313927369.06,58434640674816.0,383326747446.9375,0.6603239815149352
305300,58628847131673.39,59019293097984.0,58634710016386.555,59025198678016.0,390488661629.4453,0.665968436648388
305400,59218047234241.56,59609851101184.0,59223969038964.984,59615756681216.0,391787642251.0156,0.6615356056147611
305500,59813168598745.62,60200409104384.0,59819149915605.49,60206314684416.0,387164768810.5078,0.64722546100493
305600,60414270731867.21,60790967107584.0,60420312158940.4,60796872687616.0,376560528675.60156,0.6232349936972014
305700,61021413738309.98,61381525110784.0,61027515879683.805,61387430690816.0,359914811132.1953,0.5897582523951491
305800,61634658326809.516,61994631692288.0,61640821792642.195,62001074143232.0,360252350589.8047,0.5844379424428869
305900,62254065816203.78,62638876786688.0,62260291222785.4,62645319237632.0,385028014846.60156,0.6184166621849865
306000,62879698141564.27,63283121881088.0,62885986111378.43,63289564332032.0,403578220653.5703,0.6417617749346987
306100,63511617860388.97,63927366975488.0,63517969022175.01,63933809426432.0,415840404256.9922,0.6546815187239639
306200,64149888158857.71,64571612069888.0,64156303147673.59,64578054520832.0,421751373158.40625,0.657381040468663
306300,64794572858149.99,65215857164288.0,64801052315435.805,65222299615232.0,421247299796.1953,0.6500624368654782
306400,65445736420826.62,65860102258688.0,65452280994468.695,65866544709632.0,414263715163.3047,0.6329247947803587
306500,66103443957275.36,66504347353088.0,66110054301671.086,66510789804032.0,400735502360.91406,0.6061642311353911
306600,66767761232221.29,67149666189312.0,66774438008344.51,67156645511168.0,382207502823.4922,0.5723859522048383
306700,67438754671302.93,67847598374912.0,67445498546770.06,67854577696768.0,409079149997.9375,0.6065329174107322
306800,68116491367713.85,68545530560512.0,68123303016850.625,68552509882368.0,429206865517.375,0.6300441207485324
306900,68801039088911.65,69243462746112.0,68807919192820.54,69250442067968.0,442522875147.46094,0.6431278264749998
307000,69492466283393.91,69941394931712.0,69499415530022.24,69948374253568.0,448958723545.7578,0.64598920742264
307100,70190842087542.555,70659728211968.0,70197861171751.305,70667244404736.0,469383232984.6953,0.6686574564376933
307200,70896236332536.7,71411347488768.0,70903325956169.95,71418863681536.0,515537725366.0469,0.7270994955648977
307300,71608719551335.3,72162966765568.0,71615880423290.42,72170482958336.0,554602535045.5781,0.7744127863367216
307400,72328362985729.56,72914586042368.0,72335595822028.14,72922102235136.0,586506413107.8594,0.8108129980029173
307500,73055238593466.94,73666205319168.0,73062544117326.28,73673721511936.0,611177394609.7188,0.8365126098377708
307600,73789419055445.7,74417824595968.0,73796797997351.25,74425340788736.0,628542791384.75,0.8517209532686093
307700,74530977782982.53,75169443872768.0,74538430880760.83,75176960065536.0,638529184775.1719,0.8566442534813047
307800,75279988925153.12,75921063149568.0,75287516924045.64,75928579342336.0,641062418290.3594,0.8514856705090963
307900,76036527376206.28,76672682426368.0,76044131028943.9,76680198619136.0,636067590192.0938,0.8364453398119491
308000,76800668783052.78,77424301703168.0,76808348849931.08,77431817895936.0,623469046004.9219,0.8117204123513473
308100,77572489552829.3,78175920979968.0,77580246801784.58,78183437172736.0,603190370951.4219,0.777505094167278
308200,78352066860538.33,78927540256768.0,78359902067224.38,78935056449536.0,575154382311.625,0.7339906854633437
308300,79139478656765.16,79679159533568.0,79147392604630.83,79686675726336.0,539283121705.1719,0.681365619205021
308400,79934803675472.06,80430778810368.0,79942797155839.61,80438295003136.0,495497847296.3906,0.6198154992381272
308500,80738121441870.97,81280108593152.0,80746195254015.16,81288698527744.0,542503273728.84375,0.6718623360793801
308600,81549512280375.28,82139102052352.0,81557667231603.31,82147691986944.0,590024755340.6875,0.7234448646810425
308700,82369057322631.84,82998095511552.0,82377294228364.11,83006685446144.0,629391217779.8906,0.7640348274065779
308800,83196838515632.98,83857088970752.0,83205158199484.55,83865678905344.0,660520705859.4531,0.7938458626277151
308900,84032938629910.64,84716082429952.0,84041341923773.62,84724672364544.0,683330440770.375,0.8130884456725629
309000,84877441267812.52,85575075889152.0,84885929011939.3,85583665823744.0,697736811804.7031,0.8219699306189672
309100,85730430871861.9,86434069348352.0,85739003914949.1,86442659282944.0,703655367994.9062,0.8206945915687501
309200,86591992733200.83,87293062807552.0,86600651932474.14,87301652742144.0,701000809669.8594,0.8094636634103594
309300,87462213000118.28,88152056266752.0,87470959221418.3,88160646201344.0,689686979925.7031,0.7884753820749516
309400,88341178686664.58,89011049725952.0,88350012804533.25,89019639660544.0,669626856010.75,0.757925024292007
309500,89228977681351.86,89870043185152.0,89237900579120.0,89878633119744.0,640732540624.0,0.7180049468509342
309600,90125698755942.17,90729036644352.0,90134711325817.77,90737626578944.0,602915253126.2344,0.6689046253743736
309700,91031431574323.66,91622389841920.0,91040534717481.1,91632053518336.0,591518800854.9062,0.6497312462965205
309800,91946266701476.39,92588757483520.0,91955461328146.53,92598421159936.0,642959831789.4688,0.6992078801008266
309900,92870295612527.62,93555125125120.0,92879582642088.88,93564788801536.0,685206159447.125,0.7377360448394394
310000,93803610701899.03,94521492766720.0,93812991062969.22,94531156443136.0,718165380166.7812,0.7655287098614453
310100,94746305292544.7,95487860408320.0,94755779923073.95,95497524084736.0,741744161662.0469,0.7827956904203845
310200,95698473645283.22,96454228049920.0,95708043492647.75,96463891726336.0,755848233688.25,0.7897436893549223
310300,96660210968222.27,97420595691520.0,96669876989319.1,97430259367936.0,760382378616.9062,0.7865763382536627
310400,97631613426279.03,98386963333120.0,97641376587621.66,98396627009536.0,755250421914.3438,0.7734942381077506
310500,98612778150795.5,99353330974720.0,98622639428610.58,99362994651136.0,740355222525.4219,0.7506949994593672
310600,99603803249250.72,100319698616320.0,99613763629575.64,100329362292736.0,715598663160.3594,0.7183732820510517
310700,100604787815070.98,101286066257920.0,100614848293852.48,101295729934336.0,680881640483.5156,0.6767208339816353
310800,101615831937537.88,102282498670592.0,101625993520731.62,102293236088832.0,667242568100.375,0.656566833921538
310900,102637036711796.48,103356240494592.0,102647300415467.66,103366977912832.0,719677497364.3438,0.7011168286466669
311000,103668504248964.11,104429982318592.0,103678871099389.0,104440719736832.0,761848637443.0,0.734815714488899
311100,104710337686340.06,105503724142592.0,104720808720108.7,105514461560832.0,793652840723.2969,0.757875011111233
311200,105762641197718.62,106577465966592.0,105773217461838.39,106588203384832.0,814985922993.6094,0.770503103290439
311300,106825520003805.84,107651207790592.0,106836202555806.22,107661945208832.0,825742653025.7812,0.7729052823591817
311400,107899080382739.75,108724949614592.0,107909870290778.02,108735687032832.0,825816742053.9844,0.7652837871352337
311500,108983429680718.16,109798691438592.0,108994328023686.23,109809428856832.0,815100833145.7656,0.7478378443405156
311600,110078676322732.02,110872433262592.0,110089684190364.28,110883170680832.0,793486490467.7188,0.7207637085193578
311700,111184929823406.48,111946175086592.0,111196048316388.83,111956912504832.0,760864188443.1719,0.6842547014604929
311800,112302300797951.88,113042465488896.0,112313531028031.67,113054276648960.0,740745620928.3281,0.6595337303957168
311900,113430900973223.67,114223581495296.0,113442244063321.0,114235392655360.0,793148592039.0,0.6991651113638775
312000,114570843198894.97,115404697501696.0,114582300283214.86,115416508661760.0,834208378545.1406,0.7280429669182891
312100,115722241458739.67,116585813508096.0,115733813682885.55,116597624668160.0,863810985274.4531,0.7463773617979302
312200,116885210882030.19,117766929514496.0,116896899403118.39,117778740674560.0,881841271441.6094,0.7543752451470795
312300,118059867755049.06,118948045520896.0,118071673741824.56,118959856680960.0,888182939135.4375,0.7522404917182234
312400,119246329532716.97,120129161527296.0,119258254165670.23,120140972687360.0,882718521689.7656,0.7401739425629338
312500,120444714850336.48,121310277533696.0,120456759321821.52,121322088693760.0,865329371938.4844,0.7183734452182995
312600,121655143535455.1,122491393540096.0,121667309049808.64,122503204700160.0,835895650351.3594,0.6870338933929714
312700,122877736619846.66,123692910641152.0,122890024393508.64,123705795543040.0,815771149531.3594,0.663822107251897
312800,124112616351613.48,124981400829952.0,124125027613248.64,124994285731840.0,869258118591.3594,0.7003084996684247
312900,125359906207409.97,126269891018752.0,125372442198030.7,126282775920640.0,910333722609.2969,0.726103525343623
313000,126619730904789.02,127558381207552.0,126632392877879.5,127571266109440.0,938873231560.5,0.7414163234409709
313100,127892216414672.94,128846871396352.0,127905005636314.4,128859756298240.0,954750661925.5938,0.7464529297941126
313200,129177489973949.39,130135361585152.0,129190407722946.78,130148246487040.0,957838764093.2188,0.7414163179570858
313300,130475680098193.4,131423851773952.0,130488727666203.22,131436736675840.0,948009009636.7812,0.7265064397453828
313400,131786916594518.36,132712341962752.0,131800095286177.81,132725226864640.0,925131578462.1875,0.7019202652725307
313500,133111330574555.23,134000832151552.0,133124641707612.69,134013717053440.0,889075345827.3125,0.6678518224898036
313600,134449054467562.61,135374147944448.0,134462499373009.36,135388106588160.0,925607215150.6406,0.6883757326144405
313700,135800222033668.27,136770012315648.0,135813802055871.62,136783970959360.0,970168903488.375,0.7143374891229854
313800,137164968377244.08,138165876686848.0,137178684874081.8,138179835330560.0,1001150456478.2031,0.7298148815154285
313900,138543429960415.3,139561741058048.0,138557284303411.34,139575699701760.0,1018415398348.6562,0.7350139716353999
314000,139935744616705.48,140973711556608.0,139949738191167.16,140988743942144.0,1039005750976.8438,0.7424135010224835
314100,141342051564818.28,142476950110208.0,141356185769974.75,142491982495744.0,1135796725769.25,0.8034998394888091
314200,142762491422558.44,143980188663808.0,142776767671700.7,143995221049344.0,1218453377643.3125,0.8533975082311785
314300,144197206220892.2,145483427217408.0,144211625941514.28,145498459602944.0,1286833661429.7188,0.8923231071200877
314400,145646339418148.9,146986665771008.0,145660904052090.72,147001698156544.0,1340794104453.2812,0.9204900334641555
314500,147110035914365.5,148489904324608.0,147124746917956.94,148504936710144.0,1380189792187.0625,0.9381085242965383
314600,148588442065775.75,149993142878208.0,148603300909982.3,150008175263744.0,1404874353761.6875,0.9453856981364781
314700,150081705699443.47,151496381431808.0,150096713870013.4,151511413817344.0,1414699947330.5938,0.9425255962337394
314800,151589976128045.2,152999619985408.0,151605135125658.0,153014652370944.0,1409517245286.0,0.9297292232995411
314900,153113404164798.9,154502858539008.0,153128715505215.38,154517890924544.0,1389175419328.625,0.9071945877331619
315000,154652142138545.03,156006097092608.0,154667607352758.88,156021129478144.0,1353522125385.125,0.8751167413471865
315100,156206343908976.66,157509335646208.0,156221964543367.56,157524368031744.0,1302403488376.4375,0.8336878186004936
315200,157776164882025.34,159012574199808.0,157791942498513.53,159027606585344.0,1235664086830.4688,0.783097075341543
315300,159361762025399.5,160515812753408.0,159377698201602.03,160530845138944.0,1153146937341.9688,0.7235309270706844
315400,160963293884279.88,162165080195072.0,160979390213668.3,162182260064256.0,1202869850587.6875,0.7472197832226322
315500,162580920597173.16,163883067113472.0,162597178689232.88,163900246982656.0,1303068293423.125,0.8014089198396489
315600,164214803911923.38,165601054031872.0,164231225392314.56,165618233901056.0,1387008508741.4375,0.8445461607122275
315700,165865107201886.06,167319040950272.0,165881693712606.25,167336220819456.0,1454527106849.75,0.8768460667936939
315800,167531995482263.38,169037027868672.0,167548748681811.6,169054207737856.0,1505459056044.4062,0.8985200235087358
315900,169215635426605.2,170755014787072.0,169232556990147.84,170772194656256.0,1539637666108.1562,0.9097762827029723
316000,170916195383473.75,172473001705472.0,170933287003012.1,172490181574656.0,1556894571643.9062,0.9108200040735608
316100,172633845393277.56,174190988623872.0,172651108777816.88,174208168493056.0,1557059715239.125,0.9018532960844698
316200,174368757205273.7,175908975542272.0,174386194080994.22,175926155411456.0,1539961330461.7812,0.8830752563741033
316300,176121104294741.38,177626962460672.0,176138716405170.84,177644142329856.0,1505425924685.1562,0.8546820116607605
316400,177891061880327.56,179344949379072.0,177908850986515.6,179362129248256.0,1453278261740.4062,0.8168667571522655
316500,179678806941567.62,181062936297472.0,179696774822261.78,181080116166656.0,1383341344394.2188,0.7698197954651567
316600,181484518236581.47,182800250568704.0,181502666688405.12,182819577921536.0,1316911233130.875,0.7255602670519897
316700,183308376319947.56,184732985851904.0,183326707157579.56,184752313204736.0,1425606047156.4375,0.777631404207271
316800,185150563560756.56,186665721135104.0,185169078617112.62,186685048487936.0,1515969870823.375,0.81869493661955
316900,187011264160847.62,188598456418304.0,187029965287263.72,188617783771136.0,1587818483872.2812,0.8489647535535353
317000,188890664173225.8,190531191701504.0,188909553239643.12,190550519054336.0,1640965814692.875,0.8686515777268348
317100,190788951520665.34,192463926984704.0,190808030415817.4,192483254337536.0,1675223921718.5938,0.8779630071480067
317200,192706316014501.97,194396662267904.0,192725586646103.4,194415989620736.0,1690402974632.5938,0.8771035564346904
317300,194642949373610.44,196329397551104.0,194662413668547.78,196348724903936.0,1686311235388.2188,0.8662746976206231
317400,196599045243575.97,198262132834304.0,196618705148100.3,198281460187136.0,1662755039035.6875,0.8456749004542778
317500,198574799216055.72,200194868117504.0,198594656695977.3,200214195470336.0,1619538774358.6875,0.8154996721981254
317600,200570408848337.72,202127603400704.0,200590465889222.56,202146930753536.0,1556464864313.4375,0.7759415969316337
317700,202586073683093.47,204071076102144.0,202606332290461.78,204092550938624.0,1486218648162.2188,0.7335499494811132
317800,204621995268331.0,206218559750144.0,204642457467857.84,206240034586624.0,1597577118766.1562,0.7806674814863771
317900,206678377177547.72,208366043398144.0,206699045015265.47,208387518234624.0,1688473219358.5312,0.8168751912878124
318000,208755425030086.06,210513527046144.0,208776300572589.06,210535001882624.0,1758701310034.9375,0.8423855127289498
318100,210853346511693.0,212661010694144.0,210874431846344.16,212682485530624.0,1808053684279.8438,0.8574077323880122
318200,212972351395287.56,214808494342144.0,212993648630427.1,214829969178624.0,1836320548196.9062,0.8621480311758835
318300,215112651561935.38,216955977990144.0,215134162827091.56,216977452826624.0,1843289999532.4375,0.8568095254187655
318400,217274461022035.28,219103461638144.0,217296188468137.47,219124936474624.0,1828748006486.5312,0.8415923074300421
318500,219457995936718.22,221250945286144.0,219479941736311.88,221272420122624.0,1792478386312.125,0.8166934855785815
318600,221663474639461.9,223398428934144.0,221685640986925.84,223419903770624.0,1734262783698.1562,0.7823072238586875
318700,223891117657921.1,225545912582144.0,223913506769686.88,225567387418624.0,1653880648937.125,0.7386247809687849
318800,226141147735979.47,227903849627648.0,226163761850753.06,227927471947776.0,1763710097022.9375,0.7798376196920624
318900,228413789856020.97,230266081640448.0,228436631235006.56,230289703960576.0,1853072725569.4375,0.8111977118341714
319000,230709271261427.06,232628313653248.0,230732342188553.2,232651935973376.0,1919593784822.8125,0.8319569621731362
319100,233027821479297.88,234990545666048.0,233051124261445.8,235014167986176.0,1963043724730.1875,0.8423232159686853
319200,235369672343403.72,237352777678848.0,235393209310638.06,237376399998976.0,1983190688337.9375,0.8425012319369027
319300,237735058017365.8,239715009691648.0,237758831523167.53,239738632011776.0,1979800488608.4688,0.8326927230947273
319400,240124215018070.34,242077241704448.0,240148227439572.16,242100864024576.0,1952636585003.8438,0.8130963970971554
319500,242537382239319.12,244439473717248.0,242561635977543.06,244463096037376.0,1901460059832.9375,0.7839079960727916
319600,244974800975714.94,246801705730048.0,244999298455812.5,246825328050176.0,1826029594363.5,0.7453203359653042
319700,247436714946790.4,249370096173056.0,247461458618285.1,249395865976832.0,1934407358546.9062,0.7817004592746596
319800,249923370321376.8,251947076550656.0,249948362658408.94,251972846354432.0,2024483696023.0625,0.8099607752941419
319900,252435015742219.12,254524056928256.0,252460259243793.34,254549826732032.0,2089567488238.6562,0.8276817486037766
320000,254971902350838.1,257101037305856.0,254997399541073.2,257126807109632.0,2129407568558.8125,0.8350703075369293
320100,257534283812641.72,259678017683456.0,257560037241022.97,259703787487232.0,2143750246209.0312,0.8323303060415868
320200,260122416342289.5,262254998061056.0,260148428583923.72,262280767864832.0,2132339280908.2812,0.8196625643734726
320300,262736558729311.78,264831978438656.0,262762832385184.72,264857748242432.0,2094915857247.2812,0.797264909283798
320400,265376972363986.44,267408958816256.0,265403510061222.84,267434728620032.0,2031218558809.1562,0.7653322137075723
320500,268043921263474.97,270106198278144.0,268070725655601.3,270134115565568.0,2063389909966.6875,0.7697184781816079
320600,270737672098222.16,272897927020544.0,270764745865431.97,272925844307968.0,2161098442536.0312,0.7981461676735718
320700,273458494218620.97,275689655762944.0,273485840068042.8,275717573050368.0,2231732982325.1875,0.81603237000129
320800,276206659681944.66,278481384505344.0,276234280347912.84,278509301792768.0,2275021444855.1562,0.8235840396021094
320900,278982443279550.28,281273113247744.0,279010341523878.22,281301030535168.0,2290689011289.7812,0.821005056220735
321000,281786122564354.44,284262410485760.0,281814301176610.9,284292475256832.0,2478174080221.125,0.8793642018429974
321100,284617977878588.2,287268887592960.0,284646439676376.06,287298952364032.0,2652512687655.9375,0.9318622395810279
321200,287478292381825.6,290275364700160.0,287507040211063.8,290305429471232.0,2798389260168.1875,0.9733289515671832
321300,290367352079299.75,293281841807360.0,290396388814507.7,293311906578432.0,2915517763924.3125,1.003978656837436
321400,293285445850500.0,296288318914560.0,293314774395085.06,296318383685632.0,3003609290546.9375,1.0240225016763655
321500,296232865478056.0,299294796021760.0,296262488764603.8,299324860792832.0,3062372028228.1875,1.0336685015366234
321600,299209905676914.5,302301273128960.0,299239826667482.2,302331337900032.0,3091511232549.8125,1.033121582437329
321700,302216864123808.44,305307750236160.0,302247085810220.8,305337815007232.0,3090729197011.1875,1.0225836218489923
321800,305254041487021.06,308314227343360.0,305284566891169.75,308344292114432.0,3059725223262.25,1.0022534890710688
321900,308321741456450.3,311320704450560.0,308352573630595.94,311350769221632.0,2998195591036.0625,0.9723270851074128
322000,311420270773974.3,314327181557760.0,311451412801051.7,314357246328832.0,2905833527780.3125,0.9329973820463916
322100,314549939264124.44,317333658664960.0,314581394258050.9,317363723436032.0,2782329177981.125,0.8844544619504047
322200,317711059865062.9,320340135772160.0,317742830971049.4,320370200543232.0,2627369572182.625,0.8268855552627759
322300,320903948659876.2,323539886407680.0,320936039054742.2,323574246146048.0,2638207091305.8125,0.8220351628555534
322400,324128924908177.8,326975860244480.0,324161337800668.6,327010219982848.0,2848882182179.375,0.8788469968405649
322500,327386311078032.06,330411834081280.0,327419049709139.9,330446193819648.0,3027144110508.125,0.9245473387077705
322600,330676432878199.25,333847807918080.0,330709500521487.06,333882167656448.0,3172667134960.9375,0.9593516757027066
322700,333999619290702.44,337283781754880.0,334033019252631.5,337318141493248.0,3285122240616.5,0.9834723070092479
322800,337356202603723.06,340719755591680.0,337389938223983.44,340754115330048.0,3364177106064.5625,0.9971183858574888
322900,340746518444826.0,344155729428480.0,340780593096670.5,344190089166848.0,3409496070177.5,1.0004959611095916
323000,344170905814520.1,347591703265280.0,344205322905101.56,347626063003648.0,3420740098546.4375,0.9938080183290907
323100,347629707120155.3,351027677102080.0,347664470090867.3,351062036840448.0,3397566749580.6875,0.9772545203404542
323200,351123268210158.06,354463650938880.0,351158380536979.06,354498010677248.0,3339630140268.9375,0.9510324472854933
323300,354651938408616.1,357899624775680.0,354687403602457.0,357933984514048.0,3246580911591.0,0.9153358361803717
323400,358216070550205.94,361335598612480.0,358251892157260.94,361369958350848.0,3118066193587.0625,0.8703558199821965
323500,361816021015473.06,364771572449280.0,361852202617574.6,364805932187648.0,2953729570073.375,0.8162806661688445
323600,365452149766467.4,368576913473536.0,365488694981444.0,368615568179200.0,3126873197756.0,0.8555321247117513
323700,369124820382735.25,372442384039936.0,369161732864773.5,372481038745600.0,3319305880826.5,0.8991467926721388
323800,372834400097675.25,376307854606336.0,372871683537685.0,376346509312000.0,3474825774315.0,0.9319092673777171
323900,376581259835257.1,380173325172736.0,376618917961240.6,380211979878400.0,3593061917159.375,0.9540311826633073
324000,380365774247111.25,384038795739136.0,380403810824535.94,384077450444800.0,3673639620264.0625,0.9657210353128023
324100,384188321749989.6,387904266305536.0,384226740582164.6,387942921011200.0,3716180429035.375,0.9671842265337313
324200,388049284563605.8,391769736871936.0,388088089492062.2,391808391577600.0,3720302085537.8125,0.958623102916408
324300,391949048748852.1,395635207438336.0,391988243653727.0,395673862144000.0,3685618490273.0,0.94023699688524
324400,395888004246402.0,399500678004736.0,395927593046826.6,399539332710400.0,3611739663573.375,0.9122222666471776
324500,399866544915700.9,403366148571136.0,399906531570192.44,403404803276800.0,3498271706607.5625,0.8747723356435197
324600,403885068574349.25,407231619137536.0,403925457081206.7,407270273843200.0,3344816761993.3125,0.8280777315109551
324700,407943977037879.2,411449277022208.0,407984771435583.0,411492226695168.0,3507455259585.0,0.859702495081681
324800,412043676159933.6,415744244318208.0,412084880527549.6,415787193991168.0,3702313463618.375,0.898434676583787
324900,416184575872847.0,420039211614208.0,416226194330434.25,420082161287168.0,3855966956733.75,0.9264114102517463
325000,420367090228635.9,424334178910208.0,420409126937658.75,424377128583168.0,3968001645509.25,0.9438428880963979
325100,424591637440398.6,428629146206208.0,424634096604142.7,428672095879168.0,4037999275025.3125,0.9509361841919309
325200,428858639924135.44,432924113502208.0,428901525788127.9,432967063175168.0,4065537387040.125,0.9478952959119223
325300,433168524340983.2,437219080798208.0,433211841193417.25,437262030471168.0,4050189277750.75,0.9349211846548883
325400,437521721639879.56,441514048094208.0,437565473812043.56,441556997767168.0,3991523955124.4375,0.9122118160627541
325500,441918667100653.8,445809015390208.0,441962858967363.9,445851965063168.0,3889106095804.125,0.8799621997402526
325600,446359800377549.44,450103982686208.0,446404436357587.2,450146932359168.0,3742496001580.8125,0.8383644284804842
325700,450845565543187.0,454721072529408.0,450890650099741.3,454768317169664.0,3877667069922.6875,0.8600016587314265
325800,455376411132967.25,459445536555008.0,455421948774080.56,459492781195264.0,4070832421183.4375,0.8938595147075004
325900,459952790189920.2,464170000580608.0,459998785468939.2,464217245220864.0,4218459751924.8125,0.9170588891064927
326000,464575160310004.1,468894464606208.0,464621617826035.1,468941709246464.0,4320091420428.875,0.9298085269132731
326100,469243983687863.1,473618928631808.0,469290908086231.9,473666173272064.0,4375265185832.125,0.9323140743711517
326200,473959727163040.9,478343392657408.0,474007123135757.2,478390637297664.0,4383514161906.8125,0.924778119980142
326300,478722862266660.56,483067856683008.0,478770734552887.25,483115101323264.0,4344366770376.75,0.9074002349859275
326400,483533865268574.6,487792320708608.0,483582218655101.5,487839565348864.0,4257346693762.5,0.8803770133655197
326500,488393217224985.75,492516784734208.0,488442056546708.25,492564029374464.0,4121972827755.75,0.8439021113165709
326600,493301404026549.4,497554781372416.0,493350734166952.0,497606320979968.0,4255586813016.0,0.862588523396398
326700,498258916446957.3,502708742127616.0,498308742338602.0,502760281735168.0,4451539396566.0,0.893329580306895
326800,503266250192011.4,507862702882816.0,503316576817030.56,507914242490368.0,4597665673337.4375,0.9134739218034569
326900,508323905949189.44,513016663638016.0,508374738339784.4,513068203245568.0,4693464905783.625,0.923229372315238
327000,513432389437709.6,518170624393216.0,513483732676653.4,518222164000768.0,4738431324114.625,0.9228006697338685
327100,518592211459096.1,523324585148416.0,518644070680242.0,523376124755968.0,4732054075726.0,0.9123895062599566
327200,523803887948257.1,528478545903616.0,523856268337051.94,528530085511168.0,4673817174116.0625,0.8921945687416885
327300,529067940025071.44,533632506658816.0,529120846819073.94,533684046266368.0,4563199447294.0625,0.8624115785130633
327400,534384894046497.0,538928201334784.0,534438332535901.6,538984035909632.0,4545703373730.375,0.8505571357804899
327500,539755281659201.6,544511658819584.0,539809257187367.56,544567493394432.0,4758236207064.4375,0.8814662112052029
327600,545179639852721.8,550095116304384.0,545234157816707.06,550150950879232.0,4916793062524.9375,0.9017764188167077
327700,550658511013157.0,555678573789184.0,550713576864258.3,555734408364032.0,5020831499773.6875,0.9116956092424862
327800,556192442977405.25,561262031273984.0,556248062221703.0,561317865848832.0,5069803627129.0,0.9114285462640112
327900,561781989087939.3,567141841502208.0,561838167286848.1,567201971044352.0,5363803757503.875,0.9546883906812563
328000,567427708248136.8,573154795716608.0,567484451018961.5,573214925258752.0,5730474239790.5,1.0098028641138974
328100,573130164978165.2,579167749931008.0,573187477994663.0,579227879473152.0,6040401478489.0,1.0538264896542704
328200,578889929471429.2,585180704145408.0,578947818464376.4,585240833687552.0,6293015223175.625,1.0869745117733516
328300,584707577651586.0,591193658359808.0,584766048409351.1,591253787901952.0,6487739492600.875,1.109458989667487
328400,590583691230128.1,597206612574208.0,590642749599251.1,597266742116352.0,6623992517100.875,1.1214888393356608
328500,596518857764554.1,603219566788608.0,596578509650330.6,603279696330752.0,6701186680421.375,1.1232698751333008
328600,602513670717116.1,609232521003008.0,602573922084187.9,609292650545152.0,6718728460964.125,1.1150048508115533
328700,608568729514160.9,615245475217408.0,608629586387112.2,615305604759552.0,6676018372439.75,1.0968935000464373
328800,614684639606068.5,621258429431808.0,614746108070029.1,621318558973952.0,6572450903922.875,1.0691325764642612
328900,620862012527790.5,627271383646208.0,620924098729043.2,627331513188352.0,6407414459308.75,1.0319158931701886
329000,627101465959997.2,633284337860608.0,627164176106593.2,633344467402752.0,6180291296158.75,0.9854343617847751
329100,633403623790841.9,639297292075008.0,633466964153221.0,639357421617152.0,5890457463931.0,0.9298760309947647
329200,639769116178343.1,645499224850432.0,639833093089961.0,645567944327168.0,5734851237207.0,0.8963042548348895
329300,646198579613393.4,652371172524032.0,646263199471354.8,652439892000768.0,6176692529413.25,0.955754951615039
329400,652692656983403.5,659243120197632.0,652757926249101.9,659311839674368.0,6553913425266.125,1.00403429230288
329500,659251997636588.1,666115067871232.0,659317922836351.8,666183787347968.0,6865864511616.25,1.0413586941607251
329600,665877257446888.9,672987015544832.0,665943845172633.5,673055735021568.0,7111889848934.5,1.0679413738092098
329700,672569098879561.1,679858963218432.0,672636355789449.1,679927682695168.0,7291326905718.875,1.0839923894927308
329800,679328191057411.0,686730910892032.0,679396123876516.8,686799630368768.0,7403506492251.25,1.0897186828220513
329900,686155209827702.2,693602858565632.0,686223825348685.0,693671578042368.0,7447752693683.0,1.0853241199981125
330000,693050837829737.1,700474806239232.0,693120142913520.1,700543525715968.0,7423382802447.875,1.0710095325240148
330100,700015764563110.2,707346753912832.0,700085766139566.5,707415473389568.0,7329707250001.5,1.046972757412165
330200,707050686456655.2,714218701586432.0,707121391525300.9,714287421063168.0,7166029537867.125,1.0134086768906247
330300,714156306938080.9,721090649260032.0,714227722568774.6,721159368736768.0,6931646167993.375,0.9705092576164895
330400,721333336504304.5,727962596933632.0,721405469837954.9,728031316410368.0,6625846572413.125,0.9184635894015956
330500,728582492792499.0,735375710486528.0,728655351041778.2,735453019897856.0,6797668856077.75,0.9329059131122743
330600,735904500651848.2,743106651619328.0,735978091101913.4,743183961030656.0,7205869928742.625,0.9790875592443151
330700,743300092216025.1,750837592752128.0,743374422225246.8,750914902163456.0,7540479938209.25,1.0143582712514208
330800,750770006976399.2,758568533884928.0,750845083977096.9,758645843296256.0,7800759319159.125,1.0389305977525816
330900,758314991855978.2,766299475017728.0,758390823355163.9,766376784429056.0,7985961073892.125,1.0530139379273844
331000,765935801284092.5,774030416150528.0,766012394864220.9,774107725561856.0,8095330697635.125,1.0568145831465374
331100,773633197271833.4,781761357283328.0,773710560591560.5,781838666694656.0,8128106103095.5,1.050535758085161
331200,781407949488246.4,789492298416128.0,781486090283195.2,789569607827456.0,8083517544260.75,1.0343776613261846
331300,789260835337289.8,797223239548928.0,789339761420823.5,797300548960256.0,7960787539432.5,1.008537505459368
331400,797192640035570.1,804954180681728.0,797272359299573.6,805031490093056.0,7759130793482.375,0.9732095566813568
331500,805204156690854.2,812685121814528.0,805284677106523.4,812762431225856.0,7477754119332.625,0.9285851739040932
331600,813296186381376.4,820922869088256.0,813377516000014.5,821008768434176.0,7631252434161.5,0.9382177751470282
331700,821469538235933.5,829512803680256.0,821551685189757.1,829598703026176.0,8047017836418.875,0.9794901503440069
331800,829725029514795.2,838102738272256.0,829808002017746.8,838188637618176.0,8380635600429.25,1.009948756827006
331900,838063485691420.0,846692672864256.0,838147292039989.1,846778572210176.0,8631280170186.875,1.029804695685286
332000,846485740534995.6,855282607456256.0,846570389109049.1,855368506802176.0,8798117693126.875,1.039265937754594
332100,854992636193809.8,863872542048256.0,855078135457429.1,863958441394176.0,8880305936746.875,1.0385373650089067
332200,863585023279454.5,872462476640256.0,863671381781782.4,872548375986176.0,8876994204393.625,1.0278208114387322
332300,872263760951881.0,881052411232256.0,872350987327976.1,881138310578176.0,8787323250199.875,1.007315103421339
332400,881029717005308.0,889642345824256.0,881117819977008.5,889728245170176.0,8610425193167.5,0.9772160995895165
332500,889883767954992.8,898232280416256.0,889972756331788.2,898318179762176.0,8345423430387.75,0.9377167302047745
332600,898826799124875.0,907268891607040.0,898916681804787.5,907363380887552.0,8446699082764.5,0.939653168501196
332700,907859704736101.0,916717819658240.0,907950490706574.6,916812308938752.0,8861818232177.375,0.9760243893123549
332800,916983387996436.6,926166747709440.0,917075086335236.2,926261236989952.0,9186150654715.75,1.0016792290612677
332900,926198761190581.1,935615675760640.0,926291381066700.1,935710165041152.0,9418783974451.875,1.0168273360813718
333000,935506745771385.5,945064603811840.0,935600296445962.6,945159093092352.0,9558796646389.375,1.0216752477206448
333100,944908272451993.6,954513531863040.0,945002763279238.9,954608021143552.0,9605257864313.125,1.016426431493393
333200,954404281298898.8,963962459914240.0,954499721727028.6,964056949194752.0,9557227467723.375,1.0012813257222286
333300,963995721825946.5,973411387965440.0,964092121398129.1,973505877245952.0,9413755847822.875,0.9764373796739485
333400,973683553089274.9,982860316016640.0,973780921444583.8,982954805297152.0,9173883852568.25,0.9420890931975731
333500,983468743783212.9,992738740797440.0,983567090657591.1,992841820012544.0,9274729354952.875,0.9429686538975187
333600,993352272337138.9,1003046662307840.0,993451607564372.6,1003149741522944.0,9698133958571.375,0.9762059756839202
333700,1003335127013317.1,1013354583818240.0,1003435460526018.5,1013457663033344.0,10022202507325.5,0.998788950718533
333800,1013418306005713.6,1023662505328640.0,1013519647836314.1,1023765584543744.0,10245936707429.875,1.0109263031361202
333900,1023602817539804.8,1033970426839040.0,1023705177821558.8,1034073506054144.0,10368328232585.25,1.0128236583357935
334000,1033889679973395.4,1044278348349440.0,1033993068941392.8,1044381427564544.0,10388358623151.25,1.0046835839805872
334100,1044279921898439.0,1054586269859840.0,1044384349890628.9,1054689349074944.0,10304999184315.125,0.9867056304888421
334200,1054774582243891.8,1064894191370240.0,1054880059702116.1,1064997270585344.0,10117210883227.875,0.9590863710216344
334300,1065374710379596.4,1075288012226560.0,1065481247850634.4,1075399681376256.0,9918433525621.625,0.9308876665478444
334400,1076081366221206.2,1086454927196160.0,1076188974357828.4,1086566596345856.0,10377621988027.625,0.9642936543017498
334500,1086895620336168.8,1097621842165760.0,1087004309898202.4,1097733511315456.0,10729201417253.625,0.9870431349309381
334600,1097818554050773.1,1108788757135360.0,1097928335906178.2,1108900426285056.0,10972090378877.75,0.9993448588629333
334700,1108851259558272.9,1119955672104960.0,1108962144684228.8,1120067341254656.0,11105196570427.25,1.0014044774801036
334800,1119994840028092.2,1131517724065792.0,1120106839512095.0,1131637983150080.0,11531143637985.0,1.0294681927848799
334900,1131250409716139.2,1143543632494592.0,1131363534757110.8,1143663891578880.0,12300356821769.25,1.0872152446039351
335000,1142619094076214.2,1155569540923392.0,1142733355985621.8,1155689800007680.0,12956444022058.25,1.1338116590534943
335100,1154102029872546.2,1167595449352192.0,1154217440075533.5,1167715708436480.0,13498268360946.5,1.1694736097613596
335200,1165700365293466.8,1179621357780992.0,1165816935329996.0,1179741616865280.0,13924681535284.0,1.1944140725098047
335300,1177415260066207.2,1191647266209792.0,1177533001592213.8,1191767525294080.0,14234523701866.25,1.2088428674711356
335400,1189247885572866.8,1203673174638592.0,1189366810361424.0,1203793433722880.0,14426623361456.0,1.2129667009181169
335500,1201199424967542.0,1215699083067392.0,1201319544910038.8,1215819342151680.0,14499797241641.25,1.2069892064169383
335600,1213271073294622.5,1227724991496192.0,1213392400401952.0,1227845250580480.0,14452850178528.0,1.1911109855097417
335700,1225464037608292.8,1239750899924992.0,1225586584012053.5,1239871159009280.0,14284574997226.5,1.1655296478903046
335800,1237779537093227.5,1251776808353792.0,1237903315046936.8,1251897067438080.0,13993752391143.25,1.1304398510809914
335900,1250218803186490.8,1263802716782592.0,1250343825066809.5,1263922975866880.0,13579150800070.5,1.086033339617199
336000,1262783079700673.5,1275828625211392.0,1262909358008643.5,1275948884295680.0,13039526287036.5,1.0324989837431593
336100,1275473622948265.5,1287854533640192.0,1275601170310560.2,1287974792724480.0,12373622413919.75,0.9700228176262369
336200,1288291701867270.8,1301581249118208.0,1288420531037457.5,1301718688071680.0,13298157034222.5,1.0321286190243029
336300,1301238598148093.2,1315325144465408.0,1301368722007908.0,1315462583418880.0,14093861410972.0,1.0830029316538587
336400,1314315606361689.8,1329069039812608.0,1314447037922326.0,1329206478766080.0,14759440843754.0,1.1228631065336367
336500,1327524034089017.0,1342812935159808.0,1327656786492426.0,1342950374113280.0,15293587620854.0,1.1519232814121005
336600,1340865202051782.5,1356556830507008.0,1340999288571987.8,1356694269460480.0,15694980888492.25,1.1703944231920977
336700,1354340444244497.5,1370300725854208.0,1354475878288922.0,1370438164807680.0,15962286518758.0,1.1784843698304017
336800,1367951108067870.2,1384044621201408.0,1368087903178677.0,1384182060154880.0,16094156976203.0,1.176397871716365
336900,1381698554463526.5,1397788516548608.0,1381836724318972.8,1397925955502080.0,16089231183107.25,1.1643366325378781
337000,1395584158050098.5,1411532411895808.0,1395723716465903.5,1411669850849280.0,15946134383376.5,1.1424993496387328
337100,1409609307260671.5,1425276307243008.0,1409750268191397.5,1425413746196480.0,15663478005082.5,1.1110817538752842
337200,1423775404481612.2,1439020202590208.0,1423917782022060.5,1439157641543680.0,15239859521619.5,1.0702766489774331
337300,1438083866192800.0,1452764097937408.0,1438227674579419.2,1452901536890880.0,14673862311460.75,1.0202739504196945
337400,1452536123109253.8,1467195188051968.0,1452681376721564.8,1467349806874624.0,14668430153059.25,1.009748619904745
337500,1467133620324198.5,1482657070317568.0,1467280333686231.0,1482811689140224.0,15531355453993.0,1.0585131618968653
337600,1481877817453552.8,1498118952583168.0,1482026005235298.0,1498273571405824.0,16247566170526.0,1.096307764717422
337700,1496770188781888.2,1513580834848768.0,1496919865800766.5,1513735453671424.0,16815587870657.5,1.1233458954505973
337800,1511812223409836.5,1529042717114368.0,1511963404632177.5,1529197335937024.0,17233931304846.5,1.1398378593057998
337900,1527005425402984.5,1544504599379968.0,1527158125945524.8,1544659218202624.0,17501092257099.25,1.1459908414044304
338000,1542351313942271.8,1559966481645568.0,1542505549073666.0,1560121100468224.0,17615551394558.0,1.1420089480479871
338100,1557851423475893.5,1575428363911168.0,1558007208618241.0,1575582982733824.0,17575774115583.0,1.1280932474741583
338200,1573507303872731.2,1590890246176768.0,1573664654603118.5,1591044864999424.0,17380210396305.5,1.1044418101065392
338300,1589320520577324.2,1606352128442368.0,1589479452629382.0,1606506747265024.0,17027294635642.0,1.0712497483043741
338400,1605292654766399.5,1621814010707968.0,1605453184031876.0,1621968629530624.0,16515445498748.0,1.0287092556178883
338500,1621425303506976.5,1637894368264192.0,1621587446037327.2,1638066166956032.0,16478720918704.75,1.0162092065385555
338600,1637720079916060.8,1655074237448192.0,1637883851924052.2,1655246036140032.0,17362184215979.75,1.0600375719916935
338700,1654178613321933.5,1672254106632192.0,1654344031183265.8,1672425905324032.0,18081874140766.25,1.0929935853688928
338800,1670802549427081.8,1689433975816192.0,1670969629682024.5,1689605774508032.0,18636144826007.5,1.1152892604968438
338900,1687593550472738.5,1706613845000192.0,1687762309827785.8,1706785643692032.0,19023333864246.25,1.1271334685858303
339000,1704553295405105.5,1723793714184192.0,1704723750734646.0,1723965512876032.0,19241762141386.0,1.1287319797764193
339100,1721683480043223.2,1740973583368192.0,1721855648391227.5,1741145382060032.0,19289733668804.5,1.120287504171873
339200,1738985817248542.0,1758153452552192.0,1739159715830266.8,1758325251244032.0,19165535413765.25,1.1019997323601596
339300,1756462037096192.2,1775333321736192.0,1756637683299901.8,1775505120428032.0,18867437128130.25,1.0740653754328637
339400,1774113887047971.5,1792513190920192.0,1774291298436676.2,1792684989612032.0,18393691175355.75,1.0366782045069143
339500,1791943132127082.5,1810191276310528.0,1792122326440295.2,1810380254871552.0,18257928431256.75,1.0187880683079595
339600,1809951555094609.2,1829089132412928.0,1810132550250118.8,1829278110973952.0,19145560723833.25,1.0576883290225223
339700,1828140956627784.0,1847986988515328.0,1828323770723446.8,1848175967076352.0,19852196352905.25,1.0858140484083936
339800,1846513155500038.5,1866884844617728.0,1846697806815588.5,1867073823178752.0,20376016363163.5,1.1033757817853005
339900,1865069988762862.8,1885782700720128.0,1865256495761739.0,1885971679281152.0,20715183519413.0,1.110580961196614
340000,1883813311929493.2,1904680556822528.0,1884001693260686.2,1904869535383552.0,20867842122865.75,1.107633936716335
340100,1902744999160445.5,1923578412924928.0,1902935273660361.5,1923767391485952.0,20832117825590.5,1.0947360172434664
340200,1921866943450918.2,1942476269027328.0,1922059130145263.2,1942665247588352.0,20606117443088.75,1.0720855107892235
340300,1941181056820068.0,1961374125129728.0,1941375174925750.0,1961563103690752.0,20187928765002.0,1.0398777642644015
340400,1960689270502201.0,1980735837700096.0,1960885339429251.2,1980941996130304.0,20056656701052.75,1.0228367920222494
340500,1980393535139874.8,2001351680720896.0,1980591574493388.8,2001557839151104.0,20966264657715.25,1.0585859764185943
340600,2000295820978946.5,2021967523741696.0,2000495850561044.2,2022173682171904.0,21677831610859.75,1.083622923025816
340700,2020398118065575.5,2042583366762496.0,2020600157877382.0,2042789525192704.0,22189367315322.0,1.0981572593081297
340800,2040702436445218.0,2063199209783296.0,2040906506688862.5,2063405368213504.0,22498861524641.5,1.1023955017490406
340900,2061210806363600.5,2083815052804096.0,2061416927444236.8,2084021211234304.0,22604283790067.25,1.0965410970061378
341000,2081925278469737.8,2104430895824896.0,2082133470997584.8,2104637054255104.0,22503583257519.25,1.0807944625537098
341100,2102847924020974.8,2125046738845696.0,2103058208813376.8,2125252897275904.0,22194688462527.25,1.0553530268213696
341200,2123980835090091.2,2145662581866496.0,2124193233173600.2,2145868740296704.0,21675507123103.75,1.0204112688335785
341300,2145326124774489.0,2167773073506304.0,2145540657386966.5,2167996411805696.0,22455754418729.5,1.046624511235231
341400,2166885927407491.0,2190106903445504.0,2167102616000231.8,2190330241744896.0,23227625744664.25,1.0718286053078054
341500,2188662398771744.0,2212440733384704.0,2188881265011621.2,2212664071684096.0,23782806672474.75,1.0865279470674478
341600,2210657716314782.8,2234774563323904.0,2210878782086414.2,2234997901623296.0,24119119536881.75,1.0909290790750839
341700,2232874079366753.5,2257503530254336.0,2233097366774690.2,2257744048422912.0,24646681648221.75,1.103699373566477
341800,2255313709360331.5,2281555347111936.0,2255539240731267.5,2281795865280512.0,26256624549244.5,1.1640952227783832
341900,2277978850052829.5,2305607163969536.0,2278206647937835.0,2305847682138112.0,27641034200277.0,1.213280376707567
342000,2300871767750576.5,2329658980827136.0,2301101854927351.5,2329899498995712.0,28797644068360.5,1.2514719418741103
342100,2323994751535508.5,2353710797684736.0,2324227151010662.0,2353951315853312.0,29724164842650.0,1.2788838143347911
342200,2347350113494056.5,2377762614542336.0,2347584848505406.0,2378003132710912.0,30418284205506.0,1.2957267220765993
342300,2370940188948344.5,2401814431399936.0,2371177282967239.5,2402054949568512.0,30877666601272.5,1.3022082668839026
342400,2394767336689691.5,2425866248257536.0,2395006813423360.5,2426106766426112.0,31099953002751.5,1.298532965686976
342500,2418833939214479.5,2449918065115136.0,2419075822608401.0,2450158583283712.0,31082760675311.0,1.284902291396373
342600,2443142402962366.5,2473969881972736.0,2443386717202662.5,2474210400141312.0,30823682938649.5,1.2615147132312452
342700,2467695158556911.5,2498021698830336.0,2467941928072767.0,2498262216998912.0,30320288926145.0,1.2285657365456053
342800,2492494661048633.0,2522073515687936.0,2492743910514738.0,2522314033856512.0,29570123341774.0,1.1862479421589653
342900,2517543390160467.5,2546125332545536.0,2517795144499483.5,2546365850714112.0,28570706214628.5,1.134751025199396
343000,2542843850535734.5,2570177149403136.0,2543098134920788.0,2570417667571712.0,27319532650924.0,1.0742618334614502
343100,2568398571988567.5,2596840306376704.0,2568655411845766.5,2597115184283648.0,28459772437881.5,1.1079638127650246
343200,2594210109756877.0,2624328097071104.0,2594469530767852.5,2624602974978048.0,30133444210195.5,1.1614491460717709
343300,2620281044757857.5,2651815887765504.0,2620543072862333.5,2652090765672448.0,31547692810114.5,1.2038608766562262
343400,2646613983846039.5,2679303678459904.0,2646878645244424.0,2679578556366848.0,32699911122424.0,1.2354140671003204
343500,2673211560073970.0,2706791469154304.0,2673478881229977.5,2707066347061248.0,33587465831270.5,1.256320596623454
343600,2700076432955482.5,2734279259848704.0,2700346440598778.0,2734554137755648.0,34207697156870.0,1.266789203139607
343700,2727211288731622.0,2761767050543104.0,2727484009860495.0,2762041928450048.0,34557918589553.0,1.2670255247920066
343800,2754618840639249.5,2789254841237504.0,2754894302523313.5,2789529719144448.0,34635416621134.5,1.2572321409721814
343900,2782301829182342.0,2816742631931904.0,2782580059365260.0,2817017509838848.0,34437450473588.0,1.2376086128297634
344000,2810263022406015.0,2844230422626304.0,2810544048708255.5,2844505300533248.0,33961251824992.5,1.208351523278965
344100,2838505216173300.0,2871718213320704.0,2838789066694917.5,2871993091227648.0,33204024532730.5,1.169654516507933
344200,2867031234444708.0,2899206004015104.0,2867317937568152.5,2899480881922048.0,32162944353895.5,1.1217083369964105
344300,2895843929560598.0,2927277910261760.0,2896133513953554.0,2927587147907072.0,31453633953518.0,1.08605607448602
344400,2924946182526385.0,2958201674792960.0,2925238677144637.5,2958510912438272.0,33272235293634.5,1.1374195054097929
344500,2954340903300620.5,2989125439324160.0,2954636337390950.5,2989434676969472.0,34798339578521.5,1.1777537268511928
344600,2984031031085953.5,3020049203855360.0,2984329434189062.0,3020358441500672.0,36029007311610.0,1.2072731280553226
344700,3014019534623022.0,3050972968386560.0,3014320936576484.5,3051282206031872.0,36961269455387.5,1.2261889239095511
344800,3044309412487308.5,3081896732917760.0,3044613843428557.0,3082205970563072.0,37592127134515.0,1.2347091968872574
344900,3074903693388967.0,3112820497448960.0,3075211183758306.0,3113129735094272.0,37918551335966.0,1.2330389384713611
345000,3105805436475662.0,3143744261980160.0,3106116017019309.5,3144053499625472.0,37937482606162.5,1.2213800900639913
345100,3137017731638459.0,3174668026511360.0,3137331433411623.0,3174977264156672.0,37645830745049.0,1.1999315833874733
345200,3168543699820783.0,3205591791042560.0,3168860554190765.0,3205901028687872.0,37040474497107.0,1.1688893803837974
345300,3200386493330490.0,3236515555573760.0,3200706531979823.0,3236824793219072.0,36118261239249.0,1.1284465126175673
345400,3232549296155062.5,3267885996703744.0,3232872551084678.0,3268229594087424.0,35357043002746.0,1.0936726531605205
345500,3265035324279981.0,3302245735071744.0,3265361827812409.0,3302589332455424.0,37227504643015.0,1.1400728803140059
345600,3297847826010296.5,3336605473439744.0,3298177610792897.5,3336949070823424.0,38771460030526.5,1.1755419084664047
345700,3330990082295423.0,3370965211807744.0,3331323181303652.5,3371308809191424.0,39985627887771.5,1.2002926678558954
345800,3364465407057207.5,3405324950175744.0,3364801853597913.0,3405668547559424.0,40866693961511.0,1.2145349336934386
345900,3398277147521300.0,3439684688543744.0,3398616975236052.0,3440028285927424.0,41411310691372.0,1.218475367866241
346000,3432428684551830.0,3474044426911744.0,3432771927420285.0,3474388024295424.0,41616096875139.0,1.21231756012446
346100,3466923432989468.5,3508404165279744.0,3467270125332767.5,3508747762663424.0,41477637330656.5,1.1962620687557688
346200,3501764841992885.5,3542763903647744.0,3502115018477084.5,3543107501031424.0,40992482554339.5,1.1705064607548303
346300,3536956395383624.0,3577123642015744.0,3537310091023162.5,3577467239399424.0,40157148376261.5,1.1352453514937983
346400,3572501611994464.5,3611689538813952.0,3572858862155664.0,3612067495936000.0,39208633780336.0,1.0974022566533652
346500,3608404046021262.5,3649485251018752.0,3608764886425864.5,3649863208140800.0,41098321714935.5,1.1388473067204843
346600,3644667287378339.5,3687280963223552.0,3645031754107077.5,3687658920345600.0,42627166238522.5,1.1694593933370236
346700,3681294962057449.0,3725076675428352.0,3681663091553654.5,3725454632550400.0,43791540996745.5,1.189449982460659
346800,3718290732490333.0,3762872387633152.0,3718662561563582.0,3763250344755200.0,44587783191618.0,1.199027404435164
346900,3755658297914933.5,3800668099837952.0,3756033863744725.0,3801046056960000.0,45012193215275.0,1.198396895452863
347000,3793401394745282.5,3838463812042752.0,3793780734884757.0,3838841769164800.0,45061034280043.0,1.187760638502262
347100,3831523796945116.0,3876259524247552.0,3831906949324810.5,3876637481369600.0,44730532044789.5,1.1673178038070864
347200,3870029316405225.5,3914055236452352.0,3870416319336866.0,3914433193574400.0,44016874237534.0,1.1372645887632984
347300,3908921803324620.5,3951988387610624.0,3909312695504953.0,3952400704471040.0,43088008966087.0,1.102188858303172
347400,3948205146595508.5,3993220073652224.0,3948599967110168.0,3993632390512640.0,45032423402472.0,1.14046557710503
347500,3987883274192146.5,4034451759693824.0,3988282062519565.5,4034864076554240.0,46582014034674.5,1.167971906311127
347600,4027960153563607.0,4075683445735424.0,4028362949578963.5,4076095762595840.0,47732813016876.5,1.1849183803526304
347700,4068439792030487.5,4116915131777024.0,4068846636009690.5,4117327448637440.0,48480812627749.5,1.1915124103889678
347800,4109326237185603.0,4158146817818624.0,4109737169809321.5,4158559134679040.0,48821964869718.5,1.1879583256168103
347900,4150623577298704.5,4199378503860224.0,4151038639656434.5,4199790820720640.0,48752181064205.5,1.1744574140663873
348000,4192335941725279.0,4240610189901824.0,4192755175319451.5,4241022506762240.0,48267331442788.5,1.1512079628906773
348100,4234467501319435.5,4281841875943424.0,4234890948069567.5,4282254192803840.0,47363244734272.5,1.118405298154432
348200,4277022468850958.5,4325272585240576.0,4277450171097843.5,4325719261839360.0,48269090741516.5,1.128454775877093
348300,4320005099426548.5,4369940245118976.0,4320437099936491.0,4370386921717760.0,49949821781269.0,1.1561288968193344
348400,4363419690915283.0,4414607904997376.0,4363856032884374.5,4415054581596160.0,51198548711785.5,1.173241012672566
348500,4407270584378380.5,4459275564875776.0,4407711311436818.5,4459722241474560.0,52010930037741.5,1.1799985607675167
348600,4451562164503253.0,4503943224754176.0,4452007320719703.5,4504424261091328.0,52416940371624.5,1.1773776769789963
348700,4496298860041939.0,4552046858469376.0,4496748489927943.0,4552527894806528.0,55779404878585.0,1.2404386192272636
348800,4541485144253940.0,4600150492184576.0,4541939292768365.0,4600631528521728.0,58692235753363.0,1.2922285387392176
348900,4587125535353508.0,4648254125899776.0,4587584247907043.0,4648735162236928.0,61150914329885.0,1.332965478678313
349000,4633224596961408.0,4696357759614976.0,4633687919421104.0,4696838795952128.0,63150876531024.0,1.3628642590784052
349100,4679786938561270.0,4744461393330176.0,4680254917255126.0,4744942429667328.0,64687512412202.0,1.3821365193958262
349200,4726817215960461.0,4792565027045376.0,4727289897682057.0,4793046063382528.0,65756165700471.0,1.390990760535193
349300,4774320131755658.0,4840668660760576.0,4774797563768834.0,4841149697097728.0,66352133328894.0,1.3896323863523348
349400,4822300435803015.0,4888772294475776.0,4822782665846595.0,4889253330812928.0,66470664966333.0,1.3782637446438755
349500,4870762925693160.0,4936875928190976.0,4871250001985729.0,4937356964528128.0,66106962542399.0,1.357084167625373
349600,4919712447230884.0,4984979561906176.0,4920204418475607.0,4985460598243328.0,65256179767721.0,1.326290011908466
349700,4969153894919669.0,5033083195621376.0,4969650810309161.0,5033564231958528.0,63913421649367.0,1.2860746979804594
349800,5019092212451105.0,5081186829336576.0,5019594121672350.0,5081667865673728.0,62073744001378.0,1.2366287491925192
349900,5069532393199217.0,5129290463051776.0,5070039346438537.0,5129771499388928.0,59732152950391.0,1.178139830262856
350000,5120479480719757.0,5181036229033984.0,5120991528667829.0,5181585984847872.0,60594456180043.0,1.1832563252805457
350100,5171938569254496.0,5236011810422784.0,5172455763111421.0,5236561566236672.0,64105803125251.0,1.2393688039332602
350200,5223914804240612.0,5290987391811584.0,5224437195721036.0,5291537147625472.0,67099951904436.0,1.2843479477443578
350300,5276413382825200.0,5345962973200384.0,5276941024163482.0,5346512729014272.0,69571704850790.0,1.3184097478485413
350400,5329439554384919.0,5400938554589184.0,5329972498340357.0,5401488310403072.0,71515812062715.0,1.3417669994541912
350500,5382998621050887.0,5455914135977984.0,5383536920912992.0,5456463891791872.0,72926970878880.0,1.3546293440579273
350600,5437095938238862.0,5510889717366784.0,5437639647832686.0,5511439473180672.0,73799825347986.0,1.3572033111352066
350700,5491736915184704.0,5565865298755584.0,5492286088876222.0,5566415054569472.0,74128965693250.0,1.3496923593143988
350800,5546927015485282.0,5620840880144384.0,5547481708186830.0,5621390635958272.0,73908927771442.0,1.3322969170383945
350900,5602671757644754.0,5675816461533184.0,5603232024820518.0,5676366217347072.0,73134192526554.0,1.3052144227223328
351000,5658976715626379.0,5730792042921984.0,5659542613297942.0,5731341798735872.0,71799185437930.0,1.2686393644113054
351100,5715847519409876.0,5785767624310784.0,5716419104161817.0,5786317380124672.0,69898275962855.0,1.222763318944999
351200,5773289855554350.0,5840743205699584.0,5773867184539905.0,5841292961513472.0,67425776973567.0,1.1677749906354986
351300,5831309467766897.0,5902178417901568.0,5831892598713674.0,5902796893192192.0,70904294478518.0,1.2158024736970838
351400,5889912157476936.0,5964025946963968.0,5890501148692684.0,5964644422254592.0,74143273561908.0,1.2586921161769586
351500,5949103784416302.0,6025873476026368.0,5949698694794744.0,6026491951316992.0,76793256522248.0,1.2907083276239295
351600,6008890267205130.0,6087721005088768.0,6009491156231850.0,6088339480379392.0,78848324147542.0,1.3120632362654563
351700,6069277583943710.0,6149568534151168.0,6069884511702104.0,6150187009441792.0,80302497739688.0,1.3229658255420373
351800,6130271772810200.0,6211416063213568.0,6130884799987481.0,6212034538504192.0,81149738516711.0,1.3236219756873706
351900,6191878932664435.0,6273263592275968.0,6192498120557701.0,6273882067566592.0,81383947008891.0,1.3142345047907984
352000,6254105223657708.0,6335111121338368.0,6254730634180074.0,6335729596628992.0,80998962448918.0,1.2950032093514139
352100,6316956867848752.0,6396958650400768.0,6317588563535537.0,6397577125691392.0,79988562155855.0,1.266124904327272
352200,6380440149825901.0,6458806179463168.0,6381078193840884.0,6459424654753792.0,78346460912908.0,1.2277934626867482
352300,6444561417335463.0,6520653708525568.0,6445205873477196.0,6521272183816192.0,76066310338996.0,1.1801998544688557
352400,6509327081916465.0,6588685990494208.0,6509978014624657.0,6589373185261568.0,79395170636911.0,1.2195919933761659
352500,6574743619541731.0,6657405467230208.0,6575401093903685.0,6658092661997568.0,82691568093883.0,1.2575897182994606
352600,6640817571265421.0,6726124943966208.0,6641481653022547.0,6726812138733568.0,85330485711021.0,1.284810982985807
352700,6707555543877067.0,6794844420702208.0,6708226299431455.0,6795531615469568.0,87305316038113.0,1.3014664702875696
352800,6774964210562232.0,6863563897438208.0,6775641706983288.0,6864251092205568.0,88609385222280.0,1.3077637374325017
352900,6843050311569705.0,6932283374174208.0,6843734616600862.0,6932970568941568.0,89235952340706.0,1.303907257365681
353000,6911820654885525.0,7001002850910208.0,6912511836951013.0,7001690045677568.0,89178208726555.0,1.2900984595765976
353100,6981282116913678.0,7069722327646208.0,6981980245125369.0,7070409522413568.0,88429277288199.0,1.2665357704204039
353200,7051441643163699.0,7138441804382208.0,7052146787328015.0,7139128999149568.0,86982211821553.0,1.2334146529373313
353300,7122306248945122.0,7207161281118208.0,7123018479570016.0,7207848475885568.0,84829996315552.0,1.1909276461777873
353400,7193883020068998.0,7281584474423296.0,7194602408371005.0,7282340388667392.0,87737980296387.0,1.2194972747111477
353500,7266179113556371.0,7357175898832896.0,7266905731467727.0,7357931813076992.0,91026081609265.0,1.252611289769409
353600,7339201758353919.0,7432767323242496.0,7339935678529754.0,7433523237486592.0,93587558956838.0,1.2750460365830387
353700,7412958256056812.0,7508358747652096.0,7413699551882418.0,7509114661896192.0,95415110013774.0,1.2870107474148595
353800,7487455981638781.0,7583950172061696.0,7488204727236945.0,7584706086305792.0,96501359068847.0,1.2887115481477336
353900,7562702384189524.0,7659541596471296.0,7563458654427943.0,7660297510715392.0,96838856287449.0,1.2803514993865375
354000,7638704987659614.0,7735133020880896.0,7639468858158380.0,7735888935124992.0,96420076966612.0,1.2621306370487078
354100,7715471391612757.0,7810724445290496.0,7716242938751918.0,7811480359534592.0,95237420782674.0,1.2342460124522519
354200,7793009271985716.0,7886315869700096.0,7793788572912914.0,7887071783944192.0,93283211031278.0,1.1968917319040588
354300,7871326381855821.0,7967473571725312.0,7872113514494006.0,7968298205446144.0,96184690952138.0,1.2218407518520193
354400,7950430552216210.0,8049936943808512.0,7951225595271432.0,8050761577529344.0,99535982257912.0,1.2518319479842923
354500,8030329692758856.0,8132400315891712.0,8031132725728132.0,8133224949612544.0,102092223884412.0,1.2712057859205153
354600,8111031792665465.0,8214863687974912.0,8111842895844731.0,8215688321695744.0,103845425851013.0,1.2801705751008507
354700,8192544921406322.0,8297327060058112.0,8193364175898463.0,8298151693778944.0,104787517880481.0,1.2789315308200648
354800,8274877229547160.0,8379790432141312.0,8275704717270115.0,8380615065862144.0,104910348592029.0,1.2676908151773147
354900,8358036949564135.0,8462253804224512.0,8358872753259091.0,8463078437945344.0,104205684686253.0,1.2466475775172392
355000,8442032396667022.0,8544717176307712.0,8442876599906689.0,8545541810028544.0,102665210121855.0,1.21599799436829
355100,8526871969630632.0,8629998046937088.0,8527724656827595.0,8630891400134656.0,103166743307061.0,1.2097804216094394
355200,8612564151634630.0,8719333366693888.0,8613425408049793.0,8720226719891456.0,106801311841663.0,1.23994005615757
355300,8699117511111773.0,8808668686450688.0,8699987422862884.0,8809562039648256.0,109574616785372.0,1.259480174619776
355400,8786540702604663.0,8898004006207488.0,8787419356674923.0,8898897359405056.0,111478002730133.0,1.268609112702176
355500,8874842467631135.0,8987339325964288.0,8875729951877898.0,8988232679161856.0,112502727283958.0,1.2675321116564058
355600,8964031635558331.0,9081966045429760.0,8964928038721887.0,9082928118104064.0,118000079382177.0,1.3162412333094426
355700,9054117124485532.0,9178173312860160.0,9055022536197980.0,9179135385534464.0,124112849336484.0,1.3706520203603654
355800,9145107942135932.0,9274380580290560.0,9146022452930146.0,9275342652964864.0,129320200034718.0,1.4139501701451345
355900,9237013186757268.0,9370587847720960.0,9237936888075944.0,9371549920395264.0,133613032319320.0,1.4463514303911704
356000,9329842048031612.0,9466795115151360.0,9330775032236416.0,9467757187825664.0,136982155589248.0,1.4680683556938772
356100,9423603807994240.0,9563002382581760.0,9424546168375040.0,9563964455256064.0,139418286881024.0,1.4793103496999707
356200,9518307841961716.0,9659209650012160.0,9519259672745912.0,9660171722686464.0,140912049940552.0,1.4802837067675527
356300,9613963619469398.0,9755416917442560.0,9614925015831344.0,9756378990116864.0,141453974285520.0,1.4711916531081688
356400,9710580705218272.0,9851624184872960.0,9711551763288794.0,9852586257547264.0,141034494258470.0,1.452234387418937
356500,9808168760031300.0,9947831452303360.0,9809149576907304.0,9948793524977664.0,139643948070360.0,1.4236091210099369
356600,9906737541819512.0,1.004403871973376e+16,9907728215573694.0,1.0045000792408064e+16,137272576834370.0,1.385510117431309
356700,1.0006296906557608e+16,1.014024598716416e+16,1.0007297536248264e+16,1.0141208059838464e+16,133910523590200.0,1.3381287316096235
356800,1.0106856809269498e+16,1.023645325459456e+16,1.0107867494950424e+16,1.0237415327268864e+16,129547832318440.0,1.2816534484960163
356900,1.0208427305023724e+16,1.033678369062912e+16,1.0209448147754226e+16,1.0337883202256896e+16,128435054502670.0,1.2580019276646395
357000,1.0311018549938888e+16,1.044673485340672e+16,1.0312049651793882e+16,1.0447834365034496e+16,135784713240614.0,1.316757752586974
357100,1.0414640802199134e+16,1.055668601618432e+16,1.0415682266279354e+16,1.0557785527812096e+16,142103261532742.0,1.3643202423023175
357200,1.0519304423079904e+16,1.066663717896192e+16,1.0520356353522212e+16,1.0667736690589696e+16,147380337067484.0,1.4009063202325946
357300,1.0625019877983952e+16,1.077658834173952e+16,1.062608237997175e+16,1.0777687853367296e+16,151605473395546.0,1.426729701261257
357400,1.073179773748777e+16,1.088653950451712e+16,1.0732870917261518e+16,1.0887639016144896e+16,154768098883378.0,1.4420009341067053
357500,1.0839648678398608e+16,1.099649066729472e+16,1.0840732643266448e+16,1.0997590178922496e+16,156857535656048.0,1.4469274431694208
357600,1.0948583484821982e+16,1.110644183007232e+16,1.0949678343170464e+16,1.1107541341700096e+16,157862998529632.0,1.4417135698611123
357700,1.1058613049240072e+16,1.121639299284992e+16,1.1059718910544996e+16,1.1217492504477696e+16,157773593932700.0,1.42656061341911
357800,1.1169748373600794e+16,1.132634415562752e+16,1.1170865348438154e+16,1.1327443667255296e+16,156578318817142.0,1.4016668712154325
357900,1.1282000570417928e+16,1.143629531840512e+16,1.128312877047497e+16,1.1437394830032896e+16,154266059557926.0,1.367227678563772
358000,1.1395380863882264e+16,1.154624648118272e+16,1.1396520401968652e+16,1.1547345992810496e+16,150825590841844.0,1.3234354480319288
358100,1.150990059098391e+16,1.165619764396032e+16,1.1511051581043008e+16,1.1657297155588096e+16,146245574545088.0,1.2704797082651662
358200,1.1625571202645894e+16,1.1775906972434432e+16,1.1626733759766158e+16,1.177714392301568e+16,150410163249522.0,1.2936579297103223
358300,1.1742404264869146e+16,1.1899602030559232e+16,1.1743578505295632e+16,1.190083898114048e+16,157260475844848.0,1.3391188705719743
358400,1.1860411459889016e+16,1.2023297088684032e+16,1.1861597501035004e+16,1.202453403926528e+16,162936538230276.0,1.3736475058781812
358500,1.1979604587343368e+16,1.2146992146808832e+16,1.1980802547802102e+16,1.214822909739008e+16,167426549587978.0,1.3974568808722474
358600,1.209999556545243e+16,1.2270687204933632e+16,1.2101205565008976e+16,1.227192415551488e+16,170718590505904.0,1.4107568835913529
358700,1.2221596432210518e+16,1.2394382263058432e+16,1.2222818591853738e+16,1.239561921363968e+16,172800621785942.0,1.4137542866021928
358800,1.2344419346589724e+16,1.2518077321183232e+16,1.2345653788524382e+16,1.251931427176448e+16,173660483240098.0,1.406652788218637
358900,1.2468476589755696e+16,1.2641772379308032e+16,1.2469723437414672e+16,1.264300932988928e+16,173285892474608.0,1.3896530532078513
359000,1.2593780566295674e+16,1.2765467437432832e+16,1.2595039944352304e+16,1.276670438801408e+16,171664443661776.0,1.3629527529902867
359100,1.272034380545877e+16,1.2889162495557632e+16,1.2721615839839316e+16,1.289039944613888e+16,168783606299564.0,1.3267466053407873
359200,1.284817896240883e+16,1.3012857553682432e+16,1.284946378030507e+16,1.301409450426368e+16,164630723958610.0,1.2812264135951466
359300,1.2977298819489838e+16,1.3145761021689856e+16,1.2978596549371786e+16,1.3147135411224576e+16,168538861852790.0,1.2985908084256454
359400,1.310771628750397e+16,1.3283199975161856e+16,1.310902705913272e+16,1.3284574364696576e+16,175547305563856.0,1.3391329865442358
359500,1.323944440700267e+16,1.3420638928633856e+16,1.324076835144337e+16,1.3422013318168576e+16,181244966725206.0,1.3688402509167723
359600,1.3372496349590466e+16,1.3558077882105856e+16,1.3373833599225424e+16,1.3559452271640576e+16,185618672415152.0,1.3879241956913726
359700,1.3506885419242072e+16,1.3695516835577856e+16,1.3508236107783996e+16,1.3696891225112576e+16,188655117328580.0,1.396593277044286
359800,1.3642625053632642e+16,1.3832955789049856e+16,1.3643989316138006e+16,1.3834330178584576e+16,190340862446570.0,1.3950528546767205
359900,1.3779728825481448e+16,1.3970394742521856e+16,1.3781106798363996e+16,1.3971769132056576e+16,190662333692580.0,1.383505232796064
360000,1.3918210443908994e+16,1.4107833695993856e+16,1.3919602264953384e+16,1.4109208085528576e+16,189605820575192.0,1.3621497005886396
360100,1.405808375580781e+16,1.4245272649465856e+16,1.405948956418339e+16,1.4246647039000576e+16,187157474817186.0,1.3311825721893238
360200,1.4199362747227022e+16,1.4382711602937856e+16,1.4200782683501744e+16,1.4384085992472576e+16,183303308970832.0,1.2907972261542389
360300,1.4342061544770816e+16,1.4528396893618176e+16,1.4343495750925292e+16,1.4529908722106368e+16,186412971181076.0,1.2996341646285956
360400,1.4486194417010988e+16,1.4679579742437376e+16,1.4487643036452688e+16,1.4681091570925568e+16,193448534472880.0,1.3352657432692105
360500,1.4631775775913646e+16,1.4830762591256576e+16,1.4633238953491238e+16,1.4832274419744768e+16,199035466253530.0,1.3601600225768444
360600,1.4778820178280298e+16,1.4981945440075776e+16,1.4780298060298126e+16,1.4983457268563968e+16,203159208265842.0,1.3745271403663708
360700,1.492734232720339e+16,1.5133128288894976e+16,1.492883506143611e+16,1.5134640117383168e+16,205805055947058.0,1.3785741157974865
360800,1.5077357073536458e+16,1.5284311137714176e+16,1.5078864809243812e+16,1.5285822966202368e+16,206958156958556.0,1.3725048906313173
360900,1.5228879417379132e+16,1.5435493986533376e+16,1.523040230532087e+16,1.5437005815021568e+16,206603509700698.0,1.3565203699742017
361000,1.5381924509576928e+16,1.5586676835352576e+16,1.5383462702027886e+16,1.5588188663840768e+16,204725961812882.0,1.3308184625162092
361100,1.55365076532363e+16,1.5737859684171776e+16,1.5538061304001624e+16,1.5739371512659968e+16,201310208658344.0,1.2955941202683967
361200,1.5692644305254692e+16,1.5897013992292352e+16,1.5694213569685218e+16,1.5898663259734016e+16,204449690048798.0,1.302707454190065
361300,1.5850350077866186e+16,1.6061940736458752e+16,1.5851935112873972e+16,1.6063590003900416e+16,211654891026444.0,1.3351990751876774
361400,1.6009640740202524e+16,1.6226867480625152e+16,1.6011241704276544e+16,1.6228516748066816e+16,217275043790272.0,1.3570155757016562
361500,1.617053221986989e+16,1.6391794224791552e+16,1.6172149273091876e+16,1.6393443492233216e+16,221294219141340.0,1.3683661670718168
361600,1.6333040604541544e+16,1.6556720968957952e+16,1.6334673908601998e+16,1.6558370236399616e+16,223696327797618.0,1.369456954263515
361700,1.64971821435664e+16,1.6721647713124352e+16,1.6498831861780756e+16,1.6723296980566016e+16,224465118785260.0,1.3604909769717053
361800,1.6662973249593866e+16,1.6886574457290752e+16,1.6664639546918826e+16,1.6888223724732416e+16,223584177813590.0,1.3416682502138435
361900,1.6830430500214914e+16,1.7051501201457152e+16,1.6832113543264936e+16,1.7053150468898816e+16,221036925633880.0,1.3131858044192193
362000,1.6999570639619702e+16,1.7218901846786048e+16,1.7001270596683664e+16,1.7220688553181184e+16,219417956497520.0,1.2905974012337675
362100,1.7170410580271844e+16,1.7397572486299648e+16,1.717212762132987e+16,1.7399359192694784e+16,227231571364914.0,1.3232581097444487
362200,1.7342967404599512e+16,1.7576243125813248e+16,1.7344701701339972e+16,1.7578029832208384e+16,233328130868412.0,1.345241531887436
362300,1.7517258366703494e+16,1.7754913765326848e+16,1.7519010092540164e+16,1.7756700471721984e+16,237690379181820.0,1.356756905363231
362400,1.769330089408246e+16,1.7933584404840448e+16,1.7695070224171868e+16,1.7935371111235584e+16,240300887063716.0,1.358010361187827
362500,1.7871112589375562e+16,1.8119676747841536e+16,1.78728997006345e+16,1.8121600893190144e+16,248701192555644.0,1.391498843060228
362600,1.80507112321225e+16,1.8312091282702336e+16,1.805251630324571e+16,1.8314015428050944e+16,261499124805232.0,1.4485466757795773
362700,1.823211478054141e+16,1.8504505817563136e+16,1.823393799201946e+16,1.8506429962911744e+16,272491970892284.0,1.4944219455585894
362800,1.8415341373324332e+16,1.8696920352423936e+16,1.8417182907461664e+16,1.8698844497772544e+16,281661590310880.0,1.5293413315494937
362900,1.860040933145118e+16,1.8889334887284736e+16,1.8602269372384324e+16,1.8891259032633344e+16,288989660249020.0,1.5535183071697403
363000,1.8787337160021452e+16,1.9081749422145536e+16,1.8789215893737452e+16,1.9083673567494144e+16,294457673756692.0,1.567163182444651
363100,1.89761435501046e+16,1.9274163957006336e+16,1.8978041164459612e+16,1.9276088102354944e+16,298046937895332.0,1.5704831458237523
363200,1.916684738060905e+16,1.9466578491867136e+16,1.9168764065347108e+16,1.9468502637215744e+16,299738571868636.0,1.563682305477885
363300,1.9359467720169908e+16,1.9658993026727936e+16,1.9361403666941924e+16,1.9660917172076544e+16,299513505134620.0,1.5469617300837324
363400,1.9554023829055572e+16,1.9851407561588736e+16,1.9555979231438476e+16,1.9853331706937344e+16,297352475498868.0,1.5205194891025444
363500,1.975053516109361e+16,2.0043822096449536e+16,1.9752510214609716e+16,2.0045746241798144e+16,293236027188428.0,1.4845506925572394
363600,1.9949021365616044e+16,2.0236236631310336e+16,1.9951016267752604e+16,2.0238160776658944e+16,287144508906340.0,1.4392475303148335
363700,2.014950228942405e+16,2.0428651166171136e+16,2.015151723965299e+16,2.0430575311519744e+16,279058071866752.0,1.3847993108808583
363800,2.035199797877238e+16,2.0622989846380544e+16,2.0354033178570256e+16,2.0625188869636096e+16,271155691065840.0,1.3321963695692816
363900,2.0556528681373924e+16,2.0842892171935744e+16,2.055858433424206e+16,2.0845091195191296e+16,286506860949236.0,1.3936118182614092
364000,2.0763114848424236e+16,2.1062794497490944e+16,2.076519115990908e+16,2.1064993520746496e+16,299802360837416.0,1.4437736620322483
364100,2.0971777136646452e+16,2.1282696823046144e+16,2.0973874314360116e+16,2.1284895846301696e+16,311021531941580.0,1.4828997603396235
364200,2.1182536410356856e+16,2.1502599148601344e+16,2.1184654663997892e+16,2.1504798171856896e+16,320143507859004.0,1.5112047514424183
364300,2.1395413743550972e+16,2.1722501474156544e+16,2.139755328492533e+16,2.1724700497412096e+16,327147212486768.0,1.52890009493396
364400,2.1610430422010916e+16,2.1942403799711744e+16,2.1612591465053116e+16,2.1944602822967296e+16,332011357914180.0,1.5361941137462944
364500,2.1827607945433716e+16,2.2162306125266944e+16,2.182979070622826e+16,2.2164505148522496e+16,334714442294236.0,1.5332920356343067
364600,2.2046968029581116e+16,2.2382208450822144e+16,2.204917272638407e+16,2.2384407474077696e+16,335234747693624.0,1.5203960341445446
364700,2.2268532608450828e+16,2.2602110776377344e+16,2.227075946171167e+16,2.2604309799632896e+16,333550337921224.0,1.4977052690756698
364800,2.2492323836469924e+16,2.2822013101932544e+16,2.2494573068853572e+16,2.2824212125188096e+16,329639056334524.0,1.4654159264349351
364900,2.271836409070998e+16,2.3041915427487744e+16,2.2720635927119052e+16,2.3044114450743296e+16,323478523624244.0,1.423721257899055
365000,2.2946675973124524e+16,2.3261817753042944e+16,2.2948970640721836e+16,2.3264016776298496e+16,315046135576660.0,1.3728116197840523
365100,2.3177282312809116e+16,2.3494914218131456e+16,2.3179600041040396e+16,2.349738811929395e+16,317788078253556.0,1.3709817153484083
365200,2.341020616828403e+16,2.3742304334381056e+16,2.341254718890086e+16,2.374477823554355e+16,332231046642692.0,1.419029907178114
365300,2.364547082979984e+16,2.3989694450630656e+16,2.364783537688282e+16,2.399216835179315e+16,344332974910332.0,1.4560866541169268
365400,2.3883099821666264e+16,2.4237084566880256e+16,2.388548813164843e+16,2.423955846804275e+16,354070336394320.0,1.4823659221147523
365500,2.4123116904604424e+16,2.4484474683129856e+16,2.4125529216294884e+16,2.448694858429235e+16,361419367997468.0,1.4980785074482754
365600,2.4365546078122628e+16,2.4731864799379456e+16,2.436798263273044e+16,2.473433870054195e+16,366356067811512.0,1.5034320786138122
365700,2.4610411582916136e+16,2.4979254915629056e+16,2.4612872624074428e+16,2.498172881679155e+16,368856192717124.0,1.4986312177000303
365800,2.4857737903291028e+16,2.5226645031878656e+16,2.4860223677081356e+16,2.522911893304115e+16,368895255959796.0,1.4838774612469823
365900,2.5107549769612364e+16,2.5474035148128256e+16,2.5110060524589324e+16,2.547650904929075e+16,366448524701428.0,1.459369340597881
366000,2.535987216077703e+16,2.5721425264377856e+16,2.5362408147993108e+16,2.572389916554035e+16,361491017547244.0,1.4253024217491284
366100,2.561473030671137e+16,2.5968815380627456e+16,2.561729177974204e+16,2.597128928178995e+16,353997502047912.0,1.3818693447050892
366200,2.587214969089394e+16,2.622830012478259e+16,2.5874736905863028e+16,2.623104890385203e+16,356311997989004.0,1.3770652018041052
366300,2.6132156052903716e+16,2.650317803172659e+16,2.613476926850901e+16,2.650592681079603e+16,371157542287024.0,1.4201676642856338
366400,2.63947753909937e+16,2.677805593867059e+16,2.63974148685328e+16,2.678080471774003e+16,383389849207232.0,1.4523764963979644
366500,2.666003396469053e+16,2.705293384561459e+16,2.6662699968086996e+16,2.705568262468403e+16,392982656597036.0,1.4739042072535906
366600,2.6927958297420228e+16,2.732781175255859e+16,2.693065109324997e+16,2.733056053162803e+16,399909438378064.0,1.4849601555986862
366700,2.719857517916033e+16,2.760268965950259e+16,2.7201295036678244e+16,2.760543843857203e+16,404143401893788.0,1.48575059146574
366800,2.7471911669118564e+16,2.787756756644659e+16,2.7474658860285476e+16,2.788031634551603e+16,405657485230556.0,1.4764786973094413
366900,2.774799509843853e+16,2.815244547339059e+16,2.7750769897948372e+16,2.815519425246003e+16,404424354511660.0,1.4573446286315799
367000,2.802685307293261e+16,2.842732338033459e+16,2.80296557582399e+16,2.843007215940403e+16,400416401164132.0,1.4285455541009322
367100,2.830851347584226e+16,2.870220128727859e+16,2.8311344327189844e+16,2.870495006634803e+16,393605739158188.0,1.3902756951748638
367200,2.859300447062608e+16,2.898724967677952e+16,2.8595863771073144e+16,2.8990273333755904e+16,394409562682760.0,1.379253887346235
367300,2.8880354503775936e+16,2.928961537441792e+16,2.888324253922631e+16,2.9292639031394304e+16,409396492167992.0,1.417418738952148
367400,2.9170592307661364e+16,2.959198107205632e+16,2.917350936689213e+16,2.9595004729032704e+16,421495362140576.0,1.4447879987277585
367500,2.9463746903402404e+16,2.989434676969472e+16,2.9466693278092744e+16,2.9897370426671104e+16,430677148578360.0,1.4615727136867116
367600,2.975984760377159e+16,3.019671246733312e+16,2.976282358853197e+16,3.0199736124309504e+16,436912535777536.0,1.4679807998656569
367700,3.0058924016124976e+16,3.049907816497152e+16,3.0061929908526588e+16,3.0502101821947904e+16,440171913421316.0,1.4642170837357593
367800,3.036100604536245e+16,3.080144386260992e+16,3.0364042145966984e+16,3.0804467519586304e+16,440425373619320.0,1.4504833431006754
367900,3.0666123896918092e+16,3.110380956024832e+16,3.0669190509307784e+16,3.1106833217224704e+16,437642707916920.0,1.426978347485565
368000,3.0974308079780384e+16,3.140617525788672e+16,3.097740551058836e+16,3.1409198914863104e+16,431793404274744.0,1.3938978980249106
368100,3.1285589409542812e+16,3.171816168226816e+16,3.1288717968483764e+16,3.172146021715149e+16,432742248667724.0,1.3830616169816001
368200,3.159999901148517e+16,3.204801517060096e+16,3.1603159011386316e+16,3.205131370548429e+16,448154694097972.0,1.4180692947072353
368300,3.1917568323685772e+16,3.237786865893376e+16,3.192076008051814e+16,3.238116719381709e+16,460407113298948.0,1.4423438293373954
368400,3.2238329100165084e+16,3.270772214726656e+16,3.22415529330751e+16,3.271102068214989e+16,469467749074788.0,1.4560953377440546
368500,3.2562313414060652e+16,3.303757563559936e+16,3.2565569645402056e+16,3.304087417048269e+16,475304525080632.0,1.459530818149654
368600,3.2889553660834256e+16,3.336742912393216e+16,3.289284261620034e+16,3.337072765881549e+16,477885042615148.0,1.45285419138503
368700,3.322008256151114e+16,3.369728261226496e+16,3.3223404569767292e+16,3.370058114714829e+16,477176577380996.0,1.4362663416356136
368800,3.3553933165951748e+16,3.402713610059776e+16,3.3557288559268344e+16,3.403043463548109e+16,473146076212744.0,1.4099651566814793
368900,3.3891138856156504e+16,3.435698958893056e+16,3.389452797004212e+16,3.436028812381389e+16,465760153771768.0,1.3741455676368552
369000,3.4231733349603616e+16,3.471295647842304e+16,3.4235156522938576e+16,3.471652989121331e+16,481373368274736.0,1.4060790636438347
369100,3.457575070262053e+16,3.507029775745024e+16,3.4579208277690788e+16,3.507387117024051e+16,494662892549724.0,1.430521163403449
369200,3.4923225313789376e+16,3.542763903647744e+16,3.4926717636320756e+16,3.543121244926771e+16,504494812946956.0,1.4444380894880462
369300,3.5274191927386316e+16,3.578498031550464e+16,3.5277719346579056e+16,3.578855372829491e+16,510834381715856.0,1.448036866264691
369400,3.5628685636855784e+16,3.61508428096471e+16,3.5632248505419468e+16,3.615469110034432e+16,522442594924852.0,1.4662072050979085
369500,3.5986741888319476e+16,3.65356718793687e+16,3.5990340562508308e+16,3.653952017006592e+16,549179607557612.0,1.525908338110312
369600,3.634839648412058e+16,3.69205009490903e+16,3.6352031323768984e+16,3.692434923978752e+16,572317916018536.0,1.5743767134254274
369700,3.671368558640383e+16,3.73053300188119e+16,3.671735695496247e+16,3.730917830950912e+16,591821354546648.0,1.611829945365012
369800,3.708264572073128e+16,3.76901590885335e+16,3.708635398530335e+16,3.769400737923072e+16,607653393927368.0,1.6384824298667104
369900,3.745531377973449e+16,3.80749881582551e+16,3.745905931111246e+16,3.807883644895232e+16,619777137839856.0,1.654545386984652
370000,3.783172702680348e+16,3.84598172279767e+16,3.783551019950616e+16,3.846366551867392e+16,628155319167760.0,1.660226902863223
370100,3.821192309981275e+16,3.88446462976983e+16,3.821574429212274e+16,3.884849458839552e+16,632750296272784.0,1.655731971189713
370200,3.85959400148848e+16,3.92294753674199e+16,3.859979960888629e+16,3.923332365811712e+16,633524049230832.0,1.6412625341323914
370300,3.8983816170191304e+16,3.96143044371415e+16,3.898771455180832e+16,3.961815272783872e+16,630438176030400.0,1.6170175227702828
370400,3.93755903497925e+16,3.99991335068631e+16,3.937952790882747e+16,4.000298179756032e+16,623453888732848.0,1.5831928970207183
370500,3.9771301727515384e+16,4.03839625765847e+16,3.9775278857688136e+16,4.038781086728192e+16,612532009593784.0,1.539981685069665
370600,4.0170989870870696e+16,4.07687916463063e+16,4.0175006969857784e+16,4.077263993700352e+16,597632967145736.0,1.4875740223122396
370700,4.057469474500923e+16,4.11536207160279e+16,4.0578752214483736e+16,4.115746900672512e+16,578716792241384.0,1.4261571898083727
370800,4.098245671671815e+16,4.15846292741161e+16,4.098655496238982e+16,4.15890273206272e+16,602472358237376.0,1.4699268059738566
370900,4.1394316558457064e+16,4.20244339252265e+16,4.139845599011291e+16,4.20288319717376e+16,630375981624688.0,1.5227040877448161
371000,4.1810315452435096e+16,4.24642385763369e+16,4.181449648398034e+16,4.2468636622848e+16,654140138867664.0,1.5643860236802647
371100,4.223049499472857e+16,4.29040432274473e+16,4.223471804422804e+16,4.29084412739584e+16,673723229730360.0,1.5951881791298799
371200,4.2654897199440456e+16,4.33438478785577e+16,4.26591626891604e+16,4.33482459250688e+16,689083235908400.0,1.6153229282287216
371300,4.3083564502901224e+16,4.37836525296681e+16,4.308787285935151e+16,4.37880505761792e+16,700177716827688.0,1.6249994960605858
371400,4.351653976791203e+16,4.42234571807785e+16,4.3520891421888824e+16,4.42278552272896e+16,706963805400776.0,1.624424000297955
371500,4.395386628803071e+16,4.46632618318889e+16,4.395826167465951e+16,4.46676598784e+16,709398203740488.0,1.6137994923248584
371600,4.439558779190085e+16,4.51030664829993e+16,4.440002735068004e+16,4.51074645295104e+16,707437178830360.0,1.5933259978487935
371700,4.484174844762402e+16,4.55428711341097e+16,4.4846232622468776e+16,4.55472691806208e+16,701036558152024.0,1.5632005570090897
371800,4.5292392867176376e+16,4.59826757852201e+16,4.5296922106463096e+16,4.59870738317312e+16,690151725268104.0,1.523617263985429
371900,4.5747566110869256e+16,4.64224804363305e+16,4.5752140867480344e+16,4.64268784828416e+16,674737615361256.0,1.474767306114948
372000,4.620731369185496e+16,4.68760289827881e+16,4.621193442322414e+16,4.688097678511309e+16,669042361888944.0,1.4477696513667515
372100,4.66716815806776e+16,4.73708092152873e+16,4.667634874883566e+16,4.737575701761229e+16,699408268776624.0,1.498421122312123
372200,4.714071620986966e+16,4.78655894477865e+16,4.714543028149065e+16,4.787053725011149e+16,725106968620840.0,1.5380217431285548
372300,4.761446447859497e+16,4.83603696802857e+16,4.7619225925042824e+16,4.836531748261069e+16,746091557567864.0,1.5667864041769242
372400,4.809297375733808e+16,4.88551499127849e+16,4.8097783054713816e+16,4.886009771510989e+16,762314660396072.0,1.5849268136306782
372500,4.8576291892640856e+16,4.93499301452841e+16,4.858114952183012e+16,4.935487794760909e+16,773728425778968.0,1.5926515395262317
372600,4.906446721188679e+16,4.98447103777833e+16,4.906937365860798e+16,4.984965818010829e+16,780284521500304.0,1.5901660512909823
372700,4.95575485281332e+16,5.03394906102825e+16,4.956250428298602e+16,5.034443841260749e+16,781934129621472.0,1.5776727607565564
372800,5.005558514499222e+16,5.08342708427817e+16,5.006059070350672e+16,5.083921864510669e+16,778627941599968.0,1.5553710626619224
372900,5.055862686156054e+16,5.13290510752809e+16,5.0563682724246696e+16,5.133399887760589e+16,770316153359192.0,1.52345737465401
373000,5.1066723977399e+16,5.18238313077801e+16,5.107183064979674e+16,5.182877911010509e+16,756948460308352.0,1.4821251767903185
373100,5.1579927297561976e+16,5.233015641237094e+16,5.158508529029173e+16,5.233565397050982e+16,750568680218096.0,1.4550110288551803
373200,5.209828813767754e+16,5.287991222625894e+16,5.2103497966491304e+16,5.288540978439782e+16,781911817906520.0,1.5006896819276538
373300,5.2621858329078456e+16,5.342966804014694e+16,5.262712051491136e+16,5.343516559828582e+16,808045083374464.0,1.5354157238101458
373400,5.315069022398488e+16,5.397942385403494e+16,5.315600529300728e+16,5.398492141217382e+16,828916119166544.0,1.5594025822621187
373500,5.368483670073902e+16,5.452917966792294e+16,5.3690205184409096e+16,5.453467722606182e+16,844472041652728.0,1.5728605222353504
373600,5.422435116909267e+16,5.507893548181094e+16,5.422977360420958e+16,5.508443303994982e+16,854659435740240.0,1.5759966876828286
373700,5.476928757554746e+16,5.562869129569894e+16,5.477476450430501e+16,5.563418885383782e+16,859424349532816.0,1.5690151428497148
373800,5.531970040874925e+16,5.617844710958694e+16,5.532523237879012e+16,5.618394466772582e+16,858712288935704.0,1.55211691305052
373900,5.587564470493627e+16,5.672820292347494e+16,5.588123226940677e+16,5.673370048161382e+16,852468212207056.0,1.5255000249408526
374000,5.643717605344252e+16,5.727795873736294e+16,5.6442819771047864e+16,5.728345629550182e+16,840636524453960.0,1.489359546287518
374100,5.700435060225578e+16,5.783541113264538e+16,5.7010051037316e+16,5.784145844659814e+16,831407409282144.0,1.4583523328859067
374200,5.757722506363223e+16,5.844014252792218e+16,5.758298278613859e+16,5.844618984187494e+16,863207055736352.0,1.499066241396831
374300,5.815585671976716e+16,5.904487392319898e+16,5.816167230543914e+16,5.905092123715174e+16,889248931712608.0,1.528926003094735
374400,5.874030342852246e+16,5.964960531847578e+16,5.874617745886531e+16,5.965565263242854e+16,909475173563232.0,1.5481435778524586
374500,5.9330623629212104e+16,6.025433671375258e+16,5.933655669157502e+16,6.026038402770534e+16,923827336130320.0,1.5569277821971945
374600,5.992687634844523e+16,6.085906810902938e+16,5.993286903608007e+16,6.086511542298214e+16,932246386902072.0,1.5554843308783568
374700,6.0529121206028616e+16,6.146379950430618e+16,6.053517411814922e+16,6.146984681825894e+16,934672700109728.0,1.5440158779183244
374800,6.1137418420927864e+16,6.206853089958298e+16,6.114353216276996e+16,6.207457821353574e+16,931046050765784.0,1.5227220571543854
374900,6.1751828817288904e+16,6.267326229485978e+16,6.175800400017063e+16,6.267930960881254e+16,921305608641912.0,1.491799522276281
375000,6.2372413830519704e+16,6.328459075990323e+16,6.237865107190275e+16,6.329118782966989e+16,912536757767136.0,1.4628991523322157
375100,6.299923551343341e+16,6.394429773656883e+16,6.300553543698475e+16,6.395089480633549e+16,945359369350736.0,1.500438592885606
375200,6.363235654245293e+16,6.460400471323443e+16,6.3638719778107176e+16,6.461060178300109e+16,971882004893912.0,1.527186606334366
375300,6.427184022387795e+16,6.526371168990003e+16,6.427826740790034e+16,6.527030875966669e+16,992041351766352.0,1.5433542187299558
375400,6.49177505002152e+16,6.592341866656563e+16,6.4924242275265224e+16,6.593001573633229e+16,1005773461067064.0,1.5491493251516046
375500,6.557015195657197e+16,6.658312564323123e+16,6.5576708971767624e+16,6.658972271299789e+16,1013013741230264.0,1.5447767311201774
375600,6.6229109827114056e+16,6.724283261989683e+16,6.623573273809677e+16,6.724942968966349e+16,1013696951566720.0,1.530438193497439
375700,6.689469000158847e+16,6.790253959656243e+16,6.690137947058863e+16,6.790913666632909e+16,1007757195740456.0,1.5063324608777149
375800,6.756695903191208e+16,6.856224657322803e+16,6.757371572781527e+16,6.856884364299469e+16,995127915179416.0,1.4726553134768536
375900,6.824598413882597e+16,6.926153596849357e+16,6.825280873723985e+16,6.926868279407411e+16,1015874056834264.0,1.488398903472505
376000,6.893183321861686e+16,6.997621852654797e+16,6.893872640193873e+16,6.998336535212851e+16,1044638950189784.0,1.5153151279574641
376100,6.962457484990641e+16,7.069090108460237e+16,6.96315373073914e+16,7.069804791018291e+16,1066510602791512.0,1.5316487959806997
376200,7.0324278300508104e+16,7.140558364265677e+16,7.033131072833815e+16,7.141273046823731e+16,1081419739899160.0,1.5376078288605397
376300,7.1031013534353544e+16,7.212466424722227e+16,7.103811663570698e+16,7.21323608286167e+16,1094244192909728.0,1.5403620545307521
376400,7.174485121848829e+16,7.289432238666547e+16,7.1752025703610136e+16,7.29020189680599e+16,1149993264449768.0,1.6027328192797032
376500,7.246586273013768e+16,7.366398052610867e+16,7.247310931641069e+16,7.36716771075031e+16,1198567791092416.0,1.6538103613846389
376600,7.319412016384437e+16,7.443363866555187e+16,7.320143957586075e+16,7.44413352469463e+16,1239895671085552.0,1.6938132340971417
376700,7.392969633867634e+16,7.520329680499507e+16,7.39370893083102e+16,7.52109933863895e+16,1273904078079296.0,1.7229567595868487
376800,7.467266480550891e+16,7.597295494443827e+16,7.468013207198946e+16,7.59806515258327e+16,1300519453843248.0,1.7414530716008716
376900,7.542309985437885e+16,7.674261308388147e+16,7.543064216436429e+16,7.67503096652759e+16,1319667500911616.0,1.7495111575956683
377000,7.618107652191254e+16,7.751227122332467e+16,7.618869462956474e+16,7.75199678047191e+16,1331273175154368.0,1.7473369003460686
377100,7.694667059882926e+16,7.828192936276787e+16,7.695436526588915e+16,7.82896259441623e+16,1335260678273152.0,1.735133119037005
377200,7.771995863751936e+16,7.905158750221107e+16,7.77277306333831e+16,7.90592840836055e+16,1331553450222400.0,1.7130996098456968
377300,7.850101795969867e+16,7.982124564165427e+16,7.850886806149464e+16,7.98289422230487e+16,1320074161554064.0,1.6814331860192822
377400,7.928992666414035e+16,8.059090378109747e+16,7.929785565680677e+16,8.05986003624919e+16,1300744705685136.0,1.640327717453836
377500,8.008676363448378e+16,8.136056192054067e+16,8.009477231084722e+16,8.13682585019351e+16,1273486191087888.0,1.58997416978164
377600,8.089160854712227e+16,8.213022005998387e+16,8.089969770797698e+16,8.21379166413783e+16,1238218933401328.0,1.530560642971643
377700,8.170454187917008e+16,8.29669484087214e+16,8.1712712333358e+16,8.297574450174362e+16,1263032168385616.0,1.545698499436546
377800,8.252564491650894e+16,8.38465577109422e+16,8.253389748100059e+16,8.385535380396442e+16,1321456322963824.0,1.6011073792656223
377900,8.33549997619165e+16,8.4726167013163e+16,8.336333526189269e+16,8.473496310618522e+16,1371627844292528.0,1.6453610450966816
378000,8.419268934327544e+16,8.56057763153838e+16,8.420110861220976e+16,8.561457240840602e+16,1413463796196256.0,1.678675993098853
378100,8.503879742186581e+16,8.64853856176046e+16,8.5047301301608e+16,8.649418171062682e+16,1446880409018816.0,1.7012655156307228
378200,8.589340860073997e+16,8.73649949198254e+16,8.590199794160005e+16,8.737379101284762e+16,1471793071247568.0,1.7133397435623765
378300,8.675660833318275e+16,8.82446042220462e+16,8.676528399401606e+16,8.825340031506842e+16,1488116321052352.0,1.7151056880710294
378400,8.762848293125522e+16,8.9124213524267e+16,8.763724577954834e+16,8.913300961728922e+16,1495763837740880.0,1.7067672819196953
378500,8.850911957442563e+16,9.00038228264878e+16,8.851797048638307e+16,9.001261891951002e+16,1494648433126944.0,1.688525420221727
378600,8.939860631828656e+16,9.08834321287086e+16,8.940754617891838e+16,9.089222822173082e+16,1484682042812432.0,1.6605780006995747
378700,9.029703210335933e+16,9.17630414309294e+16,9.030606180656966e+16,9.177183752395162e+16,1465775717381952.0,1.6231199634433826
378800,9.12044867639876e+16,9.26426507331502e+16,9.1213607212664e+16,9.265144682617242e+16,1437839613508416.0,1.5763433301745222
378900,9.212106103731987e+16,9.352445905862656e+16,9.21302731434236e+16,9.353435466327654e+16,1404081519852944.0,1.5240175372834759
379000,9.304684657238208e+16,9.451401952362496e+16,9.305615125703931e+16,9.452391512827494e+16,1467763871235632.0,1.5772883913728397
379100,9.398193593924216e+16,9.550357998862336e+16,9.399133413283608e+16,9.551347559327334e+16,1522141460437264.0,1.619448723098293
379200,9.492642263826581e+16,9.649314045362176e+16,9.493591528052963e+16,9.650303605827174e+16,1567120777742112.0,1.6507143509507116
379300,9.58804011094659e+16,9.748270091862016e+16,9.588998914957685e+16,9.749259652327014e+16,1602607373693296.0,1.6712978986715927
379400,9.684396674194538e+16,9.847226138361856e+16,9.685365113861957e+16,9.848215698826854e+16,1628505849648976.0,1.681408837461599
379500,9.781721588343562e+16,9.946182184861696e+16,9.782699760502395e+16,9.947171745326694e+16,1644719848242992.0,1.6812535276647667
379600,9.880024584992998e+16,1.0045138231361536e+17,9.881012587451498e+16,1.0046127791826534e+17,1651152043750368.0,1.6710352599360787
379700,9.979315493541472e+16,1.0144094277861376e+17,9.980313425090826e+16,1.0145083838326374e+17,1647704132355488.0,1.6509542958972685
379800,1.0079604242169757e+17,1.0243050324361216e+17,1.0080612202593974e+17,1.0244039884826214e+17,1634276822322400.0,1.621207908287418
379900,1.0180900858833478e+17,1.0342006370861056e+17,1.0181918948919362e+17,1.0342995931326054e+17,1610769824066928.0,1.5819904206150492
380000,1.0283215472265829e+17,1.0440962417360896e+17,1.0284243793813056e+17,1.0441951977825894e+17,1577081840128384.0,1.5334932463164161
380100,1.0386558312990333e+17,1.055069367781294e+17,1.0387596968821632e+17,1.0551793189440717e+17,1641962206190848.0,1.5806949491005446
380200,1.0490939714343832e+17,1.066064484059054e+17,1.0491988808315266e+17,1.0661744352218317e+17,1697555439030512.0,1.6179539170735107
380300,1.0596370113509714e+17,1.077059600336814e+17,1.0597429750521064e+17,1.0771695514995917e+17,1742657644748528.0,1.6444153778540909
380400,1.0702860052561525e+17,1.088054716614574e+17,1.070393033856678e+17,1.0881646677773517e+17,1777163392067360.0,1.6602905062490494
380500,1.081042017951711e+17,1.099049832892334e+17,1.0811501221535062e+17,1.0991597840551117e+17,1800966190160544.0,1.665787343734708
380600,1.0919061249403258e+17,1.110044949170094e+17,1.0920153155528198e+17,1.1101549003328717e+17,1813958478005184.0,1.6611108399032748
380700,1.1028794125331171e+17,1.121040065447854e+17,1.1029897004743704e+17,1.1211500166106317e+17,1816031613626128.0,1.6464628933933787
380800,1.1139629779582648e+17,1.132035181725614e+17,1.1140743742560606e+17,1.1321451328883917e+17,1807075863233104.0,1.6220423923131748
380900,1.1251579294707192e+17,1.143030298003374e+17,1.1252704452636662e+17,1.1431402491661517e+17,1786980390248544.0,1.5880452541609498
381000,1.1364653864630198e+17,1.154025414281134e+17,1.1365790330016661e+17,1.1541353654439117e+17,1755633244224560.0,1.544664465248838
381100,1.1478864795772224e+17,1.1660210861401702e+17,1.1480012682251802e+17,1.1661420324192256e+17,1814076419404544.0,1.5802041945555703
381200,1.1594223508179538e+17,1.1781157140457062e+17,1.1595382930530355e+17,1.1782366603247616e+17,1869836727172608.0,1.612570053421327
381300,1.1710741536666016e+17,1.1902103419512422e+17,1.1711912610819683e+17,1.1903312882302976e+17,1914002714832928.0,1.6342358233314827
381400,1.1828430531966515e+17,1.2023049698567782e+17,1.1829613375019712e+17,1.2024259161358336e+17,1946457863386240.0,1.645411224931936
381500,1.194730226190183e+17,1.2143995977623142e+17,1.1948496992128021e+17,1.2145205440413696e+17,1967084482856752.0,1.6463028648312155
381600,1.2067368612555387e+17,1.2264942256678502e+17,1.2068575349416643e+17,1.2266151719469056e+17,1975763700524128.0,1.6371142768061933
381700,1.2188641589461733e+17,1.2385888535733862e+17,1.2189860453620678e+17,1.2387097998524416e+17,1972375449037376.0,1.6180459624962593
381800,1.2311133318807e+17,1.2506834814789222e+17,1.231236443213888e+17,1.2508044277579776e+17,1956798454408960.0,1.5892954315916303
381900,1.2434856048641349e+17,1.2627781093844582e+17,1.2436099534246213e+17,1.2628990556635136e+17,1928910223889232.0,1.5510572415229134
382000,1.2559822150103739e+17,1.2758513026387149e+17,1.2561078132318749e+17,1.275983244034048e+17,1987543080217312.0,1.5823029355286844
382100,1.2686044118658894e+17,1.2890454421720269e+17,1.268731272307076e+17,1.28917738356736e+17,2044611126028400.0,1.6115399459733146
382200,1.2813534575346723e+17,1.3022395817053389e+17,1.2814815928804258e+17,1.302371523100672e+17,2088993022024624.0,1.63013892172195
382300,1.2942306268044338e+17,1.3154337212386509e+17,1.2943600498671142e+17,1.315565662633984e+17,2120561276686976.0,1.6383086583247712
382400,1.3072372072740691e+17,1.3286278607719629e+17,1.3073679309947965e+17,1.328759802167296e+17,2139187117249952.0,1.636254849560377
382500,1.3203744994824082e+17,1.3418220003052749e+17,1.3205065369323563e+17,1.341953941700608e+17,2144740476825168.0,1.6241801284888553
382600,1.333643817038256e+17,1.3550161398385869e+17,1.3337771814199598e+17,1.35514808123392e+17,2137089981396016.0,1.6022841079953376
382700,1.3470464867517434e+17,1.3682102793718989e+17,1.3471811914004186e+17,1.368342220767232e+17,2116102936681344.0,1.5707634208295456
382800,1.360583848766994e+17,1.3819431796028211e+17,1.3607199071518706e+17,1.382086116114432e+17,2136620896256144.0,1.5702135943085567
382900,1.3742572566961269e+17,1.3962368307639091e+17,1.3743946824217965e+17,1.39637976727552e+17,2198508485372352.0,1.599619464110847
383000,1.3880680777546053e+17,1.4105304819249971e+17,1.3882068845623808e+17,1.410673418436608e+17,2246653387422720.0,1.6183851358228616
383100,1.4020176928979458e+17,1.4248241330860851e+17,1.4021578946672355e+17,1.424967069597696e+17,2280917493046048.0,1.6267194313286395
383200,1.4161074969598026e+17,1.4391177842471731e+17,1.4162491077094986e+17,1.439260720758784e+17,2301161304928544.0,1.6248280704305014
383300,1.4303388987914363e+17,1.4543460202918707e+17,1.4304819326813155e+17,1.4544999519197594e+17,2401801923844384.0,1.6790159099335233
383400,1.4447133214025862e+17,1.4697391830807347e+17,1.4448577927347264e+17,1.4698931147086234e+17,2503532197389696.0,1.732718756114527
383500,1.459232202103757e+17,1.4851323458695987e+17,1.4593781253239674e+17,1.4852862774974874e+17,2590815217352000.0,1.7752871393607226
383600,1.4738969926499434e+17,1.5005255086584627e+17,1.4740443823492083e+17,1.5006794402863514e+17,2663505793714304.0,1.8069373117988698
383700,1.4887091593857805e+17,1.5159186714473267e+17,1.488858030301719e+17,1.5160726030752154e+17,2721457277349632.0,1.827882324547845
383800,1.503670183392175e+17,1.5313118342361907e+17,1.5038205504105142e+17,1.5314657658640794e+17,2764521545356512.0,1.8383320700078545
383900,1.5187815606343987e+17,1.5467049970250547e+17,1.518933438790462e+17,1.5468589286529434e+17,2792548986248128.0,1.8384933236257248
384000,1.5340448021116643e+17,1.5620981598139187e+17,1.5341982065918755e+17,1.5622520914418074e+17,2805388484993184.0,1.828569785142154
384100,1.549461434008219e+17,1.5774913226027827e+17,1.54961638015162e+17,1.5776452542306714e+17,2802887407905152.0,1.8087621193258863
384200,1.565032997845944e+17,1.5928844853916467e+17,1.5651895011457286e+17,1.5930384170195354e+17,2784891587380672.0,1.7792679962024494
384300,1.580761050638497e+17,1.6082776481805107e+17,1.5809191267435606e+17,1.6084315798083994e+17,2751245306483872.0,1.7402821307823602
384400,1.5966471650469933e+17,1.6236708109693747e+17,1.596806829763498e+17,1.6238247425972634e+17,2701791283376544.0,1.6919963222957313
384500,1.612692929537264e+17,1.6390639737582387e+17,1.6128541988302176e+17,1.6392179053861274e+17,2636370655590976.0,1.6345994929381102
384600,1.6288999485386826e+17,1.6552927653842125e+17,1.6290628385335363e+17,1.6554686872446566e+17,2640584871112032.0,1.6209226609631928
384700,1.6452698426045974e+17,1.6728849514286285e+17,1.645434369588858e+17,1.6730608732890726e+17,2762650370021472.0,1.678979375343771
384800,1.6618042485743734e+17,1.6904771374730445e+17,1.6619704289992307e+17,1.6906530593334886e+17,2868263033425792.0,1.7258207386715902
384900,1.6785048197370515e+17,1.7080693235174605e+17,1.6786726702190253e+17,1.7082452453779046e+17,2957257515887936.0,1.7616641816787828
385000,1.6953732259966717e+17,1.7256615095618765e+17,1.6955427633192714e+17,1.7258374314223206e+17,3029466810304928.0,1.7867239186431998
385100,1.7124111540392474e+17,1.7432536956062925e+17,1.7125823951546512e+17,1.7434296174667366e+17,3084722231208544.0,1.80121098986889
385200,1.7296203075014122e+17,1.7608458816507085e+17,1.7297932695321622e+17,1.7610218035111526e+17,3122853397899040.0,1.8053333036401762
385300,1.7470024071407786e+17,1.7784380676951245e+17,1.7471771073814925e+17,1.7786139895555686e+17,3143688217407616.0,1.7992956776540447
385400,1.764559191007984e+17,1.7960302537395405e+17,1.7647356469270848e+17,1.7962061755999846e+17,3147052867289984.0,1.7832998799394761
385500,1.782292414620491e+17,1.8136224397839565e+17,1.782470643861953e+17,1.8137983616444006e+17,3132771778244768.0,1.7575446692671544
385600,1.8002038511381216e+17,1.8312146258283725e+17,1.8003838715232355e+17,1.8313905476888166e+17,3100667616558112.0,1.722225835057474
385700,1.8182952915403526e+17,1.8488068118727885e+17,1.8184771210695066e+17,1.8489827337332326e+17,3050561266372608.0,1.6775362367927247
385800,1.8365685448053997e+17,1.8663989979172045e+17,1.8367522016598803e+17,1.8665749197776486e+17,2982271811776832.0,1.6236658429382804
385900,1.855025438091097e+17,1.8857284123335066e+17,1.855210940634906e+17,1.8859263244265062e+17,3071538379160032.0,1.6556275687490634
386000,1.8736678169175994e+17,1.9055196216334746e+17,1.8738551836992912e+17,1.9057175337264742e+17,3186235002718304.0,1.7003635235184846
386100,1.892497545351918e+17,1.9253108309334426e+17,1.892686795106453e+17,1.9255087430264422e+17,3282194791998912.0,1.7341457659476651
386200,1.9115165061943018e+17,1.9451020402334106e+17,1.9117076578449213e+17,1.9452999523264102e+17,3359229448148896.0,1.757187839031714
386300,1.9307266011665088e+17,1.9648932495333786e+17,1.9309196738266253e+17,1.9650911616263782e+17,3417148779975296.0,1.769700120773702
386400,1.9501297511019587e+17,1.9846844588333466e+17,1.9503247640770688e+17,1.9848823709263462e+17,3455760684927744.0,1.7718898660260187
386500,1.9697278961377965e+17,2.0044756681333146e+17,1.9699248689274102e+17,2.0046735802263142e+17,3474871129890400.0,1.7639612478126676
386600,1.9895229959088918e+17,2.0242668774332826e+17,1.9897219482084826e+17,2.0244647895262822e+17,3474284131779968.0,1.746115398137998
386700,2.0095170297437818e+17,2.0440580867332506e+17,2.0097179814467562e+17,2.0442559988262502e+17,3453801737949408.0,1.7185504482888116
386800,2.0297119968625862e+17,2.0638492960332186e+17,2.0299149680622723e+17,2.0640472081262182e+17,3413224006394592.0,1.6814615686354621
386900,2.0501099165769098e+17,2.0836405053331866e+17,2.0503149275685674e+17,2.0838384174261862e+17,3352348985761888.0,1.635041007937927
387000,2.07071282849176e+17,2.1050809820748186e+17,2.0709198997746093e+17,2.1053008844003738e+17,3438098462576448.0,1.6601793545711916
387100,2.0915227927094854e+17,2.1270712146303386e+17,2.0917319449887565e+17,2.1272911169558938e+17,3555917196713728.0,1.699987039559623
387200,2.112541890035762e+17,2.1490614471858586e+17,2.1127531442247654e+17,2.1492813495114138e+17,3652820528664832.0,1.7289386309280181
387300,2.1337722221876653e+17,2.1710516797413786e+17,2.133985599409884e+17,2.1712715820669338e+17,3728598265704960.0,1.7472462170016694
387400,2.155215912003815e+17,2.1930419122968986e+17,2.1554314335950154e+17,2.1932618146224538e+17,3783038102743840.0,1.755118740397212
387500,2.1768751036566432e+17,2.2150321448524186e+17,2.177092791167009e+17,2.2152520471779738e+17,3815925601096480.0,1.7527620396239476
387600,2.1987519628667856e+17,2.2370223774079386e+17,2.1989718380630723e+17,2.2372422797334938e+17,3827044167042144.0,1.7403788901694768
387700,2.2208486771196445e+17,2.2590126099634586e+17,2.2210707619873565e+17,2.2592325122890138e+17,3816175030165728.0,1.7181690450740588
387800,2.243167455884107e+17,2.2810028425189786e+17,2.2433917726296954e+17,2.2812227448445338e+17,3783097221483840.0,1.6863292750018903
387900,2.2657105308334774e+17,2.3029930750744986e+17,2.2659371018865606e+17,2.3032129774000538e+17,3727587551349312.0,1.6450534078134027
388000,2.2884801560686237e+17,2.326478643443794e+17,2.2887090040842304e+17,2.3267205360019046e+17,3801153191767424.0,1.6608285216618703
388100,2.311478608343364e+17,2.350667899254866e+17,2.311709756204198e+17,2.3509097918129766e+17,3920003560877856.0,1.6957161470454052
388200,2.334708187292125e+17,2.374857155065938e+17,2.3349416581108544e+17,2.3750990476240486e+17,4015738951319424.0,1.71984552049513
388300,2.358171215659881e+17,2.39904641087701e+17,2.358407032781447e+17,2.3992883034351206e+17,4088127065367360.0,1.7334272704173221
388400,2.3818700395344083e+17,2.423235666688082e+17,2.3821082265383616e+17,2.4234775592461926e+17,4136933270783104.0,1.7366688988748527
388500,2.405807028580873e+17,2.447424922499154e+17,2.406047609283731e+17,2.4476668150572646e+17,4161920577353376.0,1.729774822948063
388600,2.429984576278776e+17,2.471614178310226e+17,2.430227574736404e+17,2.4718560708683366e+17,4162849613193280.0,1.7129464155820082
388700,2.454405100161277e+17,2.495803434121298e+17,2.454650540671293e+17,2.4960453266794086e+17,4139478600811552.0,1.686382045926381
388800,2.479071042056929e+17,2.51999268993237e+17,2.4793189491611347e+17,2.5202345824904806e+17,4091563332934592.0,1.6502771191737764
388900,2.5039848683338346e+17,2.5456333010921062e+17,2.5042352668206678e+17,2.5458971838827725e+17,4166191706210464.0,1.663658267819136
389000,2.5291490701462618e+17,2.5720215801587302e+17,2.5294019850532765e+17,2.5722854629493965e+17,4288347789612000.0,1.6953998672226374
389100,2.5545661636837418e+17,2.5984098592253542e+17,2.55482162030011e+17,2.5986737420160205e+17,4385212171591040.0,1.7164455384074593
389200,2.5802386904226573e+17,2.6247981382919782e+17,2.5804967142916995e+17,2.6250620210826445e+17,4456530679094496.0,1.7270049810227075
389300,2.606169217380369e+17,2.6511864173586022e+17,2.606429834302107e+17,2.6514503001492685e+17,4502046584716160.0,1.727284780686076
389400,2.6323603373718944e+17,2.6775746964252262e+17,2.6326235734056317e+17,2.6778385792158925e+17,4521500581026080.0,1.7174884501915126
389500,2.6588146692691696e+17,2.7039629754918502e+17,2.6590805507360966e+17,2.7042268582825165e+17,4514630754641984.0,1.697816470205172
389600,2.685534858262906e+17,2.7303512545584742e+17,2.685803411748732e+17,2.7306151373491405e+17,4481172560040832.0,1.6684663294560087
389700,2.7125235761270858e+17,2.7573112796715418e+17,2.7127948284846986e+17,2.7575971526947635e+17,4480232421006496.0,1.6515190806040592
389800,2.739783521486122e+17,2.7858985819937178e+17,2.7400574998382704e+17,2.7861844550169395e+17,4612695517866912.0,1.683430190110672
389900,2.7673174200846848e+17,2.8144858843158938e+17,2.767594151826693e+17,2.8147717573391155e+17,4717760551242240.0,1.7046431999895577
390000,2.7951280250602637e+17,2.8430731866380698e+17,2.7954075378627696e+17,2.8433590596612915e+17,4795152179852192.0,1.7153678363185383
390100,2.8232181172184454e+17,2.8716604889602458e+17,2.8235004390301674e+17,2.8719463619834675e+17,4844592295330016.0,1.7158107108331335
390200,2.8515905053109757e+17,2.901611185700864e+17,2.851875664361507e+17,2.901919048956641e+17,5004338459513440.0,1.7547533793461638
390300,2.880248026316604e+17,2.932397511278592e+17,2.880536051119236e+17,2.932705374534369e+17,5216932341513344.0,1.811097743243414
390400,2.909193545724757e+17,2.96318383685632e+17,2.909484465079329e+17,2.963491700112097e+17,5400723503276800.0,1.856247582036684
390500,2.938429957822069e+17,2.993970162434048e+17,2.9387238008178515e+17,2.994278025689825e+17,5555422487197376.0,1.8904200815508057
390600,2.967960185981764e+17,3.024756488011776e+17,2.968256982000362e+17,3.025064351267553e+17,5680736926719104.0,1.9138292139687825
390700,2.997787182955987e+17,3.055542813589504e+17,2.998086961674283e+17,3.055850676845281e+17,5776371517099840.0,1.9266857802797097
390800,3.02791393117105e+17,3.086329139167232e+17,3.028216722564167e+17,3.086637002423009e+17,5842027985884224.0,1.9291974522013204
390900,3.058343443025629e+17,3.11711546474496e+17,3.0586492773699315e+17,3.117423328000737e+17,5877405063080576.0,1.9215688135824562
391000,3.0890787611919994e+17,3.147901790322688e+17,3.0893876690681184e+17,3.148209653578465e+17,5882198451034688.0,1.9040014012903055
391100,3.120122958920257e+17,3.178688115900416e+17,3.120434971216149e+17,3.178995979156193e+17,5856100794004416.0,1.8766937455908836
391200,3.1514791403456275e+17,3.209474441478144e+17,3.151794288259662e+17,3.209782304733921e+17,5798801647425920.0,1.8398414100267522
391300,3.183150440798844e+17,3.240260767055872e+17,3.183468755842924e+17,3.240568630311649e+17,5709987446872512.0,1.7936370307993215
391400,3.215140027119661e+17,3.2710470926336e+17,3.2154615411223725e+17,3.271354955889377e+17,5589341476700480.0,1.7382703556608217
391500,3.2474510979734925e+17,3.3024931251879936e+17,3.2477758430832896e+17,3.302844968908882e+17,5506912582559232.0,1.6955950313772954
391600,3.280086884171263e+17,3.3376774972768256e+17,3.28041489285968e+17,3.338029340997714e+17,5761444813803392.0,1.756315893560918
391700,3.3130506489924576e+17,3.3728618693656576e+17,3.313381954057357e+17,3.373213713086546e+17,5983175902918912.0,1.8057609976393743
391800,3.346345688511415e+17,3.4080462414544896e+17,3.346680323080266e+17,3.408398085175378e+17,6171776209511168.0,1.844148712665421
391900,3.379975331926903e+17,3.4432306135433216e+17,3.380313329460096e+17,3.44358245726421e+17,6326912780411392.0,1.871694178545847
392000,3.4139429418950246e+17,3.4784149856321536e+17,3.414284336189214e+17,3.478766829353042e+17,6448249316382784.0,1.8886093486812143
392100,3.4482519148654304e+17,3.5135993577209856e+17,3.448596740056917e+17,3.513951201441874e+17,6535446138495680.0,1.895103032077858
392200,3.482905681420939e+17,3.5487837298098176e+17,3.483253971989081e+17,3.549135573530706e+17,6588160154162496.0,1.8913809349366466
392300,3.517907706620579e+17,3.5839681018986496e+17,3.518259497391241e+17,3.584319945619538e+17,6606044822829696.0,1.877645701724964
392400,3.5532614903460384e+17,3.6191524739874816e+17,3.553616816495073e+17,3.61950431770837e+17,6588750121329664.0,1.8540969557399096
392500,3.5889705676516454e+17,3.6543368460763136e+17,3.589329464708411e+17,3.654688689797202e+17,6535922508879104.0,1.8209313391658983
392600,3.625038509117821e+17,3.6895212181651456e+17,3.625401012968733e+17,3.689873061886034e+17,6447204891730112.0,1.7783425526354912
392700,3.6614689212081146e+17,3.7247055902539776e+17,3.6618350681002355e+17,3.725057433974866e+17,6322236587463040.0,1.7265213942972653
392800,3.698265446629819e+17,3.762352868389028e+17,3.698635273174482e+17,3.762748692575027e+17,6411341940054528.0,1.7334344877297867
392900,3.735431764698207e+17,3.801935286988964e+17,3.7358053078746765e+17,3.802331111174963e+17,6652580330028672.0,1.7807620530988986
393000,3.7729715917044166e+17,3.8415177055889e+17,3.773348888863587e+17,3.841913529774899e+17,6856464091131200.0,1.8170766322104261
393100,3.8108886812870656e+17,3.881100124188836e+17,3.811269770155194e+17,3.881495948374835e+17,7022617821964096.0,1.8425926910123018
393200,3.8491868248075654e+17,3.920682542788772e+17,3.849571743490046e+17,3.921078366974771e+17,7150662348472512.0,1.857521517962327
393300,3.8878698517292314e+17,3.960264961388708e+17,3.8882586387144045e+17,3.960660785574707e+17,7240214686030272.0,1.8620712660267225
393400,3.926941630000187e+17,3.999847379988644e+17,3.9273343241631866e+17,4.000243204174643e+17,7290888001145664.0,1.8564469941578412
393500,3.966406066440134e+17,4.03942979858858e+17,3.9668027070467776e+17,4.039825622774579e+17,7302291572780160.0,1.8408507082563232
393600,4.006267107130984e+17,4.079012217188516e+17,4.0066677338416966e+17,4.079408041374515e+17,7274030753281856.0,1.8154814016253171
393700,4.046528737811452e+17,4.118594635788452e+17,4.046933390685233e+17,4.118990459974451e+17,7205706928921792.0,1.7805350949207766
393800,4.0871949842755654e+17,4.158177054388388e+17,4.087603703773993e+17,4.158572878574387e+17,7096917480039424.0,1.7362048756064583
393900,4.12826991277523e+17,4.200046457174098e+17,4.1286827397665075e+17,4.200486261825208e+17,7180352205870080.0,1.7391387661518782
394000,4.169757630426808e+17,4.244026922285138e+17,4.170174606189851e+17,4.244466726936248e+17,7429212074639744.0,1.7815110340014195
394100,4.211662285621783e+17,4.288007387396178e+17,4.212083451850345e+17,4.288447192047288e+17,7636374019694336.0,1.8129683580556124
394200,4.2539880684415917e+17,4.331987852507218e+17,4.254413467248436e+17,4.332427657158328e+17,7801418990989248.0,1.833723743836035
394300,4.2967392110765523e+17,4.375968317618258e+17,4.29716888499766e+17,4.376408122269368e+17,7923923727170816.0,1.8439870387302988
394400,4.339919988249081e+17,4.419948782729298e+17,4.340353980247906e+17,4.420388587380408e+17,8003460713250240.0,1.8439649737492403
394500,4.383534717641103e+17,4.463929247840338e+17,4.3839730711128666e+17,4.464369052491448e+17,8039598137858176.0,1.8338612047672394
394600,4.4275877603257824e+17,4.507909712951378e+17,4.428030519101815e+17,4.508349517602488e+17,8031899850067328.0,1.8138763532498245
394700,4.47208352120361e+17,4.551890178062418e+17,4.4725307295557306e+17,4.552329982713528e+17,7979925315779776.0,1.7842080464749417
394800,4.5170264494428243e+17,4.595870643173458e+17,4.517478152087768e+17,4.596310447824568e+17,7883229573680000.0,1.745050957255153
394900,4.5624210389243085e+17,4.641830229214495e+17,4.562877281028201e+17,4.642314014330716e+17,7943673330251520.0,1.7409351251413643
395000,4.608271828690925e+17,4.690208740836639e+17,4.608732655873794e+17,4.69069252595286e+17,8195987007906624.0,1.7783602608107247
395100,4.654583403401383e+17,4.738587252458783e+17,4.655048861741723e+17,4.739071037575004e+17,8402217583328128.0,1.804968719530126
395200,4.7013603937886746e+17,4.786965764080927e+17,4.701830529828053e+17,4.787449549197148e+17,8561901936909504.0,1.8209720411217403
395300,4.74860747712308e+17,4.835344275703071e+17,4.749082337870792e+17,4.835828060819292e+17,8674572294850048.0,1.8265786267119586
395400,4.7963293776798675e+17,4.883722787325215e+17,4.796809010617635e+17,4.884206572441436e+17,8739756182380096.0,1.8219937802474166
395500,4.844530867211683e+17,4.932101298947359e+17,4.8450153202984045e+17,4.93258508406358e+17,8756976376517568.0,1.8074197494959057
395600,4.893216765425667e+17,4.980479810569503e+17,4.89370608710221e+17,4.980963595685724e+17,8725750858351424.0,1.7830557665383509
395700,4.9423919404653875e+17,5.028858322191647e+17,4.942886179659434e+17,5.029342107307868e+17,8645592764843392.0,1.7490980877571158
395800,4.992061309397618e+17,5.0791279938135654e+17,4.9925605155285574e+17,5.079655759394898e+17,8709524386634048.0,1.7445005142240084
395900,5.04222983870398e+17,5.1319045519468134e+17,5.04273406168785e+17,5.132432317528146e+17,8969825584029568.0,1.778762368647948
396000,5.092902544777568e+17,5.1846811100800614e+17,5.0934118350320454e+17,5.185208875661394e+17,9179704062934848.0,1.8022701403797037
396100,5.1440844944245286e+17,5.2374576682133094e+17,5.144598902873971e+17,5.237985433794642e+17,9338653092067072.0,1.8152344368090854
396200,5.1957808053707e+17,5.2902342263465574e+17,5.196300383451237e+17,5.29076199192789e+17,9446160847665280.0,1.8178627389880422
396300,5.247996646773324e+17,5.3430107844798054e+17,5.248521446438001e+17,5.343538550061138e+17,9501710362313664.0,1.8103594429936383
396400,5.3007372397379386e+17,5.3957873426130534e+17,5.301267313461912e+17,5.396315108194386e+17,9504779473247360.0,1.7929259007768101
396500,5.354007857840425e+17,5.4485639007463014e+17,5.3545432586262086e+17,5.449091666327634e+17,9454840770142528.0,1.765760460504397
396600,5.407813827654321e+17,5.5014724002748826e+17,5.408354609037087e+17,5.502044146321326e+17,9368953728423936.0,1.7323112860922412
396700,5.4621605292834285e+17,5.5586470049192346e+17,5.4627067453363565e+17,5.559218750965678e+17,9651200562932160.0,1.766743303797448
396800,5.517053396899771e+17,5.6158216095635866e+17,5.5176051022394605e+17,5.61639335561003e+17,9878825337056960.0,1.7904190593573628
396900,5.572497919286962e+17,5.6729962142079386e+17,5.57305516907889e+17,5.673567960254382e+17,1.0051279117549184e+16,1.8035491866861333
397000,5.628499640389045e+17,5.7301708188522906e+17,5.629062490353084e+17,5.730742564898734e+17,1.0168007454564992e+16,1.8063411930477966
397100,5.685064159864831e+17,5.789060661635973e+17,5.685632666280817e+17,5.789676388147528e+17,1.040437218667104e+16,1.82994097532455
397200,5.742197133647788e+17,5.850633312791429e+17,5.7427713533611526e+17,5.851249039302984e+17,1.0847768594183104e+16,1.8889431472548666
397300,5.799904274511625e+17,5.912205963946885e+17,5.800484264939076e+17,5.91282169045844e+17,1.1233742551936384e+16,1.9366904621806391
397400,5.858191352641496e+17,5.973778615102341e+17,5.85877717177676e+17,5.974394341613896e+17,1.1561716983713536e+16,1.9734010433797184
397500,5.917064196210944e+17,6.035351266257797e+17,5.917655902630565e+17,6.035966992769352e+17,1.1831109013878656e+16,1.9992897878059104
397600,5.97652869196472e+17,6.096923917413253e+17,5.977126344833917e+17,6.097539643924808e+17,1.2041329909089024e+16,2.014568408696338
397700,6.036590785807338e+17,6.158496568568709e+17,6.037194444885919e+17,6.159112295080264e+17,1.2191785019434496e+16,2.019445477652638
397800,6.09725648339767e+17,6.220069219724165e+17,6.09786620904601e+17,6.22068494623572e+17,1.2281873718971008e+16,2.014126466197504
397900,6.158531850749416e+17,6.281641870879621e+17,6.159147703934491e+17,6.282257597391176e+17,1.231098934566848e+16,1.9988137868173166
398000,6.220423014837663e+17,6.343214522035077e+17,6.221045057139146e+17,6.343830248546632e+17,1.2278519140748544e+16,1.9737068334938295
398100,6.282936164211525e+17,6.404787173190533e+17,6.283564457827946e+17,6.405402899702088e+17,1.2183844187414144e+16,1.9390020217323847
398200,6.346077549612959e+17,6.466359824345989e+17,6.346712157367919e+17,6.466975550857544e+17,1.2026339348962432e+16,1.8948928280922612
398300,6.409853484601754e+17,6.527932475501445e+17,6.410494469950213e+17,6.528548202013e+17,1.1805373206278656e+16,1.841569829225723
398400,6.474270346186847e+17,6.589505126656901e+17,6.474917773221466e+17,6.590120853168456e+17,1.1520307994699008e+16,1.7792207404307019
398500,6.539334575463946e+17,6.659170183392788e+17,6.539988508921492e+17,6.659873870834565e+17,1.1988536191307264e+16,1.8331127302369359
398600,6.605052678259617e+17,6.729538927570452e+17,6.605713183527443e+17,6.730242615012229e+17,1.2452943148478592e+16,1.885177694292312
398700,6.671431225781768e+17,6.799907671748116e+17,6.672098368904346e+17,6.800611359189893e+17,1.2851299028554752e+16,1.9261255332278804
398800,6.738476855276731e+17,6.87027641592578e+17,6.739150702962258e+17,6.870980103367557e+17,1.318294004052992e+16,1.9561723163031854
398900,6.806196270692923e+17,6.940645160103444e+17,6.806876890319992e+17,6.941348847545221e+17,1.344719572252288e+16,1.9755309136920096
399000,6.874596243351176e+17,7.011013904281108e+17,6.875283702975511e+17,7.011717591722885e+17,1.3643388874737408e+16,1.9844110387521565
399100,6.943683612621805e+17,7.081382648458772e+17,6.944377980983067e+17,7.082086335900549e+17,1.3770835491748224e+16,1.9830192897706849
399200,7.013465286608489e+17,7.151751392636436e+17,7.01416663313715e+17,7.152455080078213e+17,1.3828844694106368e+16,1.9715591911909418
399300,7.083948242839016e+17,7.2221201368141e+17,7.0846566376633e+17,7.222823824255877e+17,1.3816718659257728e+16,1.9502312343276575
399400,7.155139528962967e+17,7.292488880991764e+17,7.155855042915863e+17,7.293192568433541e+17,1.3733752551767808e+16,1.9192329175762044
399500,7.227046263456425e+17,7.362857625169428e+17,7.22776896808277e+17,7.363561312611205e+17,1.357923445284352e+16,1.8787587861217334
399600,7.299675636333734e+17,7.433226369347092e+17,7.300405603897368e+17,7.433930056788869e+17,1.335244528915008e+16,1.829000471154889
399700,7.373034909866483e+17,7.506497824222085e+17,7.37377221335747e+17,7.507289472594084e+17,1.335172592366144e+16,1.810704960410223
399800,7.447131419309615e+17,7.585662661421957e+17,7.447876132451546e+17,7.586454309793956e+17,1.3857817734241024e+16,1.86064019967523
399900,7.521972573634913e+17,7.664827498621829e+17,7.522724770892276e+17,7.665619146993828e+17,1.4289437610155136e+16,1.8995029122220903
400000,7.597565856271822e+17,7.743992335821701e+17,7.598325612857449e+17,7.7447839841937e+17,1.4645837133625088e+16,1.92750849066566
400100,7.673918825855724e+17,7.823157173021573e+17,7.674686217738309e+17,7.823948821393572e+17,1.4926260365526272e+16,1.94486913758475
400200,7.751039116983731e+17,7.902322010221445e+17,7.751814220895429e+17,7.903113658593444e+17,1.5129943769801472e+16,1.9517939076787858
400300,7.828934440978083e+17,7.981486847421317e+17,7.82971733442218e+17,7.982278495793316e+17,1.52561161371136e+16,1.9484887494012548
400400,7.907612586657181e+17,8.060651684621189e+17,7.908403347915848e+17,8.061443332993188e+17,1.5303998507734016e+16,1.9351565460766713
400500,7.987081421114456e+17,8.139816521821061e+17,7.987880129256567e+17,8.14060817019306e+17,1.527280409364928e+16,1.911997156505993
400600,8.06734889050495e+17,8.218981359020933e+17,8.068155625394001e+17,8.219773007392932e+17,1.516173819989312e+16,1.8792074550684823
400700,8.148423020839859e+17,8.298146196220805e+17,8.149237863141943e+17,8.298937844592804e+17,1.496999814508608e+16,1.8369813713247523
400800,8.230311918789105e+17,8.379861900397117e+17,8.231134949980983e+17,8.380741509699338e+17,1.496065597183552e+16,1.8175690306073873
400900,8.313023772491896e+17,8.467822830619197e+17,8.313855074869146e+17,8.468702439921418e+17,1.5484736505227264e+16,1.8625218224015028
401000,8.396566852375478e+17,8.555783760841277e+17,8.397406509060716e+17,8.556663370143498e+17,1.5925686108278272e+16,1.8965005553910748
401100,8.480949511982089e+17,8.643744691063357e+17,8.481797606933288e+17,8.644624300365578e+17,1.6282669343229056e+16,1.9197191559863551
401200,8.566180188804244e+17,8.731705621285437e+17,8.567036806823124e+17,8.732585230587658e+17,1.6554842376453376e+16,1.9323883799902026
401300,8.652267405128413e+17,8.819666551507517e+17,8.653132631868927e+17,8.820546160809738e+17,1.6741352894081152e+16,1.934715854513062
401400,8.73921976888715e+17,8.907627481729597e+17,8.740093690864038e+17,8.908507091031818e+17,1.6841340016777984e+16,1.9269061193682768
401500,8.827045974519839e+17,8.995588411951677e+17,8.82792867911729e+17,8.996468021253898e+17,1.68539342136608e+16,1.9091606679525233
401600,8.915754803842044e+17,9.083549342173757e+17,8.916646379322428e+17,9.084428951475978e+17,1.6778257215355008e+16,1.88167798761915
401700,9.005355126923583e+17,9.171510272395837e+17,9.006255662436275e+17,9.172389881698058e+17,1.6613421926178304e+16,1.84465359954974
401800,9.095855902975514e+17,9.261406343082803e+17,9.096765488565811e+17,9.262373913315246e+17,1.6560842474943488e+16,1.8205198865200662
401900,9.187266181245906e+17,9.358163366327091e+17,9.188184907864031e+17,9.359130936559534e+17,1.7094602869550336e+16,1.8604983509767332
402000,9.279595101924724e+17,9.454920389571379e+17,9.280523061434917e+17,9.455887959803822e+17,1.7536489836890496e+16,1.889601450349618
402100,9.372851897057769e+17,9.551677412815667e+17,9.373789182247475e+17,9.55264498304811e+17,1.7885580080063488e+16,1.908041639547009
402200,9.467045891469765e+17,9.648434436059955e+17,9.467992596058912e+17,9.649402006292398e+17,1.814094102334861e+16,1.9160282223815686
402300,9.562186503696783e+17,9.745191459304243e+17,9.563142722347153e+17,9.746159029536686e+17,1.8301630718953344e+16,1.9137673932426096
402400,9.658283246927983e+17,9.841948482548531e+17,9.659249075252676e+17,9.842916052780974e+17,1.8366697752829824e+16,1.9014622782516217
402500,9.75534572995689e+17,9.938705505792819e+17,9.756321264529885e+17,9.939673076025262e+17,1.8335181149537664e+16,1.879312975905899
402600,9.853383658142136e+17,1.0035462529037107e+18,9.85436899650795e+17,1.003643009926955e+18,1.820611027616e+16,1.8475165972181091
402700,9.95240683437792e+17,1.0133978770885837e+18,9.953402075061358e+17,1.0135034302048502e+18,1.816322269871437e+16,1.8248255784042964
402800,1.0052425160074241e+18,1.0239531887152333e+18,1.0053430402590249e+18,1.0240587418314998e+18,1.871570157247488e+16,1.8616234283228152
402900,1.0153448636146913e+18,1.0345085003418829e+18,1.0154463981010528e+18,1.0346140534581494e+18,1.9167655357096576e+16,1.887608779049418
403000,1.0255487364017555e+18,1.0450638119685325e+18,1.0256512912753957e+18,1.045169365084799e+18,1.9518073809403264e+16,1.9029931493707348
403100,1.0358551546623683e+18,1.0556191235951821e+18,1.0359587401778345e+18,1.0557246767114486e+18,1.976593653361408e+16,1.90798491938212
403200,1.0462651489438881e+18,1.0661744352218317e+18,1.0463697754587825e+18,1.0662799883380982e+18,1.991021287931571e+16,1.9027893720062823
403300,1.0567797601503263e+18,1.0767297468484813e+18,1.0568854381263412e+18,1.0768352999647478e+18,1.994986183840653e+16,1.8876087339961722
403400,1.0674000396464265e+18,1.0872850584751309e+18,1.0675067796503912e+18,1.0873906115913974e+18,1.988383194100621e+16,1.8626422164286554
403500,1.0781270493627946e+18,1.0978403701017805e+18,1.078234862067731e+18,1.097945923218047e+18,1.971106115031603e+16,1.8280860546946265
403600,1.0889618619020792e+18,1.1090993691702067e+18,1.0890707580882694e+18,1.1092137183794954e+18,2.0142960291225984e+16,1.8495547825179413
403700,1.0999055606462239e+18,1.1205342900990771e+18,1.1000155512022885e+18,1.1206486393083658e+18,2.063308810607731e+16,1.8757087646193622
403800,1.1109592398647939e+18,1.1319692110279475e+18,1.1110703357887803e+18,1.1320835602372362e+18,2.1013224448455936e+16,1.8912596054090538
403900,1.1221240048243928e+18,1.1434041319568179e+18,1.1222362172248753e+18,1.1435184811661066e+18,2.128226394123136e+16,1.8964157112893096
404000,1.1334009718991825e+18,1.1549797903740436e+18,1.1335143119963724e+18,1.1551029356763546e+18,2.158862367998221e+16,1.9045744241164286
404100,1.1447912686825056e+18,1.1672943206051348e+18,1.1449057478093738e+18,1.1674174659074458e+18,2.2511718098071936e+16,1.966250771397134
404200,1.1562960340996385e+18,1.179608850836226e+18,1.1564116637030484e+18,1.179731996138537e+18,2.332033243548851e+16,2.0166116589322876
404300,1.167916418521671e+18,1.1919233810673172e+18,1.168033210163523e+18,1.1920465263696282e+18,2.401331620610509e+16,2.0558761512220407
404400,1.179653583880535e+18,1.2042379112984084e+18,1.179771549238923e+18,1.2043610566007194e+18,2.458950736179635e+16,2.0842600737116586
404500,1.191508703785184e+18,1.2165524415294996e+18,1.1916278546555625e+18,1.2166755868318106e+18,2.5047732176248064e+16,2.101976055560405
404600,1.203482963638946e+18,1.2288669717605908e+18,1.2036033119353098e+18,1.2289901170629018e+18,2.5386805127591936e+16,2.1092335718794035
404700,1.2155775607580493e+18,1.241181501991682e+18,1.215699118514125e+18,1.241304647293993e+18,2.5605528779867904e+16,2.1062389854460024
404800,1.2277937044913487e+18,1.2534960322227732e+18,1.227916483861798e+18,1.2536191775250842e+18,2.570269366328627e+16,2.0931955878995363
404900,1.240132616341245e+18,1.2658105624538644e+18,1.240256629602879e+18,1.2659337077561754e+18,2.5677078153296384e+16,2.0703036404262556
405000,1.252595530085828e+18,1.2781250926849556e+18,1.2527207896388367e+18,1.2782482379872666e+18,2.5527448348429824e+16,2.0377604139378467
405100,1.2651836919022382e+18,1.2904396229160468e+18,1.2653102102714284e+18,1.2905627682183578e+18,2.525255794692941e+16,1.9957602287515208
405200,1.277898360491273e+18,1.302754153147138e+18,1.278026150327322e+18,1.302877298449449e+18,2.485114812212685e+16,1.9444944937755841
405300,1.2907408072032497e+18,1.3150686833782292e+18,1.29086988128397e+18,1.3151918286805402e+18,2.432194739657011e+16,1.884151745207516
405400,1.3037123161651284e+18,1.3285970744463852e+18,1.303842687396745e+18,1.3287378119347405e+18,2.489512453799552e+16,1.909365660339069
405500,1.316814184408907e+18,1.342670823281918e+18,1.316945865827348e+18,1.3428115607702733e+18,2.586569494292531e+16,1.964066679891633
405600,1.330047722001323e+18,1.3567445721174508e+18,1.3301807267735232e+18,1.356885309605806e+18,2.670458283228288e+16,2.0075905698210894
405700,1.3434142521748357e+18,1.3708183209529836e+18,1.3435485936000532e+18,1.370959058441339e+18,2.741046484128563e+16,2.0401543324785143
405800,1.3569151114599455e+18,1.3848920697885164e+18,1.3570508029710915e+18,1.3850328072768717e+18,2.7982004305780224e+16,2.0619717585013886
405900,1.3705516498188347e+18,1.3989658186240492e+18,1.3706887049838164e+18,1.3991065561124045e+18,2.841785112858803e+16,2.0732534692422053
406000,1.3843252307803471e+18,1.413039567459582e+18,1.3844636633034253e+18,1.4131803049479373e+18,2.8716641644512e+16,2.074206958671066
406100,1.3982372315763318e+18,1.4271133162951148e+18,1.3983770552994893e+18,1.42725405378347e+18,2.88769984839808e+16,2.065036634757729
406200,1.4122890432793516e+18,1.4411870651306476e+18,1.4124302721836795e+18,1.441327802619003e+18,2.889753043532339e+16,2.0459438603398477
406300,1.426482070941779e+18,1.4552608139661804e+18,1.4266247191488732e+18,1.4554015514545357e+18,2.8776832305662464e+16,2.017126993483666
406400,1.4408177337362883e+18,1.4693345628017132e+18,1.440961815509662e+18,1.4694753002900685e+18,2.851348478040653e+16,1.9787814273427802
406500,1.45529746509776e+18,1.483408311637246e+18,1.4554429948442698e+18,1.4835490491256013e+18,2.8106054281331456e+16,1.9310996295213032
406600,1.4699227128666097e+18,1.497657982333223e+18,1.4700697051378962e+18,1.4978163120076227e+18,2.7746606869726464e+16,1.8874347775994584
406700,1.48469493943356e+18,1.5134909497731973e+18,1.4848434089275034e+18,1.513649279447597e+18,2.8805870520093696e+16,1.9399938301170805
406800,1.4996156218858696e+18,1.5293239172131717e+18,1.499765583448058e+18,1.5294822468875715e+18,2.9716663439513344e+16,1.981420547816067
406900,1.5146862521550193e+18,1.545156884653146e+18,1.5148377207802348e+18,1.5453152143275459e+18,3.0477493547311104e+16,2.0119312537063916
407000,1.5299083371659003e+18,1.5609898520931205e+18,1.5300613279996168e+18,1.5611481817675203e+18,3.108685376790349e+16,2.0317390681683363
407100,1.5452833989874906e+18,1.576822819533095e+18,1.5454379273273892e+18,1.5769811492074947e+18,3.154322188010547e+16,2.0410539512677097
407200,1.5608129749850447e+18,1.5926557869730693e+18,1.560969056282543e+18,1.592814116647469e+18,3.184506036492595e+16,2.040082744546208
407300,1.5764986179738194e+18,1.6084887544130437e+18,1.5766562678356168e+18,1.6086470840874435e+18,3.199081625182669e+16,2.0290292122925853
407400,1.5923418963743406e+18,1.624321721853018e+18,1.592501130563978e+18,1.6244800515274179e+18,3.197892096343987e+16,2.0080940823015094
407500,1.6083443943692298e+18,1.6401546892929925e+18,1.6085052288086666e+18,1.6403130189673923e+18,3.180779015872563e+16,1.9774750861260146
407600,1.6245077120616108e+18,1.655987656732967e+18,1.624670162832817e+18,1.6561459864073667e+18,3.147582357454976e+16,1.9373669988293314
407700,1.640833465635101e+18,1.6719261772892078e+18,1.6409975489816645e+18,1.672102099149652e+18,3.1104550167987456e+16,1.895465973565266
407800,1.6573232875154173e+18,1.6895183633336238e+18,1.657489019844169e+18,1.689694285194068e+18,3.220526534989901e+16,1.9430153059431325
407900,1.6739788265336003e+18,1.7071105493780398e+18,1.6741462244162537e+18,1.707286471238484e+18,3.314024682223027e+16,1.9795311985836668
408000,1.6908017480908915e+18,1.7247027354224558e+18,1.6909708282657006e+18,1.7248786572829e+18,3.390782901719936e+16,2.005228502491437
408100,1.7077937343252472e+18,1.7422949214668718e+18,1.7079645136986798e+18,1.742470843327316e+18,3.450632962863616e+16,2.0203188855435315
408200,1.7249564842795459e+18,1.7598871075112878e+18,1.725128979927974e+18,1.760063029371732e+18,3.493404944375808e+16,2.0250108745617745
408300,1.742291714071471e+18,1.7774792935557038e+18,1.7424659432428782e+18,1.777655215416148e+18,3.518927217326976e+16,2.019509896863724
408400,1.7598011570651064e+18,1.7950714796001198e+18,1.7599771371808128e+18,1.795247401460564e+18,3.527026427975117e+16,2.0040183212975253
408500,1.777486564044263e+18,1.8126636656445358e+18,1.7776643127006674e+18,1.81283958750498e+18,3.5175274804312576e+16,1.9787354987665535
408600,1.7953497033875328e+18,1.8302558516889518e+18,1.7955292383578716e+18,1.830431773549396e+18,3.490253519152435e+16,1.9438578022513846
408700,1.8133923612451215e+18,1.8478480377333678e+18,1.813573700481246e+18,1.848023959593812e+18,3.4450259112566016e+16,1.899578666332908
408800,1.8316163417174377e+18,1.867181850196181e+18,1.8317995033516093e+18,1.8673753642426696e+18,3.5575860891060224e+16,1.9421263531280435
408900,1.8500234670354867e+18,1.8865332548450386e+18,1.8502084693821903e+18,1.8867267688915272e+18,3.651829950933683e+16,1.9737397225043936
409000,1.8686155777430825e+18,1.9058846594938962e+18,1.8688024393008568e+18,1.9060781735403848e+18,3.727573423952794e+16,1.9946321481404568
409100,1.8873945328808837e+18,1.9252360641427538e+18,1.887583272334172e+18,1.9254295781892424e+18,3.784630585507046e+16,2.0050138401719355
409200,1.9063622101722767e+18,1.9445874687916114e+18,1.9065528463932938e+18,1.9447809828381e+18,3.822813644480614e+16,2.0050918870213286
409300,1.925520506211135e+18,1.963938873440469e+18,1.9257130582617562e+18,1.9641323874869576e+18,3.841932922520141e+16,1.9950702967076825
409400,1.9448713366514583e+18,1.9832902780893266e+18,1.9450658237851233e+18,1.9834837921358152e+18,3.841796835069184e+16,1.975150037643969
409500,1.9644166363989225e+18,2.0026416827381842e+18,1.9646130780625623e+18,2.0028351967846728e+18,3.822211872211046e+16,1.945529078927026
409600,1.9841583598043538e+18,2.0219930873870418e+18,1.984356775640334e+18,2.0221866014335304e+18,3.782982579319629e+16,1.9064024301269584
409700,2.0040984808591424e+18,2.0430509340822077e+18,2.0042988907072284e+18,2.0432620403147407e+18,3.896314960751232e+16,1.9439790037385065
409800,2.0242389933926216e+18,2.064161557335507e+18,2.0244414172919608e+18,2.06437266356804e+18,3.99312462760791e+16,1.9724574855563874
409900,2.0445819112714401e+18,2.0852721805888061e+18,2.0447863694625672e+18,2.0854832868213391e+18,4.069691735877197e+16,1.9902772224302516
410000,2.065129268600923e+18,2.1063828038421053e+18,2.065335781527783e+18,2.1065939100746383e+18,4.125812854685542e+16,1.9976474971220275
410100,2.08588311992847e+18,2.1274934270954045e+18,2.0860917082404628e+18,2.1277045333279375e+18,4.161282508747469e+16,1.9947744829767566
410200,2.1068455404489833e+18,2.1486040503487037e+18,2.1070562250030282e+18,2.1488151565812367e+18,4.175893157820851e+16,1.9818612850802546
410300,2.128018626212378e+18,2.169714673602003e+18,2.1282314280749993e+18,2.169925779834536e+18,4.169435175953664e+16,1.9591079809045713
410400,2.149404494333157e+18,2.1908252968553021e+18,2.1496194347825905e+18,2.1910364030878351e+18,4.141696830524467e+16,1.9267116604494938
410500,2.1710052832021128e+18,2.212938674713133e+18,2.171222383730433e+18,2.2131673731317105e+18,4.194498940127744e+16,1.931860583032986
410600,2.192823152700141e+18,2.2358085165708739e+18,2.193042435015411e+18,2.2360372149894513e+18,4.299477997404032e+16,1.96050834619341
410700,2.21486028441421e+18,2.2586783584286147e+18,2.2150817704426514e+18,2.258907056847192e+18,4.382528640454067e+16,1.9784951954971324
410800,2.2371188818555034e+18,2.2815482002863555e+18,2.237342593743689e+18,2.2817768987049329e+18,4.44343049612439e+16,1.9860304401076592
410900,2.2596011706797417e+18,2.3044180421440963e+18,2.2598271307968097e+18,2.3046467405626737e+18,4.481960976586394e+16,1.9833202794614049
411000,2.282309398909739e+18,2.328923957303968e+18,2.28253762984963e+18,2.3291702479085896e+18,4.663261805895962e+16,2.0430163975886653
411100,2.3052458371601759e+18,2.35355301776615e+18,2.305476361743892e+18,2.353799308370772e+18,4.832294662688e+16,2.0960070304224634
411200,2.328412778864643e+18,2.3781820782283325e+18,2.3286456201425295e+18,2.3784283688329544e+18,4.978274869042483e+16,2.1378413383217056
411300,2.3518125405049687e+18,2.402811138690515e+18,2.352047721759019e+18,2.403057429295137e+18,5.100970753611776e+16,2.168736078958861
411400,2.375447461842831e+18,2.4274401991526973e+18,2.375685006589015e+18,2.427686489757319e+18,5.200148316830413e+16,2.1889048011027077
411500,2.399319906153731e+18,2.45206925961488e+18,2.3995598381443466e+18,2.4523155502195016e+18,5.275571207515494e+16,2.198557887014502
411600,2.4234322604632837e+18,2.476698320077062e+18,2.42367460368933e+18,2.476944610681684e+18,5.327000699235379e+16,2.19790259431963
411700,2.447786935785911e+18,2.5013273805392445e+18,2.4480317144794895e+18,2.5015736711438664e+18,5.354195666437683e+16,2.1871430973581623
411800,2.4723863673659156e+18,2.525956441001427e+18,2.472633606002652e+18,2.526202731606049e+18,5.356912560339661e+16,2.1664805280228463
411900,2.497233014920973e+18,2.5505855014636093e+18,2.497482738222465e+18,2.550831792068231e+18,5.334905384576614e+16,2.1361130160898045
412000,2.522329362888102e+18,2.575214561925792e+18,2.5225815958243907e+18,2.5754608525304136e+18,5.287925670602291e+16,2.0962357290465263
412100,2.547677920672065e+18,2.599843622387974e+18,2.547932688464132e+18,2.600089912992596e+18,5.215722452846387e+16,2.0470409114262638
412200,2.5732812228962995e+18,2.6244726828501565e+18,2.573538551018589e+18,2.6247189734547784e+18,5.118042243618918e+16,1.9887179236515544
412300,2.599141829656349e+18,2.650720224428425e+18,2.599401743839315e+18,2.651001699405136e+18,5.159995556582093e+16,1.985070437384866
412400,2.625262326775853e+18,2.678867722099491e+18,2.6255248530085304e+18,2.6791491970762015e+18,5.362434406767104e+16,2.0424237845710773
412500,2.651645326065108e+18,2.7070152197705564e+18,2.6519104905977144e+18,2.707296694747267e+18,5.538620414955264e+16,2.0885397280912423
412600,2.678293465582215e+18,2.735162717441622e+18,2.678561294928773e+18,2.7354441924183327e+18,5.688289748955955e+16,2.123636207140526
412700,2.7052094098968714e+18,2.7633102151126876e+18,2.705479930837861e+18,2.7635916900893983e+18,5.811175925153741e+16,2.1479279365247685
412800,2.732395850356802e+18,2.791457712783753e+18,2.732669089941838e+18,2.791739187760464e+18,5.907009781862605e+16,2.1616264492486827
412900,2.759855505356862e+18,2.819605210454819e+18,2.7601314909073976e+18,2.8198866854315295e+18,5.975519452413184e+16,2.164940138576051
413000,2.787591120610859e+18,2.8477527081258844e+18,2.78786987972292e+18,2.848034183102595e+18,6.016430337967514e+16,2.1580742995671924
413100,2.815605469426097e+18,2.87590020579695e+18,2.8158870299730396e+18,2.8761816807736607e+18,6.029465080062106e+16,2.1412311701012503
413200,2.843901352980683e+18,2.9040477034680156e+18,2.844185743115981e+18,2.9043291784447263e+18,6.014343532874547e+16,2.11460997138867
413300,2.872481600603606e+18,2.932195201139081e+18,2.8727688487636664e+18,2.932476676115792e+18,5.970782735212544e+16,2.078406947980569
413400,2.901349070057672e+18,2.960342698810147e+18,2.901639204964678e+18,2.9606241737868575e+18,5.898496882217933e+16,2.032815407279326
413500,2.93050664782523e+18,2.9884901964812124e+18,2.930799698490012e+18,2.988771671457923e+18,5.797197296791091e+16,1.978025758559306
413600,2.959957249396797e+18,3.0196987345240064e+18,2.9602532451217367e+18,3.020015393872806e+18,5.976214875106918e+16,2.0188187902353447
413700,2.989703819562594e+18,3.051364669403955e+18,2.99000278994455e+18,3.0516813287527547e+18,6.16785388082048e+16,2.062825460084224
413800,3.0197493327069737e+18,3.083030604283904e+18,3.020051307640244e+18,3.0833472636327035e+18,6.329595599245926e+16,2.0958569754206056
413900,3.050096793105864e+18,3.114696539163853e+18,3.0504018027851745e+18,3.1150131985126523e+18,6.461139572747776e+16,2.1181273781206205
414000,3.0807492352271375e+18,3.1463624740438016e+18,3.08105731015066e+18,3.146679133392601e+18,6.562182324194099e+16,2.129847537264153
414100,3.1117097240340547e+18,3.1780284089237504e+18,3.112020895006458e+18,3.17834506827255e+18,6.632417326609203e+16,2.1312251910813216
414200,3.1429813552917115e+18,3.209694343803699e+18,3.1432956534272404e+18,3.2100110031524987e+18,6.671534972525824e+16,2.1224649883798317
414300,3.1745672558766013e+18,3.241360278683648e+18,3.174884712602189e+18,3.2416769380324475e+18,6.679222543025869e+16,2.1037685294567643
414400,3.2064705840892677e+18,3.273026213563597e+18,3.2067912311476767e+18,3.2733428729123963e+18,6.655164176471962e+16,2.075334406502711
414500,3.2386945299701084e+18,3.3046921484435456e+18,3.2390183994231055e+18,3.305008807792345e+18,6.599040836923955e+16,2.037358243503432
414600,3.2712423156183516e+18,3.3363580833234944e+18,3.2715694398499133e+18,3.336674742672294e+18,6.510530282238054e+16,1.9900327356452907
414700,3.3041171955142323e+18,3.370944321086816e+18,3.304447607233784e+18,3.3712961648077046e+18,6.684855757392077e+16,2.0229873648951866
414800,3.3373224568444083e+18,3.406128693175648e+18,3.3376561890900925e+18,3.4064805368965366e+18,6.882434780644403e+16,2.062056242683487
414900,3.370861419830659e+18,3.44131306526448e+18,3.3711985059726423e+18,3.4416649089853686e+18,7.046640301272627e+16,2.090247812102528
415000,3.404737438061868e+18,3.476497437353312e+18,3.405077911805674e+18,3.4768492810742006e+18,7.177136926852659e+16,2.107774656776269
415100,3.438953898829354e+18,3.511681809442144e+18,3.439297794219237e+18,3.5120336531630326e+18,7.273585894379571e+16,2.1148462068637954
415200,3.473514223465566e+18,3.546866181530976e+18,3.473861574887913e+18,3.5472180252518646e+18,7.335645036395162e+16,2.111668780766503
415300,3.50842186768619e+18,3.582050553619808e+18,3.5087727098729585e+18,3.5824023973406966e+18,7.362968746773811e+16,2.098445626317129
415400,3.54368032193569e+18,3.61723492570864e+18,3.544034689967884e+18,3.6175867694295286e+18,7.35520794616448e+16,2.0753769614572066
415500,3.579293111736317e+18,3.652419297797472e+18,3.5796510410474906e+18,3.6527711415183606e+18,7.312010047087002e+16,2.0426600144094866
415600,3.6152637980406246e+18,3.687603669886304e+18,3.615625324420429e+18,3.6879555136071926e+18,7.233018918676378e+16,2.000489063350557
415700,3.651595977587539e+18,3.7254620542538875e+18,3.6519611371852974e+18,3.7258490823468646e+18,7.388794516156723e+16,2.0232401820824255
415800,3.6882932832619955e+18,3.7641648635516027e+18,3.6886621125903217e+18,3.76455189164458e+18,7.588977905425818e+16,2.0573795250919695
415900,3.7253593844581965e+18,3.802867672849318e+18,3.7257319203966423e+18,3.803254700942295e+18,7.752278054565274e+16,2.0807396292055182
416000,3.7627979874465244e+18,3.841570482147033e+18,3.763174267245269e+18,3.84195751024001e+18,7.878324299474125e+16,2.0935316145327603
416100,3.800612835744115e+18,3.8802732914447483e+18,3.8009928970276895e+18,3.8806603195377254e+18,7.966742251003597e+16,2.0959634671334038
416200,3.838807710489189e+18,3.9189761007424635e+18,3.839191591260238e+18,3.9193631288354406e+18,8.017153757520282e+16,2.0882400804823087
416300,3.8773864308191304e+18,3.9576789100401787e+18,3.877774169462212e+18,3.958065938133156e+18,8.029176867094374e+16,2.070563296420095
416400,3.916352854252364e+18,3.996381719337894e+18,3.916744489537789e+18,3.996768747430871e+18,8.002425789308211e+16,2.0431319455950954
416500,3.955710877074071e+18,4.035084528635609e+18,3.956106448161778e+18,4.035471556728586e+18,7.936510856680806e+16,2.0061418874025847
416600,3.995464434725777e+18,4.076390981467898e+18,3.9958639811692493e+18,4.076813193932964e+18,8.094921276371456e+16,2.0258250317126065
416700,4.0356175021988716e+18,4.118612227974496e+18,4.0360210639490913e+18,4.119034440439562e+18,8.301337649047091e+16,2.056812270678427
416800,4.0761740944320655e+18,4.1608334744810947e+18,4.076581711841509e+18,4.1612556869461606e+18,8.467397510465178e+16,2.077082739656459
416900,4.117138266712839e+18,4.203054720987693e+18,4.1175499805395103e+18,4.203476933452759e+18,8.592695291324877e+16,2.0868466277120943
417000,4.1585141150829486e+18,4.2452759674942915e+18,4.158929966494457e+18,4.2456981799593574e+18,8.67682134649006e+16,2.086311002203222
417100,4.2003057767479864e+18,4.28749721400089e+18,4.200725807325661e+18,4.287919426465956e+18,8.719361914029466e+16,2.0756798500925098
417200,4.2425174304910546e+18,4.329718460507488e+18,4.242941682234104e+18,4.330140672972554e+18,8.719899073845043e+16,2.055154118746599
417300,4.2851532970906255e+18,4.3719397070140867e+18,4.2855818124203346e+18,4.3723619194791526e+18,8.678010705881805e+16,2.0249317562277014
417400,4.3282176397425577e+18,4.4153572221717053e+18,4.328650461506532e+18,4.41581461900886e+18,8.716415750232832e+16,2.01365664142796
417500,4.3717147644863923e+18,4.461096905887187e+18,4.372151935962841e+18,4.461554302724342e+18,8.940236676150067e+16,2.044813814134123
417600,4.4156490206359127e+18,4.5068365896026685e+18,4.4160905855379763e+18,4.5072939864398234e+18,9.120340090184704e+16,2.0652520399043506
417700,4.460024801214039e+18,4.55257627331815e+18,4.4604708036941604e+18,4.553033670155305e+18,9.256286646114458e+16,2.0751815343009095
417800,4.504846543392085e+18,4.598315957033632e+18,4.505297028046424e+18,4.5987733538707866e+18,9.34763258243625e+16,2.074809390867076
417900,4.550118728933432e+18,4.646518546795332e+18,4.550573740806325e+18,4.647011128004575e+18,9.643738719824998e+16,2.1192357863244307
418000,4.5958458846416763e+18,4.695776667719696e+18,4.5963054692301404e+18,4.69626924892894e+18,9.996377969879962e+16,2.174872413681049
418100,4.642032582813255e+18,4.745034788644061e+18,4.642496786071536e+18,4.745527369853305e+18,1.0303058378176922e+17,2.2192925171404014
418200,4.688683441694646e+18,4.794292909568426e+18,4.689152310038816e+18,4.79478549077767e+18,1.0563318073885389e+17,2.2527137903520025
418300,4.73580312594414e+18,4.843551030492791e+18,4.736276706256734e+18,4.844043611702034e+18,1.0776690544530022e+17,2.275350705395603
418400,4.783396347098254e+18,4.892809151417156e+18,4.783874686732964e+18,4.893301732626399e+18,1.094270458934354e+17,2.2874145553374863
418500,4.831467864042885e+18,4.94206727234152e+18,4.831951010829289e+18,4.942559853550764e+18,1.1060884272147456e+17,2.289113496258133
418600,4.8800224834891e+18,4.991325393265885e+18,4.880510485737448e+18,4.991817974475129e+18,1.1130748873768038e+17,2.2806525887601232
418700,4.929065060453801e+18,5.04058351419025e+18,4.929557966959846e+18,5.041076095399494e+18,1.1151812843964723e+17,2.2622338389586405
418800,4.978600498745158e+18,5.089841635114615e+18,4.979098358795033e+18,5.090334216323858e+18,1.1123585752882586e+17,2.234056238964227
418900,5.02863375145297e+18,5.13909975603898e+18,5.029136614828115e+18,5.139592337248223e+18,1.1045572242010829e+17,2.196315806861083
419000,5.0791698214439e+18,5.188357876963344e+18,5.079677738426044e+18,5.188850458172588e+18,1.0917271974654362e+17,2.1492056261894117
419100,5.130213761861738e+18,5.237615997887709e+18,5.130726783237925e+18,5.238108579096953e+18,1.0738179585902797e+17,2.092915884935524
419200,5.181770676632674e+18,5.28849259992816e+18,5.182288853700338e+18,5.289055549881582e+18,1.067666961812439e+17,2.060222793351411
419300,5.233845720975604e+18,5.344787595270291e+18,5.234369105547701e+18,5.345350545223713e+18,1.1098143967601152e+17,2.1202448172481123
419400,5.286444101917654e+18,5.401082590612423e+18,5.286972746327846e+18,5.401645540565844e+18,1.1467279423799808e+17,2.168968892787389
419500,5.339571078814799e+18,5.457377585954554e+18,5.34010503592268e+18,5.457940535907975e+18,1.1783549998529536e+17,2.206613899775763
419600,5.393231963877784e+18,5.513672581296685e+18,5.393771287074171e+18,5.514235531250106e+18,1.2046424417593549e+17,2.2333954809062884
419700,5.447432122703249e+18,5.569967576638816e+18,5.44797686591552e+18,5.570530526592238e+18,1.2255366067671757e+17,2.2495260845077523
419800,5.502176974810294e+18,5.626262571980947e+18,5.502727192507775e+18,5.626825521934369e+18,1.240983294265938e+17,2.2552150067617305
419900,5.557471994182337e+18,5.682557567323079e+18,5.558027741381755e+18,5.6831205172765e+18,1.2509277589474509e+17,2.250668433397318
420000,5.613322709814485e+18,5.73885256266521e+18,5.613884042085466e+18,5.739415512618631e+18,1.2553147053316506e+17,2.2360894808673706
420100,5.66973470626638e+18,5.795147558007341e+18,5.670301679737007e+18,5.795710507960762e+18,1.2540882822375526e+17,2.211678237013517
420200,5.726713624220606e+18,5.851442553349472e+18,5.727286295583028e+18,5.852005503302894e+18,1.2471920771986534e+17,2.1776318012258393
420300,5.784265161046693e+18,5.907737548691603e+18,5.784843587562797e+18,5.908300498645025e+18,1.2345691108222771e+17,2.1341443241033446
420400,5.842395071370801e+18,5.964032544033735e+18,5.842979310877938e+18,5.964595493987156e+18,1.216161831092183e+17,2.0814070466209618
420500,5.901109167651162e+18,6.024831139003236e+18,5.901699278567927e+18,6.025464457700835e+18,1.2376517913290854e+17,2.0971109046908385
420600,5.960413320759225e+18,6.088163008763134e+18,5.961009362091301e+18,6.088796327460733e+18,1.2778696536943206e+17,2.1437135492872397
420700,6.020313460566726e+18,6.151494878523032e+18,6.020915491912782e+18,6.152128197220631e+18,1.312127053078487e+17,2.1792816305774756
420800,6.080815576538612e+18,6.214826748282929e+18,6.081423658096265e+18,6.215460066980528e+18,1.3403640888426291e+17,2.204030115642721
420900,6.141925718331918e+18,6.278158618042827e+18,6.142539910903752e+18,6.278791936740426e+18,1.3625202583667405e+17,2.2181707862379567
421000,6.203649996400693e+18,6.341490487802724e+18,6.204270361400333e+18,6.342123806500323e+18,1.3785344509999002e+17,2.221912280896731
421100,6.265994582606987e+18,6.404822357562622e+18,6.266621182065248e+18,6.405455676260221e+18,1.3883449419497267e+17,2.2154601365135957
421200,6.328965710837972e+18,6.46815422732252e+18,6.329598607409056e+18,6.468787546020119e+18,1.3918893861106278e+17,2.1990168294105787
421300,6.392569677629292e+18,6.531486097082417e+18,6.393208934597054e+18,6.532119415780016e+18,1.3891048118296166e+17,2.1727818158928476
421400,6.45681284279463e+18,6.594817966842315e+18,6.457458524078909e+18,6.595451285539914e+18,1.3799276146100429e+17,2.136951572301234
421500,6.521701630061651e+18,6.658149836602212e+18,6.522353800224657e+18,6.658783155299811e+18,1.3642935507515392e+17,2.091719634565894
421600,6.587242527714326e+18,6.72570383101277e+18,6.587901251967097e+18,6.726407518454546e+18,1.385062664874496e+17,2.102433858523497
421700,6.653442089241672e+18,6.796072575190434e+18,6.654107433450595e+18,6.79677626263221e+18,1.426688291816151e+17,2.1440716220542275
421800,6.720306933993068e+18,6.866441319368098e+18,6.720978964686467e+18,6.867145006809874e+18,1.4616604212340736e+17,2.17477309319664
421900,6.787843747840104e+18,6.936810063545762e+18,6.788522532214888e+18,6.937513750987538e+18,1.4899121877265e+17,2.1947517750086734
422000,6.856059283845135e+18,7.007178807723426e+18,6.85674488977352e+18,7.007882495165202e+18,1.5113760539168256e+17,2.204218004626313
422100,6.924960362936504e+18,7.07754755190109e+18,6.925652858972798e+18,7.078251239342866e+18,1.5259838037006848e+17,2.2033789951277116
422200,6.994553874590578e+18,7.147916296078754e+18,6.995253329978036e+18,7.14861998352053e+18,1.533666535424942e+17,2.192438876877326
422300,7.064846777520622e+18,7.218285040256418e+18,7.065553262198373e+18,7.218988727698194e+18,1.5343546549982106e+17,2.1715987383567072
422400,7.135846100372645e+18,7.288653784434082e+18,7.136559684982682e+18,7.289357471875858e+18,1.5279778689317683e+17,2.141056666487441
422500,7.207558942428154e+18,7.359022528611746e+18,7.208279698322396e+18,7.359726216053522e+18,1.5144651773112627e+17,2.101007786453859
422600,7.279992474314039e+18,7.433120816230826e+18,7.280720473561471e+18,7.43389487241678e+18,1.531743988553093e+17,2.1038357318006167
422700,7.353153938719567e+18,7.510526434826256e+18,7.353889254113439e+18,7.511300491012211e+18,1.5741123689877197e+17,2.1405168266672376
422800,7.427050651120594e+18,7.587932053421687e+18,7.427793356185705e+18,7.588706109607641e+18,1.609127534219356e+17,2.1663601248132593
422900,7.501690000511031e+18,7.665337672017117e+18,7.502440169511082e+18,7.666111728203071e+18,1.636715586919895e+17,2.1815776599875987
423000,7.577079450141669e+18,7.742743290612548e+18,7.577837158086684e+18,7.743517346798502e+18,1.6568018871181824e+17,2.186378319505226
423100,7.653226538266461e+18,7.820148909207978e+18,7.653991860920288e+18,7.820922965393932e+18,1.6693110447364403e+17,2.180967885868288
423200,7.730138878896264e+18,7.897554527803408e+18,7.730911892784154e+18,7.898328583989363e+18,1.674166912052091e+17,2.165549077871031
423300,7.807824162560172e+18,7.974960146398839e+18,7.808604944976428e+18,7.975734202584793e+18,1.6712925760836506e+17,2.1403215911939
423400,7.886290157074487e+18,8.052365764994269e+18,7.887078786090195e+18,8.053139821180223e+18,1.6606103509002854e+17,2.1054821384933673
423500,7.965544708319456e+18,8.13336018954276e+18,7.966341262790288e+18,8.134204614472892e+18,1.6786335168260403e+17,2.10715742829988
423600,8.045595741023763e+18,8.217802682555957e+18,8.046400300597865e+18,8.218647107486089e+18,1.7224680688822374e+17,2.140669124744209
423700,8.126451259556931e+18,8.302245175569154e+18,8.127263904682886e+18,8.303089600499286e+18,1.7582569581639987e+17,2.1634057645782865
423800,8.208119348729702e+18,8.386687668582351e+18,8.208940160664575e+18,8.387532093512483e+18,1.7859193284790784e+17,2.1755784468216843
423900,8.290608174602431e+18,8.471130161595548e+18,8.291437235419892e+18,8.47197458652568e+18,1.805373511057879e+17,2.177395136449407
424000,8.373925985301615e+18,8.555572654608744e+18,8.374763377900145e+18,8.556417079538876e+18,1.8165370163873178e+17,2.1690607058593563
424100,8.458081111844645e+18,8.640015147621941e+18,8.458926919955829e+18,8.640859572552073e+18,1.8193265259624448e+17,2.150776975824665
424200,8.543081968972812e+18,8.724457640635138e+18,8.543936277169709e+18,8.72530206556527e+18,1.8136578839556096e+17,2.1227427559377907
424300,8.628937055992729e+18,8.809674189834289e+18,8.629799949698328e+18,8.810588983508599e+18,1.8078903381027123e+17,2.0949388730220924
424400,8.715654957626147e+18,8.901153557265252e+18,8.71652652312191e+18,8.902068350939562e+18,1.8554182781765222e+17,2.1286211580435666
424500,8.803244344868379e+18,8.992632924696216e+18,8.804124669302865e+18,8.993547718370525e+18,1.894230490676603e+17,2.15152620144189
424600,8.891713975855325e+18,9.084112292127179e+18,8.892603147252911e+18,9.085027085801488e+18,1.9242393854857728e+17,2.16386512882924
424700,8.981072696739166e+18,9.175591659558142e+18,8.98197080400884e+18,9.176506453232452e+18,1.945356492236114e+17,2.1658459314606775
424800,9.071329442572944e+18,9.270378357965455e+18,9.072236575517201e+18,9.271363520383943e+18,1.9912694486674125e+17,2.1949046765834495
424900,9.162493238203955e+18,9.368894599814185e+18,9.163409487527775e+18,9.369879762232672e+18,2.0647027470489702e+17,2.2532036245452267
425000,9.25457319917616e+18,9.467410841662915e+18,9.255498656496077e+18,9.468396004081402e+18,2.1289734758532506e+17,2.300225579265798
425100,9.347578532641663e+18,9.565927083511644e+18,9.348513290494927e+18,9.566912245930131e+18,2.183989554352046e+17,2.336189174135968
425200,9.44151853828133e+18,9.664443325360374e+18,9.442462690135159e+18,9.665428487778861e+18,2.2296579764370227e+17,2.3613098082626447
425300,9.536402609234676e+18,9.762959567209103e+18,9.5373562494956e+18,9.76394472962759e+18,2.2658848013199155e+17,2.3757996891850937
425400,9.632240233039098e+18,9.861475809057833e+18,9.633203457062402e+18,9.86246097147632e+18,2.292575144139182e+17,2.3798678750612536
425500,9.729040992578537e+18,9.959992050906563e+18,9.730013896677796e+18,9.96097721332505e+18,2.30963316647254e+17,2.3737203163308314
425600,9.826814567041692e+18,1.0058508292755292e+19,9.827797248498395e+18,1.005949345517378e+19,2.3169620667538432e+17,2.35755989686077
425700,9.92557073288981e+18,1.0157024534604022e+19,9.9265632899631e+18,1.015800969702251e+19,2.314464070594089e+17,2.3315864745800585
425800,1.0025319364834296e+19,1.0255540776452751e+19,1.002632189677078e+19,1.0256525938871239e+19,2.3020404210045952e+17,2.2959969216089333
425900,1.0126070436824046e+19,1.035405701830148e+19,1.0127083043867728e+19,1.0355042180719968e+19,2.279591368522404e+17,2.2509851638895855
426000,1.0227834023042785e+19,1.045257326015021e+19,1.0228856806445089e+19,1.0453558422568698e+19,2.247016161236091e+17,2.196742220323459
426100,1.0330620298916385e+19,1.055108950199894e+19,1.0331653360946276e+19,1.0552215401905783e+19,2.2056204095950643e+17,2.1348184385785967
426200,1.0434439542130285e+19,1.0663679492683203e+19,1.0435482986084497e+19,1.0664805392590045e+19,2.2932240650554778e+17,2.1975255655281556
426300,1.0539302133657231e+19,1.0776269483367465e+19,1.0540356063870597e+19,1.0777395383274308e+19,2.3703931940371046e+17,2.2488739276675407
426400,1.0645218558795205e+19,1.0888859474051727e+19,1.0646283080651084e+19,1.088998537395857e+19,2.437022933074862e+17,2.289083349196294
426500,1.0752199408215894e+19,1.100144946473599e+19,1.0753274628156715e+19,1.1002575364642832e+19,2.4930073648611738e+17,2.3183704044286233
426600,1.0860255379023684e+19,1.1114039455420252e+19,1.0861341404561586e+19,1.1115165355327095e+19,2.538239507655086e+17,2.3369484607021622
426700,1.0969397275825201e+19,1.1226629446104515e+19,1.0970494215552784e+19,1.1227755346011357e+19,2.572611304585728e+17,2.3450277207553305
426800,1.1079636011809757e+19,1.1339219436788777e+19,1.1080743975410938e+19,1.134034533669562e+19,2.5960136128468173e+17,2.3428152645775233
426900,1.119098260984049e+19,1.145180942747304e+19,1.1192101708101474e+19,1.1452935327379882e+19,2.6083361927840768e+17,2.330515090741193
427000,1.130344820355663e+19,1.1564399418157302e+19,1.1304578548376986e+19,1.1565525318064144e+19,2.609467696871588e+17,2.3083281572193
427100,1.141704403848669e+19,1.1676989408841564e+19,1.141818574289054e+19,1.1678115308748407e+19,2.5992956585786778e+17,2.276452421696777
427200,1.1531781473172961e+19,1.1789579399525827e+19,1.153293465132028e+19,1.179070529943267e+19,2.5777064811239014e+17,2.2350828813798995
427300,1.1647671980307229e+19,1.1902169390210089e+19,1.1648836747505258e+19,1.1903295290116932e+19,2.544585426116731e+17,2.184411612311148
427400,1.1764727147877968e+19,1.202052961791692e+19,1.1765903620592755e+19,1.2021796255312118e+19,2.5589263471936307e+17,2.1748659769020904
427500,1.1882958680329021e+19,1.2147193357436715e+19,1.1884146976197054e+19,1.2148459994831913e+19,2.643130186348585e+17,2.2240806947629914
427600,1.2002378399729922e+19,1.227385709695651e+19,1.2003578637569894e+19,1.2275123734351708e+19,2.7154509678181376e+17,2.262201173339317
427700,1.2122998246958025e+19,1.2400520836476305e+19,1.212421054678272e+19,1.2401787473871503e+19,2.7757692708878336e+17,2.28944330864034
427800,1.2244830282892472e+19,1.25271845759961e+19,1.2246054765920762e+19,1.2528451213391299e+19,2.823964474705367e+17,2.306019798771525
427900,1.236788668962015e+19,1.2653848315515896e+19,1.2369123478289113e+19,1.2655114952911094e+19,2.8599147462198067e+17,2.3121401861980506
428000,1.2492179771653804e+19,1.278051205503569e+19,1.249342898963097e+19,1.2781778692430889e+19,2.883497027999191e+17,2.30801089948354
428100,1.261772195716238e+19,1.2907175794555486e+19,1.2618983729358096e+19,1.2908442431950684e+19,2.894587025925878e+17,2.2938352945107727
428200,1.2744525799213715e+19,1.3033839534075281e+19,1.2745800251793637e+19,1.303510617147048e+19,2.89305919676842e+17,2.2698136951905377
428300,1.2872603977029743e+19,1.3160503273595077e+19,1.2873891237427446e+19,1.3161769910990275e+19,2.878786735628288e+17,2.2361434336643877
428400,1.3001969297254306e+19,1.3287167013114872e+19,1.300326949418403e+19,1.328843365051007e+19,2.8516415632603955e+17,2.1930188900075085
428500,1.313263469523366e+19,1.3419038039703814e+19,1.3133947958703184e+19,1.3420445414587367e+19,2.8649745588418355e+17,2.181350624998758
428600,1.3264613236309934e+19,1.3559775528059142e+19,1.3265939697633565e+19,1.3561182902942695e+19,2.9524320530913075e+17,2.225573250282432
428700,1.3397918117127526e+19,1.370051301641447e+19,1.339925790893924e+19,1.3701920391298023e+19,3.02662482358784e+17,2.2588003336876175
428800,1.3532562666952667e+19,1.3841250504769798e+19,1.3533915923219362e+19,1.3842657879653351e+19,3.087419564339896e+17,2.28124630140711
428900,1.3668560349006205e+19,1.3981987993125126e+19,1.3669927205041105e+19,1.398339536800868e+19,3.134681629675745e+17,2.2931224012076363
429000,1.3805924761809787e+19,1.4122725481480454e+19,1.3807305354285967e+19,1.4124132856364007e+19,3.1682750207804006e+17,2.294636744451318
429100,1.3944669640545638e+19,1.4263462969835782e+19,1.3946064107509692e+19,1.4264870344719335e+19,3.18806237209643e+17,2.2859943475949738
429200,1.4084808858429907e+19,1.440420045819111e+19,1.4086217339315749e+19,1.4405607833074663e+19,3.1939049375891456e+17,2.2673971731748765
429300,1.422635642809986e+19,1.4544937946546438e+19,1.422777906374267e+19,1.4546345321429991e+19,3.185662576873206e+17,2.239044170281911
429400,1.4369326503015066e+19,1.4685675434901766e+19,1.4370763435665367e+19,1.468708280978532e+19,3.163193741199524e+17,2.201131314533442
429500,1.4513733378872566e+19,1.4830635047907754e+19,1.4515184752210452e+19,1.4832183160279663e+19,3.169984080692101e+17,2.183908875296512
429600,1.4659591495036326e+19,1.4985446285098615e+19,1.4661057454185828e+19,1.4986994397470523e+19,3.2593694328469504e+17,2.2231475751541914
429700,1.4806915435981023e+19,1.5140257522289476e+19,1.480839612752462e+19,1.5141805634661384e+19,3.334095071367639e+17,2.251489656716097
429800,1.495571993275041e+19,1.5295068759480336e+19,1.4957215504743684e+19,1.5296616871852245e+19,3.394013671085609e+17,2.269148071049185
429900,1.5106019864430232e+19,1.5449879996671197e+19,1.5107530466416675e+19,1.5451428109043106e+19,3.43897642626431e+17,2.2763326103554724
430000,1.5257830259636027e+19,1.5604691233862058e+19,1.525935604266199e+19,1.5606239346233967e+19,3.468833035719762e+17,2.2732499497499274
430100,1.5411166298015814e+19,1.5759502471052919e+19,1.5412707414645615e+19,1.5761050583424827e+19,3.483431687792128e+17,2.260103688520076
430200,1.5566043311767982e+19,1.591431370824378e+19,1.5567599916099158e+19,1.5915861820615688e+19,3.482619045165302e+17,2.237094390872525
430300,1.5722476787174308e+19,1.606912494543464e+19,1.5724049034853026e+19,1.607067305780655e+19,3.466240229535232e+17,2.2044196261739977
430400,1.5880482366148483e+19,1.622787683229945e+19,1.5882070414385099e+19,1.6229565682159714e+19,3.4749526777461555e+17,2.187972088701191
430500,1.6040075847800154e+19,1.6396761818325844e+19,1.6041679855384934e+19,1.6398450668186108e+19,3.567708128011735e+17,2.224024017543345
430600,1.6201273190014632e+19,1.6565646804352238e+19,1.6202893317333633e+19,1.6567335654212502e+19,3.644423368788685e+17,2.2492423404960213
430700,1.6364090511048634e+19,1.6734531790378631e+19,1.636572692009974e+19,1.6736220640238895e+19,3.7049372013915546e+17,2.263839070198157
430800,1.6528544091141906e+19,1.6903416776405025e+19,1.653019694555102e+19,1.6905105626265289e+19,3.749086807142687e+17,2.268023072859834
430900,1.6694650374145077e+19,1.7072301762431418e+19,1.6696319839182492e+19,1.7073990612291682e+19,3.7767077310919066e+17,2.2620001098857885
431000,1.6862425969163936e+19,1.7241186748457812e+19,1.686411221176085e+19,1.7242875598318076e+19,3.7876338655722496e+17,2.2459728789819096
431100,1.7031887652220154e+19,1.7410071734484206e+19,1.7033590840985375e+19,1.741176058434447e+19,3.781697433590948e+17,2.2201410547514246
431200,1.7203052367928777e+19,1.75789567205106e+19,1.720477267316557e+19,1.7580645570370863e+19,3.7587289720529306e+17,2.184701328786199
431300,1.7375937231192515e+19,1.7760226605512262e+19,1.7377674824915634e+19,1.776205619286088e+19,3.843813679452467e+17,2.2119263469824584
431400,1.7550559528913017e+19,1.7943185340374188e+19,1.7552314584865909e+19,1.7945014927722807e+19,3.9270034285689856e+17,2.237313722689859
431500,1.772693672171948e+19,1.8126144075236114e+19,1.7728709415391652e+19,1.8127973662584734e+19,3.9926424719308186e+17,2.2520773387286157
431600,1.7905086445714545e+19,1.830910281009804e+19,1.7906876954359116e+19,1.831093239744666e+19,4.040554430875443e+17,2.2564260876835034
431700,1.8085026514237714e+19,inf,1.8086835016889137e+19,inf,inf,inf
431800,1.8266774919646503e+19,inf,1.8268601597138467e+19,inf,inf,inf
431900,1.845034983511556e+19,inf,1.845219487009907e+19,inf,inf,inf
432000,1.863576961645383e+19,inf,1.8637633193415475e+19,inf,inf,inf
432100,1.882305280393986e+19,inf,1.8824935109220254e+19,inf,inf,inf
432200,1.901221812417582e+19,inf,1.9014119345988235e+19,inf,inf,inf
432300,1.920328449195983e+19,inf,1.9205204820409025e+19,inf,inf,inf
432400,1.93962710121774e+19,inf,1.9398210639278617e+19,inf,inf,inf
432500,1.9591196981711614e+19,inf,1.9593156101409784e+19,inf,inf,inf
432600,1.9788081891372777e+19,inf,1.9790060699561914e+19,inf,inf,inf
432700,1.998694542784722e+19,inf,1.9988944122390004e+19,inf,inf,inf
432800,2.018780747566583e+19,inf,2.0189826256413397e+19,inf,inf,inf
432900,2.0390688119192297e+19,inf,2.0392727188004217e+19,inf,inf,inf
433000,2.0595607644631392e+19,inf,2.0597667205395853e+19,inf,inf,inf
433100,2.0802586542057374e+19,inf,2.0804666800711578e+19,inf,inf,inf
433200,2.101164550746285e+19,inf,2.1013746672013595e+19,inf,inf,inf
433300,2.122280544482813e+19,inf,2.1224927725372613e+19,inf,inf,inf
433400,2.1436087468211507e+19,inf,2.1438231076958327e+19,inf,inf,inf
433500,2.1651512903860343e+19,inf,2.1653678055150727e+19,inf,inf,inf
433600,2.186910329234367e+19,inf,2.1871290202672902e+19,inf,inf,inf
433700,2.20888803907059e+19,inf,2.2091089278744973e+19,inf,inf,inf
433800,2.2310866174642414e+19,inf,2.231309726125988e+19,inf,inf,inf
433900,2.2535082840696947e+19,inf,2.2537336348981015e+19,inf,inf,inf
434000,2.276155280848092e+19,inf,2.2763828963761766e+19,inf,inf,inf
434100,2.299029872291528e+19,inf,2.299259775278757e+19,inf,inf,inf
434200,2.322134345649482e+19,inf,2.322366559084047e+19,inf,inf,inf
434300,2.34547101115752e+19,inf,2.3457055582586356e+19,inf,inf,inf
434400,2.36904220226829e+19,inf,2.3692791064885166e+19,inf,inf,inf
434500,2.392850275884846e+19,inf,2.3930895609124344e+19,inf,inf,inf
434600,2.4168976125963325e+19,inf,2.417139302357592e+19,inf,inf,inf
434700,2.4411866169160032e+19,inf,2.4414307355776946e+19,inf,inf,inf
434800,2.4657197175216595e+19,inf,2.4659662894934114e+19,inf,inf,inf
434900,2.4904993674984907e+19,inf,2.4907484174352404e+19,inf,inf,inf
435000,2.515528044584372e+19,inf,2.5157795973888303e+19,inf,inf,inf
435100,2.5408082514175955e+19,inf,2.541062332242737e+19,inf,inf,inf
435200,2.5663425157871346e+19,inf,2.566599150038713e+19,inf,inf,inf
435300,2.592133390885377e+19,inf,2.5923926042244653e+19,inf,inf,inf
435400,2.6181834555634352e+19,inf,2.6184452739089916e+19,inf,inf,inf
435500,2.6444953145890038e+19,inf,2.6447597641204625e+19,inf,inf,inf
435600,2.6710715989068145e+19,inf,2.671338706066705e+19,inf,inf,inf
435700,2.697914965901704e+19,inf,2.698184757398294e+19,inf,inf,inf
435800,2.725028099664327e+19,inf,2.7253006024742937e+19,inf,inf,inf
435900,2.7524137112595444e+19,inf,2.75268895263067e+19,inf,inf,inf
436000,2.7800745389975e+19,inf,2.7803525464513995e+19,inf,inf,inf
436100,2.80801334870743e+19,inf,2.808294150042301e+19,inf,inf,inf
436200,2.8362329340142244e+19,inf,2.836516557307626e+19,inf,inf,inf
436300,2.864736116617753e+19,inf,2.8650225902294147e+19,inf,inf,inf
436400,2.893525746575017e+19,inf,2.8938150991496745e+19,inf,inf,inf
436500,2.922604702585131e+19,inf,2.9228969630553895e+19,inf,inf,inf
436600,2.951975892277159e+19,inf,2.9522710898663866e+19,inf,inf,inf
436700,2.9816422525008593e+19,inf,2.9819404167261094e+19,inf,inf,inf
436800,3.0116067496203334e+19,inf,3.011907910295295e+19,inf,inf,inf
436900,3.0418723798106395e+19,inf,3.0421765670486204e+19,inf,inf,inf
437000,3.072442169357385e+19,inf,3.0727494135743205e+19,inf,inf,inf
437100,3.103319174959329e+19,inf,3.1036295068768248e+19,inf,inf,inf
437200,3.134506484034012e+19,inf,3.1348199346824155e+19,inf,inf,inf
437300,3.1660072150264807e+19,inf,3.1663238157479834e+19,inf,inf,inf
437400,3.197824517721103e+19,inf,3.1981443001728754e+19,inf,inf,inf
437500,3.2299615735565124e+19,inf,3.230284569713868e+19,inf,inf,inf
437600,3.2624215959437275e+19,inf,3.262747838103322e+19,inf,inf,inf
437700,3.2952078305874612e+19,inf,3.2955373513705198e+19,inf,inf,inf
437800,3.32832355581066e+19,inf,3.328656388166241e+19,inf,inf,inf
437900,3.3617720828823142e+19,inf,3.3621082600906023e+19,inf,inf,inf
438000,3.3955567563485434e+19,inf,3.3958963120241783e+19,inf,inf,inf
438100,3.429680954367026e+19,inf,3.4300239224624628e+19,inf,inf,inf
438200,3.4641480890447847e+19,inf,3.4644945038536892e+19,inf,inf,inf
438300,3.498961606779365e+19,inf,3.499311502940043e+19,inf,inf,inf
438400,3.5341249886034403e+19,inf,3.5344784011023008e+19,inf,inf,inf
438500,3.5696417505328906e+19,inf,3.569998714707944e+19,inf,inf,inf
438600,3.6055154439183667e+19,inf,3.6058759954627584e+19,inf,inf,inf
438700,3.6417496558003913e+19,inf,3.6421138307659715e+19,inf,inf,inf
438800,3.6783480092680315e+19,inf,3.6787158440689582e+19,inf,inf,inf
438900,3.7153141638211764e+19,inf,3.715685695237558e+19,inf,inf,inf
439000,3.752651815736451e+19,inf,3.753027080918025e+19,inf,inf,inf
439100,3.790364698436819e+19,inf,3.790743734906663e+19,inf,inf,inf
439200,3.828456582864876e+19,inf,3.828839428523163e+19,inf,inf,inf
439300,3.866931277859918e+19,inf,3.8673179709877035e+19,inf,inf,inf
439400,3.905792630538783e+19,inf,3.906183209801837e+19,inf,inf,inf
439500,3.945044526680542e+19,inf,3.945439031133209e+19,inf,inf,inf
439600,3.984690891115025e+19,inf,3.9850893602041364e+19,inf,inf,inf
439700,4.0247356881152885e+19,inf,4.0251381616841e+19,inf,inf,inf
439800,4.065182921793984e+19,inf,4.0655894400861635e+19,inf,inf,inf
439900,4.106036636503736e+19,inf,4.106447240167386e+19,inf,inf,inf
440000,4.14730091724157e+19,inf,4.147715647333294e+19,inf,inf,inf
440100,4.188979890057321e+19,inf,4.189398788046326e+19,inf,inf,inf
440200,4.231077722466249e+19,inf,4.2315008302384955e+19,inf,inf,inf
440300,4.273598623865729e+19,inf,4.274025983728116e+19,inf,inf,inf
440400,4.316546845956157e+19,inf,4.3169785006407524e+19,inf,inf,inf
440500,4.359926683166081e+19,inf,4.3603626758343975e+19,inf,inf,inf
440600,4.4037424730816094e+19,inf,4.404182847328918e+19,inf,inf,inf
440700,4.447998596880128e+19,inf,4.448443396739817e+19,inf,inf,inf
440800,4.492699479768361e+19,inf,4.493148749716338e+19,inf,inf,inf
440900,4.537849591424873e+19,inf,4.5383033763840156e+19,inf,inf,inf
441000,4.58345344644698e+19,inf,4.583911791791625e+19,inf,inf,inf
441100,4.629515604802193e+19,inf,4.629978556362673e+19,inf,inf,inf
441200,4.6760406722841485e+19,inf,4.6765082763513766e+19,inf,inf,inf
441300,4.723033300973148e+19,inf,4.723505604303245e+19,inf,inf,inf
441400,4.7704981897013305e+19,inf,4.7709752395203e+19,inf,inf,inf
441500,4.818440084522504e+19,inf,4.818921928530956e+19,inf,inf,inf
441600,4.866863779186719e+19,inf,4.867350465564638e+19,inf,inf,inf
441700,4.9157741156196024e+19,inf,4.916265693031164e+19,inf,inf,inf
441800,4.965175984406483e+19,inf,4.965672502004924e+19,inf,inf,inf
441900,5.0150743252814316e+19,inf,5.01557583271396e+19,inf,inf,inf
442000,5.065474127621169e+19,inf,5.065980675033931e+19,inf,inf,inf
442100,5.116380430943965e+19,inf,5.116892068987059e+19,inf,inf,inf
442200,5.167798325413552e+19,inf,5.168315105246093e+19,inf,inf,inf
442300,5.219732952348089e+19,inf,5.220254925643324e+19,inf,inf,inf
442400,5.272189504734234e+19,inf,5.2727167236847075e+19,inf,inf,inf
442500,5.325173227746417e+19,inf,5.325705745069192e+19,inf,inf,inf
442600,5.3786894192712974e+19,inf,5.379227288213225e+19,inf,inf,inf
442700,5.4327434304374964e+19,inf,5.43328670478054e+19,inf,inf,inf
442800,5.487340666150687e+19,inf,5.487889400217302e+19,inf,inf,inf
442900,5.542486585633996e+19,inf,5.543040834292559e+19,inf,inf,inf
443000,5.598186702973912e+19,inf,5.598746521644209e+19,inf,inf,inf
443100,5.654446587671625e+19,inf,5.655012032330392e+19,inf,inf,inf
443200,5.711271865199942e+19,inf,5.711842992386462e+19,inf,inf,inf
443300,5.768668217565748e+19,inf,5.769245084387504e+19,inf,inf,inf
443400,5.8266413838781874e+19,inf,5.827224048016575e+19,inf,inf,inf
443500,5.885197160922531e+19,inf,5.885785680638623e+19,inf,inf,inf
443600,5.944341403739752e+19,inf,5.944935837880126e+19,inf,inf,inf
443700,6.004080026212024e+19,inf,6.004680434214646e+19,inf,inf,inf
443800,6.0644190016540385e+19,inf,6.065025443554204e+19,inf,inf,inf
443900,6.1253643634102755e+19,inf,6.125976899846617e+19,inf,inf,inf
444000,6.186922205458289e+19,inf,6.187540897678834e+19,inf,inf,inf
444100,6.249098683018053e+19,inf,6.249723592886355e+19,inf,inf,inf
444200,6.311900013167419e+19,inf,6.312531203168736e+19,inf,inf,inf
444300,6.375332475463771e+19,inf,6.375970008711317e+19,inf,inf,inf
444400,6.439402412571915e+19,inf,6.440046352813172e+19,inf,inf,inf
444500,6.504116230898307e+19,inf,6.504766642521397e+19,inf,inf,inf
444600,6.569480401231624e+19,inf,6.570137349271747e+19,inf,inf,inf
444700,6.635501459389769e+19,inf,6.636165009535708e+19,inf,inf,inf
444800,6.702186006873424e+19,inf,6.702856225474111e+19,inf,inf,inf
444900,6.769540711526103e+19,inf,6.770217665597255e+19,inf,inf,inf
445000,6.837572308200906e+19,inf,6.838256065431726e+19,inf,inf,inf
445100,6.906287599433928e+19,inf,6.9069782281938715e+19,inf,inf,inf
445200,6.975693456124455e+19,inf,6.9763910254700675e+19,inf,inf,inf
445300,7.045796818221988e+19,inf,7.0465013979038106e+19,inf,inf,inf
445400,7.116604695420173e+19,inf,7.117316355889715e+19,inf,inf,inf
445500,7.188124167857719e+19,inf,7.1888429802745045e+19,inf,inf,inf
445600,7.260362386826323e+19,inf,7.261088423065005e+19,inf,inf,inf
445700,7.333326575485754e+19,inf,7.334059908143302e+19,inf,inf,inf
445800,7.40702402958609e+19,inf,7.407764731989048e+19,inf,inf,inf
445900,7.481462118197241e+19,inf,7.482210264409062e+19,inf,inf,inf
446000,7.556648284445771e+19,inf,7.557403949274215e+19,inf,inf,inf
446100,7.632590046259151e+19,inf,7.633353305263777e+19,inf,inf,inf
446200,7.709294997117503e+19,inf,7.710065926617214e+19,inf,inf,inf
446300,7.786770806812833e+19,inf,7.787549483893514e+19,inf,inf,inf
446400,7.865025222215965e+19,inf,7.865811724738186e+19,inf,inf,inf
446500,7.944066068051178e+19,inf,7.944860474657984e+19,inf,inf,inf
446600,8.023901247678575e+19,inf,8.024703637803344e+19,inf,inf,inf
446700,8.104538743884345e+19,inf,8.105349197758733e+19,inf,inf,inf
446800,8.185986619678994e+19,inf,8.18680521834096e+19,inf,inf,inf
446900,8.268253019103576e+19,inf,8.269079844405486e+19,inf,inf,inf
447000,8.351346168043959e+19,inf,8.352181302660763e+19,inf,inf,inf
447100,8.435274375053423e+19,inf,8.436117902490929e+19,inf,inf,inf
447200,8.520046032183407e+19,inf,8.520898036786625e+19,inf,inf,inf
447300,8.605669615822594e+19,inf,8.606530182784177e+19,inf,inf,inf
447400,8.692153687544535e+19,inf,8.69302290291329e+19,inf,inf,inf
447500,8.779506894963692e+19,inf,8.780384845653189e+19,inf,inf,inf
447600,8.86773797260016e+19,inf,8.86862474639742e+19,inf,inf,inf
447700,8.956855742752948e+19,inf,8.957751428327224e+19,inf,inf,inf
447800,9.046869116382244e+19,inf,9.047773803293883e+19,inf,inf,inf
447900,9.137787094000365e+19,inf,9.138700872709764e+19,inf,inf,inf
448000,9.229618766571705e+19,inf,9.230541728448363e+19,inf,inf,inf
448100,9.322373316421812e+19,inf,9.323305553753455e+19,inf,inf,inf
448200,9.416060018155494e+19,inf,9.417001624157309e+19,inf,inf,inf
448300,9.510688239584177e+19,inf,9.511639308408136e+19,inf,inf,inf
448400,9.606267442662682e+19,inf,9.607228069406948e+19,inf,inf,inf
448500,9.702807184435241e+19,inf,9.703777465153685e+19,inf,inf,inf
448600,9.800317117991146e+19,inf,9.801297149702945e+19,inf,inf,inf
448700,9.898806993429992e+19,inf,9.899796874129336e+19,inf,inf,inf
448800,9.998286658836557e+19,inf,9.99928648750244e+19,inf,inf,inf
448900,1.0098766061265566e+20,inf,1.0099775937871692e+20,inf,inf,inf
449000,1.0200255247736288e+20,inf,1.0201275273261061e+20,inf,inf,inf
449100,1.0302764366237118e+20,inf,1.0303794642673741e+20,inf,inf,inf
449200,1.0406303666740324e+20,inf,1.0407344297106997e+20,inf,inf,inf
449300,1.0510883502226919e+20,inf,1.0511934590577141e+20,inf,inf,inf
449400,1.0616514329721876e+20,inf,1.0617575981154848e+20,inf,inf,inf
449500,1.0723206711339744e+20,inf,1.0724279032010878e+20,inf,inf,inf
449600,1.083097131534077e+20,inf,1.0832054412472304e+20,inf,inf,inf
449700,1.093981891719758e+20,inf,1.09409128990893e+20,inf,inf,inf
449800,1.1049760400672657e+20,inf,1.1050865376712724e+20,inf,inf,inf
449900,1.116080675890665e+20,inf,1.1161922839582541e+20,inf,inf,inf
450000,1.1272969095517541e+20,inf,1.1274096392427092e+20,inf,inf,inf
450100,1.1386258625710922e+20,inf,1.1387397251573493e+20,inf,inf,inf
450200,1.1500686677401407e+20,inf,1.1501836746069146e+20,inf,inf,inf
450300,1.1616264692345327e+20,inf,1.1617426318814562e+20,inf,inf,inf
450400,1.1733004227284807e+20,inf,1.1734177527707535e+20,inf,inf,inf
450500,1.1850916955103293e+20,inf,1.1852102046798802e+20,inf,inf,inf
450600,1.197001466599281e+20,inf,1.197121166745941e+20,inf,inf,inf
450700,1.2090309268632797e+20,inf,1.209151829955966e+20,inf,inf,inf
450800,1.2211812791380918e+20,inf,1.2213033972660057e+20,inf,inf,inf
450900,1.233453738347575e+20,inf,1.2335770837214098e+20,inf,inf,inf
451000,1.245849531625162e+20,inf,1.2459741165783245e+20,inf,inf,inf
451100,1.258369898436561e+20,inf,1.2584957354264047e+20,inf,inf,inf
451200,1.271016090703694e+20,inf,1.2711431923127645e+20,inf,inf,inf
451300,1.283789372929874e+20,inf,1.283917751867167e+20,inf,inf,inf
451400,1.2966910223262446e+20,inf,1.2968206914284772e+20,inf,inf,inf
451500,1.3097223289394885e+20,inf,1.3098533011723824e+20,inf,inf,inf
451600,1.3228845957808243e+20,inf,1.3230168842404024e+20,inf,inf,inf
451700,1.3361791389562913e+20,inf,1.336312756870187e+20,inf,inf,inf
451800,1.3496072877983508e+20,inf,1.3497422485271306e+20,inf,inf,inf
451900,1.3631703849988063e+20,inf,1.3633067020373062e+20,inf,inf,inf
452000,1.3768697867430594e+20,inf,1.3770074737217338e+20,inf,inf,inf
452100,1.390706862845716e+20,inf,1.3908459335320006e+20,inf,inf,inf
452200,1.4046829968875589e+20,inf,1.4048234651872476e+20,inf,inf,inf
452300,1.4187995863538862e+20,inf,1.4189414663125215e+20,inf,inf,inf
452400,1.4330580427742549e+20,inf,1.4332013485785322e+20,inf,inf,inf
452500,1.4474597918636142e+20,inf,1.4476045378428006e+20,inf,inf,inf
452600,1.462006273664867e+20,inf,1.4621524742922335e+20,inf,inf,inf
452700,1.476698942692863e+20,inf,1.476846612587132e+20,inf,inf,inf
452800,1.491539268079832e+20,inf,1.4916884220066398e+20,inf,inf,inf
452900,1.506528733722288e+20,inf,1.5066793865956603e+20,inf,inf,inf
453000,1.521668838429404e+20,inf,1.5218210053132468e+20,inf,inf,inf
453100,1.536961096072877e+20,inf,1.5371147921824842e+20,inf,inf,inf
453200,1.552407035738306e+20,inf,1.5525622764418797e+20,inf,inf,inf
453300,1.568008201878078e+20,inf,1.5681650026982657e+20,inf,inf,inf
453400,1.583766154465809e+20,inf,1.5839245310812553e+20,inf,inf,inf
453500,1.5996824691523224e+20,inf,1.5998424373992374e+20,inf,inf,inf
453600,1.6157587374231994e+20,inf,1.615920313296942e+20,inf,inf,inf
453700,1.631996566757914e+20,inf,1.63215976641459e+20,inf,inf,inf
453800,1.6483975807905638e+20,inf,1.6485624205486427e+20,inf,inf,inf
453900,1.6649634194722216e+20,inf,1.6651299158141688e+20,inf,inf,inf
454000,1.681695739234915e+20,inf,1.6818639088088387e+20,inf,inf,inf
454100,1.6985962131572546e+20,inf,1.69876607277857e+20,inf,inf,inf
454200,1.715666531131722e+20,inf,1.7158380977848353e+20,inf,inf,inf
454300,1.7329084000336518e+20,inf,1.733081690873655e+20,inf,inf,inf
454400,1.7503235438918956e+20,inf,1.7504985762462846e+20,inf,inf,inf
454500,1.767913704061213e+20,inf,1.768090495431619e+20,inf,inf,inf
454600,1.7856806393963928e+20,inf,1.7858592074603325e+20,inf,inf,inf
454700,1.8036261264281167e+20,inf,1.8038064890407597e+20,inf,inf,inf
454800,1.821751959540602e+20,inf,1.821934134736556e+20,inf,inf,inf
454900,1.8400599511510178e+20,inf,1.8402439571461328e+20,inf,inf,inf
455000,1.8585519318907188e+20,inf,1.8587377870839077e+20,inf,inf,inf
455100,1.8772297507882808e+20,inf,1.8774174737633595e+20,inf,inf,inf
455200,1.8960952754543932e+20,inf,1.8962848849819386e+20,inf,inf,inf
455300,1.9151503922686083e+20,inf,1.9153419073078352e+20,inf,inf,inf
455400,1.9343970065679457e+20,inf,1.9345904462686024e+20,inf,inf,inf
455500,1.9538370428374227e+20,inf,1.9540324265417064e+20,inf,inf,inf
455600,1.9734724449024813e+20,inf,1.9736697921469714e+20,inf,inf,inf
455700,1.9933051761233524e+20,inf,1.9935045066409646e+20,inf,inf,inf
455800,2.0133372195913705e+20,inf,2.0135385533133295e+20,inf,inf,inf
455900,2.0335705783272728e+20,inf,2.0337739353851055e+20,inf,inf,inf
456000,2.0540072754814756e+20,inf,2.0542126762090237e+20,inf,inf,inf
456100,2.0746493545363728e+20,inf,2.0748568194718263e+20,inf,inf,inf
456200,2.0954988795106653e+20,inf,2.0957084293986163e+20,inf,inf,inf
456300,2.116557935165746e+20,inf,2.1167695909592626e+20,inf,inf,inf
456400,2.1378286272141564e+20,inf,2.138042410076878e+20,inf,inf,inf
456500,2.159313082530133e+20,inf,2.159529013838386e+20,inf,inf,inf
456600,2.1810134493622845e+20,inf,2.1812315507072208e+20,inf,inf,inf
456700,2.2029318975483917e+20,inf,2.2031521907381466e+20,inf,inf,inf
456800,2.22507061873237e+20,inf,2.2252931257942432e+20,inf,inf,inf
456900,2.2474318265834163e+20,inf,2.2476565697660748e+20,inf,inf,inf
457000,2.2700177570173528e+20,inf,2.2702447587930545e+20,inf,inf,inf
457100,2.2928306684202022e+20,inf,2.293059951487044e+20,inf,inf,inf
457200,2.315872841874005e+20,inf,2.3161044291581923e+20,inf,inf,inf
457300,2.339146581384907e+20,inf,2.3393804960430454e+20,inf,inf,inf
457400,2.3626542141135303e+20,inf,2.3628904795349418e+20,inf,inf,inf
457500,2.386398090607679e+20,inf,2.3866367304167398e+20,inf,inf,inf
457600,2.410380585037371e+20,inf,2.410621623095875e+20,inf,inf,inf
457700,2.4346040954322226e+20,inf,2.434847555841766e+20,inf,inf,inf
457800,2.4590710439212483e+20,inf,2.4593169510256404e+20,inf,inf,inf
457900,2.4837838769750317e+20,inf,2.4840322553627292e+20,inf,inf,inf
458000,2.5087450656503608e+20,inf,2.508995940156926e+20,inf,inf,inf
458100,2.5339571058373152e+20,inf,2.534210501547899e+20,inf,inf,inf
458200,2.5594225185088202e+20,inf,2.5596784607606712e+20,inf,inf,inf
458300,2.5851438499727314e+20,inf,2.5854023643577287e+20,inf,inf,inf
458400,2.6111236721264325e+20,inf,2.611384784493645e+20,inf,inf,inf
458500,2.6373645827140105e+20,inf,2.637628319172282e+20,inf,inf,inf
458600,2.663869205586004e+20,inf,2.6641355925065623e+20,inf,inf,inf
458700,2.6906401909617587e+20,inf,2.6909092549808547e+20,inf,inf,inf
458800,2.717680215694434e+20,inf,2.7179519837160033e+20,inf,inf,inf
458900,2.7449919835386567e+20,inf,2.7452664827370104e+20,inf,inf,inf
459000,2.7725782254208723e+20,inf,2.772855483243414e+20,inf,inf,inf
459100,2.8004416997124175e+20,inf,2.8007217438823888e+20,inf,inf,inf
459200,2.828585192505325e+20,inf,2.8288680510245755e+20,inf,inf,inf
459300,2.8570115178909145e+20,inf,2.8572972190427038e+20,inf,inf,inf
459400,2.8857235182411724e+20,inf,2.8860120905929966e+20,inf,inf,inf
459500,2.9147240644929595e+20,inf,2.915015536899409e+20,inf,inf,inf
459600,2.944016056435085e+20,inf,2.9443104580407286e+20,inf,inf,inf
459700,2.973602422998254e+20,inf,2.973899783240554e+20,inf,inf,inf
459800,3.003486122547943e+20,inf,3.003786471160198e+20,inf,inf,inf
459900,3.0336701431801885e+20,inf,3.0339735101945066e+20,inf,inf,inf
460000,3.064157503020397e+20,inf,3.064463918770699e+20,inf,inf,inf
460100,3.094951250525102e+20,inf,3.0952607456501544e+20,inf,inf,inf
460200,3.1260544647867983e+20,inf,3.126367070233277e+20,inf,inf,inf
460300,3.1574702558418285e+20,inf,3.1577860028674127e+20,inf,inf,inf
460400,3.1892017649813455e+20,inf,3.1895206851578436e+20,inf,inf,inf
460500,3.2212521650654065e+20,inf,3.221574290281913e+20,inf,inf,inf
460600,3.2536246608402547e+20,inf,3.2539500233063386e+20,inf,inf,inf
460700,3.286322489258748e+20,inf,3.286651121507674e+20,inf,inf,inf
460800,3.319348919804015e+20,inf,3.319680854695995e+20,inf,inf,inf
460900,3.3527072548163964e+20,inf,3.3530425255418783e+20,inf,inf,inf
461000,3.386400829823636e+20,inf,3.386739469906618e+20,inf,inf,inf
461100,3.420433013874396e+20,inf,3.420775057175783e+20,inf,inf,inf
461200,3.454807209875149e+20,inf,3.455152690596137e+20,inf,inf,inf
461300,3.489526854930425e+20,inf,3.489875807615918e+20,inf,inf,inf
461400,3.5245954206864907e+20,inf,3.524947880228559e+20,inf,inf,inf
461500,3.56001641367849e+20,inf,3.560372415319858e+20,inf,inf,inf
461600,3.595793375681046e+20,inf,3.596152955018614e+20,inf,inf,inf
461700,3.6319298840624405e+20,inf,3.632293077050847e+20,inf,inf,inf
461800,3.668429552142283e+20,inf,3.668796395097497e+20,inf,inf,inf
461900,3.7052960295528294e+20,inf,3.705666559155785e+20,inf,inf,inf
462000,3.742533002603908e+20,inf,3.742907255904169e+20,inf,inf,inf
462100,3.7801441946515105e+20,inf,3.7805222090709755e+20,inf,inf,inf
462200,3.8181333664701e+20,inf,3.8185151798067475e+20,inf,inf,inf
462300,3.8565043166286565e+20,inf,3.8568899670603196e+20,inf,inf,inf
462400,3.8952608818704876e+20,inf,3.895650407958675e+20,inf,inf,inf
462500,3.934406937496884e+20,inf,3.9348003781906334e+20,inf,inf,inf
462600,3.973946397754591e+20,inf,3.9743437923943665e+20,inf,inf,inf
462700,4.013883216227224e+20,inf,4.014284604548847e+20,inf,inf,inf
462800,4.0542213862305694e+20,inf,4.0546268083691926e+20,inf,inf,inf
462900,4.094964941211895e+20,inf,4.0953744377060164e+20,inf,inf,inf
463000,4.136117955153246e+20,inf,4.1365315669487616e+20,inf,inf,inf
463100,4.1776845429788135e+20,inf,4.1781023114331115e+20,inf,inf,inf
463200,4.2196688609663805e+20,inf,4.220090827852477e+20,inf,inf,inf
463300,4.262075107162922e+20,inf,4.262501314673638e+20,inf,inf,inf
463400,4.304907521804362e+20,inf,4.3053380125565426e+20,inf,inf,inf
463500,4.348170387739576e+20,inf,4.34860520477835e+20,inf,inf,inf
463600,4.391868030858604e+20,inf,4.39230721766169e+20,inf,inf,inf
463700,4.436004820525233e+20,inf,4.436448421007285e+20,inf,inf,inf
463800,4.480585170013879e+20,inf,4.4810332285308803e+20,inf,inf,inf
463900,4.525613536950865e+20,inf,4.52606609830456e+20,inf,inf,inf
464000,4.571094423760163e+20,inf,4.571551533202539e+20,inf,inf,inf
464100,4.617032378113579e+20,inf,4.6174940813513903e+20,inf,inf,inf
464200,4.663431993385486e+20,inf,4.663898336584825e+20,inf,inf,inf
464300,4.710297909112115e+20,inf,4.7107689389030264e+20,inf,inf,inf
464400,4.7576348114554696e+20,inf,4.758110574936615e+20,inf,inf,inf
464500,4.805447433671897e+20,inf,4.805927978415264e+20,inf,inf,inf
464600,4.853740556585373e+20,inf,4.854225930641031e+20,inf,inf,inf
464700,4.902519009065541e+20,inf,4.903009260966448e+20,inf,inf,inf
464800,4.9517876685105516e+20,inf,4.952282847277403e+20,inf,inf,inf
464900,5.0015514613347464e+20,inf,5.0020516164808796e+20,inf,inf,inf
465000,5.0518153634612865e+20,inf,5.052320544997632e+20,inf,inf,inf
465100,5.102584400819668e+20,inf,5.10309465925975e+20,inf,inf,inf
465200,5.153863649848283e+20,inf,5.1543790362132677e+20,inf,inf,inf
465300,5.205658238002008e+20,inf,5.206178803825808e+20,inf,inf,inf
465400,5.2579733442649214e+20,inf,5.258499141599348e+20,inf,inf,inf
465500,5.310814199668133e+20,inf,5.3113452810881e+20,inf,inf,inf
465600,5.3641860878128434e+20,inf,5.3647225064216245e+20,inf,inf,inf
465700,5.4180943453986685e+20,inf,5.4186361548332086e+20,inf,inf,inf
465800,5.472544362757242e+20,inf,5.473091617193518e+20,inf,inf,inf
465900,5.5275415843912267e+20,inf,5.5280943385496656e+20,inf,inf,inf
466000,5.5830915095186755e+20,inf,5.5836498186696275e+20,inf,inf,inf
466100,5.639199692622941e+20,inf,5.639763612592203e+20,inf,inf,inf
466200,5.695871744008045e+20,inf,5.696441331182446e+20,inf,inf,inf
466300,5.7531133303596823e+20,inf,5.753688641692718e+20,inf,inf,inf
466400,5.8109301753118156e+20,inf,5.811511268329347e+20,inf,inf,inf
466500,5.869328060018997e+20,inf,5.869914992824998e+20,inf,inf,inf
466600,5.928312823734423e+20,inf,5.928905655016796e+20,inf,inf,inf
466700,5.987890364393815e+20,inf,5.988489153430254e+20,inf,inf,inf
466800,6.048066639205155e+20,inf,6.048671445869076e+20,inf,inf,inf
466900,6.108847665244364e+20,inf,6.109458550010888e+20,inf,inf,inf
467000,6.170239520056927e+20,inf,6.170856544008932e+20,inf,inf,inf
467100,6.232248342265611e+20,inf,6.232871567099838e+20,inf,inf,inf
467200,6.294880332184264e+20,inf,6.295509820217482e+20,inf,inf,inf
467300,6.358141752437801e+20,inf,6.358777566613045e+20,inf,inf,inf
467400,6.422038928588399e+20,inf,6.422681132481257e+20,inf,inf,inf
467500,6.486578249768003e+20,inf,6.48722690759298e+20,inf,inf,inf
467600,6.551766169317166e+20,inf,6.552421345934098e+20,inf,inf,inf
467700,6.617609205430337e+20,inf,6.61827096635088e+20,inf,inf,inf
467800,6.684113941807618e+20,inf,6.684782353201799e+20,inf,inf,inf
467900,6.751287028313066e+20,inf,6.751962157015897e+20,inf,inf,inf
468000,6.819135181639628e+20,inf,6.819817095157792e+20,inf,inf,inf
468100,6.887665185980744e+20,inf,6.888353952499342e+20,inf,inf,inf
468200,6.956883893708705e+20,inf,6.957579582098076e+20,inf,inf,inf
468300,7.026798226059847e+20,inf,7.027500905882453e+20,inf,inf,inf
468400,7.097415173826561e+20,inf,7.098124915343943e+20,inf,inf,inf
468500,7.168741798056369e+20,inf,7.169458672236174e+20,inf,inf,inf
468600,7.240785230757902e+20,inf,7.241509309280978e+20,inf,inf,inf
468700,7.313552675614103e+20,inf,7.314284030881664e+20,inf,inf,inf
468800,7.387051408702468e+20,inf,7.387790113843338e+20,inf,inf,inf
468900,7.461288779222628e+20,inf,7.462034908100551e+20,inf,inf,inf
469000,7.536272210231171e+20,inf,7.537025837452194e+20,inf,inf,inf
469100,7.612009199383924e+20,inf,7.612770400303862e+20,inf,inf,inf
469200,7.688507319685589e+20,inf,7.689276170417558e+20,inf,inf,inf
469300,7.76577422024703e+20,inf,7.766550797669055e+20,inf,inf,inf
469400,7.843817627050076e+20,inf,7.84460200881278e+20,inf,inf,inf
469500,7.922645343720066e+20,inf,7.923437608254438e+20,inf,inf,inf
469600,8.002265252306147e+20,inf,8.003065478831377e+20,inf,inf,inf
469700,8.082685314069377e+20,inf,8.083493582600784e+20,inf,inf,inf
469800,8.163913570278824e+20,inf,8.164729961635852e+20,inf,inf,inf
469900,8.245958143015564e+20,inf,8.246782738829865e+20,inf,inf,inf
470000,8.328827235984862e+20,inf,8.32966011870846e+20,inf,inf,inf
470100,8.41252913533645e+20,inf,8.413370388249983e+20,inf,inf,inf
470200,8.497072210493048e+20,inf,8.497921917714098e+20,inf,inf,inf
470300,8.582464914987262e+20,inf,8.58332316147876e+20,inf,inf,inf
470400,8.66871578730684e+20,inf,8.66958265888557e+20,inf,inf,inf
470500,8.755833451748452e+20,inf,8.756709035093627e+20,inf,inf,inf
470600,8.843826619280016e+20,inf,8.844711001941945e+20,inf,inf,inf
470700,8.932704088411762e+20,inf,8.933597358820603e+20,inf,inf,inf
470800,9.02247474607595e+20,inf,9.023376993550558e+20,inf,inf,inf
470900,9.113147568515516e+20,inf,9.114058883272367e+20,inf,inf,inf
471000,9.204731622181612e+20,inf,9.20565209534383e+20,inf,inf,inf
471100,9.297236064640145e+20,inf,9.298165788246608e+20,inf,inf,inf
471200,9.390670145487465e+20,inf,9.391609212502013e+20,inf,inf,inf
471300,9.485043207275268e+20,inf,9.485991711595995e+20,inf,inf,inf
471400,9.58036468644471e+20,inf,9.581322722913354e+20,inf,inf,inf
471500,9.676644114269996e+20,inf,9.677611778681424e+20,inf,inf,inf
471600,9.773891117811418e+20,inf,9.7748685069232e+20,inf,inf,inf
471700,9.872115420877972e+20,inf,9.87310263242006e+20,inf,inf,inf
471800,9.971326844999661e+20,inf,9.97232397768416e+20,inf,inf,inf
471900,1.0071535310409522e+21,inf,1.0072542463940563e+21,inf,inf,inf
472000,1.0172750837035595e+21,inf,1.0173768112119298e+21,inf,inf,inf
472100,1.0274983545502816e+21,inf,1.0276011043857366e+21,inf,inf,inf
472200,1.0378243658144975e+21,inf,1.037928148251079e+21,inf,inf,inf
472300,1.0482541500026859e+21,inf,1.0483589754176862e+21,inf,inf,inf
472400,1.0587887499976671e+21,inf,1.0588946288726669e+21,inf,inf,inf
472500,1.0694292191628814e+21,inf,1.0695361620847977e+21,inf,inf,inf
472600,1.0801766214477157e+21,inf,1.0802846391098606e+21,inf,inf,inf
472700,1.091032031493889e+21,inf,1.0911411346970385e+21,inf,inf,inf
472800,1.1019965347429063e+21,inf,1.1021067343963805e+21,inf,inf,inf
472900,1.113071227544592e+21,inf,1.1131825346673465e+21,inf,inf,inf
473000,1.1242572172667173e+21,inf,1.1243696429884439e+21,inf,inf,inf
473100,1.1355556224057243e+21,inf,1.1356691779679648e+21,inf,inf,inf
473200,1.1469675726985666e+21,inf,1.1470822694558365e+21,inf,inf,inf
473300,1.1584942092356725e+21,inf,1.1586100586565961e+21,inf,inf,inf
473400,1.1701366845750437e+21,inf,1.1702536982435012e+21,inf,inf,inf
473500,1.1818961628575005e+21,inf,1.1820143524737862e+21,inf,inf,inf
473600,1.1937738199230836e+21,inf,1.1938931973050757e+21,inf,inf,inf
473700,1.205770843428632e+21,inf,1.2058914205129748e+21,inf,inf,inf
473800,1.217888432966532e+21,inf,1.2180102218098286e+21,inf,inf,inf
473900,1.2301278001846658e+21,inf,1.2302508129646842e+21,inf,inf,inf
474000,1.2424901689075743e+21,inf,1.242614417924465e+21,inf,inf,inf
474100,1.2549767752588145e+21,inf,1.2551022729363404e+21,inf,inf,inf
474200,1.2675888677845732e+21,inf,1.2677156266713515e+21,inf,inf,inf
474300,1.2803277075784993e+21,inf,1.280455740349257e+21,inf,inf,inf
474400,1.2931945684078082e+21,inf,1.293323887864649e+21,inf,inf,inf
474500,1.3061907368406478e+21,inf,1.3063213559143318e+21,inf,inf,inf
474600,1.3193175123747395e+21,inf,1.319449444125977e+21,inf,inf,inf
474700,1.332576207567319e+21,inf,1.3327094651880756e+21,inf,inf,inf
474800,1.3459681481663764e+21,inf,1.346102744981193e+21,inf,inf,inf
474900,1.3594946732432218e+21,inf,1.359630622710546e+21,inf,inf,inf
475000,1.37315713532638e+21,inf,1.3732944510399126e+21,inf,inf,inf
475100,1.3869569005368312e+21,inf,1.387095596226885e+21,inf,inf,inf
475200,1.4008953487246077e+21,inf,1.4010354382594803e+21,inf,inf,inf
475300,1.4149738736067708e+21,inf,1.4151153709941315e+21,inf,inf,inf
475400,1.4291938829067658e+21,inf,1.4293368022950564e+21,inf,inf,inf
475500,1.4435567984951839e+21,inf,1.4437011541750333e+21,inf,inf,inf
475600,1.458064056531933e+21,inf,1.4582098629375862e+21,inf,inf,inf
475700,1.4727171076098472e+21,inf,1.4728643793206082e+21,inf,inf,inf
475800,1.4875174168997231e+21,inf,1.4876661686414132e+21,inf,inf,inf
475900,1.5024664642968329e+21,inf,1.5026167109432626e+21,inf,inf,inf
476000,1.517565744568892e+21,inf,1.517717501143349e+21,inf,inf,inf
476100,1.5328167675055317e+21,inf,1.5329700491822823e+21,inf,inf,inf
476200,1.5482210580692562e+21,inf,1.5483758801750631e+21,inf,inf,inf
476300,1.5637801565479276e+21,inf,1.5639365345635824e+21,inf,inf,inf
476400,1.5794956187087788e+21,inf,1.5796535682706495e+21,inf,inf,inf
476500,1.5953690159539786e+21,inf,1.595528552855574e+21,inf,inf,inf
476600,1.6114019354777598e+21,inf,1.6115630756713076e+21,inf,inf,inf
476700,1.6275959804251176e+21,inf,1.62775874002316e+21,inf,inf,inf
476800,1.6439527700521125e+21,inf,1.6441171653291176e+21,inf,inf,inf
476900,1.660473939887782e+21,inf,1.6606399872817708e+21,inf,inf,inf
477000,1.6771611418976786e+21,inf,1.6773288580118683e+21,inf,inf,inf
477100,1.6940160446490518e+21,inf,1.6941854462535168e+21,inf,inf,inf
477200,1.7110403334776837e+21,inf,1.7112114375110314e+21,inf,inf,inf
477300,1.7282357106564158e+21,inf,1.7284085342274815e+21,inf,inf,inf
477400,1.7456038955653535e+21,inf,1.74577845595491e+21,inf,inf,inf
477500,1.7631466248637925e+21,inf,1.7633229395262788e+21,inf,inf,inf
477600,1.7808656526638674e+21,inf,1.7810437392291337e+21,inf,inf,inf
477700,1.7987627507059463e+21,inf,1.798942626981017e+21,inf,inf,inf
477800,1.8168397085357923e+21,inf,1.817021392506646e+21,inf,inf,inf
477900,1.835098333683495e+21,inf,1.8352818435168632e+21,inf,inf,inf
478000,1.853540451844213e+21,inf,1.8537258058893972e+21,inf,inf,inf
478100,1.8721679070607222e+21,inf,1.872355123851428e+21,inf,inf,inf
478200,1.8909825619078081e+21,inf,1.8911716601639988e+21,inf,inf,inf
478300,1.9099862976785002e+21,inf,1.910177296308268e+21,inf,inf,inf
478400,1.9291810145721901e+21,inf,1.9293739326736472e+21,inf,inf,inf
478500,1.9485686318846318e+21,inf,1.9487634887478202e+21,inf,inf,inf
478600,1.9681510881998492e+21,inf,1.968347903308669e+21,inf,inf,inf
478700,1.987930341583981e+21,inf,1.9881291346181394e+21,inf,inf,inf
478800,2.0079083697810747e+21,inf,2.0081091606180528e+21,inf,inf,inf
478900,2.028087170410832e+21,inf,2.028289979127873e+21,inf,inf,inf
479000,2.0484687611683558e+21,inf,2.0486736080444727e+21,inf,inf,inf
479100,2.0690551800259082e+21,inf,2.0692620855439107e+21,inf,inf,inf
479200,2.0898484854366837e+21,inf,2.0900574702852272e+21,inf,inf,inf
479300,2.110850756540631e+21,inf,2.1110618416162852e+21,inf,inf,inf
479400,2.132064093372356e+21,inf,2.132277299781693e+21,inf,inf,inf
479500,2.153490617071101e+21,inf,2.153705966132808e+21,inf,inf,inf
479600,2.1751324700928437e+21,inf,2.1753499833398529e+21,inf,inf,inf
479700,2.1969918164245186e+21,inf,2.197211515606161e+21,inf,inf,inf
479800,2.219070841800396e+21,inf,2.219292748884576e+21,inf,inf,inf
479900,2.2413717539206416e+21,inf,2.2415958910960337e+21,inf,inf,inf
480000,2.263896782672059e+21,inf,2.2641231723503262e+21,inf,inf,inf
480100,2.2866481803510607e+21,inf,2.2868768451690957e+21,inf,inf,inf
480200,2.309628221888877e+21,inf,2.309859184711066e+21,inf,inf,inf
480300,2.3328392050790278e+21,inf,2.3330724889995358e+21,inf,inf,inf
480400,2.3562834508070846e+21,inf,2.3565190791521653e+21,inf,inf,inf
480500,2.3799633032827303e+21,inf,2.3802012996130586e+21,inf,inf,inf
480600,2.4038811302741646e+21,inf,2.404121518387192e+21,inf,inf,inf
480700,2.428039323344855e+21,inf,2.42828212727719e+21,inf,inf,inf
480800,2.452440298092683e+21,inf,2.4526855421224923e+21,inf,inf,inf
480900,2.4770864943914654e+21,inf,2.477334203040905e+21,inf,inf,inf
481000,2.5019803766349255e+21,inf,2.502230574672589e+21,inf,inf,inf
481100,2.52712443398311e+21,inf,2.527377146426508e+21,inf,inf,inf
481200,2.5525211806112893e+21,inf,2.55277643272935e+21,inf,inf,inf
481300,2.5781731559613404e+21,inf,2.5784309732769367e+21,inf,inf,inf
481400,2.6040829249956736e+21,inf,2.604343333288173e+21,inf,inf,inf
481500,2.630253078453705e+21,inf,2.6305161037615506e+21,inf,inf,inf
481600,2.6566862331109116e+21,inf,2.656951901734223e+21,inf,inf,inf
481700,2.6833850320404716e+21,inf,2.6836533705436755e+21,inf,inf,inf
481800,2.7103521448775595e+21,inf,2.710623180092047e+21,inf,inf,inf
481900,2.73759026808628e+21,inf,2.7378640271130886e+21,inf,inf,inf
482000,2.765102125229293e+21,inf,2.7653786354418157e+21,inf,inf,inf
482100,2.79289046724014e+21,inf,2.7931697562868635e+21,inf,inf,inf
482200,2.8209580726983176e+21,inf,2.8212401685055873e+21,inf,inf,inf
482300,2.849307748107104e+21,inf,2.8495926788819145e+21,inf,inf,inf
482400,2.877942328174193e+21,inf,2.8782301224070105e+21,inf,inf,inf
482500,2.9068646760951285e+21,inf,2.907155362562738e+21,inf,inf,inf
482600,2.9360776838396007e+21,inf,2.9363712916079845e+21,inf,inf,inf
482700,2.965584272440621e+21,inf,2.965880830867865e+21,inf,inf,inf
482800,2.9953873922865963e+21,inf,2.995686931025825e+21,inf,inf,inf
482900,3.025490023416337e+21,inf,3.0257925724186786e+21,inf,inf,inf
483000,3.0558951758170355e+21,inf,3.056200765334617e+21,inf,inf,inf
483100,3.086605889725243e+21,inf,3.0869145503142154e+21,inf,inf,inf
483200,3.117625235930858e+21,inf,3.117936998454451e+21,inf,inf,inf
483300,3.1489563160841825e+21,inf,3.149271211715791e+21,inf,inf,inf
483400,3.180602263006055e+21,inf,3.1809203232323556e+21,inf,inf,inf
483500,3.212566241001101e+21,inf,3.212887497625201e+21,inf,inf,inf
483600,3.244851446174139e+21,inf,3.245175931318756e+21,inf,inf,inf
483700,3.2774611067497664e+21,inf,3.277788852860441e+21,inf,inf,inf
483800,3.310398483395141e+21,inf,3.310729523243481e+21,inf,inf,inf
483900,3.343666869546031e+21,inf,3.3440012362329856e+21,inf,inf,inf
484000,3.3772695917361134e+21,inf,3.377607318695287e+21,inf,inf,inf
484100,3.4112100099296047e+21,inf,3.4115511309305973e+21,inf,inf,inf
484200,3.445491517857233e+21,inf,3.4458360670090187e+21,inf,inf,inf
484300,3.480117543355567e+21,inf,3.480465555109903e+21,inf,inf,inf
484400,3.5150915487097794e+21,inf,3.51544305786465e+21,inf,inf,inf
484500,3.5504170309998346e+21,inf,3.5507720727029345e+21,inf,inf,inf
484600,3.586097522450173e+21,inf,3.586456132202418e+21,inf,inf,inf
484700,3.622136590782896e+21,inf,3.622498804441974e+21,inf,inf,inf
484800,3.6585378395745047e+21,inf,3.658903693358462e+21,inf,inf,inf
484900,3.6953049086162266e+21,inf,3.695674439107088e+21,inf,inf,inf
485000,3.7324414742779637e+21,inf,3.7328147184253917e+21,inf,inf,inf
485100,3.7699512498758893e+21,inf,3.770328245000877e+21,inf,inf,inf
485200,3.807837986043754e+21,inf,3.8082187698423585e+21,inf,inf,inf
485300,3.846105471107908e+21,inf,3.846490081655019e+21,inf,inf,inf
485400,3.8847575314661025e+21,inf,3.885146007219249e+21,inf,inf,inf
485500,3.9237980319700914e+21,inf,3.9241904117732884e+21,inf,inf,inf
485600,3.9632308763120805e+21,inf,3.9636271993997115e+21,inf,inf,inf
485700,4.0030600074150674e+21,inf,4.003460313415809e+21,inf,inf,inf
485800,4.0432894078270943e+21,inf,4.043693736767877e+21,inf,inf,inf
485900,4.0839231001194576e+21,inf,4.0843314924294693e+21,inf,inf,inf
486000,4.124965147288948e+21,inf,4.125377643803677e+21,inf,inf,inf
486100,4.16641965316409e+21,inf,4.1668362951294064e+21,inf,inf,inf
486200,4.2082907628155054e+21,inf,4.208711591891787e+21,inf,inf,inf
486300,4.250582662970373e+21,inf,4.2510077212366697e+21,inf,inf,inf
486400,4.2932995824310603e+21,inf,4.293728912389303e+21,inf,inf,inf
486500,4.3364457924979757e+21,inf,4.3368794370772257e+21,inf,inf,inf
486600,4.3800256073966546e+21,inf,4.380463609957394e+21,inf,inf,inf
486700,4.4240433847091326e+21,inf,4.4244857890476036e+21,inf,inf,inf
486800,4.468503525809681e+21,inf,4.468950376162262e+21,inf,inf,inf
486900,4.5134104763048903e+21,inf,4.5138618173525207e+21,inf,inf,inf
487000,4.558768726478199e+21,inf,4.559224603350847e+21,inf,inf,inf
487100,4.604582811738877e+21,inf,4.6050432700200507e+21,inf,inf,inf
487200,4.6508573130755125e+21,inf,4.65132239880682e+21,inf,inf,inf
487300,4.6975968575141005e+21,inf,4.6980666171998517e+21,inf,inf,inf
487400,4.74480611858067e+21,inf,4.745280599192528e+21,inf,inf,inf
487500,4.792489816768617e+21,inf,4.792969065750294e+21,inf,inf,inf
487600,4.840652720010684e+21,inf,4.841136785282686e+21,inf,inf,inf
487700,4.889299644155749e+21,inf,4.889788574120165e+21,inf,inf,inf
487800,4.93843545345033e+21,inf,4.938929296995676e+21,inf,inf,inf
487900,4.988065061024982e+21,inf,4.988563867531084e+21,inf,inf,inf
488000,5.03819342938556e+21,inf,5.038697248728498e+21,inf,inf,inf
488100,5.088825570909435e+21,inf,5.089334453466526e+21,inf,inf,inf
488200,5.139966548346659e+21,inf,5.140480545001493e+21,inf,inf,inf
488300,5.191621475326224e+21,inf,5.192140637473757e+21,inf,inf,inf
488400,5.243795516867368e+21,inf,5.244319896419055e+21,inf,inf,inf
488500,5.296493889896017e+21,inf,5.297023539285007e+21,inf,inf,inf
488600,5.349721863766454e+21,inf,5.350256835952831e+21,inf,inf,inf
488700,5.403484760788172e+21,inf,5.404025109264251e+21,inf,inf,inf
488800,5.457787956758093e+21,inf,5.458333735553768e+21,inf,inf,inf
488900,5.512636881498076e+21,inf,5.513188145186226e+21,inf,inf,inf
489000,5.568037019397853e+21,inf,5.568593823099793e+21,inf,inf,inf
489100,5.62399390996342e+21,inf,5.624556309354417e+21,inf,inf,inf
489200,5.680513148370938e+21,inf,5.681081199685775e+21,inf,inf,inf
489300,5.7376003860262e+21,inf,5.738174146064803e+21,inf,inf,inf
489400,5.795261331129717e+21,inf,5.79584085726283e+21,inf,inf,inf
489500,5.85350174924748e+21,inf,5.854087099422405e+21,inf,inf,inf
489600,5.912327463887477e+21,inf,5.912918696633865e+21,inf,inf,inf
489700,5.971744357081975e+21,inf,5.972341531517682e+21,inf,inf,inf
489800,6.031758369975683e+21,inf,6.03236154581268e+21,inf,inf,inf
489900,6.092375503419809e+21,inf,6.092984740970151e+21,inf,inf,inf
490000,6.15360181857209e+21,inf,6.154217178753947e+21,inf,inf,inf
490100,6.215443437502841e+21,inf,6.216064981846592e+21,inf,inf,inf
490200,6.277906543807127e+21,inf,6.278534334461508e+21,inf,inf,inf
490300,6.340997383223039e+21,inf,6.341631482961362e+21,inf,inf,inf
490400,6.404722264256243e+21,inf,6.405362736482669e+21,inf,inf,inf
490500,6.469087558810734e+21,inf,6.469734467566615e+21,inf,inf,inf
490600,6.534099702826001e+21,inf,6.534753112796284e+21,inf,inf,inf
490700,6.59976519692056e+21,inf,6.600425173440252e+21,inf,inf,inf
490800,6.66609060704193e+21,inf,6.666757216102634e+21,inf,inf,inf
490900,6.733082565123197e+21,inf,6.733755873379709e+21,inf,inf,inf
491000,6.800747769746117e+21,inf,6.801427844523091e+21,inf,inf,inf
491100,6.869092986810945e+21,inf,6.869779896109626e+21,inf,inf,inf
491200,6.938125050212935e+21,inf,6.938818862717956e+21,inf,inf,inf
491300,7.007850862525686e+21,inf,7.008551647611939e+21,inf,inf,inf
491400,7.078277395691336e+21,inf,7.078985223430905e+21,inf,inf,inf
491500,7.149411691717674e+21,inf,7.150126632886845e+21,inf,inf,inf
491600,7.221260863382293e+21,inf,7.221982989468632e+21,inf,inf,inf
491700,7.293832094943791e+21,inf,7.294561478153285e+21,inf,inf,inf
491800,7.367132642860145e+21,inf,7.367869356124431e+21,inf,inf,inf
491900,7.441169836514281e+21,inf,7.441913953497932e+21,inf,inf,inf
492000,7.51595107894695e+21,inf,7.516702674054845e+21,inf,inf,inf
492100,7.591483847596945e+21,inf,7.592242995981705e+21,inf,inf,inf
492200,7.667775695048817e+21,inf,7.668542472618322e+21,inf,inf,inf
492300,7.744834249788022e+21,inf,7.745608733213001e+21,inf,inf,inf
492400,7.82266721696372e+21,inf,7.823449483685416e+21,inf,inf,inf
492500,7.901282379159222e+21,inf,7.902072507397139e+21,inf,inf,inf
492600,7.980687597170161e+21,inf,7.981485665929878e+21,inf,inf,inf
492700,8.060890810790525e+21,inf,8.061696899871604e+21,inf,inf,inf
492800,8.141900039606536e+21,inf,8.142714229610497e+21,inf,inf,inf
492900,8.223723383798551e+21,inf,8.224545756136931e+21,inf,inf,inf
493000,8.306369024951003e+21,inf,8.307199661853498e+21,inf,inf,inf
493100,8.389845226870485e+21,inf,8.390684211393172e+21,inf,inf,inf
493200,8.474160336412057e+21,inf,8.475007752445698e+21,inf,inf,inf
493300,8.55932278431384e+21,inf,8.560178716592272e+21,inf,inf,inf
493400,8.645341086040041e+21,inf,8.646205620148645e+21,inf,inf,inf
493500,8.732223842632397e+21,inf,8.733097065016661e+21,inf,inf,inf
493600,8.819979741570209e+21,inf,8.820861739544367e+21,inf,inf,inf
493700,8.908617557638998e+21,inf,8.909508419394762e+21,inf,inf,inf
493800,8.998146153807927e+21,inf,8.999045968423308e+21,inf,inf,inf
493900,9.088574482115995e+21,inf,9.089483339564207e+21,inf,inf,inf
494000,9.179911584567186e+21,inf,9.180829575725642e+21,inf,inf,inf
494100,9.272166594034564e+21,inf,9.273093810693967e+21,inf,inf,inf
494200,9.365348735173459e+21,inf,9.366285270046977e+21,inf,inf,inf
494300,9.459467325343896e+21,inf,9.46041327207643e+21,inf,inf,inf
494400,9.554531775542181e+21,inf,9.555487228719736e+21,inf,inf,inf
494500,9.650551591342032e+21,inf,9.651516646501166e+21,inf,inf,inf
494600,9.747536373844883e+21,inf,9.748511127482269e+21,inf,inf,inf
494700,9.84549582064003e+21,inf,9.846480370222093e+21,inf,inf,inf
494800,9.944439726774273e+21,inf,9.94543417074695e+21,inf,inf,inf
494900,1.0044377985731315e+22,inf,1.0045382423529887e+22,inf,inf,inf
495000,1.0145320590421027e+22,inf,1.014633512248007e+22,inf,inf,inf
495100,1.024727763417865e+22,inf,1.0248302361942067e+22,inf,inf,inf
495200,1.0350259311774022e+22,inf,1.03512943377052e+22,inf,inf,inf
495300,1.0454275920430983e+22,inf,1.0455321348023026e+22,inf,inf,inf
495400,1.0559337860857007e+22,inf,1.0560393794643093e+22,inf,inf,inf
495500,1.0665455638283135e+22,inf,1.0666522183846964e+22,inf,inf,inf
495600,1.0772639863514438e+22,inf,1.0773717127500789e+22,inf,inf,inf
495700,1.0880901253991007e+22,inf,1.0881989344116406e+22,inf,inf,inf
495800,1.0990250634859556e+22,inf,1.0991349659923043e+22,inf,inf,inf
495900,1.1100698940055908e+22,inf,1.1101809009949913e+22,inf,inf,inf
496000,1.12122572133982e+22,inf,1.121337843911954e+22,inf,inf,inf
496100,1.1324936609691253e+22,inf,1.1326069103352223e+22,inf,inf,inf
496200,1.143874839584188e+22,inf,1.1439892270681464e+22,inf,inf,inf
496300,1.1553703951985512e+22,inf,1.155485932238071e+22,inf,inf,inf
496400,1.1669814772624085e+22,inf,1.1670981754101346e+22,inf,inf,inf
496500,1.1787092467775401e+22,inf,1.1788271177022178e+22,inf,inf,inf
496600,1.1905548764134026e+22,inf,1.190673931901044e+22,inf,inf,inf
496700,1.2025195506243828e+22,inf,1.2026398025794451e+22,inf,inf,inf
496800,1.2146044657682337e+22,inf,1.2147259262148106e+22,inf,inf,inf
496900,1.226810830225702e+22,inf,1.2269335113087247e+22,inf,inf,inf
497000,1.2391398645213497e+22,inf,1.239263778507802e+22,inf,inf,inf
497100,1.251592801445603e+22,inf,1.2517179607257476e+22,inf,inf,inf
497200,1.2641708861780067e+22,inf,1.2642973032666244e+22,inf,inf,inf
497300,1.2768753764117464e+22,inf,1.2770030639493876e+22,inf,inf,inf
497400,1.2897075424793983e+22,inf,1.2898365132336462e+22,inf,inf,inf
497500,1.3026686674799497e+22,inf,1.3027989343466976e+22,inf,inf,inf
497600,1.3157600474070985e+22,inf,1.3158916234118393e+22,inf,inf,inf
497700,1.3289829912788458e+22,inf,1.3291158895779738e+22,inf,inf,inf
497800,1.3423388212683776e+22,inf,1.3424730551505044e+22,inf,inf,inf
497900,1.355828872836274e+22,inf,1.3559644557235576e+22,inf,inf,inf
498000,1.3694544948640426e+22,inf,1.3695914403135289e+22,inf,inf,inf
498100,1.3832170497889939e+22,inf,1.3833553714939727e+22,inf,inf,inf
498200,1.397117913740477e+22,inf,1.3972576255318512e+22,inf,inf,inf
498300,1.411158476677472e+22,inf,1.4112995925251397e+22,inf,inf,inf
498400,1.4253401425275777e+22,inf,1.4254826765418305e+22,inf,inf,inf
498500,1.4396643293273912e+22,inf,1.439808295760324e+22,inf,inf,inf
498600,1.4541324693642978e+22,inf,1.4542778826112341e+22,inf,inf,inf
498700,1.4687460093196872e+22,inf,1.4688928839206191e+22,inf,inf,inf
498800,1.4835064104136089e+22,inf,1.4836547610546503e+22,inf,inf,inf
498900,1.4984151485508795e+22,inf,1.4985649900657345e+22,inf,inf,inf
499000,1.5134737144686624e+22,inf,1.5136250618401092e+22,inf,inf,inf
499100,1.5286836138855203e+22,inf,1.5288364822469089e+22,inf,inf,inf
499200,1.5440463676519853e+22,inf,1.5442007722887504e+22,inf,inf,inf
499300,1.5595635119026185e+22,inf,1.5597194682538087e+22,inf,inf,inf
499400,1.575236598209618e+22,inf,1.575394121869439e+22,inf,inf,inf
499500,1.5910671937379552e+22,inf,1.591226300457329e+22,inf,inf,inf
499600,1.607056881402081e+22,inf,1.6072175870902211e+22,inf,inf,inf
499700,1.6232072600242016e+22,inf,1.6233695807502041e+22,inf,inf,inf
499800,1.639519944494148e+22,inf,1.6396838964885975e+22,inf,inf,inf
499900,1.655996565930844e+22,inf,1.6561621655874372e+22,inf,inf,inf
500000,1.6726387718454105e+22,inf,1.672806035722595e+22,inf,inf,inf
500100,1.6894482263058988e+22,inf,1.6896171711285294e+22,inf,inf,inf
500200,1.7064266101036811e+22,inf,1.7065972527646915e+22,inf,inf,inf
500300,1.7235756209215145e+22,inf,1.7237479784836065e+22,inf,inf,inf
500400,1.7408969735032927e+22,inf,1.741071063200643e+22,inf,inf,inf
500500,1.7583923998255118e+22,inf,1.7585682390654944e+22,inf,inf,inf
500600,1.7760636492704391e+22,inf,1.7762412556353662e+22,inf,inf,inf
500700,1.793912488801047e+22,inf,1.7940918800499272e+22,inf,inf,inf
500800,1.8119407031376876e+22,inf,1.8121218972080014e+22,inf,inf,inf
500900,1.8301500949365487e+22,inf,1.8303331099460424e+22,inf,inf,inf
501000,1.8485424849699052e+22,inf,1.8487273392184022e+22,inf,inf,inf
501100,1.8671197123081776e+22,inf,1.8673064242794084e+22,inf,inf,inf
501200,1.8858836345038217e+22,inf,1.886072222867272e+22,inf,inf,inf
501300,1.9048361277770693e+22,inf,1.905026611389847e+22,inf,inf,inf
501400,1.9239790872035307e+22,inf,1.924171485112251e+22,inf,inf,inf
501500,1.943314426903685e+22,inf,1.9435087583463753e+22,inf,inf,inf
501600,1.9628440802342742e+22,inf,1.9630403646422975e+22,inf,inf,inf
501700,1.9825699999816316e+22,inf,1.9827682569816298e+22,inf,inf,inf
501800,2.0024941585569197e+22,inf,2.0026944079727753e+22,inf,inf,inf
501900,2.0226185481933734e+22,inf,2.022820810048193e+22,inf,inf,inf
502000,2.0429451811454986e+22,inf,2.043149475663613e+22,inf,inf,inf
502100,2.063476089890278e+22,inf,2.063682437499267e+22,inf,inf,inf
502200,2.084213327330401e+22,inf,2.0844217486631342e+22,inf,inf,inf
502300,2.1051589669995395e+22,inf,2.1053694828962394e+22,inf,inf,inf
502400,2.126315103269672e+22,inf,2.126527734779999e+22,inf,inf,inf
502500,2.147683851560509e+22,inf,2.1478986199456647e+22,inf,inf,inf
502600,2.1692673485510183e+22,inf,2.1694842752858734e+22,inf,inf,inf
502700,2.191067752393065e+22,inf,2.1912868591683043e+22,inf,inf,inf
502800,2.21308724292721e+22,inf,2.2133085516515026e+22,inf,inf,inf
502900,2.2353280219006812e+22,inf,2.235551554702871e+22,inf,inf,inf
503000,2.2577923131875187e+22,inf,2.2580180924188376e+22,inf,inf,inf
503100,2.2804823630109448e+22,inf,2.2807104112472457e+22,inf,inf,inf
503200,2.3034004401679665e+22,inf,2.3036307802119834e+22,inf,inf,inf
503300,2.326548836256237e+22,inf,2.3267814911398627e+22,inf,inf,inf
503400,2.3499298659031855e+22,inf,2.350164858889776e+22,inf,inf,inf
503500,2.3735458669974677e+22,inf,2.3737832215841675e+22,inf,inf,inf
503600,2.3973992009227324e+22,inf,2.3976389408428246e+22,inf,inf,inf
503700,2.421492252793737e+22,inf,2.4217344020190163e+22,inf,inf,inf
503800,2.4458274316948313e+22,inf,2.4460720144380007e+22,inf,inf,inf
503900,2.4704071709208487e+22,inf,2.4706542116379407e+22,inf,inf,inf
504000,2.49523392822042e+22,inf,2.4954834516132418e+22,inf,inf,inf
504100,2.520310186041712e+22,inf,2.520562217060316e+22,inf,inf,inf
504200,2.545638451780664e+22,inf,2.545893015625842e+22,inf,inf,inf
504300,2.5712212580316916e+22,inf,2.571478380157495e+22,inf,inf,inf
504400,2.5970611628409298e+22,inf,2.5973208689572137e+22,inf,inf,inf
504500,2.623160749962013e+22,inf,2.623423066037009e+22,inf,inf,inf
504600,2.649522629114425e+22,inf,2.6497875813773366e+22,inf,inf,inf
504700,2.676149436244452e+22,inf,2.6764170511880766e+22,inf,inf,inf
504800,2.703043833788749e+22,inf,2.7033141381721278e+22,inf,inf,inf
504900,2.730208510940556e+22,inf,2.73048153179165e+22,inf,inf,inf
505000,2.757646183918602e+22,inf,2.757921948536994e+22,inf,inf,inf
505100,2.7853595962386925e+22,inf,2.7856381321983163e+22,inf,inf,inf
505200,2.813351518988039e+22,inf,2.8136328541399377e+22,inf,inf,inf
505300,2.841624751102347e+22,inf,2.8419089135774575e+22,inf,inf,inf
505400,2.8701821196456784e+22,inf,2.870469137857643e+22,inf,inf,inf
505500,2.89902648009313e+22,inf,2.8993163827411394e+22,inf,inf,inf
505600,2.928160716616365e+22,inf,2.928453532688027e+22,inf,inf,inf
505700,2.95758774237199e+22,inf,2.957883501146227e+22,inf,inf,inf
505800,2.9873104997928596e+22,inf,2.987609230842839e+22,inf,inf,inf
505900,3.017331960882275e+22,inf,3.0176336940783632e+22,inf,inf,inf
506000,3.0476551275111757e+22,inf,3.047959893023927e+22,inf,inf,inf
506100,3.0782830317182814e+22,inf,3.0785908600214533e+22,inf,inf,inf
506200,3.1092187360132797e+22,inf,3.109529657886881e+22,inf,inf,inf
506300,3.1404653336830507e+22,inf,3.140779380216419e+22,inf,inf,inf
506400,3.172025949100954e+22,inf,3.1723431516958643e+22,inf,inf,inf
506500,3.203903738039251e+22,inf,3.2042241284130545e+22,inf,inf,inf
506600,3.2361018879846436e+22,inf,3.236425498173442e+22,inf,inf,inf
506700,3.2686236184570067e+22,inf,3.2689504808188523e+22,inf,inf,inf
506800,3.301472181331289e+22,inf,3.301802328549422e+22,inf,inf,inf
506900,3.334650861162699e+22,inf,3.3349843262488153e+22,inf,inf,inf
507000,3.368162975515099e+22,inf,3.3684997918126504e+22,inf,inf,inf
507100,3.4020118752927592e+22,inf,3.4023520764802885e+22,inf,inf,inf
507200,3.4362009450754005e+22,inf,3.436544565169908e+22,inf,inf,inf
507300,3.4707336034566275e+22,inf,3.471080676816973e+22,inf,inf,inf
507400,3.5056133033857552e+22,inf,3.505963864716094e+22,inf,inf,inf
507500,3.540843532513073e+22,inf,3.5411976168663245e+22,inf,inf,inf
507600,3.5764278135385714e+22,inf,3.576785456319925e+22,inf,inf,inf
507700,3.612369704564195e+22,inf,3.6127309415346516e+22,inf,inf,inf
507800,3.6486727994496053e+22,inf,3.64903766672955e+22,inf,inf,inf
507900,3.6853407281715394e+22,inf,3.6857092622443566e+22,inf,inf,inf
508000,3.7223771571867756e+22,inf,3.722749394902494e+22,inf,inf,inf
508100,3.75978578979874e+22,inf,3.7601617683777197e+22,inf,inf,inf
508200,3.797570366527812e+22,inf,3.797950123564465e+22,inf,inf,inf
508300,3.835734665485334e+22,inf,3.836118238951882e+22,inf,inf,inf
508400,3.8742825027513925e+22,inf,3.874669931001668e+22,inf,inf,inf
508500,3.9132177327563865e+22,inf,3.913609054529662e+22,inf,inf,inf
508600,3.952544248666437e+22,inf,3.952939503091304e+22,inf,inf,inf
508700,3.99226598277267e+22,inf,3.992665209370947e+22,inf,inf,inf
508800,4.032386906884414e+22,inf,4.032790145575103e+22,inf,inf,inf
508900,4.0729110327263345e+22,inf,4.073318323829607e+22,inf,inf,inf
509000,4.11384241233958e+22,inf,4.114253796580814e+22,inf,inf,inf
509100,4.1551851384869315e+22,inf,4.15560065700078e+22,inf,inf,inf
509200,4.196943345062064e+22,inf,4.19736303939657e+22,inf,inf,inf
509300,4.239121207502875e+22,inf,4.2395451196236255e+22,inf,inf,inf
509400,4.281722943209021e+22,inf,4.282151115503342e+22,inf,inf,inf
509500,4.324752811963584e+22,inf,4.32518528724478e+22,inf,inf,inf
509600,4.3682151163590315e+22,inf,4.368651937870667e+22,inf,inf,inf
509700,4.412114202227433e+22,inf,4.4125554136476555e+22,inf,inf,inf
509800,4.4564544590749974e+22,inf,4.456900104520905e+22,inf,inf,inf
509900,4.5012403205209875e+22,inf,4.50169044455304e+22,inf,inf,inf
510000,4.546476264741048e+22,inf,4.546930912367522e+22,inf,inf,inf
510100,4.592166814914976e+22,inf,4.592626031596468e+22,inf,inf,inf
510200,4.638316539678986e+22,inf,4.638780371332954e+22,inf,inf,inf
510300,4.684930053582556e+22,inf,4.685398546587914e+22,inf,inf,inf
510400,4.7320120175498145e+22,inf,4.7324852187515696e+22,inf,inf,inf
510500,4.779567139345617e+22,inf,4.780045096059552e+22,inf,inf,inf
510600,4.827600174046258e+22,inf,4.828082934063662e+22,inf,inf,inf
510700,4.87611592451493e+22,inf,4.876603536107382e+22,inf,inf,inf
510800,4.925119241881998e+22,inf,4.925611753806186e+22,inf,inf,inf
510900,4.974615026030033e+22,inf,4.975112487532636e+22,inf,inf,inf
511000,5.024608226083774e+22,inf,5.025110686906382e+22,inf,inf,inf
511100,5.075103840904999e+22,inf,5.07561135128909e+22,inf,inf,inf
511200,5.126106919592345e+22,inf,5.126619530284304e+22,inf,inf,inf
511300,5.177622561986201e+22,inf,5.1781403242423994e+22,inf,inf,inf
511400,5.229655919178611e+22,inf,5.2301788847705285e+22,inf,inf,inf
511500,5.282212194028362e+22,inf,5.282740415247765e+22,inf,inf,inf
511600,5.335296641681215e+22,inf,5.335830171345383e+22,inf,inf,inf
511700,5.388914570095361e+22,inf,5.389453461552371e+22,inf,inf,inf
511800,5.443071340572195e+22,inf,5.443615647706253e+22,inf,inf,inf
511900,5.497772368292361e+22,inf,5.49832214552919e+22,inf,inf,inf
512000,5.553023122857243e+22,inf,5.553578425169529e+22,inf,inf,inf
512100,5.60882912883588e+22,inf,5.609390011748764e+22,inf,inf,inf
512200,5.665195966317359e+22,inf,5.665762485913991e+22,inf,inf,inf
512300,5.722129271468771e+22,inf,5.7227014843959175e+22,inf,inf,inf
512400,5.779634737098781e+22,inf,5.780212700572491e+22,inf,inf,inf
512500,5.837718113226869e+22,inf,5.838301885038191e+22,inf,inf,inf
512600,5.8963852076582554e+22,inf,5.8969748461790215e+22,inf,inf,inf
512700,5.955641886564651e+22,inf,5.956237450753307e+22,inf,inf,inf
512800,6.0154940750708005e+22,inf,6.0160956244783075e+22,inf,inf,inf
512900,6.075947757846955e+22,inf,6.07655535262274e+22,inf,inf,inf
513000,6.13700897970728e+22,inf,6.137622680605251e+22,inf,inf,inf
513100,6.198683846214286e+22,inf,6.199303714598907e+22,inf,inf,inf
513200,6.260978524289304e+22,inf,6.2616046221417324e+22,inf,inf,inf
513300,6.32389924282916e+22,inf,6.324531632753442e+22,inf,inf,inf
513400,6.387452293328987e+22,inf,6.388091038558319e+22,inf,inf,inf
513500,6.451644030511302e+22,inf,6.4522891949143535e+22,inf,inf,inf
513600,6.516480872961462e+22,inf,6.517132521048758e+22,inf,inf,inf
513700,6.581969303769411e+22,inf,6.582627500699788e+22,inf,inf,inf
513800,6.648115871177976e+22,inf,6.648780682765094e+22,inf,inf,inf
513900,6.714927189237595e+22,inf,6.715598681956518e+22,inf,inf,inf
514000,6.782409938467693e+22,inf,6.78308817946154e+22,inf,inf,inf
514100,6.850570866524655e+22,inf,6.851255923611308e+22,inf,inf,inf
514200,6.91941678887652e+22,inf,6.920108730555408e+22,inf,inf,inf
514300,6.988954589484502e+22,inf,6.98965348494345e+22,inf,inf,inf
514400,7.059191221491274e+22,inf,7.059897140613423e+22,inf,inf,inf
514500,7.130133707916257e+22,inf,7.130846721287049e+22,inf,inf,inf
514600,7.201789142357838e+22,inf,7.202509321272074e+22,inf,inf,inf
514700,7.274164689702674e+22,inf,7.274892106171644e+22,inf,inf,inf
514800,7.34726758684211e+22,inf,7.348002313600794e+22,inf,inf,inf
514900,7.4211051433958115e+22,inf,7.421847253910151e+22,inf,inf,inf
515000,7.495684742442639e+22,inf,7.496434310916883e+22,inf,inf,inf
515100,7.571013841258907e+22,inf,7.571770942643033e+22,inf,inf,inf
515200,7.647099972064049e+22,inf,7.647864682061256e+22,inf,inf,inf
515300,7.723950742773726e+22,inf,7.724723137848004e+22,inf,inf,inf
515400,7.801573837760626e+22,inf,7.802353995144403e+22,inf,inf,inf
515500,7.87997701862274e+22,inf,7.880765016324602e+22,inf,inf,inf
515600,7.959168124959524e+22,inf,7.95996404177202e+22,inf,inf,inf
515700,8.039155075155765e+22,inf,8.03995899066328e+22,inf,inf,inf
515800,8.119945867173308e+22,inf,8.120757861760025e+22,inf,inf,inf
515900,8.201548579350851e+22,inf,8.202368734208785e+22,inf,inf,inf
516000,8.283971371211627e+22,inf,8.284799768348749e+22,inf,inf,inf
516100,8.367222484279355e+22,inf,8.368059206527782e+22,inf,inf,inf
516200,8.451310242902269e+22,inf,8.45215537392656e+22,inf,inf,inf
516300,8.536243055085499e+22,inf,8.537096679391008e+22,inf,inf,inf
516400,8.622029413331765e+22,inf,8.622891616273099e+22,inf,inf,inf
516500,8.708677895490593e+22,inf,8.709548763280142e+22,inf,inf,inf
516600,8.796197165615967e+22,inf,8.79707678533253e+22,inf,inf,inf
516700,8.884595974832714e+22,inf,8.885484434430198e+22,inf,inf,inf
516800,8.973883162211499e+22,inf,8.974780550527719e+22,inf,inf,inf
516900,9.064067655652669e+22,inf,9.064974062418234e+22,inf,inf,inf
517000,9.15515847277894e+22,inf,9.156073988626218e+22,inf,inf,inf
517100,9.247164721837097e+22,inf,9.248089438309281e+22,inf,inf,inf
517200,9.340095602608722e+22,inf,9.341029612168983e+22,inf,inf,inf
517300,9.433960407330097e+22,inf,9.43490380337083e+22,inf,inf,inf
517400,9.528768521621334e+22,inf,9.529721398473496e+22,inf,inf,inf
517500,9.624529425424851e+22,inf,9.625491878367394e+22,inf,inf,inf
517600,9.721252693953315e+22,inf,9.72222481922271e+22,inf,inf,inf
517700,9.818947998647e+22,inf,9.819929893446863e+22,inf,inf,inf
517800,9.917625108140917e+22,inf,9.918616870651731e+22,inf,inf,inf
517900,1.0017293889241552e+23,inf,1.0018295618630476e+23,inf,inf,inf
518000,1.0117964307913453e+23,inf,1.0118976104344244e+23,inf,inf,inf
518100,1.0219646430275758e+23,inf,1.0220668394918786e+23,inf,inf,inf
518200,1.03223504236087e+23,inf,1.032338265865106e+23,inf,inf,inf
518300,1.0426086557370208e+23,inf,1.0427129166025944e+23,inf,inf,inf
518400,1.0530865204222853e+23,inf,1.0531918290743275e+23,inf,inf,inf
518500,1.0636696841070902e+23,inf,1.0637760510755008e+23,inf,inf,inf
518600,1.0743592050108023e+23,inf,1.0744666409313033e+23,inf,inf,inf
518700,1.0851561519875304e+23,inf,1.0852646676027291e+23,inf,inf,inf
518800,1.0960616046330101e+23,inf,1.0961712107934734e+23,inf,inf,inf
518900,1.107076653392547e+23,inf,1.1071873610578862e+23,inf,inf,inf
519000,1.1182023996700536e+23,inf,1.1183142199100206e+23,inf,inf,inf
519100,1.1294399559381799e+23,inf,1.1295528999337736e+23,inf,inf,inf
519200,1.140790445849552e+23,inf,1.1409045248941369e+23,inf,inf,inf
519300,1.1522550043491205e+23,inf,1.1523702298495555e+23,inf,inf,inf
519400,1.163834777787654e+23,inf,1.1639511612654328e+23,inf,inf,inf
519500,1.1755309240363563e+23,inf,1.17564847712876e+23,inf,inf,inf
519600,1.1873446126026473e+23,inf,1.1874633470639075e+23,inf,inf,inf
519700,1.1992770247471e+23,inf,1.1993969524495747e+23,inf,inf,inf
519800,1.2113293536015577e+23,inf,1.2114504865369178e+23,inf,inf,inf
519900,1.2235028042884342e+23,inf,1.223625154568863e+23,inf,inf,inf
520000,1.2357985940412188e+23,inf,1.2359221739006228e+23,inf,inf,inf
520100,1.2482179523261839e+23,inf,1.2483427741214165e+23,inf,inf,inf
520200,1.260762120965323e+23,inf,1.2608881971774195e+23,inf,inf,inf
520300,1.2734323542605217e+23,inf,1.2735596974959478e+23,inf,inf,inf
520400,1.2862299191189748e+23,inf,1.2863585421108868e+23,inf,inf,inf
520500,1.2991560951798669e+23,inf,1.299286010789385e+23,inf,inf,inf
520600,1.312212174942324e+23,inf,1.3123433961598182e+23,inf,inf,inf
520700,1.3253994638946518e+23,inf,1.3255320038410412e+23,inf,inf,inf
520800,1.3387192806448719e+23,inf,1.3388531525729364e+23,inf,inf,inf
520900,1.3521729570525707e+23,inf,1.352308174348276e+23,inf,inf,inf
521000,1.3657618383620738e+23,inf,1.36589841454591e+23,inf,inf,inf
521100,1.379487283336957e+23,inf,1.3796252320652907e+23,inf,inf,inf
521200,1.3933506643959125e+23,inf,1.3934899994623521e+23,inf,inf,inf
521300,1.4073533677499755e+23,inf,1.4074941030867506e+23,inf,inf,inf
521400,1.421496793541133e+23,inf,1.4216389432204872e+23,inf,inf,inf
521500,1.4357823559823265e+23,inf,1.4359259342179247e+23,inf,inf,inf
521600,1.4502114834988611e+23,inf,1.450356504647211e+23,inf,inf,inf
521700,1.4647856188712323e+23,inf,1.4649320974331194e+23,inf,inf,inf
521800,1.4795062193793911e+23,inf,1.479654170001329e+23,inf,inf,inf
521900,1.4943747569484618e+23,inf,1.4945241944241566e+23,inf,inf,inf
522000,1.509392718295917e+23,inf,1.5095436575677466e+23,inf,inf,inf
522100,1.5245616050802388e+23,inf,1.5247140612407468e+23,inf,inf,inf
522200,1.5398829340510667e+23,inf,1.5400369223444718e+23,inf,inf,inf
522300,1.5553582372008655e+23,inf,1.5555137730245855e+23,inf,inf,inf
522400,1.5709890619181057e+23,inf,1.5711461608242975e+23,inf,inf,inf
522500,1.586776971141986e+23,inf,1.5869356488391e+23,inf,inf,inf
522600,1.602723543518718e+23,inf,1.6028838158730698e+23,inf,inf,inf
522700,1.618830373559377e+23,inf,1.618992256596733e+23,inf,inf,inf
522800,1.635099071799331e+23,inf,1.635262581706511e+23,inf,inf,inf
522900,1.6515312649592877e+23,inf,1.6516964180857838e+23,inf,inf,inf
523000,1.6681285961079483e+23,inf,1.668295408967559e+23,inf,inf,inf
523100,1.684892724826296e+23,inf,1.6850612140987788e+23,inf,inf,inf
523200,1.7018253273735452e+23,inf,1.7019955099062824e+23,inf,inf,inf
523300,1.718928096854746e+23,inf,1.7190999896644313e+23,inf,inf,inf
523400,1.7362027433900847e+23,inf,1.7363763636644236e+23,inf,inf,inf
523500,1.7536509942858788e+23,inf,1.7538263593853073e+23,inf,inf,inf
523600,1.771274594207287e+23,inf,1.7714517216667078e+23,inf,inf,inf
523700,1.7890753053527655e+23,inf,1.7892542128833008e+23,inf,inf,inf
523800,1.807054907630269e+23,inf,1.807235613121032e+23,inf,inf,inf
523900,1.8252151988352258e+23,inf,1.8253977203551093e+23,inf,inf,inf
524000,1.8435579948303e+23,inf,1.843742350629783e+23,inf,inf,inf
524100,1.8620851297269623e+23,inf,1.8622713382399352e+23,inf,inf,inf
524200,1.880798456068886e+23,inf,1.8809865359144927e+23,inf,inf,inf
524300,1.8996998450171797e+23,inf,1.8998898150016816e+23,inf,inf,inf
524400,1.9187911865374896e+23,inf,1.9189830656561435e+23,inf,inf,inf
524500,1.9380743895889805e+23,inf,1.9382681970279395e+23,inf,inf,inf
524600,1.957551382315205e+23,inf,1.9577471374534364e+23,inf,inf,inf
524700,1.9772241122369136e+23,inf,1.9774218346481373e+23,inf,inf,inf
524800,1.9970945464467797e+23,inf,1.9972942559014244e+23,inf,inf,inf
524900,2.0171646718060932e+23,inf,2.0173663882732737e+23,inf,inf,inf
525000,2.0374364951434315e+23,inf,2.0376402387929458e+23,inf,inf,inf
525100,2.0579120434553156e+23,inf,2.0581178346596612e+23,inf,inf,inf
525200,2.0785933641089002e+23,inf,2.078801223445311e+23,inf,inf,inf
525300,2.0994825250466875e+23,inf,2.0996924732991923e+23,inf,inf,inf
525400,2.1205816149933045e+23,inf,2.1207936731548036e+23,inf,inf,inf
525500,2.1418927436643525e+23,inf,2.1421069329387188e+23,inf,inf,inf
525600,2.16341804197736e+23,inf,2.1636343837815577e+23,inf,inf,inf
525700,2.185159662264864e+23,inf,2.1853781782310903e+23,inf,inf,inf
525800,2.207119778489609e+23,inf,2.2073404904674578e+23,inf,inf,inf
525900,2.229300586461932e+23,inf,2.2295235165205783e+23,inf,inf,inf
526000,2.251704304059324e+23,inf,2.2519294744897296e+23,inf,inf,inf
526100,2.2743331714481962e+23,inf,2.274560604765341e+23,inf,inf,inf
526200,2.2971894513078695e+23,inf,2.2974191702530003e+23,inf,inf,inf
526300,2.320275429056833e+23,inf,2.3205074565997387e+23,inf,inf,inf
526400,2.3435934130812545e+23,inf,2.3438277724225626e+23,inf,inf,inf
526500,2.3671457349658102e+23,inf,2.3673824495393067e+23,inf,inf,inf
526600,2.3909347497268084e+23,inf,2.391173843201781e+23,inf,inf,inf
526700,2.4149628360476757e+23,inf,2.4152043323312805e+23,inf,inf,inf
526800,2.439232396516808e+23,inf,2.4394763197564598e+23,inf,inf,inf
526900,2.463745857867798e+23,inf,2.4639922324535847e+23,inf,inf,inf
527000,2.4885056712220902e+23,inf,2.4887545217892125e+23,inf,inf,inf
527100,2.5135143123340753e+23,inf,2.5137656637653088e+23,inf,inf,inf
527200,2.5387742818386397e+23,inf,2.5390281592668234e+23,inf,inf,inf
527300,2.564288105501201e+23,inf,2.564544534311751e+23,inf,inf,inf
527400,2.5900583344702683e+23,inf,2.5903173403037152e+23,inf,inf,inf
527500,2.61608754553253e+23,inf,2.6163491542870833e+23,inf,inf,inf
527600,2.6423783413705124e+23,inf,2.6426425792046495e+23,inf,inf,inf
527700,2.6689333508228178e+23,inf,2.6692002441579e+23,inf,inf,inf
527800,2.6957552291469918e+23,inf,2.6960248046699063e+23,inf,inf,inf
527900,2.722846658285021e+23,inf,2.7231189429508496e+23,inf,inf,inf
528000,2.7502103471315004e+23,inf,2.7504853681662135e+23,inf,inf,inf
528100,2.7778490318045014e+23,inf,2.778126816707682e+23,inf,inf,inf
528200,2.8057654759191588e+23,inf,2.8060460524667507e+23,inf,inf,inf
528300,2.8339624708640026e+23,inf,2.834245867111089e+23,inf,inf,inf
528400,2.862442836080076e+23,inf,2.862729080363684e+23,inf,inf,inf
528500,2.8912094193428522e+23,inf,2.8914985402847865e+23,inf,inf,inf
528600,2.9202650970469848e+23,inf,2.9205571235566894e+23,inf,inf,inf
528700,2.9496127744939258e+23,inf,2.949907735771375e+23,inf,inf,inf
528800,2.9792553861824183e+23,inf,2.9795533117210366e+23,inf,inf,inf
528900,3.009195896101933e+23,inf,3.009496815691543e+23,inf,inf,inf
529000,3.039437298029024e+23,inf,3.039741241758827e+23,inf,inf,inf
529100,3.069982615826699e+23,inf,3.070289614088281e+23,inf,inf,inf
529200,3.1008349037467585e+23,inf,3.101144987237133e+23,inf,inf,inf
529300,3.131997246735206e+23,inf,3.132310446459879e+23,inf,inf,inf
529400,3.163472760740711e+23,inf,3.1637891080167845e+23,inf,inf,inf
529500,3.1952645930261694e+23,inf,3.195584119485472e+23,inf,inf,inf
529600,3.227375922483412e+23,inf,3.2276986600756605e+23,inf,inf,inf
529700,3.2598099599510555e+23,inf,3.26013594094705e+23,inf,inf,inf
529800,3.292569948535557e+23,inf,3.2928992055304105e+23,inf,inf,inf
529900,3.325659163935497e+23,inf,3.3259917298518906e+23,inf,inf,inf
530000,3.359080914769122e+23,inf,3.359416822860599e+23,inf,inf,inf
530100,3.3928385429051763e+23,inf,3.393177826759467e+23,inf,inf,inf
530200,3.426935423797056e+23,inf,3.4272781173394355e+23,inf,inf,inf
530300,3.461374966820317e+23,inf,3.461721104316999e+23,inf,inf,inf
530400,3.496160615613601e+23,inf,3.496510231675162e+23,inf,inf,inf
530500,3.5312958484229354e+23,inf,3.5316489780077776e+23,inf,inf,inf
530600,3.5667841784495615e+23,inf,3.567140856867406e+23,inf,inf,inf
530700,3.6026291542011956e+23,inf,3.602989417116616e+23,inf,inf,inf
530800,3.6388343598468615e+23,inf,3.639198243282846e+23,inf,inf,inf
530900,3.675403415575267e+23,inf,3.6757709559168246e+23,inf,inf,inf
531000,3.7123399779567965e+23,inf,3.712711211954592e+23,inf,inf,inf
531100,3.749647740309139e+23,inf,3.75002270508317e+23,inf,inf,inf
531200,3.7873304330665625e+23,inf,3.787709166109869e+23,inf,inf,inf
531300,3.8253918241529436e+23,inf,3.8257743633353587e+23,inf,inf,inf
531400,3.8638357193585286e+23,inf,3.8642221029304644e+23,inf,inf,inf
531500,3.902665962720462e+23,inf,3.9030562293167336e+23,inf,inf,inf
531600,3.9418864369071674e+23,inf,3.942280625550858e+23,inf,inf,inf
531700,3.981501063606572e+23,inf,3.981899213712933e+23,inf,inf,inf
531800,4.021513803918241e+23,inf,4.0219159552986333e+23,inf,inf,inf
531900,4.061928658749456e+23,inf,4.0623348516153305e+23,inf,inf,inf
532000,4.1027496692152566e+23,inf,4.103159944182178e+23,inf,inf,inf
532100,4.1439809170425265e+23,inf,4.144395315134231e+23,inf,inf,inf
532200,4.185626524978129e+23,inf,4.186045087630626e+23,inf,inf,inf
532300,4.227690657201135e+23,inf,4.2281134262668554e+23,inf,inf,inf
532400,4.270177519739213e+23,inf,4.270604537491187e+23,inf,inf,inf
532500,4.313091360889185e+23,inf,4.313522670025274e+23,inf,inf,inf
532600,4.356436471641824e+23,inf,4.356872115288988e+23,inf,inf,inf
532700,4.4002171861109045e+23,inf,4.400657207829516e+23,inf,inf,inf
532800,4.444437881966582e+23,inf,4.4448823257547784e+23,inf,inf,inf
532900,4.489102980873126e+23,inf,4.489551891171213e+23,inf,inf,inf
533000,4.534216948931023e+23,inf,4.534670370625916e+23,inf,inf,inf
533100,4.5797842971235676e+23,inf,4.58024227555328e+23,inf,inf,inf
533200,4.62580958176792e+23,inf,4.626272162726097e+23,inf,inf,inf
533300,4.672297404970672e+23,inf,4.6727646347111696e+23,inf,inf,inf
533400,4.719252415088046e+23,inf,4.719724340329555e+23,inf,inf,inf
533500,4.766679307190669e+23,inf,4.767155975121388e+23,inf,inf,inf
533600,4.814582823533034e+23,inf,4.815064281815387e+23,inf,inf,inf
533700,4.8629677540277015e+23,inf,4.863454050803104e+23,inf,inf,inf
533800,4.9118389367242294e+23,inf,4.9123301206179015e+23,inf,inf,inf
533900,4.961201258292938e+23,inf,4.961697378418767e+23,inf,inf,inf
534000,5.01105965451353e+23,inf,5.0115607604789816e+23,inf,inf,inf
534100,5.061419110768637e+23,inf,5.061925252679714e+23,inf,inf,inf
534200,5.1122846625422845e+23,inf,5.112795891008539e+23,inf,inf,inf
534300,5.1636613959234244e+23,inf,5.164177762063017e+23,inf,inf,inf
534400,5.215554448114479e+23,inf,5.21607600355929e+23,inf,inf,inf
534500,5.2679690079450235e+23,inf,5.268495804845818e+23,inf,inf,inf
534600,5.32091031639061e+23,inf,5.3214424074222486e+23,inf,inf,inf
534700,5.37438366709683e+23,inf,5.3749211054635395e+23,inf,inf,inf
534800,5.4283944069086226e+23,inf,5.428937246349313e+23,inf,inf,inf
534900,5.4829479364049085e+23,inf,5.483496231198549e+23,inf,inf,inf
535000,5.5380497104386057e+23,inf,5.5386035154096496e+23,inf,inf,inf
535100,5.5937052386820584e+23,inf,5.594264609205927e+23,inf,inf,inf
535200,5.6499200861779625e+23,inf,5.65048507818658e+23,inf,inf,inf
535300,5.706699873895802e+23,inf,5.7072705438831915e+23,inf,inf,inf
535400,5.764050279293908e+23,inf,5.7646266843218376e+23,inf,inf,inf
535500,5.821977036887158e+23,inf,5.822559234590846e+23,inf,inf,inf
535600,5.880485938820354e+23,inf,5.881073987414236e+23,inf,inf,inf
535700,5.9395828354474036e+23,inf,5.940176793730948e+23,inf,inf,inf
535800,5.9992736359162925e+23,inf,5.999873563279884e+23,inf,inf,inf
535900,6.05956430875995e+23,inf,6.060170265190826e+23,inf,inf,inf
536000,6.120460882493037e+23,inf,6.121072928581286e+23,inf,inf,inf
536100,6.18196944621475e+23,inf,6.182587643159371e+23,inf,inf,inf
536200,6.244096150217687e+23,inf,6.244720559832708e+23,inf,inf,inf
536300,6.3068472066028e+23,inf,6.307477891323461e+23,inf,inf,inf
536400,6.370228889900552e+23,inf,6.370865912789543e+23,inf,inf,inf
536500,6.43424753769833e+23,inf,6.4348909624521e+23,inf,inf,inf
536600,6.498909551274112e+23,inf,6.49955944222924e+23,inf,inf,inf
536700,6.564221396236572e+23,inf,6.564877818376195e+23,inf,inf,inf
536800,6.630189603171572e+23,inf,6.630852622131889e+23,inf,inf,inf
536900,6.696820768295142e+23,inf,6.697490450371971e+23,inf,inf,inf
537000,6.764121554113054e+23,inf,6.764797966268465e+23,inf,inf,inf
537100,6.832098690087018e+23,inf,6.832781899956026e+23,inf,inf,inf
537200,6.900758973307572e+23,inf,6.901449049204903e+23,inf,inf,inf
537300,6.970109269173686e+23,inf,6.970806280100603e+23,inf,inf,inf
537400,7.040156512079294e+23,inf,7.040860527730502e+23,inf,inf,inf
537500,7.110907706106645e+23,inf,7.111618796877256e+23,inf,inf,inf
537600,7.18236992572664e+23,inf,7.183088162719212e+23,inf,inf,inf
537700,7.254550316506224e+23,inf,7.255275771537875e+23,inf,inf,inf
537800,7.32745609582288e+23,inf,7.328188841432462e+23,inf,inf,inf
537900,7.401094553586283e+23,inf,7.401834663041641e+23,inf,inf,inf
538000,7.475473052967245e+23,inf,7.476220600272542e+23,inf,inf,inf
538100,7.550599031133972e+23,inf,7.551354091037085e+23,inf,inf,inf
538200,7.626479999995664e+23,inf,7.627242647995663e+23,inf,inf,inf
538300,7.703123546953689e+23,inf,7.703893859308384e+23,inf,inf,inf
538400,7.780537335660245e+23,inf,7.781315389393811e+23,inf,inf,inf
538500,7.858729106784635e+23,inf,7.859514979695314e+23,inf,inf,inf
538600,7.937706678787267e+23,inf,7.938500449455145e+23,inf,inf,inf
538700,8.017477948701446e+23,inf,8.018279696496317e+23,inf,inf,inf
538800,8.098050892922977e+23,inf,8.098860698012269e+23,inf,inf,inf
538900,8.179433568007757e+23,inf,8.180251511364557e+23,inf,inf,inf
539000,8.261634111477359e+23,inf,8.262460274888507e+23,inf,inf,inf
539100,8.344660742632684e+23,inf,8.345495208706948e+23,inf,inf,inf
539200,8.428521763375824e+23,inf,8.429364615552162e+23,inf,inf,inf
539300,8.51322555904019e+23,inf,8.514076881596094e+23,inf,inf,inf
539400,8.59878059922897e+23,inf,8.599640477288892e+23,inf,inf,inf
539500,8.685195438661994e+23,inf,8.68606395820586e+23,inf,inf,inf
539600,8.772478718031121e+23,inf,8.773355965902925e+23,inf,inf,inf
539700,8.860639164864272e+23,inf,8.861525228780759e+23,inf,inf,inf
539800,8.94968559439806e+23,inf,8.9505805629575e+23,inf,inf,inf
539900,9.039626910459237e+23,inf,9.040530873150283e+23,inf,inf,inf
540000,9.130472106355012e+23,inf,9.131385153565648e+23,inf,inf,inf
540100,9.222230265772303e+23,inf,9.22315248879888e+23,inf,inf,inf
540200,9.314910563685999e+23,inf,9.315842054742368e+23,inf,inf,inf
540300,9.408522267276408e+23,inf,9.409463119503136e+23,inf,inf,inf
540400,9.50307473685583e+23,inf,9.504025044329515e+23,inf,inf,inf
540500,9.598577426804575e+23,inf,9.599537284547255e+23,inf,inf,inf
540600,9.695039886516264e+23,inf,9.696009390504916e+23,inf,inf,inf
540700,9.792471761352699e+23,inf,9.793451008528834e+23,inf,inf,inf
540800,9.890882793608315e+23,inf,9.891871881887676e+23,inf,inf,inf
540900,9.990282823484314e+23,inf,9.991281851766662e+23,inf,inf,inf
541000,1.0090681790072585e+24,inf,1.0091690858251591e+24,inf,inf,inf
541100,1.0192089732349549e+24,inf,1.0193108941322783e+24,inf,inf,inf
541200,1.0294516790179923e+24,inf,1.029554624185894e+24,inf,inf,inf
541300,1.0397973205330653e+24,inf,1.0399013002651187e+24,inf,inf,inf
541400,1.0502469322495e+24,inf,1.050351956942725e+24,inf,inf,inf
541500,1.0608015590326869e+24,inf,1.0609076391885901e+24,inf,inf,inf
541600,1.071462256248561e+24,inf,1.0715694024741858e+24,inf,inf,inf
541700,1.0822300898691287e+24,inf,1.0823383128781157e+24,inf,inf,inf
541800,1.0931061365790556e+24,inf,1.0932154471927135e+24,inf,inf,inf
541900,1.1040914838833241e+24,inf,1.1042018930317124e+24,inf,inf,inf
542000,1.1151872302159724e+24,inf,1.1152987489389939e+24,inf,inf,inf
542100,1.1263944850499325e+24,inf,1.1265071244984374e+24,inf,inf,inf
542200,1.1377143690079624e+24,inf,1.1378281404448632e+24,inf,inf,inf
542300,1.1491480139747018e+24,inf,1.1492629287760992e+24,inf,inf,inf
542400,1.160696563209846e+24,inf,1.160812632866167e+24,inf,inf,inf
542500,1.1723611714624666e+24,inf,1.1724784075796128e+24,inf,inf,inf
542600,1.1841430050864721e+24,inf,1.1842614193869808e+24,inf,inf,inf
542700,1.196043242157233e+24,inf,1.1961628464814488e+24,inf,inf,inf
542800,1.2080630725893808e+24,inf,1.2081838788966397e+24,inf,inf,inf
542900,1.2202036982557832e+24,inf,1.2203257186256088e+24,inf,inf,inf
543000,1.2324663331077307e+24,inf,1.2325895797410416e+24,inf,inf,inf
543100,1.2448522032963092e+24,inf,1.2449766885166389e+24,inf,inf,inf
543200,1.2573625472950096e+24,inf,1.2574882835497392e+24,inf,inf,inf
543300,1.2699986160235614e+24,inf,1.2701256158851637e+24,inf,inf,inf
543400,1.2827616729730187e+24,inf,1.2828899491403159e+24,inf,inf,inf
543500,1.2956529943320897e+24,inf,1.295782559631523e+24,inf,inf,inf
543600,1.30867386911475e+24,inf,1.3088047365016614e+24,inf,inf,inf
543700,1.3218255992891264e+24,inf,1.3219577818490553e+24,inf,inf,inf
543800,1.3351094999076942e+24,inf,1.335243010857685e+24,inf,inf,inf
543900,1.3485268992387547e+24,inf,1.3486617519286786e+24,inf,inf,inf
544000,1.362079138899258e+24,inf,1.362215346813148e+24,inf,inf,inf
544100,1.3757675739889516e+24,inf,1.3759051507463505e+24,inf,inf,inf
544200,1.3895935732258762e+24,inf,1.3897325325831987e+24,inf,inf,inf
544300,1.4035585190832279e+24,inf,1.403698874935136e+24,inf,inf,inf
544400,1.4176638079275912e+24,inf,1.417805574308384e+24,inf,inf,inf
544500,1.4319108501585627e+24,inf,1.4320540412435786e+24,inf,inf,inf
544600,1.446301070349779e+24,inf,1.446445700456814e+24,inf,inf,inf
544700,1.4608359073913582e+24,inf,1.4609819909820974e+24,inf,inf,inf
544800,1.4755168146337813e+24,inf,1.4756643663152446e+24,inf,inf,inf
544900,1.4903452600332068e+24,inf,1.4904942945592101e+24,inf,inf,inf
545000,1.5053227262982597e+24,inf,1.5054732585708894e+24,inf,inf,inf
545100,1.5204507110382841e+24,inf,1.520602756109388e+24,inf,inf,inf
545200,1.535730726913091e+24,inf,1.5358842999857823e+24,inf,inf,inf
545300,1.551164301784213e+24,inf,1.5513194182143914e+24,inf,inf,inf
545400,1.5667529788676742e+24,inf,1.566909654165561e+24,inf,inf,inf
545500,1.5824983168883003e+24,inf,1.5826565667199893e+24,inf,inf,inf
545600,1.5984018902355724e+24,inf,1.598561730424596e+24,inf,inf,inf
545700,1.614465289121054e+24,inf,1.6146267356499663e+24,inf,inf,inf
545800,1.6306901197373975e+24,inf,1.630853188749371e+24,inf,inf,inf
545900,1.6470780044189486e+24,inf,1.6472427122193905e+24,inf,inf,inf
546000,1.663630581803967e+24,inf,1.6637969448621474e+24,inf,inf,inf
546100,1.680349506998471e+24,inf,1.680517541949171e+24,inf,inf,inf
546200,1.6972364517417353e+24,inf,1.6974061753869095e+24,inf,inf,inf
546300,1.7142931045734514e+24,inf,1.7144645338839088e+24,inf,inf,inf
546400,1.7315211710025612e+24,inf,1.7316943231196615e+24,inf,inf,inf
546500,1.748922373677796e+24,inf,1.7490972659151637e+24,inf,inf,inf
546600,1.7664984525599268e+24,inf,1.7666751024051828e+24,inf,inf,inf
546700,1.784251165095741e+24,inf,1.7844295902122506e+24,inf,inf,inf
546800,1.8021822863937735e+24,inf,1.8023625046224128e+24,inf,inf,inf
546900,1.8202936094017972e+24,inf,1.8204756387627375e+24,inf,inf,inf
547000,1.8385869450861053e+24,inf,1.838770803780614e+24,inf,inf,inf
547100,1.8570641226125938e+24,inf,1.857249829024855e+24,inf,inf,inf
547200,1.8757269895296547e+24,inf,1.8759145622286077e+24,inf,inf,inf
547300,1.894577411952915e+24,inf,1.89476686969411e+24,inf,inf,inf
547400,1.9136172747518355e+24,inf,1.9138086364793107e+24,inf,inf,inf
547500,1.9328484817381808e+24,inf,1.9330417665863547e+24,inf,inf,inf
547600,1.9522729558563768e+24,inf,1.9524681831519624e+24,inf,inf,inf
547700,1.971892639375792e+24,inf,1.9720898286397295e+24,inf,inf,inf
547800,1.9917094940849464e+24,inf,1.991908665034355e+24,inf,inf,inf
547900,2.0117255014876727e+24,inf,2.0119266740378215e+24,inf,inf,inf
548000,2.0319426630012462e+24,inf,2.0321458572675464e+24,inf,inf,inf
548100,2.0523630001565066e+24,inf,2.0525682364565222e+24,inf,inf,inf
548200,2.0729885547999976e+24,inf,2.0731958536554776e+24,inf,inf,inf
548300,2.093821389298136e+24,inf,2.0940307714370658e+24,inf,inf,inf
548400,2.1148635867434175e+24,inf,2.1150750731020917e+24,inf,inf,inf
548500,2.136117251162715e+24,inf,2.1363308628878312e+24,inf,inf,inf
548600,2.157584507727661e+24,inf,2.1578002661784337e+24,inf,inf,inf
548700,2.1792675029671464e+24,inf,2.1794854297174432e+24,inf,inf,inf
548800,2.2011684049819522e+24,inf,2.2013885218224504e+24,inf,inf,inf
548900,2.2232894036615335e+24,inf,2.2235117326018995e+24,inf,inf,inf
549000,2.2456327109030024e+24,inf,2.2458572741740926e+24,inf,inf,inf
549100,2.2682005608322858e+24,inf,2.268427380888369e+24,inf,inf,inf
549200,2.290995210027521e+24,inf,2.2912243095485237e+24,inf,inf,inf
549300,2.3140189377446923e+24,inf,2.3142503396384668e+24,inf,inf,inf
549400,2.3372740461455418e+24,inf,2.3375077735501563e+24,inf,inf,inf
549500,2.3607628605277535e+24,inf,2.3609989368138062e+24,inf,inf,inf
549600,2.3844877295574667e+24,inf,2.3847261783304224e+24,inf,inf,inf
549700,2.408451025504127e+24,inf,2.4086918706066773e+24,inf,inf,inf
549800,2.4326551444776834e+24,inf,2.432898409992131e+24,inf,inf,inf
549900,2.4571025066681785e+24,inf,2.4573482169188454e+24,inf,inf,inf
550000,2.4817955565877534e+24,inf,2.482043736143412e+24,inf,inf,inf
550100,2.5067367633150605e+24,inf,2.506987436991392e+24,inf,inf,inf
550200,2.531928620742164e+24,inf,2.532181813604238e+24,inf,inf,inf
550300,2.5573736478239053e+24,inf,2.5576293851886877e+24,inf,inf,inf
550400,2.58307438882976e+24,inf,2.583332696268643e+24,inf,inf,inf
550500,2.6090334135982615e+24,inf,2.6092943169396213e+24,inf,inf,inf
550600,2.635253317793942e+24,inf,2.6355168431257213e+24,inf,inf,inf
550700,2.6617367231669005e+24,inf,2.6620028968392174e+24,inf,inf,inf
550800,2.6884862778149265e+24,inf,2.688755126442708e+24,inf,inf,inf
550900,2.715504656448299e+24,inf,2.715776206913944e+24,inf,inf,inf
551000,2.742794560657236e+24,inf,2.7430688401133017e+24,inf,inf,inf
551100,2.7703587191820175e+24,inf,2.7706357550539355e+24,inf,inf,inf
551200,2.7981998881858485e+24,inf,2.798479708174667e+24,inf,inf,inf
551300,2.8263208515304384e+24,inf,2.826603483615591e+24,inf,inf,inf
551400,2.854724421054369e+24,inf,2.855009893496475e+24,inf,inf,inf
551500,2.883413436854245e+24,inf,2.8837017781979303e+24,inf,inf,inf
551600,2.9123907675686883e+24,inf,2.9126820066454454e+24,inf,inf,inf
551700,2.941659310665166e+24,inf,2.9419534765962323e+24,inf,inf,inf
551800,2.971221992729712e+24,inf,2.971519114928985e+24,inf,inf,inf
551900,3.0010817697595663e+24,inf,3.0013818779365424e+24,inf,inf,inf
552000,3.0312416274587385e+24,inf,3.031544751621484e+24,inf,inf,inf
552100,3.0617045815365564e+24,inf,3.06201075199471e+24,inf,inf,inf
552200,3.0924736780092076e+24,inf,3.0927829253770086e+24,inf,inf,inf
552300,3.123551993504311e+24,inf,3.1238643487036615e+24,inf,inf,inf
552400,3.1549426355685566e+24,inf,3.155258129832113e+24,inf,inf,inf
552500,3.186648742978426e+24,inf,3.186967407852724e+24,inf,inf,inf
552600,3.2186734860540443e+24,inf,3.21899535340265e+24,inf,inf,inf
552700,3.2510200669761877e+24,inf,3.2513451689828855e+24,inf,inf,inf
552800,3.283691720106454e+24,inf,3.284020089278465e+24,inf,inf,inf
552900,3.3166917123106983e+24,inf,3.3170233814819293e+24,inf,inf,inf
553000,3.350023343285661e+24,inf,3.3503583456199897e+24,inf,inf,inf
553100,3.383689945888928e+24,inf,3.3840283148835167e+24,inf,inf,inf
553200,3.4176948864721733e+24,inf,3.4180366559608206e+24,inf,inf,inf
553300,3.452041565217765e+24,inf,3.452386769374287e+24,inf,inf,inf
553400,3.486733416478767e+24,inf,3.487082089820415e+24,inf,inf,inf
553500,3.521773909122316e+24,inf,3.522126086513228e+24,inf,inf,inf
553600,3.5571665468765e+24,inf,3.5575222635311876e+24,inf,inf,inf
553700,3.592914868680691e+24,inf,3.593274160167559e+24,inf,inf,inf
553800,3.629022449039399e+24,inf,3.629385351284303e+24,inf,inf,inf
553900,3.6654928983797056e+24,inf,3.6658594476695437e+24,inf,inf,inf
554000,3.7023298634122564e+24,inf,3.7027000963985977e+24,inf,inf,inf
554100,3.7395370274959134e+24,inf,3.7399109811986627e+24,inf,inf,inf
554200,3.777118111006047e+24,inf,3.777495822817148e+24,inf,inf,inf
554300,3.81507687170654e+24,inf,3.815458379393711e+24,inf,inf,inf
554400,3.8534171051255363e+24,inf,3.8538024468360485e+24,inf,inf,inf
554500,3.892142644934956e+24,inf,3.8925318591994494e+24,inf,inf,inf
554600,3.9312573633338233e+24,inf,3.9316504890701566e+24,inf,inf,inf
554700,3.970765171435458e+24,inf,3.9711622479526014e+24,inf,inf,inf
554800,4.010670019658544e+24,inf,4.0110710866605097e+24,inf,inf,inf
554900,4.0509758981221386e+24,inf,4.051380995711951e+24,inf,inf,inf
555000,4.0916868370446475e+24,inf,4.092096005728352e+24,inf,inf,inf
555100,4.132806907146813e+24,inf,4.133220187837527e+24,inf,inf,inf
555200,4.174340220058738e+24,inf,4.174757654080744e+24,inf,inf,inf
555300,4.216290928731026e+24,inf,4.216712557823899e+24,inf,inf,inf
555400,4.258663227850028e+24,inf,4.259089094172813e+24,inf,inf,inf
555500,4.301461354257276e+24,inf,4.3018915003927014e+24,inf,inf,inf
555600,4.344689587373122e+24,inf,4.345124056331859e+24,inf,inf,inf
555700,4.388352249624657e+24,inf,4.3887910848496193e+24,inf,inf,inf
555800,4.4324537068778953e+24,inf,4.4328969522485833e+24,inf,inf,inf
555900,4.4769983688743334e+24,inf,4.477446068711221e+24,inf,inf,inf
556000,4.5219906896718756e+24,inf,4.5224428887408425e+24,inf,inf,inf
556100,4.5674351680902113e+24,inf,4.5678919116070203e+24,inf,inf,inf
556200,4.613336348160633e+24,inf,4.613797681795449e+24,inf,inf,inf
556300,4.6596988195804303e+24,inf,4.6601647894623885e+24,inf,inf,inf
556400,4.706527218171784e+24,inf,4.7069978708936013e+24,inf,inf,inf
556500,4.753826226345333e+24,inf,4.7543016089679675e+24,inf,inf,inf
556600,4.8016005735683553e+24,inf,4.802080733625712e+24,inf,inf,inf
556700,4.849855036837672e+24,inf,4.850340022341356e+24,inf,inf,inf
556800,4.898594441157318e+24,inf,4.899084300601435e+24,inf,inf,inf
556900,4.947823660020987e+24,inf,4.948318442386989e+24,inf,inf,inf
557000,4.997547615899335e+24,inf,4.998047370660924e+24,inf,inf,inf
557100,5.047771280732174e+24,inf,5.048276057860247e+24,inf,inf,inf
557200,5.098499676425657e+24,inf,5.099009526393299e+24,inf,inf,inf
557300,5.149737875354361e+24,inf,5.150252849141897e+24,inf,inf,inf
557400,5.201491000868556e+24,inf,5.202011149968643e+24,inf,inf,inf
557500,5.253764227806418e+24,inf,5.254289604229199e+24,inf,inf,inf
557600,5.306562783011513e+24,inf,5.307093439289814e+24,inf,inf,inf
557700,5.359891945855411e+24,inf,5.360427935049996e+24,inf,inf,inf
557800,5.413757048765581e+24,inf,5.414298424470458e+24,inf,inf,inf
557900,5.468163477758604e+24,inf,5.468710294106379e+24,inf,inf,inf
558000,5.52311667297868e+24,inf,5.523668984645978e+24,inf,inf,inf
558100,5.578622129241645e+24,inf,5.579179991454569e+24,inf,inf,inf
558200,5.63468539658436e+24,inf,5.635248865124018e+24,inf,inf,inf
558300,5.691312080819691e+24,inf,5.691881212027773e+24,inf,inf,inf
558400,5.748507844097028e+24,inf,5.749082694881438e+24,inf,inf,inf
558500,5.806278405468451e+24,inf,5.806859033308997e+24,inf,inf,inf
558600,5.864629541460571e+24,inf,5.865216004414717e+24,inf,inf,inf
558700,5.923567086652146e+24,inf,5.924159443360811e+24,inf,inf,inf
558800,5.983096934257477e+24,inf,5.983695243950903e+24,inf,inf,inf
558900,6.043225036715688e+24,inf,6.043829359219359e+24,inf,inf,inf
559000,6.103957406285885e+24,inf,6.104567802026513e+24,inf,inf,inf
559100,6.165300115648363e+24,inf,6.165916645659928e+24,inf,inf,inf
559200,6.227259298511793e+24,inf,6.227882024441645e+24,inf,inf,inf
559300,6.289841150226553e+24,inf,6.290470134341575e+24,inf,inf,inf
559400,6.353051928404192e+24,inf,6.353687233597033e+24,inf,inf,inf
559500,6.416897953543146e+24,inf,6.4175396433385e+24,inf,inf,inf
559600,6.481385609660718e+24,inf,6.482033748221684e+24,inf,inf,inf
559700,6.546521344931432e+24,inf,6.547175997065925e+24,inf,inf,inf
559800,6.612311672331789e+24,inf,6.612972903499023e+24,inf,inf,inf
559900,6.678763170291497e+24,inf,6.679431046608526e+24,inf,inf,inf
560000,6.745882483351268e+24,inf,6.746557071599604e+24,inf,inf,inf
560100,6.813676322827194e+24,inf,6.814357690459477e+24,inf,inf,inf
560200,6.882151467481832e+24,inf,6.88283968262858e+24,inf,inf,inf
560300,6.95131476420201e+24,inf,6.95200989567843e+24,inf,inf,inf
560400,7.021173128683461e+24,inf,7.021875245996329e+24,inf,inf,inf
560500,7.091733546122301e+24,inf,7.092442719476913e+24,inf,inf,inf
560600,7.163003071913548e+24,inf,7.163719372220739e+24,inf,inf,inf
560700,7.234988832356505e+24,inf,7.23571233123974e+24,inf,inf,inf
560800,7.307698025367414e+24,inf,7.30842879516995e+24,inf,inf,inf
560900,7.381137921199134e+24,inf,7.381876034991253e+24,inf,inf,inf
561000,7.455315863168093e+24,inf,7.45606139475441e+24,inf,inf,inf
561100,7.530239268388584e+24,inf,7.530992292315423e+24,inf,inf,inf
561200,7.605915628514391e+24,inf,7.606676220077243e+24,inf,inf,inf
561300,7.682352510487883e+24,inf,7.683120745738932e+24,inf,inf,inf
561400,7.759557557296641e+24,inf,7.760333513052371e+24,inf,inf,inf
561500,7.837538488737685e+24,inf,7.838322242586558e+24,inf,inf,inf
561600,7.916303102189403e+24,inf,7.917094732499622e+24,inf,inf,inf
561700,7.995859273391196e+24,inf,7.996658859318535e+24,inf,inf,inf
561800,8.076214957230962e+24,inf,8.077022578726685e+24,inf,inf,inf
561900,8.157378188540556e+24,inf,8.15819392635941e+24,inf,inf,inf
562000,8.239357082899185e+24,inf,8.240181018607475e+24,inf,inf,inf
562100,8.322159837444858e+24,inf,8.322992053428602e+24,inf,inf,inf
562200,8.40579473169408e+24,inf,8.406635311167249e+24,inf,inf,inf
562300,8.490270128369677e+24,inf,8.491119155382514e+24,inf,inf,inf
562400,8.57559447423703e+24,inf,8.576452033684454e+24,inf,inf,inf
562500,8.661776300948641e+24,inf,8.662642478578735e+24,inf,inf,inf
562600,8.748824225897248e+24,inf,8.749699108319838e+24,inf,inf,inf
562700,8.836746953077481e+24,inf,8.837630627772788e+24,inf,inf,inf
562800,8.925553273956155e+24,inf,8.926445829283551e+24,inf,inf,inf
562900,9.015252068351371e+24,inf,9.016153593558206e+24,inf,inf,inf
563000,9.105852305320405e+24,inf,9.106762890550937e+24,inf,inf,inf
563100,9.197363044056503e+24,inf,9.198282780360908e+24,inf,inf,inf
563200,9.28979343479477e+24,inf,9.29072241413825e+24,inf,inf,inf
563300,9.383152719727073e+24,inf,9.384091034999046e+24,inf,inf,inf
563400,9.477450233926177e+24,inf,9.478397978949569e+24,inf,inf,inf
563500,9.572695406279179e+24,inf,9.573652675819806e+24,inf,inf,inf
563600,9.668897760430301e+24,inf,9.669864650206344e+24,inf,inf,inf
563700,9.766066915733181e+24,inf,9.767043522424754e+24,inf,inf,inf
563800,9.864212588212703e+24,inf,9.865199009471524e+24,inf,inf,inf
563900,9.963344591536534e+24,inf,9.964340925995686e+24,inf,inf,inf
564000,1.006347283799634e+25,inf,1.006447918528014e+25,inf,inf,inf
564100,1.0164607339499026e+25,inf,1.0165623800232976e+25,inf,inf,inf
564200,1.0266758208567766e+25,inf,1.0267784884388623e+25,inf,inf,inf
564300,1.036993565935312e+25,inf,1.0370972652919055e+25,inf,inf,inf
564400,1.047415000865448e+25,inf,1.0475197423655344e+25,inf,inf,inf
564500,1.0579411676951556e+25,inf,1.0580469618119251e+25,inf,inf,inf
564600,1.0685731189446348e+25,inf,1.0686799762565292e+25,inf,inf,inf
564700,1.0793119177115583e+25,inf,1.0794198489033295e+25,inf,inf,inf
564800,1.0901586377773731e+25,inf,1.0902676536411509e+25,inf,inf,inf
564900,1.1011143637146647e+25,inf,1.1012244751510361e+25,inf,inf,inf
565000,1.1121801909956088e+25,inf,1.1122914090147083e+25,inf,inf,inf
565100,1.1233572261015047e+25,inf,1.123469561824115e+25,inf,inf,inf
565200,1.134646586633414e+25,inf,1.1347600512920774e+25,inf,inf,inf
565300,1.1460494014239133e+25,inf,1.1461640063640556e+25,inf,inf,inf
565400,1.1575668106499666e+25,inf,1.1576825673310316e+25,inf,inf,inf
565500,1.1691999659469271e+25,inf,1.1693168859435218e+25,inf,inf,inf
565600,1.1809500305236955e+25,inf,1.1810681255267479e+25,inf,inf,inf
565700,1.1928181792790297e+25,inf,1.1929374610969576e+25,inf,inf,inf
565800,1.2048055989190231e+25,inf,1.204926079478915e+25,inf,inf,inf
565900,1.2169134880757643e+25,inf,1.2170351794245717e+25,inf,inf,inf
566000,1.2291430574271888e+25,inf,1.2292659717329315e+25,inf,inf,inf
566100,1.2414955298181364e+25,inf,1.2416196793711183e+25,inf,inf,inf
566200,1.2539721403826233e+25,inf,1.2540975375966617e+25,inf,inf,inf
566300,1.266574136667349e+25,inf,1.2667007940810157e+25,inf,inf,inf
566400,1.2793027787564312e+25,inf,1.2794307090343068e+25,inf,inf,inf
566500,1.2921593393974098e+25,inf,1.2922885553313494e+25,inf,inf,inf
566600,1.305145104128507e+25,inf,1.30527561863892e+25,inf,inf,inf
566700,1.31826137140717e+25,inf,1.3183931975443107e+25,inf,inf,inf
566800,1.3315094527399023e+25,inf,1.3316426036851762e+25,inf,inf,inf
566900,1.3448906728134086e+25,inf,1.3450251618806898e+25,inf,inf,inf
567000,1.3584063696270436e+25,inf,1.3585422102640062e+25,inf,inf,inf
567100,1.3720578946266045e+25,inf,1.3721951004160672e+25,inf,inf,inf
567200,1.385846612839464e+25,inf,1.3859851975007479e+25,inf,inf,inf
567300,1.399773903011057e+25,inf,1.3999138804013582e+25,inf,inf,inf
567400,1.4138411577427435e+25,inf,1.4139825418585178e+25,inf,inf,inf
567500,1.428049783631058e+25,inf,1.428192588609421e+25,inf,inf,inf
567600,1.4424012014083546e+25,inf,1.4425454415284954e+25,inf,inf,inf
567700,1.456896846084867e+25,inf,1.4570425357694753e+25,inf,inf,inf
567800,1.471538167092196e+25,inf,1.4716853209089053e+25,inf,inf,inf
567900,1.486326628428242e+25,inf,1.4864752610910849e+25,inf,inf,inf
568000,1.5012637088035895e+25,inf,1.50141383517447e+25,inf,inf,inf
568100,1.5163509017893624e+25,inf,1.5165025368795412e+25,inf,inf,inf
568200,1.5315897159665725e+25,inf,1.5317428749381691e+25,inf,inf,inf
568300,1.5469816750769602e+25,inf,1.547136373244468e+25,inf,inf,inf
568400,1.562528318175355e+25,inf,1.5626845710071725e+25,inf,inf,inf
568500,1.5782311997835659e+25,inf,1.5783890229035441e+25,inf,inf,inf
568600,1.5940918900458248e+25,inf,1.5942512992348292e+25,inf,inf,inf
568700,1.610111974885778e+25,inf,1.6102729860832665e+25,inf,inf,inf
568800,1.626293056165073e+25,inf,1.6264556854706894e+25,inf,inf,inf
568900,1.642636751843522e+25,inf,1.6428010155187063e+25,inf,inf,inf
569000,1.6591446961408867e+25,inf,1.6593106106105009e+25,inf,inf,inf
569100,1.6758185397002892e+25,inf,1.6759861215542592e+25,inf,inf,inf
569200,1.6926599497532536e+25,inf,1.6928292157482288e+25,inf,inf,inf
569300,1.7096706102864171e+25,inf,1.7098415773474457e+25,inf,inf,inf
569400,1.726852222209916e+25,inf,1.727024907432137e+25,inf,inf,inf
569500,1.7442065035274562e+25,inf,1.744380924177809e+25,inf,inf,inf
569600,1.761735189508104e+25,inf,1.761911363027055e+25,inf,inf,inf
569700,1.7794400328597882e+25,inf,1.779617976863074e+25,inf,inf,inf
569800,1.797322803904565e+25,inf,1.7975025361849554e+25,inf,inf,inf
569900,1.815385290755625e+25,inf,1.8155668292847007e+25,inf,inf,inf
570000,1.8336292994960957e+25,inf,1.8338126624260452e+25,inf,inf,inf
570100,1.8520566543596274e+25,inf,1.8522418600250634e+25,inf,inf,inf
570200,1.8706691979128023e+25,inf,1.8708562648325936e+25,inf,inf,inf
570300,1.889468791239377e+25,inf,1.8896577381185008e+25,inf,inf,inf
570400,1.9084573141263673e+25,inf,1.90864815985778e+25,inf,inf,inf
570500,1.9276366652520144e+25,inf,1.9278294289185397e+25,inf,inf,inf
570600,1.9470087623756337e+25,inf,1.9472034632518714e+25,inf,inf,inf
570700,1.966575542529376e+25,inf,1.966772200083629e+25,inf,inf,inf
570800,1.9863389622119077e+25,inf,1.986537596108129e+25,inf,inf,inf
570900,2.0063009975840474e+25,inf,2.006501627683806e+25,inf,inf,inf
571000,2.0264636446663654e+25,inf,2.026666291030832e+25,inf,inf,inf
571100,2.0468289195387573e+25,inf,2.0470336024307114e+25,inf,inf,inf
571200,2.06739885854205e+25,inf,2.0676055984279045e+25,inf,inf,inf
571300,2.088175518481594e+25,inf,2.088384336033442e+25,inf,inf,inf
571400,2.1091609768329498e+25,inf,2.109371892930633e+25,inf,inf,inf
571500,2.1303573319496e+25,inf,2.1305703676827953e+25,inf,inf,inf
571600,2.1517667032727737e+25,inf,2.151981879943101e+25,inf,inf,inf
571700,2.1733912315433655e+25,inf,2.17360857066652e+25,inf,inf,inf
571800,2.1952330790159965e+25,inf,2.1954526023238982e+25,inf,inf,inf
571900,2.2172944296752095e+25,inf,2.217516159118177e+25,inf,inf,inf
572000,2.2395774894538594e+25,inf,2.2398014472028047e+25,inf,inf,inf
572100,2.2620844864536815e+25,inf,2.2623106949023267e+25,inf,inf,inf
572200,2.2848176711680774e+25,inf,2.2850461529351943e+25,inf,inf,inf
572300,2.307779316707147e+25,inf,2.3080100946388178e+25,inf,inf,inf
572400,2.3309717190249815e+25,inf,2.331204816196884e+25,inf,inf,inf
572500,2.3543971971492295e+25,inf,2.3546326368689444e+25,inf,inf,inf
572600,2.378058093412991e+25,inf,2.3782958992223324e+25,inf,inf,inf
572700,2.4019567736890205e+25,inf,2.4021969693663895e+25,inf,inf,inf
572800,2.426095627626289e+25,inf,2.4263382371890517e+25,inf,inf,inf
572900,2.450477068888934e+25,inf,2.4507221165958226e+25,inf,inf,inf
573000,2.4751035353976086e+25,inf,2.4753510457511485e+25,inf,inf,inf
573100,2.499977489573237e+25,inf,2.500227487322194e+25,inf,inf,inf
573200,2.5251014185832424e+25,inf,2.5253539287251007e+25,inf,inf,inf
573300,2.550477834590247e+25,inf,2.550732882373706e+25,inf,inf,inf
573400,2.576109275003249e+25,inf,2.5763668859307494e+25,inf,inf,inf
573500,2.601998302731357e+25,inf,2.60225850256163e+25,inf,inf,inf
573600,2.6281475064400426e+25,inf,2.6284103211906867e+25,inf,inf,inf
573700,2.6545595008099955e+25,inf,2.6548249567600764e+25,inf,inf,inf
573800,2.6812369267985675e+25,inf,2.6815050504912474e+25,inf,inf,inf
573900,2.7081824519038327e+25,inf,2.708453270149023e+25,inf,inf,inf
574000,2.7353987704313213e+25,inf,2.735672310308364e+25,inf,inf,inf
574100,2.762888603763423e+25,inf,2.763164892623799e+25,inf,inf,inf
574200,2.790654700631502e+25,inf,2.7909337661015654e+25,inf,inf,inf
574300,2.8186998373907445e+25,inf,2.8189817073744837e+25,inf,inf,inf
574400,2.847026818297763e+25,inf,2.8473115209795928e+25,inf,inf,inf
574500,2.8756384757910106e+25,inf,2.8759260396385896e+25,inf,inf,inf
574600,2.904537670773981e+25,inf,2.9048281245410584e+25,inf,inf,inf
574700,2.9337272929012867e+25,inf,2.934020665630577e+25,inf,inf,inf
574800,2.963210260867591e+25,inf,2.9635065818936773e+25,inf,inf,inf
574900,2.9929895226994526e+25,inf,2.9932888216517224e+25,inf,inf,inf
575000,3.0230680560500987e+25,inf,3.023370362855704e+25,inf,inf,inf
575100,3.0534488684971682e+25,inf,3.0537542133840178e+25,inf,inf,inf
575200,3.0841349978434368e+25,inf,3.084443411343221e+25,inf,inf,inf
575300,3.1151295124205765e+25,inf,3.1154410253718186e+25,inf,inf,inf
575400,3.1464355113959496e+25,inf,3.1467501549470893e+25,inf,inf,inf
575500,3.1780561250825022e+25,inf,3.1783739306950104e+25,inf,inf,inf
575600,3.209994515251774e+25,inf,3.210315514703299e+25,inf,inf,inf
575700,3.2422538754500406e+25,inf,3.2425781008375855e+25,inf,inf,inf
575800,3.2748374313176297e+25,inf,3.2751649150607613e+25,inf,inf,inf
575900,3.3077484409114704e+25,inf,3.3080792157555613e+25,inf,inf,inf
576000,3.3409901950308658e+25,inf,3.3413242940503687e+25,inf,inf,inf
576100,3.3745660175465356e+25,inf,3.3749034741482903e+25,inf,inf,inf
576200,3.408479265732978e+25,inf,3.408820113659551e+25,inf,inf,inf
576300,3.4427333306041677e+25,inf,3.443077603937228e+25,inf,inf,inf
576400,3.477331637252618e+25,inf,3.477679370416343e+25,inf,inf,inf
576500,3.5122776451918724e+25,inf,3.5126288729563916e+25,inf,inf,inf
576600,3.5475748487024118e+25,inf,3.547929606187282e+25,inf,inf,inf
576700,3.5832267771810536e+25,inf,3.5835850998587718e+25,inf,inf,inf
576800,3.619236995493868e+25,inf,3.6195989191934173e+25,inf,inf,inf
576900,3.6556091043326163e+25,inf,3.6559746652430497e+25,inf,inf,inf
577000,3.6923467405747993e+25,inf,3.6927159752488566e+25,inf,inf,inf
577100,3.729453577647305e+25,inf,3.72982652300507e+25,inf,inf,inf
577200,3.7669333258937274e+25,inf,3.7673100192263168e+25,inf,inf,inf
577300,3.80478973294535e+25,inf,3.8051702119186445e+25,inf,inf,inf
577400,3.843026584095892e+25,inf,3.8434108867543017e+25,inf,inf,inf
577500,3.881647702679992e+25,inf,3.88203586745026e+25,inf,inf,inf
577600,3.920656950455509e+25,inf,3.921049016150554e+25,inf,inf,inf
577700,3.960058227989676e+25,inf,3.960454233812475e+25,inf,inf,inf
577800,3.999855475049081e+25,inf,4.000255460596586e+25,inf,inf,inf
577900,4.040052670993656e+25,inf,4.040456676260755e+25,inf,inf,inf
578000,4.080653835174561e+25,inf,4.081061900558078e+25,inf,inf,inf
578100,4.121663027336059e+25,inf,4.122075193638792e+25,inf,inf,inf
578200,4.163084348021485e+25,inf,4.163500656456288e+25,inf,inf,inf
578300,4.2049219389832405e+25,inf,4.205342431177139e+25,inf,inf,inf
578400,4.24717998359694e+25,inf,4.247604701595299e+25,inf,inf,inf
578500,4.2898627072797135e+25,inf,4.290291693550441e+25,inf,inf,inf
578600,4.332974377912703e+25,inf,4.333407675350495e+25,inf,inf,inf
578700,4.37651930626781e+25,inf,4.376956958198437e+25,inf,inf,inf
578800,4.420501846438746e+25,inf,4.42094389662339e+25,inf,inf,inf
578900,4.464926396276388e+25,inf,4.465372888916016e+25,inf,inf,inf
579000,4.5097973978285274e+25,inf,4.51024837756831e+25,inf,inf,inf
579100,4.555119337784032e+25,inf,4.55557484971781e+25,inf,inf,inf
579200,4.600896747921483e+25,inf,4.601356837596275e+25,inf,inf,inf
579300,4.647134205562304e+25,inf,4.64759891898286e+25,inf,inf,inf
579400,4.6938363340284465e+25,inf,4.6943057176618494e+25,inf,inf,inf
579500,4.7410078031046935e+25,inf,4.741481903885004e+25,inf,inf,inf
579600,4.788653329505576e+25,inf,4.789132194838527e+25,inf,inf,inf
579700,4.836777677347033e+25,inf,4.837261355114768e+25,inf,inf,inf
579800,4.885385658622734e+25,inf,4.885874197188596e+25,inf,inf,inf
579900,4.934482133685272e+25,inf,4.93497558189864e+25,inf,inf,inf
580000,4.984072011732141e+25,inf,4.984570418933314e+25,inf,inf,inf
580100,5.034160251296605e+25,inf,5.0346636673217345e+25,inf,inf,inf
580200,5.084751860743521e+25,inf,5.085260335929595e+25,inf,inf,inf
580300,5.1358518987701135e+25,inf,5.136365483959991e+25,inf,inf,inf
580400,5.187465474911807e+25,inf,5.1879842214592986e+25,inf,inf,inf
580500,5.239597750053125e+25,inf,5.24012170982813e+25,inf,inf,inf
580600,5.29225393694375e+25,inf,5.292783162337444e+25,inf,inf,inf
580700,5.345439300719724e+25,inf,5.345973844649797e+25,inf,inf,inf
580800,5.399159159429932e+25,inf,5.399699075345875e+25,inf,inf,inf
580900,5.453418884567858e+25,inf,5.453964226456315e+25,inf,inf,inf
581000,5.50822390160867e+25,inf,5.508774723998831e+25,inf,inf,inf
581100,5.563579690551737e+25,inf,5.564136048520792e+25,inf,inf,inf
581200,5.619491786468569e+25,inf,5.620053735647215e+25,inf,inf,inf
581300,5.675965780056269e+25,inf,5.676533376634275e+25,inf,inf,inf
581400,5.733007318196557e+25,inf,5.733580618928377e+25,inf,inf,inf
581500,5.790622104520414e+25,inf,5.7912011667308664e+25,inf,inf,inf
581600,5.848815899978377e+25,inf,5.849400781568374e+25,inf,inf,inf
581700,5.907594523416589e+25,inf,5.908185282868931e+25,inf,inf,inf
581800,5.9669638521586455e+25,inf,5.9675605485438616e+25,inf,inf,inf
581900,6.0269298225932445e+25,inf,6.027532515575503e+25,inf,inf,inf
582000,6.087498430767782e+25,inf,6.088107180610859e+25,inf,inf,inf
582100,6.148675732987907e+25,inf,6.1492906005612055e+25,inf,inf,inf
582200,6.210467846423095e+25,inf,6.211088893207737e+25,inf,inf,inf
582300,6.272880949718317e+25,inf,6.273508237813289e+25,inf,inf,inf
582400,6.335921283611827e+25,inf,6.336554875740189e+25,inf,inf,inf
582500,6.3995951515591816e+25,inf,6.400235111074338e+25,inf,inf,inf
582600,6.463908920363556e+25,inf,6.464555311255592e+25,inf,inf,inf
582700,6.52886902081233e+25,inf,6.529521907714412e+25,inf,inf,inf
582800,6.594481948320138e+25,inf,6.5951413965149705e+25,inf,inf,inf
582900,6.660754263578324e+25,inf,6.661420339004682e+25,inf,inf,inf
583000,6.727692593210967e+25,inf,6.728365362470288e+25,inf,inf,inf
583100,6.795303630437482e+25,inf,6.795983160800526e+25,inf,inf,inf
583200,6.863594135741868e+25,inf,6.8642804951554425e+25,inf,inf,inf
583300,6.932570937548718e+25,inf,6.933264194642473e+25,inf,inf,inf
583400,7.002240932905972e+25,inf,7.002941156999263e+25,inf,inf,inf
583500,7.072611088174577e+25,inf,7.073318349283395e+25,inf,inf,inf
583600,7.143688439725055e+25,inf,7.1444028085690275e+25,inf,inf,inf
583700,7.2154800946410705e+25,inf,7.216201642650534e+25,inf,inf,inf
583800,7.287993231430083e+25,inf,7.288722030753225e+25,inf,inf,inf
583900,7.3612351007411165e+25,inf,7.36197122425119e+25,inf,inf,inf
584000,7.43521302608978e+25,inf,7.435956547392389e+25,inf,inf,inf
584100,7.5099344045905305e+25,inf,7.510685398030989e+25,inf,inf,inf
584200,7.585406707696325e+25,inf,7.586165248367095e+25,inf,inf,inf
584300,7.6616374819457065e+25,inf,7.662403645693901e+25,inf,inf,inf
584400,7.738634349717371e+25,inf,7.739408213152344e+25,inf,inf,inf
584500,7.816405009992348e+25,inf,7.817186650493347e+25,inf,inf,inf
584600,7.894957239123825e+25,inf,7.895746734847737e+25,inf,inf,inf
584700,7.974298891614713e+25,inf,7.975096321503875e+25,inf,inf,inf
584800,8.05443790090303e+25,inf,8.05524334469312e+25,inf,inf,inf
584900,8.135382280155142e+25,inf,8.136195818383158e+25,inf,inf,inf
585000,8.217140123067069e+25,inf,8.217961837079376e+25,inf,inf,inf
585100,8.299719604673705e+25,inf,8.300549576634173e+25,inf,inf,inf
585200,8.383128982166296e+25,inf,8.383967295064513e+25,inf,inf,inf
585300,8.467376595718056e+25,inf,8.468223333377627e+25,inf,inf,inf
585400,8.552470869318143e+25,inf,8.553326116405076e+25,inf,inf,inf
585500,8.638420311613963e+25,inf,8.639284153645123e+25,inf,inf,inf
585600,8.725233516761907e+25,inf,8.726106040113582e+25,inf,inf,inf
585700,8.812919165286794e+25,inf,8.813800457203323e+25,inf,inf,inf
585800,8.901486024949758e+25,inf,8.902376173552253e+25,inf,inf,inf
585900,8.990942951624959e+25,inf,8.99184204592012e+25,inf,inf,inf
586000,9.08129889018512e+25,inf,9.08220702007414e+25,inf,inf,inf
586100,9.172562875395886e+25,inf,9.173480131683424e+25,inf,inf,inf
586200,9.264744032819266e+25,inf,9.265670507222547e+25,inf,inf,inf
586300,9.357851579726084e+25,inf,9.358787364884056e+25,inf,inf,inf
586400,9.45189482601761e+25,inf,9.452840015500213e+25,inf,inf,inf
586500,9.546883175156476e+25,inf,9.547837863473991e+25,inf,inf,inf
586600,9.642826125106959e+25,inf,9.64379040771947e+25,inf,inf,inf
586700,9.73973326928464e+25,inf,9.740707242611569e+25,inf,inf,inf
586800,9.837614297515696e+25,inf,9.838598058945447e+25,inf,inf,inf
586900,9.936478997005769e+25,inf,9.937472644905468e+25,inf,inf,inf
587000,1.0036337253318634e+26,inf,1.0037340887043965e+26,inf,inf,inf
587100,1.013719905136462e+26,inf,1.0138212771269757e+26,inf,inf,inf
587200,1.0239074476399053e+26,inf,1.0240098383846693e+26,inf,inf,inf
587300,1.0341973715030645e+26,inf,1.0343007912402147e+26,inf,inf,inf
587400,1.0445907056240097e+26,inf,1.0446951646945721e+26,inf,inf,inf
587500,1.0550884892408891e+26,inf,1.0551939980898132e+26,inf,inf,inf
587600,1.0656917720358429e+26,inf,1.0657983412130464e+26,inf,inf,inf
587700,1.076401614239961e+26,inf,1.076509254401385e+26,inf,inf,inf
587800,1.087219086739298e+26,inf,1.087327808647972e+26,inf,inf,inf
587900,1.0981452711819531e+26,inf,1.0982550857090714e+26,inf,inf,inf
588000,1.1091812600862208e+26,inf,1.1092921782122295e+26,inf,inf,inf
588100,1.1203281569498372e+26,inf,1.1204401897655321e+26,inf,inf,inf
588200,1.1315870763603166e+26,inf,1.1317002350679526e+26,inf,inf,inf
588300,1.1429591441064026e+26,inf,1.1430734400208132e+26,inf,inf,inf
588400,1.154445497290634e+26,inf,1.1545609418403631e+26,inf,inf,inf
588500,1.1660472844430467e+26,inf,1.166163889171491e+26,inf,inf,inf
588600,1.1777656656360142e+26,inf,1.1778834422025779e+26,inf,inf,inf
588700,1.1896018126002459e+26,inf,1.1897207727815059e+26,inf,inf,inf
588800,1.2015569088419511e+26,inf,1.2016770645328353e+26,inf,inf,inf
588900,1.213632149761172e+26,inf,1.213753512976148e+26,inf,inf,inf
589000,1.2258287427713218e+26,inf,1.2259513256455989e+26,inf,inf,inf
589100,1.2381479074199082e+26,inf,1.2382717222106501e+26,inf,inf,inf
589200,1.2505908755104783e+26,inf,1.2507159345980293e+26,inf,inf,inf
589300,1.2631588912257916e+26,inf,1.2632852071149142e+26,inf,inf,inf
589400,1.2758532112522212e+26,inf,1.2759807965733464e+26,inf,inf,inf
589500,1.2886751049054158e+26,inf,1.2888039724159064e+26,inf,inf,inf
589600,1.3016258542572166e+26,inf,1.3017560168426423e+26,inf,inf,inf
589700,1.3147067542638508e+26,inf,1.3148382249392772e+26,inf,inf,inf
589800,1.3279191128954244e+26,inf,1.328051904806714e+26,inf,inf,inf
589900,1.3412642512666943e+26,inf,1.341398377691821e+26,inf,inf,inf
590000,1.3547435037691786e+26,inf,1.3548789781195554e+26,inf,inf,inf
590100,1.3683582182045771e+26,inf,1.3684950540263976e+26,inf,inf,inf
590200,1.3821097559195423e+26,inf,1.3822479668951343e+26,inf,inf,inf
590300,1.3959994919418002e+26,inf,1.3961390918909943e+26,inf,inf,inf
590400,1.4100288151176401e+26,inf,1.4101698179991519e+26,inf,inf,inf
590500,1.4241991282507901e+26,inf,1.4243415481636152e+26,inf,inf,inf
590600,1.4385118482426786e+26,inf,1.4386556994275028e+26,inf,inf,inf
590700,1.4529684062341147e+26,inf,1.453113703074738e+26,inf,inf,inf
590800,1.4675702477483909e+26,inf,1.4677170047731656e+26,inf,inf,inf
590900,1.482318832835819e+26,inf,1.4824670647191025e+26,inf,inf,inf
591000,1.4972156362197239e+26,inf,1.4973653577833459e+26,inf,inf,inf
591100,1.5122621474439013e+26,inf,1.5124133736586457e+26,inf,inf,inf
591200,1.5274598710215589e+26,inf,1.527612617008661e+26,inf,inf,inf
591300,1.5428103265857528e+26,inf,1.5429646076184114e+26,inf,inf,inf
591400,1.5583150490413394e+26,inf,1.5584708805462437e+26,inf,inf,inf
591500,1.57397558871845e+26,inf,1.574132986277322e+26,inf,inf,inf
591600,1.5897935115275062e+26,inf,1.589952490878659e+26,inf,inf,inf
591700,1.6057703991158015e+26,inf,1.605930976155713e+26,inf,inf,inf
591800,1.6219078490256568e+26,inf,1.6220700398105594e+26,inf,inf,inf
591900,1.638207474854148e+26,inf,1.6383712956016335e+26,inf,inf,inf
592000,1.654670906414457e+26,inf,1.6548363735050986e+26,inf,inf,inf
592100,1.6712997898988325e+26,inf,1.6714669198778224e+26,inf,inf,inf
592200,1.688095788043208e+26,inf,1.6882645976220122e+26,inf,inf,inf
592300,1.70506058029345e+26,inf,1.7052310863514792e+26,inf,inf,inf
592400,1.7221958629732814e+26,inf,1.7223680825595788e+26,inf,inf,inf
592500,1.7395033494539098e+26,inf,1.739677299788855e+26,inf,inf,inf
592600,1.7569847703253458e+26,inf,1.7571604688023783e+26,inf,inf,inf
592700,1.774641873569444e+26,inf,1.774819337756801e+26,inf,inf,inf
592800,1.7924764247346842e+26,inf,1.7926556723771578e+26,inf,inf,inf
592900,1.8104902071127127e+26,inf,1.810671256133424e+26,inf,inf,inf
593000,1.8286850219166542e+26,inf,1.8288678904188457e+26,inf,inf,inf
593100,1.8470626884612196e+26,inf,1.8472473947300656e+26,inf,inf,inf
593200,1.865625044344613e+26,inf,1.8658116068490472e+26,inf,inf,inf
593300,1.8843739456322803e+26,inf,1.8845623830268437e+26,inf,inf,inf
593400,1.9033112670425032e+26,inf,1.9035015981692075e+26,inf,inf,inf
593500,1.9224389021338425e+26,inf,1.9226311460240558e+26,inf,inf,inf
593600,1.9417587634944864e+26,inf,1.9419529393708358e+26,inf,inf,inf
593700,1.9612727829334853e+26,inf,1.9614689102117787e+26,inf,inf,inf
593800,1.9809829116739198e+26,inf,1.981181009965087e+26,inf,inf,inf
593900,2.000891120548002e+26,inf,2.0010912096600568e+26,inf,inf,inf
594000,2.020999400194144e+26,inf,2.0212015001341635e+26,inf,inf,inf
594100,2.0413097612559987e+26,inf,2.0415138922321244e+26,inf,inf,inf
594200,2.061824234583509e+26,inf,2.0620304170069675e+26,inf,inf,inf
594300,2.0825448714359755e+26,inf,2.082753125923119e+26,inf,inf,inf
594400,2.1034737436871576e+26,inf,2.1036840910615264e+26,inf,inf,inf
594500,2.1246129440324518e+26,inf,2.124825405326855e+26,inf,inf,inf
594600,2.1459645861981274e+26,inf,2.1461791826567474e+26,inf,inf,inf
594700,2.167530805152695e+26,inf,2.1677475582332102e+26,inf,inf,inf
594800,2.189313757320377e+26,inf,2.189532688696109e+26,inf,inf,inf
594900,2.211315620796729e+26,inf,2.2115367523588087e+26,inf,inf,inf
595000,2.2335385955664335e+26,inf,2.23376194942599e+26,inf,inf,inf
595100,2.255984903723271e+26,inf,2.2562105022136434e+26,inf,inf,inf
595200,2.2786567896923183e+26,inf,2.2788846553712876e+26,inf,inf,inf
595300,2.3015565204543617e+26,inf,2.3017866761064072e+26,inf,inf,inf
595400,2.3246863857725824e+26,inf,2.3249188544111597e+26,inf,inf,inf
595500,2.3480486984215047e+26,inf,2.3482835032913468e+26,inf,inf,inf
595600,2.371645794418257e+26,inf,2.371882958997699e+26,inf,inf,inf
595700,2.3954800332561506e+26,inf,2.3957195812594763e+26,inf,inf,inf
595800,2.4195537981406053e+26,inf,2.4197957535204193e+26,inf,inf,inf
595900,2.443869496227452e+26,inf,2.4441138831770748e+26,inf,inf,inf
596000,2.468429558863623e+26,inf,2.468676401819509e+26,inf,inf,inf
596100,2.4932364418302682e+26,inf,2.4934857654744513e+26,inf,inf,inf
596200,2.5182926255883044e+26,inf,2.5185444548508634e+26,inf,inf,inf
596300,2.5436006155264472e+26,inf,2.5438549755879998e+26,inf,inf,inf
596400,2.5691629422117187e+26,inf,2.5694198585059397e+26,inf,inf,inf
596500,2.5949821616424854e+26,inf,2.5952416598586497e+26,inf,inf,inf
596600,2.621060855504033e+26,inf,2.6213229615895834e+26,inf,inf,inf
596700,2.6474016314267115e+26,inf,2.647666371589854e+26,inf,inf,inf
596800,2.674007123246677e+26,inf,2.6742745239590017e+26,inf,inf,inf
596900,2.7008799912692494e+26,inf,2.7011500792683764e+26,inf,inf,inf
597000,2.7280229225349133e+26,inf,2.7282957248271667e+26,inf,inf,inf
597100,2.755438631088007e+26,inf,2.7557141749511157e+26,inf,inf,inf
597200,2.7831298582480966e+26,inf,2.7834081712339214e+26,inf,inf,inf
597300,2.8110993728840827e+26,inf,2.811380482821371e+26,inf,inf,inf
597400,2.839349971691061e+26,inf,2.83963390668823e+26,inf,inf,inf
597500,2.8678844794699715e+26,inf,2.8681712679179185e+26,inf,inf,inf
597600,2.8967057494100455e+26,inf,2.8969954199849866e+26,inf,inf,inf
597700,2.925816663374106e+26,inf,2.9261092450404434e+26,inf,inf,inf
597800,2.955220132186721e+26,inf,2.9555156541999396e+26,inf,inf,inf
597900,2.984919095925259e+26,inf,2.9852175878348515e+26,inf,inf,inf
598000,3.0149165242138787e+26,inf,3.0152180158663e+26,inf,inf,inf
598100,3.0452154165204547e+26,inf,3.0455199380621066e+26,inf,inf,inf
598200,3.0758188024564982e+26,inf,3.0761263843367438e+26,inf,inf,inf
598300,3.106729742080096e+26,inf,3.107040415054304e+26,inf,inf,inf
598400,3.137951326201886e+26,inf,3.138265121334506e+26,inf,inf,inf
598500,3.169486676694102e+26,inf,3.1698036253617716e+26,inf,inf,inf
598600,3.2013389468027475e+26,inf,3.2016590806974275e+26,inf,inf,inf
598700,3.233511321462876e+26,inf,3.2338346725950225e+26,inf,inf,inf
598800,3.266007017617067e+26,inf,3.2663336183188285e+26,inf,inf,inf
598900,3.2988292845370786e+26,inf,3.299159167465532e+26,inf,inf,inf
599000,3.331981404148761e+26,inf,3.332314602289176e+26,inf,inf,inf
599100,3.3654666913602015e+26,inf,3.365803238029338e+26,inf,inf,inf
599200,3.3992884943932e+26,inf,3.399628423242639e+26,inf,inf,inf
599300,3.43345019511805e+26,inf,3.433793540137562e+26,inf,inf,inf
599400,3.467955209391704e+26,inf,3.468302004912643e+26,inf,inf,inf
599500,3.5028069873993214e+26,inf,3.5031572680980615e+26,inf,inf,inf
599600,3.5380090139992516e+26,inf,3.5383628149006515e+26,inf,inf,inf
599700,3.5735648090714875e+26,inf,3.573922165552395e+26,inf,inf,inf
599800,3.609477927869649e+26,inf,3.6098388756624355e+26,inf,inf,inf
599900,3.645751961376428e+26,inf,3.6461165365725656e+26,inf,inf,inf
600000,3.682390536662703e+26,inf,3.6827587757163695e+26,inf,inf,inf
600100,3.719397317250167e+26,inf,3.719769256981892e+26,inf,inf,inf
600200,3.756776003477682e+26,inf,3.75715168107803e+26,inf,inf,inf
600300,3.794530332871256e+26,inf,3.794909785904543e+26,inf,inf,inf
600400,3.8326640805177786e+26,inf,3.8330473469258303e+26,inf,inf,inf
600500,3.8711810594424795e+26,inf,3.871568177548424e+26,inf,inf,inf
600600,3.910085120990216e+26,inf,3.910476129502315e+26,inf,inf,inf
600700,3.949380155210544e+26,inf,3.949775093226065e+26,inf,inf,inf
600800,3.9890700912467185e+26,inf,3.989468998255843e+26,inf,inf,inf
600900,4.0291588977285414e+26,inf,4.0295618136183145e+26,inf,inf,inf
601000,4.069650583169215e+26,inf,4.0700575482275316e+26,inf,inf,inf
601100,4.110549196366137e+26,inf,4.110960251285773e+26,inf,inf,inf
601200,4.1518588268057565e+26,inf,4.152274012688437e+26,inf,inf,inf
601300,4.193583605072477e+26,inf,4.1940029634329844e+26,inf,inf,inf
601400,4.23572770326168e+26,inf,4.236151276032006e+26,inf,inf,inf
601500,4.278295335396886e+26,inf,4.2787231649304254e+26,inf,inf,inf
601600,4.321290757851147e+26,inf,4.321722886926932e+26,inf,inf,inf
601700,4.3647182697726196e+26,inf,4.3651547415995966e+26,inf,inf,inf
601800,4.408582213514433e+26,inf,4.409023071735784e+26,inf,inf,inf
601900,4.452886975068914e+26,inf,4.453332263766421e+26,inf,inf,inf
602000,4.4976369845061245e+26,inf,4.498086748204575e+26,inf,inf,inf
602100,4.542836716416829e+26,inf,4.5432910000884707e+26,inf,inf,inf
602200,4.5884906903599235e+26,inf,4.58894953942896e+26,inf,inf,inf
602300,4.634603471314345e+26,inf,4.6350669316614766e+26,inf,inf,inf
602400,4.6811796701355166e+26,inf,4.6816477881025304e+26,inf,inf,inf
602500,4.728223944016415e+26,inf,4.728696766410817e+26,inf,inf,inf
602600,4.7757409969532225e+26,inf,4.776218571052918e+26,inf,inf,inf
602700,4.8237355802156934e+26,inf,4.8242179537737146e+26,inf,inf,inf
602800,4.872212492822238e+26,inf,4.87269971407152e+26,inf,inf,inf
602900,4.921176582019789e+26,inf,4.921668699677991e+26,inf,inf,inf
603000,4.97063274376846e+26,inf,4.971129807042837e+26,inf,inf,inf
603100,5.0205859232311155e+26,inf,5.021087981823439e+26,inf,inf,inf
603200,5.07104111526784e+26,inf,5.071548219379366e+26,inf,inf,inf
603300,5.12200336493536e+26,inf,5.122515565271853e+26,inf,inf,inf
603400,5.1734777679915296e+26,inf,5.1739951157683284e+26,inf,inf,inf
603500,5.225469471404851e+26,inf,5.225992018351991e+26,inf,inf,inf
603600,5.2779836738691055e+26,inf,5.278511472236492e+26,inf,inf,inf
603700,5.3310256263232015e+26,inf,5.331558728885834e+26,inf,inf,inf
603800,5.38460063247621e+26,inf,5.3851390925394574e+26,inf,inf,inf
603900,5.438714049337679e+26,inf,5.439257920742613e+26,inf,inf,inf
604000,5.4933712877532945e+26,inf,5.49392062488207e+26,inf,inf,inf
604100,5.548577812945921e+26,inf,5.549132670727216e+26,inf,inf,inf
604200,5.604339145062053e+26,inf,5.604899578976559e+26,inf,inf,inf
604300,5.6606608597238006e+26,inf,5.661226925809773e+26,inf,inf,inf
604400,5.717548588586393e+26,inf,5.7181203434452516e+26,inf,inf,inf
604500,5.775008019901283e+26,inf,5.775585520703273e+26,inf,inf,inf
604600,5.8330448990849404e+26,inf,5.8336282035748486e+26,inf,inf,inf
604700,5.891665029293315e+26,inf,5.892254195796244e+26,inf,inf,inf
604800,5.9508742720021246e+26,inf,5.9514693594293245e+26,inf,inf,inf
604900,6.010678547592932e+26,inf,6.011279615447691e+26,inf,inf,inf
605000,6.0710838359451314e+26,inf,6.071690944328726e+26,inf,inf,inf
605100,6.132096177033898e+26,inf,6.132709386651601e+26,inf,inf,inf
605200,6.193721671534101e+26,inf,6.194341043701254e+26,inf,inf,inf
605300,6.255966481430335e+26,inf,6.256592078078477e+26,inf,inf,inf
605400,6.318836830633067e+26,inf,6.31946871431613e+26,inf,inf,inf
605500,6.382339005600946e+26,inf,6.382977239501506e+26,inf,inf,inf
605600,6.44647935596942e+26,inf,6.447124003905016e+26,inf,inf,inf
605700,6.511264295185608e+26,inf,6.511915421615126e+26,inf,inf,inf
605800,6.576700301149633e+26,inf,6.577357971179747e+26,inf,inf,inf
605900,6.642793916862298e+26,inf,6.643458196253984e+26,inf,inf,inf
606000,6.709551751079371e+26,inf,6.710222706254479e+26,inf,inf,inf
606100,6.77698047897238e+26,inf,6.777658177020277e+26,inf,inf,inf
606200,6.845086842796063e+26,inf,6.845771351480343e+26,inf,inf,inf
606300,6.913877652562552e+26,inf,6.914569040327808e+26,inf,inf,inf
606400,6.983359786722293e+26,inf,6.984058122700965e+26,inf,inf,inf
606500,7.053540192851825e+26,inf,7.05424554687111e+26,inf,inf,inf
606600,7.124425888348498e+26,inf,7.125138330937332e+26,inf,inf,inf
606700,7.196023961132134e+26,inf,7.196743563528247e+26,inf,inf,inf
606800,7.268341570353755e+26,inf,7.26906840451079e+26,inf,inf,inf
606900,7.34138594711141e+26,inf,7.342120085706121e+26,inf,inf,inf
607000,7.415164395173268e+26,inf,7.415905911612786e+26,inf,inf,inf
607100,7.48968429170788e+26,inf,7.490433260137051e+26,inf,inf,inf
607200,7.564953088021858e+26,inf,7.56570958333066e+26,inf,inf,inf
607300,7.640978310304934e+26,inf,7.641742408135965e+26,inf,inf,inf
607400,7.717767560382491e+26,inf,7.71853933713853e+26,inf,inf,inf
607500,7.79532851647569e+26,inf,7.796108049327338e+26,inf,inf,inf
607600,7.873668933969233e+26,inf,7.87445630086263e+26,inf,inf,inf
607700,7.952796646186788e+26,inf,7.953591925851407e+26,inf,inf,inf
607800,8.032719565174314e+26,inf,8.033522837130831e+26,inf,inf,inf
607900,8.113445682491141e+26,inf,8.11425702705939e+26,inf,inf,inf
608000,8.19498307000908e+26,inf,8.19580256831608e+26,inf,inf,inf
608100,8.277339880719513e+26,inf,8.278167614707585e+26,inf,inf,inf
608200,8.360524349548625e+26,inf,8.36136040198358e+26,inf,inf,inf
608300,8.444544794180838e+26,inf,8.445389248660256e+26,inf,inf,inf
608400,8.529409615890505e+26,inf,8.530262556852094e+26,inf,inf,inf
608500,8.615127300381929e+26,inf,8.615988813111968e+26,inf,inf,inf
608600,8.70170641863787e+26,inf,8.702576589279734e+26,inf,inf,inf
608700,8.789155627776593e+26,inf,8.790034543339371e+26,inf,inf,inf
608800,8.877483671917445e+26,inf,8.878371420284637e+26,inf,inf,inf
608900,8.966699383055241e+26,inf,8.967596052993546e+26,inf,inf,inf
609000,9.056811681943343e+26,inf,9.057717363111538e+26,inf,inf,inf
609100,9.14782957898568e+26,inf,9.148744361943579e+26,inf,inf,inf
609200,9.2397621751377e+26,inf,9.240686151355213e+26,inf,inf,inf
609300,9.332618662816367e+26,inf,9.333551924682649e+26,inf,inf,inf
609400,9.426408326819331e+26,inf,9.427350967652013e+26,inf,inf,inf
609500,9.521140545253334e+26,inf,9.522092659307859e+26,inf,inf,inf
609600,9.616824790471899e+26,inf,9.617786472950946e+26,inf,inf,inf
609700,9.713470630022533e+26,inf,9.714441977085536e+26,inf,inf,inf
609800,9.81108772760333e+26,inf,9.81206883637609e+26,inf,inf,inf
609900,9.909685844029298e+26,inf,9.9106768126137e+26,inf,inf,inf
610000,1.0009274838208341e+27,inf,1.0010275765692162e+27,inf,inf,inf
610100,1.0109864668127055e+27,inf,1.0110875654593867e+27,inf,inf,inf
610200,1.0211465391846431e+27,inf,1.0212486538385616e+27,inf,inf,inf
610300,1.0314087168507577e+27,inf,1.0315118577224427e+27,inf,inf,inf
610400,1.0417740259347545e+27,inf,1.041878203337348e+27,inf,inf,inf
610500,1.0522435028725327e+27,inf,1.05234872722282e+27,inf,inf,inf
610600,1.0628181945158255e+27,inf,1.0629244763352771e+27,inf,inf,inf
610700,1.0734991582368694e+27,inf,1.073606508152693e+27,inf,inf,inf
610800,1.084287462034136e+27,inf,1.0843958907803394e+27,inf,inf,inf
610900,1.095184184639121e+27,inf,1.0952937030575849e+27,inf,inf,inf
611000,1.1061904156242049e+27,inf,1.1063010346657673e+27,inf,inf,inf
611100,1.1173072555116061e+27,inf,1.1174189862371572e+27,inf,inf,inf
611200,1.128535815883415e+27,inf,1.1286486694650032e+27,inf,inf,inf
611300,1.1398772194927496e+27,inf,1.1399912072146989e+27,inf,inf,inf
611400,1.1513326003760176e+27,inf,1.1514477336360552e+27,inf,inf,inf
611500,1.1629031039663079e+27,inf,1.1630193942767045e+27,inf,inf,inf
611600,1.1745898872079255e+27,inf,1.1747073461966463e+27,inf,inf,inf
611700,1.1863941186720738e+27,inf,1.1865127580839409e+27,inf,inf,inf
611800,1.1983169786737028e+27,inf,1.1984368103715702e+27,inf,inf,inf
611900,1.2103596593895288e+27,inf,1.2104806953554677e+27,inf,inf,inf
612000,1.2225233649772413e+27,inf,1.222645617313739e+27,inf,inf,inf
612100,1.2348093116959073e+27,inf,1.2349327926270769e+27,inf,inf,inf
612200,1.2472187280275874e+27,inf,1.24734344990039e+27,inf,inf,inf
612300,1.25975285480017e+27,inf,1.25987883008565e+27,inf,inf,inf
612400,1.272412945311447e+27,inf,1.272540186605978e+27,inf,inf,inf
612500,1.2852002654544272e+27,inf,1.2853287854809726e+27,inf,inf,inf
612600,1.2981160938439186e+27,inf,1.298245905453303e+27,inf,inf,inf
612700,1.3111617219443737e+27,inf,1.311292838116568e+27,inf,inf,inf
612800,1.324338454199028e+27,inf,1.3244708880444478e+27,inf,inf,inf
612900,1.3376476081603288e+27,inf,1.3377813729211447e+27,inf,inf,inf
613000,1.3510905146216839e+27,inf,1.351225623673146e+27,inf,inf,inf
613100,1.3646685177505206e+27,inf,1.3648049846022956e+27,inf,inf,inf
613200,1.3783829752226975e+27,inf,1.3785208135202198e+27,inf,inf,inf
613300,1.3922352583582568e+27,inf,1.3923744818840926e+27,inf,inf,inf
613400,1.4062267522585435e+27,inf,1.4063673749337693e+27,inf,inf,inf
613500,1.4203588559447033e+27,inf,1.4205008918302978e+27,inf,inf,inf
613600,1.4346329824975697e+27,inf,1.4347764457958195e+27,inf,inf,inf
613700,1.4490505591989644e+27,inf,1.4491954642548843e+27,inf,inf,inf
613800,1.463613027674407e+27,inf,1.4637593889771742e+27,inf,inf,inf
613900,1.4783218440372643e+27,inf,1.478469676221668e+27,inf,inf,inf
614000,1.4931784790343552e+27,inf,1.4933277968822586e+27,inf,inf,inf
614100,1.508184418193004e+27,inf,1.5083352366348233e+27,inf,inf,inf
614200,1.5233411619695832e+27,inf,1.5234934960857802e+27,inf,inf,inf
614300,1.5386502258995463e+27,inf,1.5388040909221362e+27,inf,inf,inf
614400,1.554113140748964e+27,inf,1.5542685520630388e+27,inf,inf,inf
614500,1.5697314526675876e+27,inf,1.5698884258128544e+27,inf,inf,inf
614600,1.5855067233434553e+27,inf,1.5856652740157895e+27,inf,inf,inf
614700,1.6014405301590387e+27,inf,1.6016006742120547e+27,inf,inf,inf
614800,1.617534466348972e+27,inf,1.617696219795607e+27,inf,inf,inf
614900,1.6337901411593579e+27,inf,1.6339535201734737e+27,inf,inf,inf
615000,1.6502091800086804e+27,inf,1.6503742009266813e+27,inf,inf,inf
615100,1.666793224650329e+27,inf,1.666959903972794e+27,inf,inf,inf
615200,1.683543933336757e+27,inf,1.683712287730091e+27,inf,inf,inf
615300,1.7004629809853017e+27,inf,1.7006330272834003e+27,inf,inf,inf
615400,1.7175520593456468e+27,inf,1.7177238145515814e+27,inf,inf,inf
615500,1.734812877168993e+27,inf,1.73498635845671e+27,inf,inf,inf
615600,1.7522471603789107e+27,inf,1.7524223850949485e+27,inf,inf,inf
615700,1.7698566522439203e+27,inf,1.7700336379091446e+27,inf,inf,inf
615800,1.7876431135517992e+27,inf,1.7878218778631542e+27,inf,inf,inf
615900,1.80560832278565e+27,inf,1.8057888836179286e+27,inf,inf,inf
616000,1.8237540763017293e+27,inf,1.8239364517093594e+27,inf,inf,inf
616100,1.8420821885090677e+27,inf,1.8422663967279187e+27,inf,inf,inf
616200,1.8605944920508874e+27,inf,1.8607805515000924e+27,inf,inf,inf
616300,1.879292837987864e+27,inf,1.8794807672716627e+27,inf,inf,inf
616400,1.8981790959832036e+27,inf,1.8983689138928018e+27,inf,inf,inf
616500,1.9172551544895937e+27,inf,1.9174468800050427e+27,inf,inf,inf
616600,1.9365229209380383e+27,inf,1.936716573230132e+27,inf,inf,inf
616700,1.955984321928573e+27,inf,1.9561799203607659e+27,inf,inf,inf
616800,1.9756413034229166e+27,inf,1.975838867553259e+27,inf,inf,inf
616900,1.9954958309390454e+27,inf,1.9956953805221394e+27,inf,inf,inf
617000,2.0155498897477236e+27,inf,2.0157514447366984e+27,inf,inf,inf
617100,2.0358054850710207e+27,inf,2.0360090656195278e+27,inf,inf,inf
617200,2.0562646422828075e+27,inf,2.056470268747036e+27,inf,inf,inf
617300,2.076929407111279e+27,inf,2.07713710005199e+27,inf,inf,inf
617400,2.0978018458435045e+27,inf,2.098011626028089e+27,inf,inf,inf
617500,2.1188840455320415e+27,inf,2.1190959339365947e+27,inf,inf,inf
617600,2.140178114203622e+27,inf,2.1403921320150424e+27,inf,inf,inf
617700,2.1616861810699364e+27,inf,2.1619023496880433e+27,inf,inf,inf
617800,2.1834103967405267e+27,inf,2.1836287377802006e+27,inf,inf,inf
617900,2.2053529334378403e+27,inf,2.205573468731184e+27,inf,inf,inf
618000,2.2275159852144213e+27,inf,2.2277387368129428e+27,inf,inf,inf
618100,2.2499017681723045e+27,inf,2.2501267583491217e+27,inf,inf,inf
618200,2.2725125206845981e+27,inf,2.2727397719366666e+27,inf,inf,inf
618300,2.295350503619308e+27,inf,2.29558003866967e+27,inf,inf,inf
618400,2.3184180005653934e+27,inf,2.31864984236545e+27,inf,inf,inf
618500,2.3417173180611157e+27,inf,2.341951489792922e+27,inf,inf,inf
618600,2.3652507858246652e+27,inf,2.3654873109032477e+27,inf,inf,inf
618700,2.389020756987112e+27,inf,2.3892596590628107e+27,inf,inf,inf
618800,2.413029608327698e+27,inf,2.4132709112885307e+27,inf,inf,inf
618900,2.4372797405114955e+27,inf,2.4375234684855465e+27,inf,inf,inf
619000,2.4617735783294464e+27,inf,2.4620197556872793e+27,inf,inf,inf
619100,2.486513570940827e+27,inf,2.486762222297921e+27,inf,inf,inf
619200,2.5115021921181315e+27,inf,2.511753342337343e+27,inf,inf,inf
619300,2.536741940494435e+27,inf,2.5369956146884845e+27,inf,inf,inf
619400,2.562235339813229e+27,inf,2.56249156334721e+27,inf,inf,inf
619500,2.5879849391807774e+27,inf,2.588243737674696e+27,inf,inf,inf
619600,2.6139933133209945e+27,inf,2.6142547126523266e+27,inf,inf,inf
619700,2.6402630628329044e+27,inf,2.640527089139188e+27,inf,inf,inf
619800,2.666796814450674e+27,inf,2.6670634941321195e+27,inf,inf,inf
619900,2.693597221306258e+27,inf,2.693866581028389e+27,inf,inf,inf
620000,2.720666963194695e+27,inf,2.7209390298910146e+27,inf,inf,inf
620100,2.748008746842052e+27,inf,2.7482835477167365e+27,inf,inf,inf
620200,2.775625306176082e+27,inf,2.7759028687067e+27,inf,inf,inf
620300,2.803519402599585e+27,inf,2.803799754539845e+27,inf,inf,inf
620400,2.83169382526653e+27,inf,2.831976994649057e+27,inf,inf,inf
620500,2.8601513913609423e+27,inf,2.8604374065000783e+27,inf,inf,inf
620600,2.888894946378587e+27,inf,2.889183835873225e+27,inf,inf,inf
620700,2.917927364411508e+27,inf,2.918219157147949e+27,inf,inf,inf
620800,2.947251548435397e+27,inf,2.947546273590241e+27,inf,inf,inf
620900,2.976870430599875e+27,inf,2.977168117642935e+27,inf,inf,inf
621000,3.006786972521677e+27,inf,3.0070876512189295e+27,inf,inf,inf
621100,3.037004165580782e+27,inf,3.03730786599734e+27,inf,inf,inf
621200,3.067525031219523e+27,inf,3.067831783722645e+27,inf,inf,inf
621300,3.098352621244716e+27,inf,3.0986624565068404e+27,inf,inf,inf
621400,3.129490018132803e+27,inf,3.1298029671346166e+27,inf,inf,inf
621500,3.1609403353380653e+27,inf,3.161256429371599e+27,inf,inf,inf
621600,3.192706717603953e+27,inf,3.1930259882757135e+27,inf,inf,inf
621700,3.2247923412775243e+27,inf,3.225114820511652e+27,inf,inf,inf
621800,3.257200414627056e+27,inf,3.2575261346685186e+27,inf,inf,inf
621900,3.289934178162831e+27,inf,3.290263171580647e+27,inf,inf,inf
622000,3.3229969049611696e+27,inf,3.3233292046516657e+27,inf,inf,inf
622100,3.356391900991701e+27,inf,3.3567275401818004e+27,inf,inf,inf
622200,3.390122505447932e+27,inf,3.3904615176984765e+27,inf,inf,inf
622300,3.4241920910811335e+27,inf,3.4245345102902415e+27,inf,inf,inf
622400,3.4586040645375945e+27,inf,3.458949924944048e+27,inf,inf,inf
622500,3.493361866699244e+27,inf,3.4937112028859143e+27,inf,inf,inf
622600,3.5284689730277106e+27,inf,3.5288218199250135e+27,inf,inf,inf
622700,3.5639288939118346e+27,inf,3.564285286801226e+27,inf,inf,inf
622800,3.5997451750186836e+27,inf,3.600105149536185e+27,inf,inf,inf
622900,3.6359213976480806e+27,inf,3.6362849897878456e+27,inf,inf,inf
623000,3.6724611790907015e+27,inf,3.6728284252086106e+27,inf,inf,inf
623100,3.709368172989766e+27,inf,3.709739109807065e+27,inf,inf,inf
623200,3.746646069706378e+27,inf,3.7470207343133485e+27,inf,inf,inf
623300,3.7842985966885257e+27,inf,3.7846770265481945e+27,inf,inf,inf
623400,3.82232951884379e+27,inf,3.8227117517956744e+27,inf,inf,inf
623500,3.8607426389157945e+27,inf,3.861128713179686e+27,inf,inf,inf
623600,3.8995417978644556e+27,inf,3.899931752044242e+27,inf,inf,inf
623700,3.938730875250039e+27,inf,3.939124748337564e+27,inf,inf,inf
623800,3.978313789621077e+27,inf,3.978711621000039e+27,inf,inf,inf
623900,4.0182944989061945e+27,inf,4.0186963283560853e+27,inf,inf,inf
624000,4.058677000809862e+27,inf,4.0590828685099433e+27,inf,inf,inf
624100,4.099465333212129e+27,inf,4.09987527974545e+27,inf,inf,inf
624200,4.140663574572369e+27,inf,4.1410776409298257e+27,inf,inf,inf
624300,4.1822758443371e+27,inf,4.1826940719215335e+27,inf,inf,inf
624400,4.2243063033518805e+27,inf,4.224728733982216e+27,inf,inf,inf
624500,4.266759154277371e+27,inf,4.2671858301927985e+27,inf,inf,inf
624600,4.309638642009541e+27,inf,4.310069605873742e+27,inf,inf,inf
624700,4.352949054104137e+27,inf,4.353384349009547e+27,inf,inf,inf
624800,4.3966947212053867e+27,inf,4.397134390677507e+27,inf,inf,inf
624900,4.44088001747903e+27,inf,4.4413241054807775e+27,inf,inf,inf
625000,4.485509361049697e+27,inf,4.4859579119858016e+27,inf,inf,inf
625100,4.5305872144426746e+27,inf,4.531040273164119e+27,inf,inf,inf
625200,4.576118085030124e+27,inf,4.5765756968386267e+27,inf,inf,inf
625300,4.6221065254817695e+27,inf,4.6225687361343176e+27,inf,inf,inf
625400,4.6685571342201353e+27,inf,4.669023989933557e+27,inf,inf,inf
625500,4.7154745558803306e+27,inf,4.715946103335919e+27,inf,inf,inf
625600,4.7628634817744824e+27,inf,4.7633397681226597e+27,inf,inf,inf
625700,4.810728650360814e+27,inf,4.81120972322585e+27,inf,inf,inf
625800,4.859074847717453e+27,inf,4.8595607552022244e+27,inf,inf,inf
625900,4.9079069080210036e+27,inf,4.9083976987118057e+27,inf,inf,inf
626000,4.957229714029902e+27,inf,4.957725437001305e+27,inf,inf,inf
626100,5.007048197572664e+27,inf,5.007548902392421e+27,inf,inf,inf
626200,5.057367340041009e+27,inf,5.057873076775014e+27,inf,inf,inf
626300,5.108192172887964e+27,inf,5.108702992105253e+27,inf,inf,inf
626400,5.159527778130956e+27,inf,5.160043730908769e+27,inf,inf,inf
626500,5.211379288859973e+27,inf,5.211900426788859e+27,inf,inf,inf
626600,5.263751889750821e+27,inf,5.264278264939796e+27,inf,inf,inf
626700,5.316650817583553e+27,inf,5.317182482665312e+27,inf,inf,inf
626800,5.370081361766086e+27,inf,5.370618369902263e+27,inf,inf,inf
626900,5.424048864863083e+27,inf,5.42459126974957e+27,inf,inf,inf
627000,5.478558723130202e+27,inf,5.479106579002516e+27,inf,inf,inf
627100,5.533616387053636e+27,inf,5.534169748692341e+27,inf,inf,inf
627200,5.589227361895124e+27,inf,5.589786284631313e+27,inf,inf,inf
627300,5.645397208242423e+27,inf,5.645961747963247e+27,inf,inf,inf
627400,5.702131542565317e+27,inf,5.702701755719573e+27,inf,inf,inf
627500,5.759436037777221e+27,inf,5.760011981380999e+27,inf,inf,inf
627600,5.817316423802412e+27,inf,5.817898155444792e+27,inf,inf,inf
627700,5.875778488148958e+27,inf,5.876366065997773e+27,inf,inf,inf
627800,5.934828076487445e+27,inf,5.935421559295094e+27,inf,inf,inf
627900,5.994471093235448e+27,inf,5.995070540344772e+27,inf,inf,inf
628000,6.054713502147976e+27,inf,6.055318973498191e+27,inf,inf,inf
628100,6.115561326913741e+27,inf,6.116172883046432e+27,inf,inf,inf
628200,6.177020651757482e+27,inf,6.177638353822657e+27,inf,inf,inf
628300,6.239097622048359e+27,inf,6.239721531810564e+27,inf,inf,inf
628400,6.301798444914408e+27,inf,6.302428624758899e+27,inf,inf,inf
628500,6.365129389863204e+27,inf,6.36576590280219e+27,inf,inf,inf
628600,6.429096789408754e+27,inf,6.429739699087694e+27,inf,inf,inf
628700,6.4937070397047e+27,inf,6.494356410408671e+27,inf,inf,inf
628800,6.558966601183863e+27,inf,6.559622497843981e+27,inf,inf,inf
628900,6.624881999204218e+27,inf,6.625544487404139e+27,inf,inf,inf
629000,6.691459824701394e+27,inf,6.692128970683864e+27,inf,inf,inf
629100,6.758706734847695e+27,inf,6.75938260552118e+27,inf,inf,inf
629200,6.826629453717752e+27,inf,6.827312116663124e+27,inf,inf,inf
629300,6.895234772960883e+27,inf,6.89592429643818e+27,inf,inf,inf
629400,6.964529552480191e+27,inf,6.965226005435439e+27,inf,inf,inf
629500,7.034520721118462e+27,inf,7.035224173190574e+27,inf,inf,inf
629600,7.105215277351037e+27,inf,7.105925798878772e+27,inf,inf,inf
629700,7.176620289985553e+27,inf,7.177337952014551e+27,inf,inf,inf
629800,7.248742898868775e+27,inf,7.249467773158661e+27,inf,inf,inf
629900,7.321590315600538e+27,inf,7.322322474632098e+27,inf,inf,inf
630000,7.395169824254793e+27,inf,7.395909341237218e+27,inf,inf,inf
630100,7.469488782107989e+27,inf,7.470235730986199e+27,inf,inf,inf
630200,7.544554620374695e+27,inf,7.545309075836733e+27,inf,inf,inf
630300,7.620374844950699e+27,inf,7.621136882435194e+27,inf,inf,inf
630400,7.696957037163506e+27,inf,7.697726732867222e+27,inf,inf,inf
630500,7.774308854530381e+27,inf,7.775086285415834e+27,inf,inf,inf
630600,7.852438031524054e+27,inf,7.853223275327206e+27,inf,inf,inf
630700,7.931352380346116e+27,inf,7.93214551558415e+27,inf,inf,inf
630800,8.011059791708118e+27,inf,8.011860897687288e+27,inf,inf,inf
630900,8.091568235620601e+27,inf,8.092377392444163e+27,inf,inf,inf
631000,8.172885762190032e+27,inf,8.173703050766251e+27,inf,inf,inf
631100,8.255020502423716e+27,inf,8.255846004473958e+27,inf,inf,inf
631200,8.337980669042833e+27,inf,8.338814467109737e+27,inf,inf,inf
631300,8.421774557303641e+27,inf,8.422616734759371e+27,inf,inf,inf
631400,8.506410545826915e+27,inf,8.507261186881497e+27,inf,inf,inf
631500,8.59189709743575e+27,inf,8.592756287145494e+27,inf,inf,inf
631600,8.678242760001739e+27,inf,8.679110584277739e+27,inf,inf,inf
631700,8.765456167299699e+27,inf,8.766332712916428e+27,inf,inf,inf
631800,8.853546039870973e+27,inf,8.854431394474959e+27,inf,inf,inf
631900,8.942521185895391e+27,inf,8.94341543801398e+27,inf,inf,inf
632000,9.032390502072026e+27,inf,9.033293741122234e+27,inf,inf,inf
632100,9.123162974508746e+27,inf,9.124075290806197e+27,inf,inf,inf
632200,9.214847679620793e+27,inf,9.215769164388755e+27,inf,inf,inf
632300,9.307453785038295e+27,inf,9.308384530416799e+27,inf,inf,inf
632400,9.400990550522981e+27,inf,9.401930649578033e+27,inf,inf,inf
632500,9.495467328894053e+27,inf,9.496416875626942e+27,inf,inf,inf
632600,9.590893566963378e+27,inf,9.591852656320074e+27,inf,inf,inf
632700,9.687278806480095e+27,inf,9.688247534360743e+27,inf,inf,inf
632800,9.784632685084693e+27,inf,9.785611148353202e+27,inf,inf,inf
632900,9.882964937272697e+27,inf,9.883953233766425e+27,inf,inf,inf
633000,9.982285395368013e+27,inf,9.98328362390755e+27,inf,inf,inf
633100,1.0082603990506111e+28,inf,1.0083612250905162e+28,inf,inf,inf
633200,1.0183930753626966e+28,inf,1.0184949146702328e+28,inf,inf,inf
633300,1.0286275816478153e+28,inf,1.02873044440598e+28,inf,inf,inf
633400,1.0389649412627888e+28,inf,1.039068837756915e+28,inf,inf,inf
633500,1.0494061878488237e+28,inf,1.0495111284676085e+28,inf,inf,inf
633600,1.0599523654348769e+28,inf,1.0600583606714203e+28,inf,inf,inf
633700,1.070604528542042e+28,inf,1.0707115889948962e+28,inf,inf,inf
633800,1.0813637422889916e+28,inf,1.0814718786632205e+28,inf,inf,inf
633900,1.0922310824984826e+28,inf,1.0923403056067324e+28,inf,inf,inf
634000,1.1032076358049278e+28,inf,1.1033179565685082e+28,inf,inf,inf
634100,1.1142944997630473e+28,inf,1.1144059292130237e+28,inf,inf,inf
634200,1.125492782957616e+28,inf,1.1256053322359118e+28,inf,inf,inf
634300,1.1368036051143106e+28,inf,1.136917285474822e+28,inf,inf,inf
634400,1.1482280972116726e+28,inf,1.1483429200213936e+28,inf,inf,inf
634500,1.1597674015941958e+28,inf,1.1598833783343551e+28,inf,inf,inf
634600,1.171422672086549e+28,inf,1.1715398143537577e+28,inf,inf,inf
634700,1.183195074108953e+28,inf,1.183313393616364e+28,inf,inf,inf
634800,1.195085784793703e+28,inf,1.1952052933721824e+28,inf,inf,inf
634900,1.207095993102879e+28,inf,1.2072167027021893e+28,inf,inf,inf
635000,1.2192268999472267e+28,inf,1.2193488226372213e+28,inf,inf,inf
635100,1.2314797183062398e+28,inf,1.2316028662780703e+28,inf,inf,inf
635200,1.2438556733494477e+28,inf,1.2439800589167827e+28,inf,inf,inf
635300,1.2563560025589151e+28,inf,1.256481638159171e+28,inf,inf,inf
635400,1.2689819558529879e+28,inf,1.2691088540485732e+28,inf,inf,inf
635500,1.281734795711266e+28,inf,1.2818629691908372e+28,inf,inf,inf
635600,1.294615797300845e+28,inf,1.294745258880575e+28,inf,inf,inf
635700,1.3076262486038178e+28,inf,1.3077570112286782e+28,inf,inf,inf
635800,1.3207674505460605e+28,inf,1.320899527291115e+28,inf,inf,inf
635900,1.3340407171273171e+28,inf,1.3341741211990298e+28,inf,inf,inf
636000,1.347447375552583e+28,inf,1.3475821202901383e+28,inf,inf,inf
636100,1.3609887663648193e+28,inf,1.3611248652414558e+28,inf,inf,inf
636200,1.3746662435789856e+28,inf,1.3748037102033435e+28,inf,inf,inf
636300,1.3884811748174378e+28,inf,1.3886200229349195e+28,inf,inf,inf
636400,1.4024349414466715e+28,inf,1.402575184940816e+28,inf,inf,inf
636500,1.416528938715453e+28,inf,1.4166705916093245e+28,inf,inf,inf
636600,1.4307645758943225e+28,inf,1.430907652351912e+28,inf,inf,inf
636700,1.4451432764165173e+28,inf,1.445287790744159e+28,inf,inf,inf
636800,1.459666478020295e+28,inf,1.459812444668097e+28,inf,inf,inf
636900,1.4743356328926958e+28,inf,1.474483066455985e+28,inf,inf,inf
637000,1.489152207814753e+28,inf,1.4893011230355343e+28,inf,inf,inf
637100,1.5041176843081497e+28,inf,1.5042680960765806e+28,inf,inf,inf
637200,1.5192335587833646e+28,inf,1.5193854821392428e+28,inf,inf,inf
637300,1.5345013426892933e+28,inf,1.5346547928235623e+28,inf,inf,inf
637400,1.5499225626643842e+28,inf,1.5500775549206507e+28,inf,inf,inf
637500,1.5654987606892843e+28,inf,1.5656553105653531e+28,inf,inf,inf
637600,1.5812314942410268e+28,inf,1.5813896173904509e+28,inf,inf,inf
637700,1.5971223364487607e+28,inf,1.5972820486824057e+28,inf,inf,inf
637800,1.6131728762510548e+28,inf,1.61333419353868e+28,inf,inf,inf
637900,1.6293847185547703e+28,inf,1.6295476570266258e+28,inf,inf,inf
638000,1.645759484395542e+28,inf,1.6459240603439815e+28,inf,inf,inf
638100,1.6622988110998618e+28,inf,1.6624650409809717e+28,inf,inf,inf
638200,1.6790043524488041e+28,inf,1.679172252884049e+28,inf,inf,inf
638300,1.6958777788433815e+28,inf,1.6960473666212658e+28,inf,inf,inf
638400,1.7129207774715738e+28,inf,1.7130920695493208e+28,inf,inf,inf
638500,1.7301350524770283e+28,inf,1.730308065982276e+28,inf,inf,inf
638600,1.7475223251294618e+28,inf,1.7476970773619746e+28,inf,inf,inf
638700,1.7650843339967694e+28,inf,1.765260842430169e+28,inf,inf,inf
638800,1.7828228351188653e+28,inf,1.7830011174023771e+28,inf,inf,inf
638900,1.8007396021832713e+28,inf,1.8009196761434896e+28,inf,inf,inf
639000,1.8188364267024713e+28,inf,1.8190183103451416e+28,inf,inf,inf
639100,1.8371151181930445e+28,inf,1.8372988297048638e+28,inf,inf,inf
639200,1.8555775043565976e+28,inf,1.8557630621070333e+28,inf,inf,inf
639300,1.8742254312625226e+28,inf,1.874412853805649e+28,inf,inf,inf
639400,1.8930607635325856e+28,inf,1.8932500696089388e+28,inf,inf,inf
639500,1.91208538452737e+28,inf,1.9122765930658226e+28,inf,inf,inf
639600,1.9313011965345955e+28,inf,1.931494326654249e+28,inf,inf,inf
639700,1.9507101209593346e+28,inf,1.9509051919714306e+28,inf,inf,inf
639800,1.9703140985161274e+28,inf,1.9705111299259789e+28,inf,inf,inf
639900,1.9901150894230433e+28,inf,1.9903141009319856e+28,inf,inf,inf
640000,2.0101150735976773e+28,inf,2.010316085105037e+28,inf,inf,inf
640100,2.030316050855128e+28,inf,2.0305190824602133e+28,inf,inf,inf
640200,2.0507200411079626e+28,inf,2.0509251131120735e+28,inf,inf,inf
640300,2.0713290845681856e+28,inf,2.0715362174766425e+28,inf,inf,inf
640400,2.0921452419512433e+28,inf,2.092354456475438e+28,inf,inf,inf
640500,2.11317059468207e+28,inf,2.113381911741538e+28,inf,inf,inf
640600,2.134407245103226e+28,inf,2.1346206858277366e+28,inf,inf,inf
640700,2.1558573166850996e+28,inf,2.156072902416768e+28,inf,inf,inf
640800,2.1775229542382368e+28,inf,2.1777407065336605e+28,inf,inf,inf
640900,2.1994063241278117e+28,inf,2.1996262647602244e+28,inf,inf,inf
641000,2.221509614490228e+28,inf,2.221731765451677e+28,inf,inf,inf
641100,2.2438350354519294e+28,inf,2.2440594189554746e+28,inf,inf,inf
641200,2.2663848193503764e+28,inf,2.266611457832311e+28,inf,inf,inf
641300,2.2891612209572707e+28,inf,2.2893901370793664e+28,inf,inf,inf
641400,2.3121665177040023e+28,inf,2.3123977343557727e+28,inf,inf,inf
641500,2.3354030099093865e+28,inf,2.3356365502103773e+28,inf,inf,inf
641600,2.3588730210096598e+28,inf,2.359108908311761e+28,inf,inf,inf
641700,2.3825788977908065e+28,inf,2.3828171556805855e+28,inf,inf,inf
641800,2.406523010623219e+28,inf,2.4067636629242813e+28,inf,inf,inf
641900,2.430707753698712e+28,inf,2.430950824474082e+28,inf,inf,inf
642000,2.455135545269917e+28,inf,2.455381058824444e+28,inf,inf,inf
642100,2.479808827892088e+28,inf,2.480056808774877e+28,inf,inf,inf
642200,2.504730068667332e+28,inf,2.5049805416741987e+28,inf,inf,inf
642300,2.5299017594913027e+28,inf,2.530154749667252e+28,inf,inf,inf
642400,2.5553264173023615e+28,inf,2.5555819499440916e+28,inf,inf,inf
642500,2.5810065843332494e+28,inf,2.5812646849916827e+28,inf,inf,inf
642600,2.6069448283652836e+28,inf,2.60720552284812e+28,inf,inf,inf
642700,2.6331437429851234e+28,inf,2.633407057359422e+28,inf,inf,inf
642800,2.6596059478440953e+28,inf,2.6598719084388797e+28,inf,inf,inf
642900,2.6863340889201307e+28,inf,2.6866027223290227e+28,inf,inf,inf
643000,2.7133308387823506e+28,inf,2.7136021718662287e+28,inf,inf,inf
643100,2.7405988968582916e+28,inf,2.7408729567479772e+28,inf,inf,inf
643200,2.7681409897038264e+28,inf,2.7684178038027968e+28,inf,inf,inf
643300,2.7959598712757875e+28,inf,2.796239467262915e+28,inf,inf,inf
643400,2.8240583232073494e+28,inf,2.8243407290396702e+28,inf,inf,inf
643500,2.852439155086157e+28,inf,2.8527243990016654e+28,inf,inf,inf
643600,2.8811052047352597e+28,inf,2.881393315255733e+28,inf,inf,inf
643700,2.9100593384968744e+28,inf,2.910350344430724e+28,inf,inf,inf
643800,2.9393044515189845e+28,inf,2.939598381964136e+28,inf,inf,inf
643900,2.968843468044836e+28,inf,2.9691403523916404e+28,inf,inf,inf
644000,2.998679341705327e+28,inf,2.9989792096394975e+28,inf,inf,inf
644100,3.028815055814352e+28,inf,3.0291179373199334e+28,inf,inf,inf
644200,3.059253623667098e+28,inf,3.0595595490294645e+28,inf,inf,inf
644300,3.0899980888413577e+28,inf,3.0903070886502416e+28,inf,inf,inf
644400,3.121051525501845e+28,inf,3.121363630654395e+28,inf,inf,inf
644500,3.1524170387075923e+28,inf,3.152732280411463e+28,inf,inf,inf
644600,3.184097764722426e+28,inf,3.184416174498898e+28,inf,inf,inf
644700,3.2160968713285677e+28,inf,3.2164184810157003e+28,inf,inf,inf
644800,3.2484175581433748e+28,inf,3.248742399899189e+28,inf,inf,inf
644900,3.2810630569392796e+28,inf,3.2813911632449734e+28,inf,inf,inf
645000,3.3140366319669364e+28,inf,3.314368035630133e+28,inf,inf,inf
645100,3.3473415802816135e+28,inf,3.347676314439642e+28,inf,inf,inf
645200,3.3809812320728766e+28,inf,3.381319330196084e+28,inf,inf,inf
645300,3.414958950997561e+28,inf,3.4153004468926605e+28,inf,inf,inf
645400,3.4492781345161257e+28,inf,3.4496230623295774e+28,inf,inf,inf
645500,3.483942214232355e+28,inf,3.484290608453778e+28,inf,inf,inf
645600,3.518954656236494e+28,inf,3.5193065517021173e+28,inf,inf,inf
645700,3.554318961451818e+28,inf,3.554674393347963e+28,inf,inf,inf
645800,3.590038665984708e+28,inf,3.5903976698513064e+28,inf,inf,inf
645900,3.626117341478211e+28,inf,3.6264799532123586e+28,inf,inf,inf
646000,3.662558595469183e+28,inf,3.66292485132873e+28,inf,inf,inf
646100,3.699366071749004e+28,inf,3.699736008356179e+28,inf,inf,inf
646200,3.736543450727929e+28,inf,3.7369171050730017e+28,inf,inf,inf
646300,3.774094449803093e+28,inf,3.7744718592480733e+28,inf,inf,inf
646400,3.81202282373021e+28,inf,3.812404026012583e+28,inf,inf,inf
646500,3.8503323649990284e+28,inf,3.8507173982355284e+28,inf,inf,inf
646600,3.8890269042125307e+28,inf,3.889415806902952e+28,inf,inf,inf
646700,3.928110310469967e+28,inf,3.928503121501014e+28,inf,inf,inf
646800,3.967586491753727e+28,inf,3.967983250402902e+28,inf,inf,inf
646900,4.007459395320111e+28,inf,4.007860141259644e+28,inf,inf,inf
647000,4.0477330080939975e+28,inf,4.048137781394807e+28,inf,inf,inf
647100,4.088411357067522e+28,inf,4.088820198203228e+28,inf,inf,inf
647200,4.129498509702723e+28,inf,4.129911459553693e+28,inf,inf,inf
647300,4.170998574338268e+28,inf,4.171415674195702e+28,inf,inf,inf
647400,4.2129157006002295e+28,inf,4.21333699217029e+28,inf,inf,inf
647500,4.255254079817025e+28,inf,4.255679605225007e+28,inf,inf,inf
647600,4.298017945438514e+28,inf,4.298447747233058e+28,inf,inf,inf
647700,4.341211573459291e+28,inf,4.341645694616637e+28,inf,inf,inf
647800,4.384839282846239e+28,inf,4.3852777667745235e+28,inf,inf,inf
647900,4.4289054359704065e+28,inf,4.429348326514003e+28,inf,inf,inf
648000,4.473414439043204e+28,inf,4.473861780487108e+28,inf,inf,inf
648100,4.518370742556978e+28,inf,4.518822579631234e+28,inf,inf,inf
648200,4.563778841730009e+28,inf,4.564235219614182e+28,inf,inf,inf
648300,4.609643276956009e+28,inf,4.6101042412837045e+28,inf,inf,inf
648400,4.655968634258113e+28,inf,4.656434231121539e+28,inf,inf,inf
648500,4.702759545747431e+28,inf,4.703229821702006e+28,inf,inf,inf
648600,4.750020690086236e+28,inf,4.7504956921552445e+28,inf,inf,inf
648700,4.797756792955771e+28,inf,4.798236568635066e+28,inf,inf,inf
648800,4.845972627528774e+28,inf,4.846457224791527e+28,inf,inf,inf
648900,4.894673014946765e+28,inf,4.89516248224826e+28,inf,inf,inf
649000,4.9438628248020994e+28,inf,4.9443572110845795e+28,inf,inf,inf
649100,4.993546975624892e+28,inf,4.994046330322454e+28,inf,inf,inf
649200,5.04373043537482e+28,inf,5.044234808418357e+28,inf,inf,inf
649300,5.0944182219378885e+28,inf,5.094927663760082e+28,inf,inf,inf
649400,5.1456154036281495e+28,inf,5.146129965168512e+28,inf,inf,inf
649500,5.197327099694514e+28,inf,5.197846832404483e+28,inf,inf,inf
649600,5.249558480832588e+28,inf,5.250083436680671e+28,inf,inf,inf
649700,5.302314769701744e+28,inf,5.302845001178714e+28,inf,inf,inf
649800,5.35560124144731e+28,inf,5.356136801571455e+28,inf,inf,inf
649900,5.409423224228041e+28,inf,5.409964166550464e+28,inf,inf,inf
650000,5.463786099748891e+28,inf,5.464332478358866e+28,inf,inf,inf
650100,5.518695303799117e+28,inf,5.519247173329497e+28,inf,inf,inf
650200,5.574156326795839e+28,inf,5.574713742428518e+28,inf,inf,inf
650300,5.630174714333002e+28,inf,5.630737731804436e+28,inf,inf,inf
650400,5.686756067735902e+28,inf,5.687324743342676e+28,inf,inf,inf
650500,5.7439060446212575e+28,inf,5.7444804352257195e+28,inf,inf,inf
650600,5.801630359462927e+28,inf,5.802210522498874e+28,inf,inf,inf
650700,5.859934784163299e+28,inf,5.860520777641715e+28,inf,inf,inf
650800,5.918825148630423e+28,inf,5.919417031145286e+28,inf,inf,inf
650900,5.978307341360972e+28,inf,5.978905172095108e+28,inf,inf,inf
651000,6.0383873100290065e+28,inf,6.038991148760009e+28,inf,inf,inf
651100,6.099071062080706e+28,inf,6.099680969186913e+28,inf,inf,inf
651200,6.160364665335049e+28,inf,6.160980701801583e+28,inf,inf,inf
651300,6.222274248590556e+28,inf,6.2228964760154155e+28,inf,inf,inf
651400,6.284806002238092e+28,inf,6.285434482838316e+28,inf,inf,inf
651500,6.347966178879862e+28,inf,6.348600975497751e+28,inf,inf,inf
651600,6.4117610939546055e+28,inf,6.412402270064001e+28,inf,inf,inf
651700,6.4761971263691e+28,inf,6.476844746081737e+28,inf,inf,inf
651800,6.541280719135962e+28,inf,6.5419348472078755e+28,inf,inf,inf
651900,6.6070183800179165e+28,inf,6.607679081855918e+28,inf,inf,inf
652000,6.673416682178514e+28,inf,6.674084023846732e+28,inf,inf,inf
652100,6.740482264839365e+28,inf,6.741156313065849e+28,inf,inf,inf
652200,6.808221833944021e+28,inf,6.808902656127415e+28,inf,inf,inf
652300,6.876642162828496e+28,inf,6.877329827044779e+28,inf,inf,inf
652400,6.945750092898541e+28,inf,6.946444667907831e+28,inf,inf,inf
652500,7.01555253431373e+28,inf,7.016254089567161e+28,inf,inf,inf
652600,7.086056466678403e+28,inf,7.086765072325071e+28,inf,inf,inf
652700,7.1572689397395584e+28,inf,7.157984666633532e+28,inf,inf,inf
652800,7.229197074091777e+28,inf,7.229919993799187e+28,inf,inf,inf
652900,7.301848061889199e+28,inf,7.302578246695388e+28,inf,inf,inf
653000,7.375229167564702e+28,inf,7.375966690481459e+28,inf,inf,inf
653100,7.449347728556245e+28,inf,7.4500926633291e+28,inf,inf,inf
653200,7.524211156040566e+28,inf,7.52496357715617e+28,inf,inf,inf
653300,7.599826935674213e+28,inf,7.60058691836778e+28,inf,inf,inf
653400,7.676202628342075e+28,inf,7.6769702486049085e+28,inf,inf,inf
653500,7.753345870913354e+28,inf,7.754121205500445e+28,inf,inf,inf
653600,7.831264377005228e+28,inf,7.832047503442929e+28,inf,inf,inf
653700,7.909965937754107e+28,inf,7.910756934347882e+28,inf,inf,inf
653800,7.989458422594693e+28,inf,7.990257368436953e+28,inf,inf,inf
653900,8.069749780046855e+28,inf,8.070556755024859e+28,inf,inf,inf
654000,8.150848038510381e+28,inf,8.151663123314232e+28,inf,inf,inf
654100,8.232761307067782e+28,inf,8.23358458319849e+28,inf,inf,inf
654200,8.315497776295114e+28,inf,8.316329326072744e+28,inf,inf,inf
654300,8.399065719080938e+28,inf,8.399905625652845e+28,inf,inf,inf
654400,8.483473491453546e+28,inf,8.48432183880269e+28,inf,inf,inf
654500,8.568729533416519e+28,inf,8.56958640636986e+28,inf,inf,inf
654600,8.654842369792596e+28,inf,8.655707854029575e+28,inf,inf,inf
654700,8.741820611076117e+28,inf,8.742694793137224e+28,inf,inf,inf
654800,8.829672954293963e+28,inf,8.830555921589393e+28,inf,inf,inf
654900,8.91840818387522e+28,inf,8.919300024693607e+28,inf,inf,inf
655000,9.008035172529504e+28,inf,9.008935976046757e+28,inf,inf,inf
655100,9.098562882134175e+28,inf,9.099472738422388e+28,inf,inf,inf
655200,9.190000364630394e+28,inf,9.190919364666858e+28,inf,inf,inf
655300,9.282356762928332e+28,inf,9.283284998604626e+28,inf,inf,inf
655400,9.375641311821284e+28,inf,9.376578875952466e+28,inf,inf,inf
655500,9.469863338909097e+28,inf,9.470810325242987e+28,inf,inf,inf
655600,9.565032265530855e+28,inf,9.565988768757408e+28,inf,inf,inf
655700,9.66115760770689e+28,inf,9.662123723467661e+28,inf,inf,inf
655800,9.758248977090351e+28,inf,9.75922480198806e+28,inf,inf,inf
655900,9.856316081928263e+28,inf,9.857301713536457e+28,inf,inf,inf
656000,9.955368728032218e+28,inf,9.956364264905021e+28,inf,inf,inf
656100,1.0055416819758921e+29,inf,1.0056422361440898e+29,inf,inf,inf
656200,1.0156470361000514e+29,inf,1.0157486008036614e+29,inf,inf,inf
656300,1.0258539456184876e+29,inf,1.0259565310130495e+29,inf,inf,inf
656400,1.0361634311285958e+29,inf,1.0362670474717087e+29,inf,inf,inf
656500,1.0465765234844323e+29,inf,1.0466811811367807e+29,inf,inf,inf
656600,1.0570942638997874e+29,inf,1.0571999733261774e+29,inf,inf,inf
656700,1.0677177040522968e+29,inf,1.067824475822702e+29,inf,inf,inf
656800,1.0784479061886034e+29,inf,1.0785557509792222e+29,inf,inf,inf
656900,1.0892859432305679e+29,inf,1.0893948718248908e+29,inf,inf,inf
657000,1.100232898882554e+29,inf,1.1003429221724423e+29,inf,inf,inf
657100,1.1112898677397885e+29,inf,1.1114009967265625e+29,inf,inf,inf
657200,1.1224579553978094e+29,inf,1.1225702011933491e+29,inf,inf,inf
657300,1.133738278563017e+29,inf,1.1338516523908733e+29,inf,inf,inf
657400,1.1451319651643336e+29,inf,1.14524647836085e+29,inf,inf,inf
657500,1.1566401544659854e+29,inf,1.156755818481432e+29,inf,inf,inf
657600,1.16826399718142e+29,inf,1.1683808235811381e+29,inf,inf,inf
657700,1.1800046555883651e+29,inf,1.180122656053924e+29,inf,inf,inf
657800,1.1918633036450481e+29,inf,1.1919824899754126e+29,inf,inf,inf
657900,1.2038411271075791e+29,inf,1.2039615112202898e+29,inf,inf,inf
658000,1.215939323648516e+29,inf,1.216060917580881e+29,inf,inf,inf
658100,1.2281591029766234e+29,inf,1.228281918886921e+29,inf,inf,inf
658200,1.2405016869578275e+29,inf,1.2406257371265233e+29,inf,inf,inf
658300,1.2529683097373964e+29,inf,1.2530936065683702e+29,inf,inf,inf
658400,1.2655602178633384e+29,inf,1.2656867738851248e+29,inf,inf,inf
658500,1.2782786704110516e+29,inf,1.2784064982780926e+29,inf,inf,inf
658600,1.291124939109213e+29,inf,1.291254051603124e+29,inf,inf,inf
658700,1.3041003084669453e+29,inf,1.304230718497792e+29,inf,inf,inf
658800,1.3172060759022526e+29,inf,1.3173377965098428e+29,inf,inf,inf
658900,1.3304435518717526e+29,inf,1.3305765962269398e+29,inf,inf,inf
659000,1.3438140600017081e+29,inf,1.3439484414077083e+29,inf,inf,inf
659100,1.35731893722038e+29,inf,1.357454669114102e+29,inf,inf,inf
659200,1.3709595338917052e+29,inf,1.3710966298450943e+29,inf,inf,inf
659300,1.3847372139503236e+29,inf,1.3848756876717186e+29,inf,inf,inf
659400,1.3986533550379545e+29,inf,1.3987932203734583e+29,inf,inf,inf
659500,1.4127093486411517e+29,inf,1.4128506195760159e+29,inf,inf,inf
659600,1.426906600230442e+29,inf,1.427049290890465e+29,inf,inf,inf
659700,1.4412465294008523e+29,inf,1.4413906540537923e+29,inf,inf,inf
659800,1.4557305700138601e+29,inf,1.4558761430708616e+29,inf,inf,inf
659900,1.4703601703407693e+29,inf,1.4705072063578033e+29,inf,inf,inf
660000,1.4851367932075166e+29,inf,1.4852853068868373e+29,inf,inf,inf
660100,1.5000619161409495e+29,inf,1.5002119223325635e+29,inf,inf,inf
660200,1.515137031516558e+29,inf,1.5152885452197096e+29,inf,inf,inf
660300,1.5303636467077014e+29,inf,1.5305166830723721e+29,inf,inf,inf
660400,1.5457432842363354e+29,inf,1.545897858564759e+29,inf,inf,inf
660500,1.561277481925242e+29,inf,1.5614336096734346e+29,inf,inf,inf
660600,1.5769677930518062e+29,inf,1.5771254898311113e+29,inf,inf,inf
660700,1.592815786503326e+29,inf,1.5929750680819766e+29,inf,inf,inf
660800,1.608823046933883e+29,inf,1.6089839292385764e+29,inf,inf,inf
660900,1.6249911749228003e+29,inf,1.6251536740402924e+29,inf,inf,inf
661000,1.641321787134677e+29,inf,1.6414859193133904e+29,inf,inf,inf
661100,1.6578165164810557e+29,inf,1.6579822981327036e+29,inf,inf,inf
661200,1.6744770122836805e+29,inf,1.674644459984909e+29,inf,inf,inf
661300,1.691304940439419e+29,inf,1.691474070933463e+29,inf,inf,inf
661400,1.708301983586846e+29,inf,1.7084728137852046e+29,inf,inf,inf
661500,1.7254698412744823e+29,inf,1.7256423882586097e+29,inf,inf,inf
661600,1.7428102301307385e+29,inf,1.7429845111537516e+29,inf,inf,inf
661700,1.7603248840355573e+29,inf,1.760500916523961e+29,inf,inf,inf
661800,1.7780155542937956e+29,inf,1.778193355849225e+29,inf,inf,inf
661900,1.7958840098103276e+29,inf,1.7960635982113085e+29,inf,inf,inf
662000,1.8139320372669206e+29,inf,1.8141134304706473e+29,inf,inf,inf
662100,1.832161441300894e+29,inf,1.832344657445024e+29,inf,inf,inf
662200,1.850574044685561e+29,inf,1.8507591020900297e+29,inf,inf,inf
662300,1.8691716885124978e+29,inf,1.869358605681349e+29,inf,inf,inf
662400,1.8879562323756176e+29,inf,1.888145027998855e+29,inf,inf,inf
662500,1.906929554557132e+29,inf,1.9071202475125877e+29,inf,inf,inf
662600,1.9260935522153498e+29,inf,1.926286161570571e+29,inf,inf,inf
662700,1.945450141574379e+29,inf,1.9456446865885366e+29,inf,inf,inf
662800,1.965001258115738e+29,inf,1.9651977582415494e+29,inf,inf,inf
662900,1.9847488567718756e+29,inf,1.9849473316575528e+29,inf,inf,inf
663000,2.0046949121216538e+29,inf,2.004895381612866e+29,inf,inf,inf
663100,2.024841418587781e+29,inf,2.0250439027296395e+29,inf,inf,inf
663200,2.0451903906362446e+29,inf,2.0453949096753082e+29,inf,inf,inf
663300,2.0657438629777352e+29,inf,2.065950437364033e+29,inf,inf,inf
663400,2.0865038907710935e+29,inf,2.0867125411601706e+29,inf,inf,inf
663500,2.1074725498288118e+29,inf,2.1076832970837947e+29,inf,inf,inf
663600,2.1286519368246007e+29,inf,2.1288648020182832e+29,inf,inf,inf
663700,2.1500441695030318e+29,inf,2.150259173919982e+29,inf,inf,inf
663800,2.171651386891294e+29,inf,2.1718685520299832e+29,inf,inf,inf
663900,2.1934757495130753e+29,inf,2.1936950970880266e+29,inf,inf,inf
664000,2.2155194396045996e+29,inf,2.21574099154856e+29,inf,inf,inf
664100,2.237784661332821e+29,inf,2.2380084397989543e+29,inf,inf,inf
664200,2.260273641015835e+29,inf,2.2604996683799364e+29,inf,inf,inf
664300,2.2829886273454765e+29,inf,2.283216926208211e+29,inf,inf,inf
664400,2.3059318916121783e+29,inf,2.3061624848013395e+29,inf,inf,inf
664500,2.3291057279320656e+29,inf,2.329338638504859e+29,inf,inf,inf
664600,2.3525124534763635e+29,inf,2.352747704721711e+29,inf,inf,inf
664700,2.376154408703082e+29,inf,2.376392024143952e+29,inf,inf,inf
664800,2.4000339575910423e+29,inf,2.4002739609868013e+29,inf,inf,inf
664900,2.424153487876258e+29,inf,2.4243959032250456e+29,inf,inf,inf
665000,2.4485154112906798e+29,inf,2.448760262831809e+29,inf,inf,inf
665100,2.4731221638033483e+29,inf,2.4733694760197286e+29,inf,inf,inf
665200,2.4979762058639725e+29,inf,2.4982260034845588e+29,inf,inf,inf
665300,2.523080022648949e+29,inf,2.523332330651214e+29,inf,inf,inf
665400,2.5484361243098545e+29,inf,2.5486909679222855e+29,inf,inf,inf
665500,2.5740470462244465e+29,inf,2.574304450929069e+29,inf,inf,inf
665600,2.5999153492501666e+29,inf,2.6001753407850915e+29,inf,inf,inf
665700,2.6260436199802127e+29,inf,2.6263062243422106e+29,inf,inf,inf
665800,2.6524344710021665e+29,inf,2.6526997144492667e+29,inf,inf,inf
665900,2.679090541159233e+29,inf,2.679358450213349e+29,inf,inf,inf
666000,2.7060144958141038e+29,inf,2.7062850972636853e+29,inf,inf,inf
666100,2.733209027115457e+29,inf,2.7334823480181685e+29,inf,inf,inf
666200,2.7606768542671642e+29,inf,2.7609529219525908e+29,inf,inf,inf
666300,2.7884207238001718e+29,inf,2.788699565872552e+29,inf,inf,inf
666400,2.8164434098471348e+29,inf,2.8167250541881193e+29,inf,inf,inf
666500,2.844747714419804e+29,inf,2.845032189191246e+29,inf,inf,inf
666600,2.8733364676892026e+29,inf,2.8736238013359714e+29,inf,inf,inf
666700,2.902212528268614e+29,inf,2.9025027495214406e+29,inf,inf,inf
666800,2.9313787834994213e+29,inf,2.9316719213777714e+29,inf,inf,inf
666900,2.960838149739816e+29,inf,2.96113423355479e+29,inf,inf,inf
667000,2.9905935726563956e+29,inf,2.9908926320136613e+29,inf,inf,inf
667100,3.0206480275187173e+29,inf,3.0209500923214693e+29,inf,inf,inf
667200,3.051004519496791e+29,inf,3.0513096199487406e+29,inf,inf,inf
667300,3.0816660839615703e+29,inf,3.0819742505699665e+29,inf,inf,inf
667400,3.1126357867884593e+29,inf,3.1129470503671382e+29,inf,inf,inf
667500,3.1439167246638734e+29,inf,3.14423111633634e+29,inf,inf,inf
667600,3.175512025394885e+29,inf,3.175829576597425e+29,inf,inf,inf
667700,3.2074248482219655e+29,inf,3.207745590706788e+29,inf,inf,inf
667800,3.239658384134892e+29,inf,3.239982349973305e+29,inf,inf,inf
667900,3.2722158561917984e+29,inf,3.2725430777774174e+29,inf,inf,inf
668000,3.305100519841473e+29,inf,3.305431029893457e+29,inf,inf,inf
668100,3.3383156632488694e+29,inf,3.338649494815194e+29,inf,inf,inf
668200,3.371864607623876e+29,inf,3.3722017940846384e+29,inf,inf,inf
668300,3.405750707553422e+29,inf,3.406091282624177e+29,inf,inf,inf
668400,3.439977351336903e+29,inf,3.4403213490720366e+29,inf,inf,inf
668500,3.474547961324984e+29,inf,3.474895416121117e+29,inf,inf,inf
668600,3.5094659942617874e+29,inf,3.5098169408612136e+29,inf,inf,inf
668700,3.544734941630559e+29,inf,3.545089415124722e+29,inf,inf,inf
668800,3.580358330002758e+29,inf,3.5807163658357584e+29,inf,inf,inf
668900,3.616339721390697e+29,inf,3.616701355362836e+29,inf,inf,inf
669000,3.652682713603713e+29,inf,3.6530479818750734e+29,inf,inf,inf
669100,3.6893909406079154e+29,inf,3.6897598797019764e+29,inf,inf,inf
669200,3.726468072889542e+29,inf,3.726840719696831e+29,inf,inf,inf
669300,3.763917817821967e+29,inf,3.764294209603749e+29,inf,inf,inf
669400,3.801743920036433e+29,inf,3.802124094428436e+29,inf,inf,inf
669500,3.83995016179644e+29,inf,3.84033415681262e+29,inf,inf,inf
669600,3.87854036337598e+29,inf,3.878928217412318e+29,inf,inf,inf
669700,3.9175183834414886e+29,inf,3.9179101352798326e+29,inf,inf,inf
669800,3.956888119437704e+29,inf,3.957283808249648e+29,inf,inf,inf
669900,3.996653507977363e+29,inf,3.997053173328161e+29,inf,inf,inf
670000,4.036818525234842e+29,inf,4.037222207087365e+29,inf,inf,inf
670100,4.077387187343709e+29,inf,4.0777949260624434e+29,inf,inf,inf
670200,4.118363550798336e+29,inf,4.118775387153416e+29,inf,inf,inf
670300,4.1597517128594756e+29,inf,4.160167688030762e+29,inf,inf,inf
670400,4.201555811963973e+29,inf,4.201975967545169e+29,inf,inf,inf
670500,4.243780028138567e+29,inf,4.244204406141381e+29,inf,inf,inf
670600,4.286428583417854e+29,inf,4.286857226276196e+29,inf,inf,inf
670700,4.329505742266447e+29,inf,4.329938692840674e+29,inf,inf,inf
670800,4.3730158120053875e+29,inf,4.373453113586588e+29,inf,inf,inf
670900,4.416963143242842e+29,inf,4.417404839557166e+29,inf,inf,inf
671000,4.461352130309117e+29,inf,4.461798265522148e+29,inf,inf,inf
671100,4.50618721169606e+29,inf,4.506637830417229e+29,inf,inf,inf
671200,4.5514728705008406e+29,inf,4.551928017787891e+29,inf,inf,inf
671300,4.5972136348742635e+29,inf,4.5976733562377506e+29,inf,inf,inf
671400,4.6434140784735074e+29,inf,4.643878419881355e+29,inf,inf,inf
671500,4.6900788209194676e+29,inf,4.690547828801559e+29,inf,inf,inf
671600,4.73721252825866e+29,inf,4.7376862495114855e+29,inf,inf,inf
671700,4.784819913429794e+29,inf,4.7852983954211365e+29,inf,inf,inf
671800,4.832905736735024e+29,inf,4.8333890273086975e+29,inf,inf,inf
671900,4.8814748063159306e+29,inf,4.8819629537965624e+29,inf,inf,inf
672000,4.930531978634294e+29,inf,4.931025031832157e+29,inf,inf,inf
672100,4.980082158957684e+29,inf,4.98058016717358e+29,inf,inf,inf
672200,5.030130301849968e+29,inf,5.030633314880153e+29,inf,inf,inf
672300,5.08068141166669e+29,inf,5.081189479807856e+29,inf,inf,inf
672400,5.1317405430554885e+29,inf,5.132253717109794e+29,inf,inf,inf
672500,5.1833128014615074e+29,inf,5.1838311327416535e+29,inf,inf,inf
672600,5.2354033436378734e+29,inf,5.235926883972237e+29,inf,inf,inf
672700,5.288017378161344e+29,inf,5.28854617989916e+29,inf,inf,inf
672800,5.341160165953122e+29,inf,5.3416942819697174e+29,inf,inf,inf
672900,5.3948370208048794e+29,inf,5.3953765045069595e+29,inf,inf,inf
673000,5.4490533099101035e+29,inf,5.4495982152410944e+29,inf,inf,inf
673100,5.503814454400763e+29,inf,5.504364835846203e+29,inf,inf,inf
673200,5.559125929889372e+29,inf,5.5596818424823615e+29,inf,inf,inf
673300,5.6149932670165e+29,inf,5.6155547663432014e+29,inf,inf,inf
673400,5.671422052003785e+29,inf,5.671989194208985e+29,inf,inf,inf
673500,5.728417927212506e+29,inf,5.7289907690052275e+29,inf,inf,inf
673600,5.785986591707763e+29,inf,5.786565190366934e+29,inf,inf,inf
673700,5.844133801828337e+29,inf,5.84471821520852e+29,inf,inf,inf
673800,5.902865371762266e+29,inf,5.9034556582994424e+29,inf,inf,inf
673900,5.9621871741282084e+29,inf,5.9627833928456214e+29,inf,inf,inf
674000,6.022105140562671e+29,inf,6.022707351076727e+29,inf,inf,inf
674100,6.082625262313095e+29,inf,6.083233524839326e+29,inf,inf,inf
674200,6.143753590836932e+29,inf,6.144367966196016e+29,inf,inf,inf
674300,6.205496238406735e+29,inf,6.2061167880305756e+29,inf,inf,inf
674400,6.267859378721337e+29,inf,6.268486164659209e+29,inf,inf,inf
674500,6.330849247523144e+29,inf,6.3314823324478965e+29,inf,inf,inf
674600,6.394472143221692e+29,inf,6.395111590436014e+29,inf,inf,inf
674700,6.458734427523377e+29,inf,6.45938030096613e+29,inf,inf,inf
674800,6.523642526067614e+29,inf,6.52429489032022e+29,inf,inf,inf
674900,6.589202929069305e+29,inf,6.589861849362212e+29,inf,inf,inf
675000,6.655422191967842e+29,inf,6.656087734187039e+29,inf,inf,inf
675100,6.722306936082546e+29,inf,6.722979166776154e+29,inf,inf,inf
675200,6.789863849274772e+29,inf,6.790542835659699e+29,inf,inf,inf
675300,6.85809968661662e+29,inf,6.858785496585281e+29,inf,inf,inf
675400,6.92702127106637e+29,inf,6.927713973193476e+29,inf,inf,inf
675500,6.996635494150751e+29,inf,6.997335157700166e+29,inf,inf,inf
675600,7.066949316653982e+29,inf,7.067656011585647e+29,inf,inf,inf
675700,7.137969769313833e+29,inf,7.138683566290764e+29,inf,inf,inf
675800,7.209703953524591e+29,inf,7.210424923919944e+29,inf,inf,inf
675900,7.282159042047175e+29,inf,7.28288725795138e+29,inf,inf,inf
676000,7.355342279726322e+29,inf,7.356077813954295e+29,inf,inf,inf
676100,7.429260984215012e+29,inf,7.430003910313433e+29,inf,inf,inf
676200,7.503922546706151e+29,inf,7.504672938960822e+29,inf,inf,inf
676300,7.579334432671663e+29,inf,7.58009236611493e+29,inf,inf,inf
676400,7.65550418260891e+29,inf,7.65626973302717e+29,inf,inf,inf
676500,7.732439412794724e+29,inf,7.733212656736004e+29,inf,inf,inf
676600,7.810147816046946e+29,inf,7.81092883082855e+29,inf,inf,inf
676700,7.888637162493627e+29,inf,7.889426026209877e+29,inf,inf,inf
676800,7.967915300349985e+29,inf,7.96871209188002e+29,inf,inf,inf
676900,8.047990156703155e+29,inf,8.048794955718825e+29,inf,inf,inf
677000,8.128869738304808e+29,inf,8.129682625278638e+29,inf,inf,inf
677100,8.210562132371768e+29,inf,8.211383188585005e+29,inf,inf,inf
677200,8.293075507394662e+29,inf,8.293904814945401e+29,inf,inf,inf
677300,8.376418113954681e+29,inf,8.377255755766077e+29,inf,inf,inf
677400,8.460598285548568e+29,inf,8.461444345377123e+29,inf,inf,inf
677500,8.545624439421892e+29,inf,8.546479001865834e+29,inf,inf,inf
677600,8.631505077410693e+29,inf,8.632368227918434e+29,inf,inf,inf
677700,8.718248786791609e+29,inf,8.719120611670287e+29,inf,inf,inf
677800,8.805864241140484e+29,inf,8.806744827564598e+29,inf,inf,inf
677900,8.894360201199682e+29,inf,8.895249637219802e+29,inf,inf,inf
678000,8.983745515754057e+29,inf,8.984643890305633e+29,inf,inf,inf
678100,9.074029122515772e+29,inf,9.074936525428024e+29,inf,inf,inf
678200,9.16522004901797e+29,inf,9.166136571022872e+29,inf,inf,inf
678300,9.257327413517448e+29,inf,9.2582531462588e+29,inf,inf,inf
678400,9.350360425906411e+29,inf,9.351295461949002e+29,inf,inf,inf
678500,9.44432838863337e+29,inf,9.445272821472233e+29,inf,inf,inf
678600,9.539240697633284e+29,inf,9.540194621703047e+29,inf,inf,inf
678700,9.635106843267103e+29,inf,9.63607035395143e+29,inf,inf,inf
678800,9.731936411270692e+29,inf,9.73290960491182e+29,inf,inf,inf
678900,9.829739083713306e+29,inf,9.830722057621678e+29,inf,inf,inf
679000,9.928524639965753e+29,inf,9.92951749242975e+29,inf,inf,inf
679100,1.0028302957678197e+30,inf,1.0029305787973964e+30,inf,inf,inf
679200,1.0129084013767841e+30,inf,1.0130096922169218e+30,inf,inf,inf
679300,1.0230877885416548e+30,inf,1.023190097320509e+30,inf,inf,inf
679400,1.033369475107845e+30,inf,1.0334728120553557e+30,inf,inf,inf
679500,1.0437544891497716e+30,inf,1.0438588645986865e+30,inf,inf,inf
679600,1.0542438690736488e+30,inf,1.0543492934605562e+30,inf,inf,inf
679700,1.0648386637213237e+30,inf,1.0649451475876959e+30,inf,inf,inf
679800,1.0755399324751521e+30,inf,1.0756474864683996e+30,inf,inf,inf
679900,1.0863487453639214e+30,inf,1.0864573802384578e+30,inf,inf,inf
680000,1.0972661831698477e+30,inf,1.0973759097881646e+30,inf,inf,inf
680100,1.1082933375366433e+30,inf,1.108404166870397e+30,inf,inf,inf
680200,1.1194313110786715e+30,inf,1.1195432542097793e+30,inf,inf,inf
680300,1.1306812174911973e+30,inf,1.1307942856129465e+30,inf,inf,inf
680400,1.1420441816617448e+30,inf,1.142158386079911e+30,inf,inf,inf
680500,1.1535213397825795e+30,inf,1.1536366919165578e+30,inf,inf,inf
680600,1.1651138394643153e+30,inf,1.1652303508482618e+30,inf,inf,inf
680700,1.1768228398506644e+30,inf,1.1769405221346494e+30,inf,inf,inf
680800,1.1886495117343419e+30,inf,1.1887683766855154e+30,inf,inf,inf
680900,1.2005950376741338e+30,inf,1.2007150971779012e+30,inf,inf,inf
681000,1.2126606121131419e+30,inf,1.2127818781743531e+30,inf,inf,inf
681100,1.224847441498218e+30,inf,1.2249699262423679e+30,inf,inf,inf
681200,1.2371567444005984e+30,inf,1.2372804600750384e+30,inf,inf,inf
681300,1.2495897516377458e+30,inf,1.2497147106129095e+30,inf,inf,inf
681400,1.262147706396426e+30,inf,1.2622739211670656e+30,inf,inf,inf
681500,1.274831864357007e+30,inf,1.2749593475434428e+30,inf,inf,inf
681600,1.2876434938190257e+30,inf,1.2877722581684077e+30,inf,inf,inf
681700,1.300583875827997e+30,inf,1.3007139342155797e+30,inf,inf,inf
681800,1.3136543043035118e+30,inf,1.313785669733942e+30,inf,inf,inf
681900,1.3268560861686143e+30,inf,1.326988771777231e+30,inf,inf,inf
682000,1.3401905414804847e+30,inf,1.3403245605346328e+30,inf,inf,inf
682100,1.3536590035624314e+30,inf,1.3537943694627877e+30,inf,inf,inf
682200,1.3672628191372113e+30,inf,1.367399545419125e+30,inf,inf,inf
682300,1.381003348461693e+30,inf,1.381141448796539e+30,inf,inf,inf
682400,1.3948819654628626e+30,inf,1.395021453659409e+30,inf,inf,inf
682500,1.4089000578752103e+30,inf,1.409040947880998e+30,inf,inf,inf
682600,1.423059027379489e+30,inf,1.423201333282227e+30,inf,inf,inf
682700,1.4373602897428676e+30,inf,1.4375040257718417e+30,inf,inf,inf
682800,1.4518052749605015e+30,inf,1.4519504554879976e+30,inf,inf,inf
682900,1.466395427398509e+30,inf,1.466542066941249e+30,inf,inf,inf
683000,1.481132205938402e+30,inf,1.4812803191589958e+30,inf,inf,inf
683100,1.4960170841229595e+30,inf,1.4961666858313717e+30,inf,inf,inf
683200,1.5110515503035643e+30,inf,1.5112026554585947e+30,inf,inf,inf
683300,1.5262371077890304e+30,inf,1.5263897314998092e+30,inf,inf,inf
683400,1.5415752749959178e+30,inf,1.5417294325234174e+30,inf,inf,inf
683500,1.5570675856003575e+30,inf,1.5572232923589176e+30,inf,inf,inf
683600,1.572715588691411e+30,inf,1.5728728602502802e+30,inf,inf,inf
683700,1.5885208489259583e+30,inf,1.588679701010851e+30,inf,inf,inf
683800,1.6044849466851529e+30,inf,1.6046453951798214e+30,inf,inf,inf
683900,1.6206094782324442e+30,inf,1.6207715391802674e+30,inf,inf,inf
684000,1.6368960558731916e+30,inf,1.6370597454787788e+30,inf,inf,inf
684100,1.6533463081158784e+30,inf,1.65351164274669e+30,inf,inf,inf
684200,1.6699618798349465e+30,inf,1.67012887602293e+30,inf,inf,inf
684300,1.6867444324352717e+30,inf,1.686913106878515e+30,inf,inf,inf
684400,1.703695644018284e+30,inf,1.7038660135826858e+30,inf,inf,inf
684500,1.7208172095497717e+30,inf,1.7209892912707266e+30,inf,inf,inf
684600,1.738110841029353e+30,inf,1.738284652113456e+30,inf,inf,inf
684700,1.7555782676616626e+30,inf,1.755753825488429e+30,inf,inf,inf
684800,1.773221236029258e+30,inf,1.773398558152861e+30,inf,inf,inf
684900,1.791041510267263e+30,inf,1.7912206144182898e+30,inf,inf,inf
685000,1.8090408722397615e+30,inf,1.8092217763269853e+30,inf,inf,inf
685100,1.8272211217179736e+30,inf,1.8274038438301454e+30,inf,inf,inf
685200,1.8455840765602044e+30,inf,1.8457686349678603e+30,inf,inf,inf
685300,1.8641315728936257e+30,inf,1.864317986050915e+30,inf,inf,inf
685400,1.8828654652978667e+30,inf,1.8830537518443964e+30,inf,inf,inf
685500,1.9017876269904555e+30,inf,1.9019778057531545e+30,inf,inf,inf
685600,1.9208999500141215e+30,inf,1.921092040009123e+30,inf,inf,inf
685700,1.940204345425986e+30,inf,1.9403983658605286e+30,inf,inf,inf
685800,1.9597027434886452e+30,inf,1.959898713762994e+30,inf,inf,inf
685900,1.9793970938631863e+30,inf,1.9795950335725724e+30,inf,inf,inf
686000,1.9992893658041302e+30,inf,1.9994892947407106e+30,inf,inf,inf
686100,2.0193815483563393e+30,inf,2.019583486511175e+30,inf,inf,inf
686200,2.0396756505539087e+30,inf,2.039879618118964e+30,inf,inf,inf
686300,2.0601737016210415e+30,inf,2.0603797189912035e+30,inf,inf,inf
686400,2.0808777511749615e+30,inf,2.081085838950079e+30,inf,inf,inf
686500,2.1017898694308526e+30,inf,2.1020000484177957e+30,inf,inf,inf
686600,2.1229121474088616e+30,inf,2.1231244386236024e+30,inf,inf,inf
686700,2.1442466971431812e+30,inf,2.1444611218128955e+30,inf,inf,inf
686800,2.1657956518932358e+30,inf,2.1660122314584252e+30,inf,inf,inf
686900,2.1875611663569803e+30,inf,2.187779922473616e+30,inf,inf,inf
687000,2.2095454168863632e+30,inf,2.2097663714280518e+30,inf,inf,inf
687100,2.2317506017049321e+30,inf,2.2319737767651027e+30,inf,inf,inf
687200,2.2541789411276384e+30,inf,2.2544043590217512e+30,inf,inf,inf
687300,2.2768326777828473e+30,inf,2.2770603610506256e+30,inf,inf,inf
687400,2.299714076836582e+30,inf,2.2999440482442657e+30,inf,inf,inf
687500,2.322825426219019e+30,inf,2.323057708761641e+30,inf,inf,inf
687600,2.3461690368532605e+30,inf,2.346403653756946e+30,inf,inf,inf
687700,2.3697472428864027e+30,inf,2.3699842176106913e+30,inf,inf,inf
687800,2.3935624019229343e+30,inf,2.3938017581631264e+30,inf,inf,inf
687900,2.417616895260471e+30,inf,2.417858656949997e+30,inf,inf,inf
688000,2.4419131281278652e+30,inf,2.442157319440678e+30,inf,inf,inf
688100,2.4664535299257065e+30,inf,2.466700175278699e+30,inf,inf,inf
688200,2.491240554469241e+30,inf,2.4914896785246878e+30,inf,inf,inf
688300,2.516276680233725e+30,inf,2.5165283079017483e+30,inf,inf,inf
688400,2.541564410602256e+30,inf,2.5418185670433163e+30,inf,inf,inf
688500,2.56710627411609e+30,inf,2.5673629847435016e+30,inf,inf,inf
688600,2.5929048247274554e+30,inf,2.593164115209928e+30,inf,inf,inf
688700,2.6189626420549514e+30,inf,2.619224538319157e+30,inf,inf,inf
688800,2.6452823316414684e+30,inf,2.645546859874633e+30,inf,inf,inf
688900,2.6718665252147196e+30,inf,2.672133711867241e+30,inf,inf,inf
689000,2.6987178809503927e+30,inf,2.698987752738488e+30,inf,inf,inf
689100,2.7258390837379446e+30,inf,2.7261116676463183e+30,inf,inf,inf
689200,2.753232845449065e+30,inf,2.7535081687336094e+30,inf,inf,inf
689300,2.7809019052088327e+30,inf,2.7811799953993537e+30,inf,inf,inf
689400,2.808849029669614e+30,inf,2.809129914572581e+30,inf,inf,inf
689500,2.837077013287696e+30,inf,2.837360720989025e+30,inf,inf,inf
689600,2.8655886786027004e+30,inf,2.8658752374705604e+30,inf,inf,inf
689700,2.8943868765198265e+30,inf,2.8946763152074787e+30,inf,inf,inf
689800,2.9234744865949037e+30,inf,2.923766834043563e+30,inf,inf,inf
689900,2.952854417322322e+30,inf,2.953149702764054e+30,inf,inf,inf
690000,2.9825296064258664e+30,inf,2.982827859386509e+30,inf,inf,inf
690100,3.0125030211524444e+30,inf,3.01280427145456e+30,inf,inf,inf
690200,3.042777658568792e+30,inf,3.043081936334649e+30,inf,inf,inf
690300,3.0733565458611605e+30,inf,3.073663881515747e+30,inf,inf,inf
690400,3.104242740637994e+30,inf,3.1045531649120575e+30,inf,inf,inf
690500,3.135439331235669e+30,inf,3.1357528751687923e+30,inf,inf,inf
690600,3.1669494370273e+30,inf,3.167266131971003e+30,inf,inf,inf
690700,3.1987762087346473e+30,inf,3.199096086355521e+30,inf,inf,inf
690800,3.23092282874316e+30,inf,3.231245921026034e+30,inf,inf,inf
690900,3.2633925114201864e+30,inf,3.2637188506713284e+30,inf,inf,inf
691000,3.296188503436382e+30,inf,3.2965181222867255e+30,inf,inf,inf
691100,3.32931408409034e+30,inf,3.3296470154987487e+30,inf,inf,inf
691200,3.3627725656365003e+30,inf,3.363108842893064e+30,inf,inf,inf
691300,3.396567293616341e+30,inf,3.3969069503457027e+30,inf,inf,inf
691400,3.4307016471928983e+30,inf,3.4310447173576174e+30,inf,inf,inf
691500,3.465179039488659e+30,inf,3.465525557392608e+30,inf,inf,inf
691600,3.5000029179268345e+30,inf,3.500352918218627e+30,inf,inf,inf
691700,3.5351767645760756e+30,inf,3.535530282252533e+30,inf,inf,inf
691800,3.57070409649865e+30,inf,3.5710611669083e+30,inf,inf,inf
691900,3.60658846610211e+30,inf,3.60694912494872e+30,inf,inf,inf
692000,3.642833461494499e+30,inf,3.643197744840648e+30,inf,inf,inf
692100,3.679442706843137e+30,inf,3.679810651113821e+30,inf,inf,inf
692200,3.716419862737006e+30,inf,3.71679150472328e+30,inf,inf,inf
692300,3.753768626552764e+30,inf,3.754144003415419e+30,inf,inf,inf
692400,3.791492732824456e+30,inf,3.7918718820977385e+30,inf,inf,inf
692500,3.829595953616936e+30,inf,3.829978913212298e+30,inf,inf,inf
692600,3.868082098903027e+30,inf,3.8684689071129174e+30,inf,inf,inf
692700,3.906955016944505e+30,inf,3.9073457124461996e+30,inf,inf,inf
692800,3.94621859467686e+30,inf,3.9466132165363275e+30,inf,inf,inf
692900,3.9858767580979854e+30,inf,3.986275345773795e+30,inf,inf,inf
693000,4.025933472660715e+30,inf,4.026336066007981e+30,inf,inf,inf
693100,4.066392743669352e+30,inf,4.0667993829437187e+30,inf,inf,inf
693200,4.107258616680148e+30,inf,4.107669342541816e+30,inf,inf,inf
693300,4.148535177905835e+30,inf,4.1489500314236254e+30,inf,inf,inf
693400,4.1902265546241944e+30,inf,4.1906455772796567e+30,inf,inf,inf
693500,4.2323369155907594e+30,inf,4.232760149282318e+30,inf,inf,inf
693600,4.2748704714556477e+30,inf,4.275297958502793e+30,inf,inf,inf
693700,4.3178314751845876e+30,inf,4.318263258332106e+30,inf,inf,inf
693800,4.3612242224841734e+30,inf,4.361660344906422e+30,inf,inf,inf
693900,4.4050530522314033e+30,inf,4.4054935575366263e+30,inf,inf,inf
694000,4.449322346907518e+30,inf,4.449767279142208e+30,inf,inf,inf
694100,4.4940365330362166e+30,inf,4.49448593668952e+30,inf,inf,inf
694200,4.5392000816262667e+30,inf,4.539654001634429e+30,inf,inf,inf
694300,4.584817508618565e+30,inf,4.585275990369427e+30,inf,inf,inf
694400,4.6308933753376805e+30,inf,4.631356464675214e+30,inf,inf,inf
694500,4.677432288947959e+30,inf,4.677900032176854e+30,inf,inf,inf
694600,4.7244389029141926e+30,inf,4.724911346804484e+30,inf,inf,inf
694700,4.771917917466914e+30,inf,4.772395109258661e+30,inf,inf,inf
694800,4.8198740800723954e+30,inf,4.8203560674804024e+30,inf,inf,inf
694900,4.86831218590733e+30,inf,4.8687990171259205e+30,inf,inf,inf
695000,4.917237078338327e+30,inf,4.9177288020461607e+30,inf,inf,inf
695100,4.966653649406184e+30,inf,4.9671503147711245e+30,inf,inf,inf
695200,5.016566840315064e+30,inf,5.0170684969990954e+30,inf,inf,inf
695300,5.0669816419265545e+30,inf,5.067488340090747e+30,inf,inf,inf
695400,5.117903095258721e+30,inf,5.118414885568246e+30,inf,inf,inf
695500,5.169336291990155e+30,inf,5.169853225619354e+30,inf,inf,inf
695600,5.221286374969095e+30,inf,5.221808503606591e+30,inf,inf,inf
695700,5.273758538727665e+30,inf,5.274285914581538e+30,inf,inf,inf
695800,5.326758030001296e+30,inf,5.327290705804296e+30,inf,inf,inf
695900,5.380290148253321e+30,inf,5.380828177268146e+30,inf,inf,inf
696000,5.434360246204895e+30,inf,5.434903682229515e+30,inf,inf,inf
696100,5.488973730370212e+30,inf,5.489522627743249e+30,inf,inf,inf
696200,5.544136061597102e+30,inf,5.544690475203261e+30,inf,inf,inf
696300,5.599852755613081e+30,inf,5.600412740888642e+30,inf,inf,inf
696400,5.656129383576853e+30,inf,5.65669499651521e+30,inf,inf,inf
696500,5.712971572635386e+30,inf,5.713542869792649e+30,inf,inf,inf
696600,5.770385006486576e+30,inf,5.770962044987224e+30,inf,inf,inf
696700,5.828375425947556e+30,inf,5.828958263490152e+30,inf,inf,inf
696800,5.886948629528749e+30,inf,5.887537324391701e+30,inf,inf,inf
696900,5.946110474013628e+30,inf,5.94670508506103e+30,inf,inf,inf
697000,6.005866875044378e+30,inf,6.006467461731883e+30,inf,inf,inf
697100,6.06622380771337e+30,inf,6.066830430094141e+30,inf,inf,inf
697200,6.12718730716065e+30,inf,6.127800025891366e+30,inf,inf,inf
697300,6.188763469177369e+30,inf,6.189382345524286e+30,inf,inf,inf
697400,6.250958450815334e+30,inf,6.251583546660416e+30,inf,inf,inf
697500,6.313778471002629e+30,inf,6.314409848849729e+30,inf,inf,inf
697600,6.377229811165482e+30,inf,6.377867534146598e+30,inf,inf,inf
697700,6.441318815856302e+30,inf,6.441962947737887e+30,inf,inf,inf
697800,6.506051893388142e+30,inf,6.506702498577482e+30,inf,inf,inf
697900,6.571435516475413e+30,inf,6.57209266002706e+30,inf,inf,inf
698000,6.637476222881108e+30,inf,6.638139970503397e+30,inf,inf,inf
698100,6.704180616070561e+30,inf,6.704851034132169e+30,inf,inf,inf
698200,6.771555365871677e+30,inf,6.772232521408264e+30,inf,inf,inf
698300,6.839607209141879e+30,inf,6.840291169862793e+30,inf,inf,inf
698400,6.908342950441742e+30,inf,6.909033784736786e+30,inf,inf,inf
698500,6.977769462715385e+30,inf,6.978467239661657e+30,inf,inf,inf
698600,7.047893687977663e+30,inf,7.04859847734646e+30,inf,inf,inf
698700,7.118722638008346e+30,inf,7.119434510272146e+30,inf,inf,inf
698800,7.190263395053234e+30,inf,7.19098242139274e+30,inf,inf,inf
698900,7.262523112532292e+30,inf,7.263249364843545e+30,inf,inf,inf
699000,7.335509015754945e+30,inf,7.33624256665652e+30,inf,inf,inf
699100,7.409228402642522e+30,inf,7.409969325482786e+30,inf,inf,inf
699200,7.483688644458015e+30,inf,7.48443701332246e+30,inf,inf,inf
699300,7.558897186543104e+30,inf,7.559653076261759e+30,inf,inf,inf
699400,7.634861549062647e+30,inf,7.635625035217553e+30,inf,inf,inf
699500,7.711589327756611e+30,inf,7.712360486689386e+30,inf,inf,inf
699600,7.789088194699585e+30,inf,7.789867103519055e+30,inf,inf,inf
699700,7.86736589906792e+30,inf,7.868152635657827e+30,inf,inf,inf
699800,7.946430267914564e+30,inf,7.947224910941355e+30,inf,inf,inf
699900,8.026289206951704e+30,inf,8.0270918358724e+30,inf,inf,inf
700000,8.106950701341259e+30,inf,8.107761396411392e+30,inf,inf,inf
700100,8.188422816493337e+30,inf,8.189241658774987e+30,inf,inf,inf
700200,8.270713698872684e+30,inf,8.271540770242572e+30,inf,inf,inf
700300,8.353831576813272e+30,inf,8.354666959970952e+30,inf,inf,inf
700400,8.43778476134104e+30,inf,8.438628539817174e+30,inf,inf,inf
700500,8.522581647004939e+30,inf,8.523433905169639e+30,inf,inf,inf
700600,8.608230712716279e+30,inf,8.60909153578755e+30,inf,inf,inf
700700,8.694740522596587e+30,inf,8.695609996648847e+30,inf,inf,inf
700800,8.782119726833918e+30,inf,8.782997938806602e+30,inf,inf,inf
700900,8.870377062547775e+30,inf,8.87126410025403e+30,inf,inf,inf
701000,8.95952135466277e+30,inf,8.960417306798235e+30,inf,inf,inf
701100,9.049561516791031e+30,inf,9.05046647294271e+30,inf,inf,inf
701200,9.140506552123463e+30,inf,9.141420602778675e+30,inf,inf,inf
701300,9.232365554330017e+30,inf,9.23328879088545e+30,inf,inf,inf
701400,9.325147708468939e+30,inf,9.326080223239786e+30,inf,inf,inf
701500,9.418862291905201e+30,inf,9.419804178134392e+30,inf,inf,inf
701600,9.513518675238168e+30,inf,9.514470027105692e+30,inf,inf,inf
701700,9.609126323238576e+30,inf,9.610087235870899e+30,inf,inf,inf
701800,9.705694795794876e+30,inf,9.706665365274456e+30,inf,inf,inf
701900,9.803233748869192e+30,inf,9.804214072244078e+30,inf,inf,inf
702000,9.901752935462801e+30,inf,9.902743110756348e+30,inf,inf,inf
702100,1.0001262206591339e+31,inf,1.0002262332811999e+31,inf,inf,inf
702200,1.010177151226983e+31,inf,1.0102781689421057e+31,inf,inf,inf
702300,1.020329090250758e+31,inf,1.0204311231597829e+31,inf,inf,inf
702400,1.0305830528313087e+31,inf,1.0306861111365919e+31,inf,inf,inf
702500,1.0409400642709068e+31,inf,1.0410441582773338e+31,inf,inf,inf
702600,1.0514011601757645e+31,inf,1.0515063002917821e+31,inf,inf,inf
702700,1.061967386559588e+31,inf,1.062073583298244e+31,inf,inf,inf
702800,1.0726397999481656e+31,inf,1.0727470639281605e+31,inf,inf,inf
702900,1.0834194674850147e+31,inf,1.0835278094317633e+31,inf,inf,inf
703000,1.0943074670380816e+31,inf,1.0944168977847854e+31,inf,inf,inf
703100,1.105304887307525e+31,inf,1.1054154177962558e+31,inf,inf,inf
703200,1.116412827934569e+31,inf,1.1165244692173626e+31,inf,inf,inf
703300,1.1276323996114633e+31,inf,1.1277451628514245e+31,inf,inf,inf
703400,1.1389647241925367e+31,inf,1.139078620664956e+31,inf,inf,inf
703500,1.150410934806378e+31,inf,1.1505259758998586e+31,inf,inf,inf
703600,1.1619721759691305e+31,inf,1.1620883731867275e+31,inf,inf,inf
703700,1.1736496036989438e+31,inf,1.1737669686593136e+31,inf,inf,inf
703800,1.185444385631555e+31,inf,1.1855629300701181e+31,inf,inf,inf
703900,1.1973577011370483e+31,inf,1.197477436907162e+31,inf,inf,inf
704000,1.2093907414377762e+31,inf,1.20951168051192e+31,inf,inf,inf
704100,1.221544709727478e+31,inf,1.2216668641984507e+31,inf,inf,inf
704200,1.2338208212915798e+31,inf,1.233944203373709e+31,inf,inf,inf
704300,1.246220303628713e+31,inf,1.246344925659076e+31,inf,inf,inf
704400,1.2587443965734633e+31,inf,1.2588702710131206e+31,inf,inf,inf
704500,1.271394352420327e+31,inf,1.271521491855569e+31,inf,inf,inf
704600,1.2841714360489416e+31,inf,1.2842998531925465e+31,inf,inf,inf
704700,1.2970769250505555e+31,inf,1.2972066327430605e+31,inf,inf,inf
704800,1.3101121098557796e+31,inf,1.3102431210667652e+31,inf,inf,inf
704900,1.3232782938636126e+31,inf,1.323410621692999e+31,inf,inf,inf
705000,1.3365767935717797e+31,inf,1.3367104512511368e+31,inf,inf,inf
705100,1.3500089387083537e+31,inf,1.3501439396022244e+31,inf,inf,inf
705200,1.3635760723647342e+31,inf,1.3637124299719707e+31,inf,inf,inf
705300,1.3772795511299288e+31,inf,1.3774172790850418e+31,inf,inf,inf
705400,1.3911207452262114e+31,inf,1.391259857300734e+31,inf,inf,inf
705500,1.4051010386461229e+31,inf,1.4052415487499875e+31,inf,inf,inf
705600,1.419221829290866e+31,inf,1.419363751473795e+31,inf,inf,inf
705700,1.4334845291100723e+31,inf,1.4336278775629834e+31,inf,inf,inf
705800,1.4478905642429935e+31,inf,1.4480353532994178e+31,inf,inf,inf
705900,1.4624413751610982e+31,inf,1.4625876192986143e+31,inf,inf,inf
706000,1.4771384168121078e+31,inf,1.477286130653789e+31,inf,inf,inf
706100,1.4919831587654743e+31,inf,1.492132357081351e+31,inf,inf,inf
706200,1.506977085359329e+31,inf,1.507127783067865e+31,inf,inf,inf
706300,1.5221216958488963e+31,inf,1.5222739080184812e+31,inf,inf,inf
706400,1.5374185045564131e+31,inf,1.5375722464068687e+31,inf,inf,inf
706500,1.5528690410225387e+31,inf,1.553024327926641e+31,inf,inf,inf
706600,1.5684748501593025e+31,inf,1.5686316976443184e+31,inf,inf,inf
706700,1.5842374924045764e+31,inf,1.5843959161538169e+31,inf,inf,inf
706800,1.6001585438781068e+31,inf,1.6003185597324947e+31,inf,inf,inf
706900,1.6162395965391103e+31,inf,1.6164012204987641e+31,inf,inf,inf
707000,1.632482258345453e+31,inf,1.6326455065712875e+31,inf,inf,inf
707100,1.6488881534144398e+31,inf,1.6490530422297813e+31,inf,inf,inf
707200,1.6654589221852e+31,inf,1.6656254680774186e+31,inf,inf,inf
707300,1.6821962215827268e+31,inf,1.682364441204885e+31,inf,inf,inf
707400,1.6991017251835451e+31,inf,1.6992716353560636e+31,inf,inf,inf
707500,1.7161771233830617e+31,inf,1.7163487410954e+31,inf,inf,inf
707600,1.733424123564585e+31,inf,1.7335974659769416e+31,inf,inf,inf
707700,1.7508444502700476e+31,inf,1.7510195347150747e+31,inf,inf,inf
707800,1.7684398453724493e+31,inf,1.7686166893569865e+31,inf,inf,inf
707900,1.78621206825002e+31,inf,1.786390689456845e+31,inf,inf,inf
708000,1.8041628959621493e+31,inf,1.8043433122517456e+31,inf,inf,inf
708100,1.8222941234270714e+31,inf,1.822476352839414e+31,inf,inf,inf
708200,1.8406075636013462e+31,inf,1.8407916243577064e+31,inf,inf,inf
708300,1.8591050476611315e+31,inf,1.8592909581658976e+31,inf,inf,inf
708400,1.8777884251852847e+31,inf,1.8779762040278032e+31,inf,inf,inf
708500,1.8966595643403096e+31,inf,1.8968492302967436e+31,inf,inf,inf
708600,1.9157203520671504e+31,inf,1.915911924102357e+31,inf,inf,inf
708700,1.9349726942698706e+31,inf,1.9351661915392976e+31,inf,inf,inf
708800,1.9544185160062236e+31,inf,1.9546139578578241e+31,inf,inf,inf
708900,1.9740597616801457e+31,inf,1.9742571676563136e+31,inf,inf,inf
709000,1.9938983952361736e+31,inf,1.9940977850756973e+31,inf,inf,inf
709100,2.0139364003558232e+31,inf,2.0141377939958587e+31,inf,inf,inf
709200,2.0341757806559407e+31,inf,2.0343791982340064e+31,inf,inf,inf
709300,2.0546185598890447e+31,inf,2.0548240217450335e+31,inf,inf,inf
709400,2.0752667821456794e+31,inf,2.075474308823894e+31,inf,inf,inf
709500,2.0961225120588125e+31,inf,2.0963321243100186e+31,inf,inf,inf
709600,2.1171878350102733e+31,inf,2.1173995537937743e+31,inf,inf,inf
709700,2.1384648573392725e+31,inf,2.1386787038250064e+31,inf,inf,inf
709800,2.1599557065530214e+31,inf,2.1601717021236767e+31,inf,inf,inf
709900,2.1816625315394575e+31,inf,2.1818806977926113e+31,inf,inf,inf
710000,2.203587502782116e+31,inf,2.2038078615323943e+31,inf,inf,inf
710100,2.2257328125771593e+31,inf,2.225955385858417e+31,inf,inf,inf
710200,2.2481006752525834e+31,inf,2.2483254853201086e+31,inf,inf,inf
710300,2.2706933273896365e+31,inf,2.2709203967223754e+31,inf,inf,inf
710400,2.293513028046447e+31,inf,2.2937423793492518e+31,inf,inf,inf
710500,2.316562058983922e+31,inf,2.31679371518982e+31,inf,inf,inf
710600,2.339842724893884e+31,inf,2.3400767091663735e+31,inf,inf,inf
710700,2.3633573536295395e+31,inf,2.3635936893649023e+31,inf,inf,inf
710800,2.387108296438228e+31,inf,2.387347007267872e+31,inf,inf,inf
710900,2.4110979281965318e+31,inf,2.4113390379893514e+31,inf,inf,inf
711000,2.435328647647741e+31,inf,2.4355721805125054e+31,inf,inf,inf
711100,2.459802877641699e+31,inf,2.460048857929463e+31,inf,inf,inf
711200,2.484523065377083e+31,inf,2.4847715176836207e+31,inf,inf,inf
711300,2.509491682646075e+31,inf,2.50974263181434e+31,inf,inf,inf
711400,2.534711226081549e+31,inf,2.534964697204157e+31,inf,inf,inf
711500,2.560184217406687e+31,inf,2.5604402358284276e+31,inf,inf,inf
711600,2.5859132036871377e+31,inf,2.5861717950075063e+31,inf,inf,inf
711700,2.6119007575856994e+31,inf,2.6121619476614578e+31,inf,inf,inf
711800,2.638149477619561e+31,inf,2.6384132925673226e+31,inf,inf,inf
711900,2.664661988420134e+31,inf,2.6649284546189758e+31,inf,inf,inf
712000,2.6914409409954856e+31,inf,2.691710085089585e+31,inf,inf,inf
712100,2.7184890129954203e+31,inf,2.71876086189672e+31,inf,inf,inf
712200,2.74580890897922e+31,inf,2.746083489870118e+31,inf,inf,inf
712300,2.77340336068607e+31,inf,2.7736807010221384e+31,inf,inf,inf
712400,2.8012751273082106e+31,inf,2.801555254820941e+31,inf,inf,inf
712500,2.8294269957668363e+31,inf,2.829709938466413e+31,inf,inf,inf
712600,2.857861780990751e+31,inf,2.85814756716885e+31,inf,inf,inf
712700,2.886582326197849e+31,inf,2.8868709844304686e+31,inf,inf,inf
712800,2.915591503179404e+31,inf,2.9158830623297217e+31,inf,inf,inf
712900,2.944892212587215e+31,inf,2.945186701808474e+31,inf,inf,inf
713000,2.9744873842236574e+31,inf,2.9747848329620795e+31,inf,inf,inf
713100,3.0043799773346276e+31,inf,3.004680415332361e+31,inf,inf,inf
713200,3.034572980905442e+31,inf,3.034876438203532e+31,inf,inf,inf
713300,3.0650694139597116e+31,inf,3.0653759209011073e+31,inf,inf,inf
713400,3.0958723258612147e+31,inf,3.0961819130938007e+31,inf,inf,inf
713500,3.1269847966188017e+31,inf,3.1272974950984637e+31,inf,inf,inf
713600,3.1584099371943807e+31,inf,3.1587257781881003e+31,inf,inf,inf
713700,3.1901508898139644e+31,inf,3.1904699049029458e+31,inf,inf,inf
713800,3.2222108282818785e+31,inf,3.2225330493647066e+31,inf,inf,inf
713900,3.254592958298116e+31,inf,3.254918417593946e+31,inf,inf,inf
714000,3.287300517778866e+31,inf,3.287629247830644e+31,inf,inf,inf
714100,3.3203367771802774e+31,inf,3.3206688108579954e+31,inf,inf,inf
714200,3.3537050398254877e+31,inf,3.35404041032947e+31,inf,inf,inf
714300,3.3874086422349077e+31,inf,3.3877473830991313e+31,inf,inf,inf
714400,3.4214509544598523e+31,inf,3.421793099555298e+31,inf,inf,inf
714500,3.4558353804195214e+31,inf,3.4561809639575632e+31,inf,inf,inf
714600,3.490565358241343e+31,inf,3.4909144147771674e+31,inf,inf,inf
714700,3.5256443606047643e+31,inf,3.525996925040825e+31,inf,inf,inf
714800,3.561075895088494e+31,inf,3.561432002678003e+31,inf,inf,inf
714900,3.5968635045212157e+31,inf,3.597223190871668e+31,inf,inf,inf
715000,3.6330107673358484e+31,inf,3.633374068412582e+31,inf,inf,inf
715100,3.66952129792735e+31,inf,3.6698882500571424e+31,inf,inf,inf
715200,3.706398747014131e+31,inf,3.7067693868888323e+31,inf,inf,inf
715300,3.7436468020030786e+31,inf,3.744021166683279e+31,inf,inf,inf
715400,3.7812691873582824e+31,inf,3.781647314277018e+31,inf,inf,inf
715500,3.819269664973432e+31,inf,3.8196515919399293e+31,inf,inf,inf
715600,3.8576520345479847e+31,inf,3.8580377997514393e+31,inf,inf,inf
715700,3.896420133967086e+31,inf,3.896809775980483e+31,inf,inf,inf
715800,3.935577839685333e+31,inf,3.935971397469302e+31,inf,inf,inf
715900,3.9751290671143815e+31,inf,3.9755265800210927e+31,inf,inf,inf
716000,4.0150777710144483e+31,inf,4.0154792787915497e+31,inf,inf,inf
716100,4.0554279458897586e+31,inf,4.0558334886843476e+31,inf,inf,inf
716200,4.0961836263879545e+31,inf,4.096593244750593e+31,inf,inf,inf
716300,4.13734888770352e+31,inf,4.137762622592291e+31,inf,inf,inf
716400,4.178927845985275e+31,inf,4.179345738769873e+31,inf,inf,inf
716500,4.220924658747932e+31,inf,4.221346751213807e+31,inf,inf,inf
716600,4.263343525287834e+31,inf,4.263769859640363e+31,inf,inf,inf
716700,4.306188687102819e+31,inf,4.3066193059715295e+31,inf,inf,inf
716800,4.349464428316366e+31,inf,4.349899374759197e+31,inf,inf,inf
716900,4.393175076105926e+31,inf,4.393614393613536e+31,inf,inf,inf
717000,4.437325001135631e+31,inf,4.437768733635745e+31,inf,inf,inf
717100,4.4819186179933125e+31,inf,4.482366809855112e+31,inf,inf,inf
717200,4.526960385631914e+31,inf,4.527413081670477e+31,inf,inf,inf
717300,4.572454807815348e+31,inf,4.57291205329613e+31,inf,inf,inf
717400,4.618406433568835e+31,inf,4.618868274212191e+31,inf,inf,inf
717500,4.664819857633763e+31,inf,4.665286339619526e+31,inf,inf,inf
717600,4.71169972092712e+31,inf,4.712170890899212e+31,inf,inf,inf
717700,4.759050711005532e+31,inf,4.759526616076632e+31,inf,inf,inf
717800,4.806877562533996e+31,inf,4.807358250290249e+31,inf,inf,inf
717900,4.855185057759287e+31,inf,4.855670576265063e+31,inf,inf,inf
718000,4.903978026988144e+31,inf,4.904468424790843e+31,inf,inf,inf
718100,4.953261349070263e+31,inf,4.95375667520517e+31,inf,inf,inf
718200,5.003039951886117e+31,inf,5.003540255881305e+31,inf,inf,inf
718300,5.053318812839728e+31,inf,5.053824144721012e+31,inf,inf,inf
718400,5.104102959356339e+31,inf,5.104613369652274e+31,inf,inf,inf
718500,5.155397469385117e+31,inf,5.155913009132055e+31,inf,inf,inf
718600,5.207207471906901e+31,inf,5.207728192654091e+31,inf,inf,inf
718700,5.259538147447062e+31,inf,5.260064101261807e+31,inf,inf,inf
718800,5.312394728593495e+31,inf,5.312925968066355e+31,inf,inf,inf
718900,5.365782500519836e+31,inf,5.366319078769888e+31,inf,inf,inf
719000,5.419706801513923e+31,inf,5.420248772194075e+31,inf,inf,inf
719100,5.4741730235116e+31,inf,5.474720440813951e+31,inf,inf,inf
719200,5.529186612635821e+31,inf,5.529739531297085e+31,inf,inf,inf
719300,5.584753069741265e+31,inf,5.585311545048239e+31,inf,inf,inf
719400,5.640877950964312e+31,inf,5.641442038759408e+31,inf,inf,inf
719500,5.697566868278662e+31,inf,5.6981366249654895e+31,inf,inf,inf
719600,5.754825490056422e+31,inf,5.755400972605428e+31,inf,inf,inf
719700,5.812659541634954e+31,inf,5.813240807589118e+31,inf,inf,inf
719800,5.871074805889314e+31,inf,5.8716619133699025e+31,inf,inf,inf
719900,5.9300771238104935e+31,inf,5.930670131522875e+31,inf,inf,inf
720000,5.989672395089475e+31,inf,5.990271362328984e+31,inf,inf,inf
720100,6.049866578707152e+31,inf,6.050471565365023e+31,inf,inf,inf
720200,6.110665693530135e+31,inf,6.111276760099487e+31,inf,inf,inf
720300,6.172075818912641e+31,inf,6.172693026494532e+31,inf,inf,inf
720400,6.234103095304323e+31,inf,6.234726505613853e+31,inf,inf,inf
720500,6.296753724864278e+31,inf,6.297383400236764e+31,inf,inf,inf
720600,6.360033972081218e+31,inf,6.360669975478426e+31,inf,inf,inf
720700,6.423950164399846e+31,inf,6.424592559416286e+31,inf,inf,inf
720800,6.48850869285354e+31,inf,6.489157543722826e+31,inf,inf,inf
720900,6.553716012703405e+31,inf,6.554371384304675e+31,inf,inf,inf
721000,6.6195786440837405e+31,inf,6.620240601948149e+31,inf,inf,inf
721100,6.686103172653997e+31,inf,6.686771782971263e+31,inf,inf,inf
721200,6.753296250257277e+31,inf,6.7539715798823025e+31,inf,inf,inf
721300,6.821164595585446e+31,inf,6.821846712045005e+31,inf,inf,inf
721400,6.889714994850968e+31,inf,6.890403966350454e+31,inf,inf,inf
721500,6.958954302465434e+31,inf,6.959650197895681e+31,inf,inf,inf
721600,7.028889441724973e+31,inf,7.029592330669146e+31,inf,inf,inf
721700,7.099527405502492e+31,inf,7.100237358243043e+31,inf,inf,inf
721800,7.170875256946899e+31,inf,7.171592344472594e+31,inf,inf,inf
721900,7.242940130189377e+31,inf,7.243664424202396e+31,inf,inf,inf
722000,7.315729231056711e+31,inf,7.316460803979816e+31,inf,inf,inf
722100,7.389249837791804e+31,inf,7.389988762775583e+31,inf,inf,inf
722200,7.463509301781446e+31,inf,7.464255652711624e+31,inf,inf,inf
722300,7.538515048291381e+31,inf,7.53926889979621e+31,inf,inf,inf
722400,7.614274577208768e+31,inf,7.615036004666488e+31,inf,inf,inf
722500,7.690795463792089e+31,inf,7.691564543338468e+31,inf,inf,inf
722600,7.768085359428621e+31,inf,7.768862167964564e+31,inf,inf,inf
722700,7.846151992399492e+31,inf,7.846936607598732e+31,inf,inf,inf
722800,7.925003168652453e+31,inf,7.925795668969318e+31,inf,inf,inf
722900,8.004646772582377e+31,inf,8.005447237259635e+31,inf,inf,inf
723000,8.085090767819656e+31,inf,8.085899276896438e+31,inf,inf,inf
723100,8.166343198026467e+31,inf,8.16715983234627e+31,inf,inf,inf
723200,8.248412187701084e+31,inf,8.249237028919854e+31,inf,inf,inf
723300,8.331305942990236e+31,inf,8.332139073584535e+31,inf,inf,inf
723400,8.41503275250965e+31,inf,8.4158742557849e+31,inf,inf,inf
723500,8.499600988172846e+31,inf,8.500450948271663e+31,inf,inf,inf
723600,8.585019106028258e+31,inf,8.58587760793886e+31,inf,inf,inf
723700,8.671295647104722e+31,inf,8.672162776669431e+31,inf,inf,inf
723800,8.75843923826555e+31,inf,8.759315082189377e+31,inf,inf,inf
723900,8.846458593071099e+31,inf,8.847343238930406e+31,inf,inf,inf
724000,8.935362512650072e+31,inf,8.936256048901338e+31,inf,inf,inf
724100,9.025159886579558e+31,inf,9.026062402568216e+31,inf,inf,inf
724200,9.115859693773854e+31,inf,9.116771279743232e+31,inf,inf,inf
724300,9.207471003382349e+31,inf,9.208391750482687e+31,inf,inf,inf
724400,9.300002975696292e+31,inf,9.300932975993862e+31,inf,inf,inf
724500,9.393464863064773e+31,inf,9.39440420955108e+31,inf,inf,inf
724600,9.487866010819872e+31,inf,9.488814797420953e+31,inf,inf,inf
724700,9.583215858211089e+31,inf,9.58417417979691e+31,inf,inf,inf
724800,9.679523939349192e+31,inf,9.680491891743127e+31,inf,inf,inf
724900,9.776799884159545e+31,inf,9.77777756414796e+31,inf,inf,inf
725000,9.875053419345012e+31,inf,9.876040924686947e+31,inf,inf,inf
725100,9.974294369358529e+31,inf,9.975291798795464e+31,inf,inf,inf
725200,1.0074532657385444e+32,inf,1.0075540110651182e+32,inf,inf,inf
725300,1.0175778306335807e+32,inf,1.017679588416644e+32,inf,inf,inf
725400,1.0278041439846482e+32,inf,1.0279069243990466e+32,inf,inf,inf
725500,1.0381332283293513e+32,inf,1.0382370416521842e+32,inf,inf,inf
725600,1.0485661164814475e+32,inf,1.0486709730930956e+32,inf,inf,inf
725700,1.059103851634125e+32,inf,1.0592097620192884e+32,inf,inf,inf
725800,1.0697474874643111e+32,inf,1.0698544622130576e+32,inf,inf,inf
725900,1.0804980882380299e+32,inf,1.0806061380468537e+32,inf,inf,inf
726000,1.091356728916819e+32,inf,1.0914658645897106e+32,inf,inf,inf
726100,1.102324495265219e+32,inf,1.1024347277147455e+32,inf,inf,inf
726200,1.1134024839593335e+32,inf,1.1135138242077294e+32,inf,inf,inf
726300,1.1245918026964929e+32,inf,1.1247042618767625e+32,inf,inf,inf
726400,1.135893570306011e+32,inf,1.1360071596630416e+32,inf,inf,inf
726500,1.1473089168610561e+32,inf,1.1474236477527422e+32,inf,inf,inf
726600,1.1588389837916538e+32,inf,1.1589548676900329e+32,inf,inf,inf
726700,1.1704849239988106e+32,inf,1.1706019724912105e+32,inf,inf,inf
726800,1.1822479019698051e+32,inf,1.1823661267600021e+32,inf,inf,inf
726900,1.1941290938946121e+32,inf,1.1942485068040015e+32,inf,inf,inf
727000,1.2061296877835239e+32,inf,1.2062503007523023e+32,inf,inf,inf
727100,1.2182508835859328e+32,inf,1.2183727086742913e+32,inf,inf,inf
727200,1.2304938933103175e+32,inf,1.2306169426996486e+32,inf,inf,inf
727300,1.242859941145433e+32,inf,1.2429842271395475e+32,inf,inf,inf
727400,1.2553502635827158e+32,inf,1.255475798609074e+32,inf,inf,inf
727500,1.2679661095399246e+32,inf,1.2680929061508786e+32,inf,inf,inf
727600,1.2807087404860186e+32,inf,1.2808368113600671e+32,inf,inf,inf
727700,1.2935794305672958e+32,inf,1.2937087885103526e+32,inf,inf,inf
727800,1.306579466734791e+32,inf,1.3067101246814646e+32,inf,inf,inf
727900,1.3197101488729644e+32,inf,1.3198421198878517e+32,inf,inf,inf
728000,1.3329727899296756e+32,inf,1.3331060872086685e+32,inf,inf,inf
728100,1.3463687160474661e+32,inf,1.3465033529190708e+32,inf,inf,inf
728200,1.3598992666961617e+32,inf,1.3600352566228312e+32,inf,inf,inf
728300,1.3735657948068083e+32,inf,1.373703151386289e+32,inf,inf,inf
728400,1.3873696669069486e+32,inf,1.3875084038736392e+32,inf,inf,inf
728500,1.4013122632572683e+32,inf,1.401452394483594e+32,inf,inf,inf
728600,1.4153949779896069e+32,inf,1.4155365174874057e+32,inf,inf,inf
728700,1.4296192192463542e+32,inf,1.4297621811682789e+32,inf,inf,inf
728800,1.4439864093212603e+32,inf,1.4441308079621925e+32,inf,inf,inf
728900,1.4584979848016447e+32,inf,1.4586438346001249e+32,inf,inf,inf
729000,1.4731553967120412e+32,inf,1.4733027122517124e+32,inf,inf,inf
729100,1.487960110659294e+32,inf,1.48810890667036e+32,inf,inf,inf
729200,1.5029136069790973e+32,inf,1.5030638983397952e+32,inf,inf,inf
729300,1.5180173808840225e+32,inf,1.5181691826221109e+32,inf,inf,inf
729400,1.5332729426130193e+32,inf,1.5334262699072807e+32,inf,inf,inf
729500,1.5486818175824302e+32,inf,1.5488366857641884e+32,inf,inf,inf
729600,1.5642455465385125e+32,inf,1.5644019710931663e+32,inf,inf,inf
729700,1.5799656857115103e+32,inf,1.5801236822800814e+32,inf,inf,inf
729800,1.5958438069712494e+32,inf,1.5960033913519465e+32,inf,inf,inf
729900,1.6118814979843183e+32,inf,1.6120426861341168e+32,inf,inf,inf
730000,1.628080362372818e+32,inf,1.6282431704090553e+32,inf,inf,inf
730100,1.6444420198747104e+32,inf,1.6446064640766977e+32,inf,inf,inf
730200,1.6609681065057755e+32,inf,1.661134203316426e+32,inf,inf,inf
730300,1.677660274723201e+32,inf,1.6778280407506732e+32,inf,inf,inf
730400,1.6945201935908096e+32,inf,1.6946896456101686e+32,inf,inf,inf
730500,1.7115495489459512e+32,inf,1.711720703900846e+32,inf,inf,inf
730600,1.7287500435680723e+32,inf,1.7289229185724292e+32,inf,inf,inf
730700,1.746123397348973e+32,inf,1.7462980096887077e+32,inf,inf,inf
730800,1.7636713474647938e+32,inf,1.7638477145995404e+32,inf,inf,inf
730900,1.7813956485497023e+32,inf,1.7815737881145573e+32,inf,inf,inf
731000,1.7992980728713447e+32,inf,1.7994780026786317e+32,inf,inf,inf
731100,1.817380410508064e+32,inf,1.817562148549115e+32,inf,inf,inf
731200,1.835644469527882e+32,inf,1.8358280339748347e+32,inf,inf,inf
731300,1.854092076169292e+32,inf,1.854277485376909e+32,inf,inf,inf
731400,1.872725075023872e+32,inf,1.8729123475313744e+32,inf,inf,inf
731500,1.8915453292207167e+32,inf,1.891734483753639e+32,inf,inf,inf
731600,1.910554720612741e+32,inf,1.9107457760848026e+32,inf,inf,inf
731700,1.9297551499648465e+32,inf,1.929948125479843e+32,inf,inf,inf
731800,1.94914853714398e+32,inf,1.9493434519976945e+32,inf,inf,inf
731900,1.9687368213111002e+32,inf,1.9689336949932314e+32,inf,inf,inf
732000,1.9885219611150792e+32,inf,1.988720813311191e+32,inf,inf,inf
732100,2.0085059348885467e+32,inf,2.0087067854820354e+32,inf,inf,inf
732200,2.0286907408457102e+32,inf,2.028893609919795e+32,inf,inf,inf
732300,2.0490783972821548e+32,inf,2.049283305121883e+32,inf,inf,inf
732400,2.0696709427766525e+32,inf,2.06987790987093e+32,inf,inf,inf
732500,2.090470436395e+32,inf,2.0906794834386397e+32,inf,inf,inf
732600,2.1114789578959144e+32,inf,2.111690105791704e+32,inf,inf,inf
732700,2.1326986079389846e+32,inf,2.1329118777997785e+32,inf,inf,inf
732800,2.1541315082947163e+32,inf,2.154346921445546e+32,inf,inf,inf
732900,2.175779802056694e+32,inf,2.1759973800368995e+32,inf,inf,inf
733000,2.1976456538558666e+32,inf,2.197865418421252e+32,inf,inf,inf
733100,2.2197312500769958e+32,inf,2.2199532232020035e+32,inf,inf,inf
733200,2.2420387990772647e+32,inf,2.2422630029571725e+32,inf,inf,inf
733300,2.264570531407107e+32,inf,2.2647969884602477e+32,inf,inf,inf
733400,2.2873287000332336e+32,inf,2.287557432903237e+32,inf,inf,inf
733500,2.3103155805639036e+32,inf,2.31054661212196e+32,inf,inf,inf
733600,2.333533471476476e+32,inf,2.333766824823624e+32,inf,inf,inf
733700,2.3569846943472287e+32,inf,2.3572203928166633e+32,inf,inf,inf
733800,2.380671594083495e+32,inf,2.3809096612429035e+32,inf,inf,inf
733900,2.4045965391581412e+32,inf,2.404836998812057e+32,inf,inf,inf
734000,2.4287619218463774e+32,inf,2.429004798038562e+32,inf,inf,inf
734100,2.453170158464977e+32,inf,2.4534154754808235e+32,inf,inf,inf
734200,2.4778236896138766e+32,inf,2.478071471982838e+32,inf,inf,inf
734300,2.502724980420219e+32,inf,2.502975252918261e+32,inf,inf,inf
734400,2.5278765207848403e+32,inf,2.5281293084369187e+32,inf,inf,inf
734500,2.5532808256312416e+32,inf,2.5535361537138046e+32,inf,inf,inf
734600,2.578940435157053e+32,inf,2.5791983292005687e+32,inf,inf,inf
734700,2.6048579150880337e+32,inf,2.6051184008795426e+32,inf,inf,inf
734800,2.6310358569346214e+32,inf,2.631298960520315e+32,inf,inf,inf
734900,2.6574768782510525e+32,inf,2.6577426259388777e+32,inf,inf,inf
735000,2.6841836228971056e+32,inf,2.684452041259395e+32,inf,inf,inf
735100,2.7111587613024525e+32,inf,2.7114298771785827e+32,inf,inf,inf
735200,2.738404990733683e+32,inf,2.7386788312327562e+32,inf,inf,inf
735300,2.765925035564001e+32,inf,2.766201628067557e+32,inf,inf,inf
735400,2.7937216475456422e+32,inf,2.794001019710397e+32,inf,inf,inf
735500,2.8217976060850264e+32,inf,2.822079785845635e+32,inf,inf,inf
735600,2.8501557185206645e+32,inf,2.8504407340925165e+32,inf,inf,inf
735700,2.8787988204038724e+32,inf,2.8790867002859128e+32,inf,inf,inf
735800,2.9077297757822995e+32,inf,2.9080205487598776e+32,inf,inf,inf
735900,2.9369514774863037e+32,inf,2.9372451726340523e+32,inf,inf,inf
736000,2.9664668474182123e+32,inf,2.9667634941029542e+32,inf,inf,inf
736100,2.996278836844481e+32,inf,2.9965784647281653e+32,inf,inf,inf
736200,3.026390426690801e+32,inf,3.02669306573347e+32,inf,inf,inf
736300,3.0568046278401567e+32,inf,3.0571103083029407e+32,inf,inf,inf
736400,3.087524481433889e+32,inf,3.0878332338820324e+32,inf,inf,inf
736500,3.118553059175778e+32,inf,3.1188649144816957e+32,inf,inf,inf
736600,3.149893463639199e+32,inf,3.1502084529855628e+32,inf,inf,inf
736700,3.1815488285773284e+32,inf,3.181866983460186e+32,inf,inf,inf
736800,3.2135223192365147e+32,inf,3.2138436714684384e+32,inf,inf,inf
736900,3.245817132672756e+32,inf,3.246141714386023e+32,inf,inf,inf
737000,3.278436498071381e+32,inf,3.278764341721188e+32,inf,inf,inf
737100,3.31138367706995e+32,inf,3.311714815437657e+32,inf,inf,inf
737200,3.344661964084364e+32,inf,3.344996430280772e+32,inf,inf,inf
737300,3.378274686638304e+32,inf,3.378612514106968e+32,inf,inf,inf
737400,3.4122252056959304e+32,inf,3.4125664282165e+32,inf,inf,inf
737500,3.446516915997967e+32,inf,3.446861567689567e+32,inf,inf,inf
737600,3.481153246401123e+32,inf,3.481501361725763e+32,inf,inf,inf
737700,3.51613766022097e+32,inf,3.516489273986992e+32,inf,inf,inf
737800,3.551473655578226e+32,inf,3.551828802943784e+32,inf,inf,inf
737900,3.587164765748536e+32,inf,3.58752348222511e+32,inf,inf,inf
738000,3.623214559515774e+32,inf,3.6235768809717256e+32,inf,inf,inf
738100,3.659626641528894e+32,inf,3.659992604193047e+32,inf,inf,inf
738200,3.6964046526623426e+32,inf,3.696774293127609e+32,inf,inf,inf
738300,3.73355227038013e+32,inf,3.733925625607168e+32,inf,inf,inf
738400,3.771073209103542e+32,inf,3.7714503164244524e+32,inf,inf,inf
738500,3.808971220582526e+32,inf,3.809352117704584e+32,inf,inf,inf
738600,3.847250094270869e+32,inf,3.8476348192802965e+32,inf,inf,inf
738700,3.8859136577050736e+32,inf,3.886302249070844e+32,inf,inf,inf
738800,3.9249657768870976e+32,inf,3.9253582734647865e+32,inf,inf,inf
738900,3.964410356670913e+32,inf,3.96480679770658e+32,inf,inf,inf
739000,4.004251341152952e+32,inf,4.004651766287067e+32,inf,inf,inf
739100,4.044492714066482e+32,inf,4.044897163337889e+32,inf,inf,inf
739200,4.0851384991799444e+32,inf,4.085547013029862e+32,inf,inf,inf
739300,4.1261927606993e+32,inf,4.12660537997537e+32,inf,inf,inf
739400,4.167659603674394e+32,inf,4.168076369634762e+32,inf,inf,inf
739500,4.209543174409453e+32,inf,4.209964128726894e+32,inf,inf,inf
739600,4.251847660877639e+32,inf,4.252272845643727e+32,inf,inf,inf
739700,4.2945772931398404e+32,inf,4.295006750869154e+32,inf,inf,inf
739800,4.337736343767631e+32,inf,4.3381701174020075e+32,inf,inf,inf
739900,4.3813291282704815e+32,inf,4.381767261183308e+32,inf,inf,inf
740000,4.425360005527275e+32,inf,4.4258025415278275e+32,inf,inf,inf
740100,4.469833378222155e+32,inf,4.470280361559977e+32,inf,inf,inf
740200,4.514753693284743e+32,inf,4.5152051686540714e+32,inf,inf,inf
740300,4.5601254423348156e+32,inf,4.560581454879049e+32,inf,inf,inf
740400,4.6059531621314046e+32,inf,4.606413757447618e+32,inf,inf,inf
740500,4.6522414350264356e+32,inf,4.652706659169938e+32,inf,inf,inf
740600,4.6989948894229264e+32,inf,4.6994647889118686e+32,inf,inf,inf
740700,4.746218200237776e+32,inf,4.7466928220578e+32,inf,inf,inf
740800,4.793916089369222e+32,inf,4.794395480978159e+32,inf,inf,inf
740900,4.842093326168984e+32,inf,4.842577535501601e+32,inf,inf,inf
741000,4.890754727919147e+32,inf,4.891243803391939e+32,inf,inf,inf
741100,4.939905160313864e+32,inf,4.9403991508298956e+32,inf,inf,inf
741200,4.98954953794587e+32,inf,4.9900484928996646e+32,inf,inf,inf
741300,5.039692824797892e+32,inf,5.0401967940803714e+32,inf,inf,inf
741400,5.0903400347389984e+32,inf,5.090849068742472e+32,inf,inf,inf
741500,5.141496232025963e+32,inf,5.1420103816491655e+32,inf,inf,inf
741600,5.1931665318096184e+32,inf,5.1936858484627994e+32,inf,inf,inf
741700,5.245356100646334e+32,inf,5.245880636256398e+32,inf,inf,inf
741800,5.298070157014634e+32,inf,5.2985999640303356e+32,inf,inf,inf
741900,5.3513139718369795e+32,inf,5.351849103234163e+32,inf,inf,inf
742000,5.405092869006823e+32,inf,5.4056333782937236e+32,inf,inf,inf
742100,5.459412225920954e+32,inf,5.459958167143546e+32,inf,inf,inf
742200,5.514277474017172e+32,inf,5.5148289017645736e+32,inf,inf,inf
742300,5.569694099317399e+32,inf,5.570251068727331e+32,inf,inf,inf
742400,5.6256676429762216e+32,inf,5.626230209740519e+32,inf,inf,inf
742500,5.6822037018349556e+32,inf,5.682771922205139e+32,inf,inf,inf
742600,5.73930792898128e+32,inf,5.739881859774178e+32,inf,inf,inf
742700,5.796986034314504e+32,inf,5.7975657329179355e+32,inf,inf,inf
742800,5.855243785116483e+32,inf,5.855829309494995e+32,inf,inf,inf
742900,5.9140870066283124e+32,inf,5.914678415328975e+32,inf,inf,inf
743000,5.97352158263279e+32,inf,5.9741189347910534e+32,inf,inf,inf
743100,6.0335534560427525e+32,inf,6.034156811388357e+32,inf,inf,inf
743200,6.094188629495283e+32,inf,6.094798048358232e+32,inf,inf,inf
743300,6.15543316595196e+32,inf,6.156048709268555e+32,inf,inf,inf
743400,6.217293189305058e+32,inf,6.217914918623988e+32,inf,inf,inf
743500,6.279774884989907e+32,inf,6.2804028624784055e+32,inf,inf,inf
743600,6.3428845006033796e+32,inf,6.3435187890534395e+32,inf,inf,inf
743700,6.4066283465285786e+32,inf,6.407269009363231e+32,inf,inf,inf
743800,6.471012796565827e+32,inf,6.471659897845484e+32,inf,inf,inf
743900,6.53604428856999e+32,inf,6.536697892998846e+32,inf,inf,inf
744000,6.601729325094195e+32,inf,6.602389498026704e+32,inf,inf,inf
744100,6.668074474040012e+32,inf,6.668741281487416e+32,inf,inf,inf
744200,6.735086369314246e+32,inf,6.735759877951177e+32,inf,inf,inf
744300,6.80277171149218e+32,inf,6.803451988663329e+32,inf,inf,inf
744400,6.871137268487647e+32,inf,6.871824382214496e+32,inf,inf,inf
744500,6.940189876229713e+32,inf,6.940883895217336e+32,inf,inf,inf
744600,7.009936439346217e+32,inf,7.010637432990153e+32,inf,inf,inf
744700,7.080383931854187e+32,inf,7.081091970247373e+32,inf,inf,inf
744800,7.151539397857149e+32,inf,7.152254551796934e+32,inf,inf,inf
744900,7.223409952249503e+32,inf,7.224132293244728e+32,inf,inf,inf
745000,7.296002781427926e+32,inf,7.296732381706068e+32,inf,inf,inf
745100,7.369325144009957e+32,inf,7.370062076524358e+32,inf,inf,inf
745200,7.443384371559785e+32,inf,7.44412870999694e+32,inf,inf,inf
745300,7.518187869321354e+32,inf,7.518939688108287e+32,inf,inf,inf
745400,7.593743116958787e+32,inf,7.594502491270483e+32,inf,inf,inf
745500,7.670057669304323e+32,inf,7.670824675071253e+32,inf,inf,inf
745600,7.747139157113706e+32,inf,7.747913871029417e+32,inf,inf,inf
745700,7.824995287829184e+32,inf,7.825777787357966e+32,inf,inf,inf
745800,7.903633846350201e+32,inf,7.904424209734835e+32,inf,inf,inf
745900,7.983062695811827e+32,inf,7.983861002081408e+32,inf,inf,inf
746000,8.063289778370973e+32,inf,8.06409610734881e+32,inf,inf,inf
746100,8.144323116000541e+32,inf,8.145137548312142e+32,inf,inf,inf
746200,8.226170811291536e+32,inf,8.226993428372666e+32,inf,inf,inf
746300,8.308841048263286e+32,inf,8.309671932368112e+32,inf,inf,inf
746400,8.392342093181754e+32,inf,8.393181327391072e+32,inf,inf,inf
746500,8.476682295386047e+32,inf,8.477529963615585e+32,inf,inf,inf
746600,8.561870088123335e+32,inf,8.562726275132146e+32,inf,inf,inf
746700,8.647913989392077e+32,inf,8.648778780791016e+32,inf,inf,inf
746800,8.734822602793718e+32,inf,8.735696085053997e+32,inf,inf,inf
746900,8.822604618393013e+32,inf,8.823486878854852e+32,inf,inf,inf
747000,8.9112688135869e+32,inf,8.912159940468259e+32,inf,inf,inf
747100,9.000824053982227e+32,inf,9.001724136387625e+32,inf,inf,inf
747200,9.091279294282177e+32,inf,9.092188422211605e+32,inf,inf,inf
747300,9.182643579181667e+32,inf,9.183561843539584e+32,inf,inf,inf
747400,9.274926044271751e+32,inf,9.275853536876179e+32,inf,inf,inf
747500,9.368135916953097e+32,inf,9.369072730544792e+32,inf,inf,inf
747600,9.46228251735861e+32,inf,9.463228745610345e+32,inf,inf,inf
747700,9.55737525928539e+32,inf,9.558330996811319e+32,inf,inf,inf
747800,9.653423651136019e+32,inf,9.654388993501132e+32,inf,inf,inf
747900,9.750437296869314e+32,inf,9.751412340599002e+32,inf,inf,inf
748000,9.848425896960618e+32,inf,9.849410739550314e+32,inf,inf,inf
748100,9.947399249371794e+32,inf,9.948393989296731e+32,inf,inf,inf
748200,1.0047367250530901e+33,inf,1.0048371987255954e+33,inf,inf,inf
748300,1.0148339896321756e+33,inf,1.0149354730311389e+33,inf,inf,inf
748400,1.0250327283083432e+33,inf,1.025135231581174e+33,inf,inf,inf
748500,1.0353339608619801e+33,inf,1.0354374942580663e+33,inf,inf,inf
748600,1.0457387173219209e+33,inf,1.045843291193653e+33,inf,inf,inf
748700,1.0562480380684431e+33,inf,1.05635366287225e+33,inf,inf,inf
748800,1.0668629739372938e+33,inf,1.0669696602346875e+33,inf,inf,inf
748900,1.077584586324764e+33,inf,1.0776923447833964e+33,inf,inf,inf
749000,1.0884139472938191e+33,inf,1.0885227886885485e+33,inf,inf,inf
749100,1.0993521396812945e+33,inf,1.0994620748952626e+33,inf,inf,inf
749200,1.1104002572061711e+33,inf,1.1105112972318916e+33,inf,inf,inf
749300,1.121559404578935e+33,inf,1.1216715605193929e+33,inf,inf,inf
749400,1.1328306976120397e+33,inf,1.1329439806818009e+33,inf,inf,inf
749500,1.1442152633314769e+33,inf,1.14432968485781e+33,inf,inf,inf
749600,1.1557142400894688e+33,inf,1.1558298115134777e+33,inf,inf,inf
749700,1.1673287776782919e+33,inf,1.1674455105560598e+33,inf,inf,inf
749800,1.1790600374452485e+33,inf,1.179177943448993e+33,inf,inf,inf
749900,1.1909091924087862e+33,inf,1.191028283328027e+33,inf,inf,inf
750000,1.2028774273757932e+33,inf,1.2029977151185307e+33,inf,inf,inf
750100,1.2149659390600681e+33,inf,1.2150874356539742e+33,inf,inf,inf
750200,1.2271759362019745e+33,inf,1.2272986537955947e+33,inf,inf,inf
750300,1.2395086396893128e+33,inf,1.2396325905532818e+33,inf,inf,inf
750400,1.2519652826793903e+33,inf,1.2520904792076582e+33,inf,inf,inf
750500,1.264547110722329e+33,inf,1.2646735654334012e+33,inf,inf,inf
750600,1.2772553818856105e+33,inf,1.2773831074237991e+33,inf,inf,inf
750700,1.2900913668798672e+33,inf,1.2902203760165552e+33,inf,inf,inf
750800,1.3030563491859458e+33,inf,1.3031866548208645e+33,inf,inf,inf
750900,1.3161516251832398e+33,inf,1.316283240345758e+33,inf,inf,inf
751000,1.3293785042793202e+33,inf,1.329511442129748e+33,inf,inf,inf
751100,1.3427383090408604e+33,inf,1.3428725828717644e+33,inf,inf,inf
751200,1.356232375325881e+33,inf,1.3563679985634135e+33,inf,inf,inf
751300,1.3698620524173243e+33,inf,1.3699990386225662e+33,inf,inf,inf
751400,1.3836287031579717e+33,inf,1.3837670660282876e+33,inf,inf,inf
751500,1.3975337040867125e+33,inf,1.3976734574571213e+33,inf,inf,inf
751600,1.411578445576188e+33,inf,1.4117196034207456e+33,inf,inf,inf
751700,1.4257643319718152e+33,inf,1.4259069084050122e+33,inf,inf,inf
751800,1.4400927817322067e+33,inf,1.44023679101038e+33,inf,inf,inf
751900,1.454565227571004e+33,inf,1.454710684093761e+33,inf,inf,inf
752000,1.469183116600139e+33,inf,1.469330034911799e+33,inf,inf,inf
752100,1.4839479104745295e+33,inf,1.4840963052655768e+33,inf,inf,inf
752200,1.4988610855382276e+33,inf,1.4990109716467813e+33,inf,inf,inf
752300,1.5139241329720483e+33,inf,1.5140755253853455e+33,inf,inf,inf
752400,1.5291385589426679e+33,inf,1.5292914727985622e+33,inf,inf,inf
752500,1.5445058847532294e+33,inf,1.5446603353417047e+33,inf,inf,inf
752600,1.5600276469954552e+33,inf,1.5601836497601547e+33,inf,inf,inf
752700,1.5757053977033027e+33,inf,1.575862968243073e+33,inf,inf,inf
752800,1.5915407045081406e+33,inf,1.5916998585785915e+33,inf,inf,inf
752900,1.607535150795505e+33,inf,1.6076959043105846e+33,inf,inf,inf
753000,1.623690335863419e+33,inf,1.6238527048970054e+33,inf,inf,inf
753100,1.640007875082312e+33,inf,1.64017187586982e+33,inf,inf,inf
753200,1.6564894000565432e+33,inf,1.656655048996549e+33,inf,inf,inf
753300,1.6731365587875427e+33,inf,1.6733038724434215e+33,inf,inf,inf
753400,1.6899510158385937e+33,inf,1.6901200109401775e+33,inf,inf,inf
753500,1.706934452501283e+33,inf,1.707105145946533e+33,inf,inf,inf
753600,1.724088566963608e+33,inf,1.7242609758203042e+33,inf,inf,inf
753700,1.7414150744797815e+33,inf,1.7415892159872295e+33,inf,inf,inf
753800,1.7589157075417427e+33,inf,1.7590915991124968e+33,inf,inf,inf
753900,1.7765922160523882e+33,inf,1.7767698752739935e+33,inf,inf,inf
754000,1.7944463675005465e+33,inf,1.7946258121372966e+33,inf,inf,inf
754100,1.8124799471377167e+33,inf,1.8126611951324304e+33,inf,inf,inf
754200,1.8306947581565635e+33,inf,1.830877827632379e+33,inf,inf,inf
754300,1.8490926218712344e+33,inf,1.8492775311334215e+33,inf,inf,inf
754400,1.8676753778994695e+33,inf,1.8678621454372594e+33,inf,inf,inf
754500,1.8864448843465428e+33,inf,1.8866335288349773e+33,inf,inf,inf
754600,1.9054030179910595e+33,inf,1.9055935582928586e+33,inf,inf,inf
754700,1.9245516744726157e+33,inf,1.924744129640063e+33,inf,inf,inf
754800,1.943892768481343e+33,inf,1.944087157758191e+33,inf,inf,inf
754900,1.963428233949366e+33,inf,1.963624576772761e+33,inf,inf,inf
755000,1.983160024244167e+33,inf,1.9833583402465915e+33,inf,inf,inf
755100,2.0030901123639195e+33,inf,2.003290421375156e+33,inf,inf,inf
755200,2.0232204911347587e+33,inf,2.0234228131838723e+33,inf,inf,inf
755300,2.0435531734100444e+33,inf,2.0437575287273853e+33,inf,inf,inf
755400,2.064090192271639e+33,inf,2.064296601290866e+33,inf,inf,inf
755500,2.0848336012331875e+33,inf,2.0850420845933108e+33,inf,inf,inf
755600,2.1057854744454544e+33,inf,2.1059960529928988e+33,inf,inf,inf
755700,2.1269479069037157e+33,inf,2.127160601694406e+33,inf,inf,inf
755800,2.1483230146572472e+33,inf,2.1485378469587128e+33,inf,inf,inf
755900,2.1699129350209002e+33,inf,2.1701299263144022e+33,inf,inf,inf
756000,2.1917198267888198e+33,inf,2.1919389987714987e+33,inf,inf,inf
756100,2.2137458704503032e+33,inf,2.2139672450373482e+33,inf,inf,inf
756200,2.2359932684078282e+33,inf,2.236216867734669e+33,inf,inf,inf
756300,2.2584642451972716e+33,inf,2.2586900916217915e+33,inf,inf,inf
756400,2.2811610477103457e+33,inf,2.2813891638151166e+33,inf,inf,inf
756500,2.304085945419265e+33,inf,2.3043163540138067e+33,inf,inf,inf
756600,2.32724123060367e+33,inf,2.3274739547267304e+33,inf,inf,inf
756700,2.3506292185798458e+33,inf,2.3508642815017037e+33,inf,inf,inf
756800,2.3742522479322136e+33,inf,2.3744896731570068e+33,inf,inf,inf
756900,2.3981126807471816e+33,inf,2.3983524920152564e+33,inf,inf,inf
757000,2.422212902849331e+33,inf,2.4224551241396158e+33,inf,inf,inf
757100,2.4465553240399692e+33,inf,2.4467999795723733e+33,inf,inf,inf
757200,2.4711423783380954e+33,inf,2.4713894925759293e+33,inf,inf,inf
757300,2.4959765242237786e+33,inf,2.496226121876201e+33,inf,inf,inf
757400,2.5210602448839764e+33,inf,2.5213123509084647e+33,inf,inf,inf
757500,2.5463960484608417e+33,inf,2.5466506880656878e+33,inf,inf,inf
757600,2.5719864683025062e+33,inf,2.5722436669493365e+33,inf,inf,inf
757700,2.597834063216396e+33,inf,2.5980938466227175e+33,inf,inf,inf
757800,2.6239414177250823e+33,inf,2.624203811866855e+33,inf,inf,inf
757900,2.65031114232472e+33,inf,2.6505761734389525e+33,inf,inf,inf
758000,2.676945873746066e+33,inf,2.677213568333441e+33,inf,inf,inf
758100,2.70384827521813e+33,inf,2.704118660045652e+33,inf,inf,inf
758200,2.7310210367344785e+33,inf,2.731294138838152e+33,inf,inf,inf
758300,2.7584668753221933e+33,inf,2.758742722009726e+33,inf,inf,inf
758400,2.7861885353135694e+33,inf,2.786467154167101e+33,inf,inf,inf
758500,2.814188788620513e+33,inf,2.814470207499375e+33,inf,inf,inf
758600,2.8424704350117085e+33,inf,2.8427546820552094e+33,inf,inf,inf
758700,2.8710363023925645e+33,inf,2.8713234060228037e+33,inf,inf,inf
758800,2.899889247087988e+33,inf,2.900179236012697e+33,inf,inf,inf
758900,2.9290321541279844e+33,inf,2.9293250573433973e+33,inf,inf,inf
759000,2.958467937536135e+33,inf,2.958763784329889e+33,inf,inf,inf
759100,2.988199540620979e+33,inf,2.988498360575041e+33,inf,inf,inf
759200,3.018229936270306e+33,inf,3.0185317592639327e+33,inf,inf,inf
759300,3.048562127248424e+33,inf,3.0488669834611485e+33,inf,inf,inf
759400,3.079199146496404e+33,inf,3.0795070664110536e+33,inf,inf,inf
759500,3.110144057435363e+33,inf,3.110455071841106e+33,inf,inf,inf
759600,3.141399954272752e+33,inf,3.141714094268179e+33,inf,inf,inf
759700,3.172969962311767e+33,inf,3.173287259307998e+33,inf,inf,inf
759800,3.2048572382638453e+33,inf,3.2051777239876717e+33,inf,inf,inf
759900,3.237064970564303e+33,inf,3.237388677061359e+33,inf,inf,inf
760000,3.2695963796911557e+33,inf,3.269923339329125e+33,inf,inf,inf
760100,3.302454718487143e+33,inf,3.302784963958992e+33,inf,inf,inf
760200,3.3356432724849596e+33,inf,3.335976836812208e+33,inf,inf,inf
760300,3.3691653602358055e+33,inf,3.369502276771829e+33,inf,inf,inf
760400,3.4030243336411976e+33,inf,3.403364636074562e+33,inf,inf,inf
760500,3.4372235782881243e+33,inf,3.4375673006459533e+33,inf,inf,inf
760600,3.471766513787583e+33,inf,3.472113690438962e+33,inf,inf,inf
760700,3.50665659411651e+33,inf,3.5070072597759216e+33,inf,inf,inf
760800,3.5418973079631355e+33,inf,3.5422514976939317e+33,inf,inf,inf
760900,3.577492179075829e+33,inf,3.577849928293737e+33,inf,inf,inf
761000,3.6134447666154454e+33,inf,3.613806111092107e+33,inf,inf,inf
761100,3.649758665511201e+33,inf,3.650123641377752e+33,inf,inf,inf
761200,3.686437506820133e+33,inf,3.686806150570815e+33,inf,inf,inf
761300,3.723484958090176e+33,inf,3.7238573065859847e+33,inf,inf,inf
761400,3.7609047237268877e+33,inf,3.7612808141992603e+33,inf,inf,inf
761500,3.798700545363846e+33,inf,3.7990804154183826e+33,inf,inf,inf
761600,3.836876202236777e+33,inf,3.8372598898570006e+33,inf,inf,inf
761700,3.8754355115614517e+33,inf,3.875823055112608e+33,inf,inf,inf
761800,3.914382328915377e+33,inf,3.9147737671482685e+33,inf,inf,inf
761900,3.953720548623301e+33,inf,3.954115920678163e+33,inf,inf,inf
762000,3.993454104146622e+33,inf,3.9938534495570365e+33,inf,inf,inf
762100,4.033586968476704e+33,inf,4.033990327173552e+33,inf,inf,inf
762200,4.074123154532119e+33,inf,4.0745305668475724e+33,inf,inf,inf
762300,4.1150667155599256e+33,inf,4.1154782222314814e+33,inf,inf,inf
762400,4.156421745540939e+33,inf,4.156837387715493e+33,inf,inf,inf
762500,4.198192379599102e+33,inf,4.198612198837062e+33,inf,inf,inf
762600,4.240382794414956e+33,inf,4.2408068326943975e+33,inf,inf,inf
762700,4.28299720864327e+33,inf,4.283425508364134e+33,inf,inf,inf
762800,4.326039883334867e+33,inf,4.3264724873232006e+33,inf,inf,inf
762900,4.369515122362689e+33,inf,4.369952073874925e+33,inf,inf,inf
763000,4.4134272728521426e+33,inf,4.4138686155794276e+33,inf,inf,inf
763100,4.45778072561579e+33,inf,4.4582265036883517e+33,inf,inf,inf
763200,4.502579915592363e+33,inf,4.5030301735839225e+33,inf,inf,inf
763300,4.547829322290236e+33,inf,4.548284105222465e+33,inf,inf,inf
763400,4.593533470235325e+33,inf,4.5939928235823483e+33,inf,inf,inf
763500,4.6396969294235055e+33,inf,4.640160899116448e+33,inf,inf,inf
763600,4.686324315777562e+33,inf,4.68679294820914e+33,inf,inf,inf
763700,4.733420291608754e+33,inf,4.733893633637915e+33,inf,inf,inf
763800,4.7809895660829784e+33,inf,4.7814676650395865e+33,inf,inf,inf
763900,4.8290368956916765e+33,inf,4.8295197993812454e+33,inf,inf,inf
764000,4.877567084727405e+33,inf,4.878054841435878e+33,inf,inf,inf
764100,4.9265849857642486e+33,inf,4.927077644262825e+33,inf,inf,inf
764200,4.976095500143014e+33,inf,4.9765931096930285e+33,inf,inf,inf
764300,5.026103578461329e+33,inf,5.026606188819175e+33,inf,inf,inf
764400,5.0766142210686566e+33,inf,5.077121882490763e+33,inf,inf,inf
764500,5.127632478566283e+33,inf,5.1281452418141395e+33,inf,inf,inf
764600,5.179163452312326e+33,inf,5.1796813686575577e+33,inf,inf,inf
764700,5.231212294931833e+33,inf,5.231735416161327e+33,inf,inf,inf
764800,5.283784210831996e+33,inf,5.284312589253078e+33,inf,inf,inf
764900,5.336884456722527e+33,inf,5.3374181451682e+33,inf,inf,inf
765000,5.390518342141303e+33,inf,5.391057393975517e+33,inf,inf,inf
765100,5.444691229985273e+33,inf,5.445235699108272e+33,inf,inf,inf
765200,5.499408537046665e+33,inf,5.499958477900369e+33,inf,inf,inf
765300,5.554675734554665e+33,inf,5.55523120212812e+33,inf,inf,inf
765400,5.610498348722438e+33,inf,5.61105939855731e+33,inf,inf,inf
765500,5.666881961299738e+33,inf,5.667448649495868e+33,inf,inf,inf
765600,5.723832210131012e+33,inf,5.724404593352025e+33,inf,inf,inf
765700,5.781354789719146e+33,inf,5.781932925198118e+33,inf,inf,inf
765800,5.839455451794847e+33,inf,5.840039397340026e+33,inf,inf,inf
765900,5.898140005891783e+33,inf,5.898729819892373e+33,inf,inf,inf
766000,5.95741431992747e+33,inf,5.958010061359463e+33,inf,inf,inf
766100,6.017284320790003e+33,inf,6.017886049222081e+33,inf,inf,inf
766200,6.077755994930705e+33,inf,6.078363770530198e+33,inf,inf,inf
766300,6.13883538896271e+33,inf,6.139449272501605e+33,inf,inf,inf
766400,6.200528610265571e+33,inf,6.201148663126598e+33,inf,inf,inf
766500,6.26284182759595e+33,inf,6.26346811177871e+33,inf,inf,inf
766600,6.325781271704408e+33,inf,6.326413849831579e+33,inf,inf,inf
766700,6.389353235958474e+33,inf,6.389992171282069e+33,inf,inf,inf
766800,6.453564076971878e+33,inf,6.454209433379574e+33,inf,inf,inf
766900,6.518420215240163e+33,inf,6.519072057261687e+33,inf,inf,inf
767000,6.583928135782693e+33,inf,6.58458652859627e+33,inf,inf,inf
767100,6.650094388791085e+33,inf,6.650759398229965e+33,inf,inf,inf
767200,6.71692559028416e+33,inf,6.717597282843188e+33,inf,inf,inf
767300,6.784428422769502e+33,inf,6.785106865611779e+33,inf,inf,inf
767400,6.85260963591163e+33,inf,6.853294896875222e+33,inf,inf,inf
767500,6.921476047206926e+33,inf,6.922168194811647e+33,inf,inf,inf
767600,6.991034542665282e+33,inf,6.991733646119548e+33,inf,inf,inf
767700,7.061292077498688e+33,inf,7.061998206706438e+33,inf,inf,inf
767800,7.132255676816647e+33,inf,7.132968902384328e+33,inf,inf,inf
767900,7.203932436328646e+33,inf,7.204652829572279e+33,inf,inf,inf
768000,7.276329523053658e+33,inf,7.277057156005963e+33,inf,inf,inf
768100,7.349454176036759e+33,inf,7.350189121454363e+33,inf,inf,inf
768200,7.423313707073002e+33,inf,7.42405603844371e+33,inf,inf,inf
768300,7.497915501438495e+33,inf,7.498665292988639e+33,inf,inf,inf
768400,7.573267018628885e+33,inf,7.574024345330748e+33,inf,inf,inf
768500,7.649375793105222e+33,inf,7.650140730684532e+33,inf,inf,inf
768600,7.726249435047349e+33,inf,7.727022059990854e+33,inf,inf,inf
768700,7.803895631114846e+33,inf,7.804676020677957e+33,inf,inf,inf
768800,7.882322145215619e+33,inf,7.883110377430141e+33,inf,inf,inf
768900,7.961536819282231e+33,inf,7.962332972964159e+33,inf,inf,inf
769000,8.041547574056006e+33,inf,8.042351728813412e+33,inf,inf,inf
769100,8.122362409879041e+33,inf,8.123174646120029e+33,inf,inf,inf
769200,8.203989407494195e+33,inf,8.204809806434944e+33,inf,inf,inf
769300,8.286436728853044e+33,inf,8.28726537252593e+33,inf,inf,inf
769400,8.369712617932006e+33,inf,8.370549589193799e+33,inf,inf,inf
769500,8.453825401556693e+33,inf,8.454670784096848e+33,inf,inf,inf
769600,8.538783490234501e+33,inf,8.539637368583525e+33,inf,inf,inf
769700,8.624595378995588e+33,inf,8.625457838533487e+33,inf,inf,inf
769800,8.711269648242272e+33,inf,8.712140775207096e+33,inf,inf,inf
769900,8.798814964607028e+33,inf,8.799694846103488e+33,inf,inf,inf
770000,8.88724008181906e+33,inf,8.888128805827243e+33,inf,inf,inf
770100,8.976553841579602e+33,inf,8.97745149696376e+33,inf,inf,inf
770200,9.066765174445981e+33,inf,9.067671850963426e+33,inf,inf,inf
770300,9.157883100724609e+33,inf,9.158798889034682e+33,inf,inf,inf
770400,9.24991673137295e+33,inf,9.250841723046087e+33,inf,inf,inf
770500,9.34287526891049e+33,inf,9.343809556437381e+33,inf,inf,inf
770600,9.436768008338919e+33,inf,9.437711685139753e+33,inf,inf,inf
770700,9.531604338071586e+33,inf,9.532557498505394e+33,inf,inf,inf
770800,9.627393740872191e+33,inf,9.628356480246278e+33,inf,inf,inf
770900,9.72414579480302e+33,inf,9.7251182093825e+33,inf,inf,inf
771000,9.821870174182639e+33,inf,9.822852361200057e+33,inf,inf,inf
771100,9.920576650553268e+33,inf,9.921568708218324e+33,inf,inf,inf
771200,1.0020275093657802e+34,inf,1.0021277121167168e+34,inf,inf,inf
771300,1.0120975472426726e+34,inf,1.0121987569973969e+34,inf,inf,inf
771400,1.0222687855974895e+34,inf,1.0223710124760493e+34,inf,inf,inf
771500,1.0325422414608385e+34,inf,1.0326454956849846e+34,inf,inf,inf
771600,1.0429189420841409e+34,inf,1.0430232339783494e+34,inf,inf,inf
771700,1.0533999250423464e+34,inf,1.0535052650348507e+34,inf,inf,inf
771800,1.0639862383376817e+34,inf,1.0640926369615155e+34,inf,inf,inf
771900,1.0746789405044444e+34,inf,1.0747864083984949e+34,inf,inf,inf
772000,1.0854791007148426e+34,inf,1.085587648624914e+34,inf,inf,inf
772100,1.0963877988859057e+34,inf,1.0964974376657942e+34,inf,inf,inf
772200,1.1074061257874612e+34,inf,1.10751686640004e+34,inf,inf,inf
772300,1.118535183151207e+34,inf,1.1186470366695222e+34,inf,inf,inf
772400,1.1297760837808697e+34,inf,1.1298890613892478e+34,inf,inf,inf
772500,1.1411299516634791e+34,inf,1.1412440646586456e+34,inf,inf,inf
772600,1.1525979220817564e+34,inf,1.1527131818739645e+34,inf,inf,inf
772700,1.1641811417276278e+34,inf,1.1642975598418005e+34,inf,inf,inf
772800,1.175880768816888e+34,inf,1.1759983568937697e+34,inf,inf,inf
772900,1.1876979732050077e+34,inf,1.1878167430023281e+34,inf,inf,inf
773000,1.1996339365041102e+34,inf,1.1997538998977606e+34,inf,inf,inf
773100,1.2116898522011234e+34,inf,1.2118110211863435e+34,inf,inf,inf
773200,1.2238669257771116e+34,inf,1.2239893124696892e+34,inf,inf,inf
773300,1.2361663748278167e+34,inf,1.2362899914652995e+34,inf,inf,inf
773400,1.248589429185411e+34,inf,1.2487142881283295e+34,inf,inf,inf
773500,1.2611373310414603e+34,inf,1.2612634447745644e+34,inf,inf,inf
773600,1.273811335071138e+34,inf,1.2739387162046451e+34,inf,inf,inf
773700,1.2866127085586781e+34,inf,1.286741369829534e+34,inf,inf,inf
773800,1.299542731524093e+34,inf,1.2996726857972453e+34,inf,inf,inf
773900,1.312602696851162e+34,inf,1.312733957120847e+34,inf,inf,inf
774000,1.3257939104167116e+34,inf,1.3259264898077534e+34,inf,inf,inf
774100,1.3391176912211922e+34,inf,1.3392516029903143e+34,inf,inf,inf
774200,1.3525753715205575e+34,inf,1.3527106290577095e+34,inf,inf,inf
774300,1.3661682969594844e+34,inf,1.3663049137891804e+34,inf,inf,inf
774400,1.379897826705927e+34,inf,1.3800358164885977e+34,inf,inf,inf
774500,1.3937653335870148e+34,inf,1.3939047101203735e+34,inf,inf,inf
774600,1.4077722042263282e+34,inf,1.4079129814467509e+34,inf,inf,inf
774700,1.4219198391825456e+34,inf,1.4220620311664639e+34,inf,inf,inf
774800,1.4362096530894859e+34,inf,1.436353274054795e+34,inf,inf,inf
774900,1.4506430747975617e+34,inf,1.4507881391050415e+34,inf,inf,inf
775000,1.465221547516647e+34,inf,1.4653680696713987e+34,inf,inf,inf
775100,1.47994652896039e+34,inf,1.4800945236132858e+34,inf,inf,inf
775200,1.4948194914919657e+34,inf,1.494968973441115e+34,inf,inf,inf
775300,1.5098419222713027e+34,inf,1.5099929064635297e+34,inf,inf,inf
775400,1.5250153234037868e+34,inf,1.525167824936127e+34,inf,inf,inf
775500,1.5403412120904534e+34,inf,1.5404952462116625e+34,inf,inf,inf
775600,1.5558211207796916e+34,inf,1.5559767028917695e+34,inf,inf,inf
775700,1.571456597320486e+34,inf,1.5716137429802182e+34,inf,inf,inf
775800,1.587249205117177e+34,inf,1.5874079300376885e+34,inf,inf,inf
775900,1.60320052328579e+34,inf,1.6033608433381184e+34,inf,inf,inf
776000,1.6193121468119324e+34,inf,1.6194740780266136e+34,inf,inf,inf
776100,1.6355856867102812e+34,inf,1.6357492452789522e+34,inf,inf,inf
776200,1.6520227701856623e+34,inf,1.6521879724626808e+34,inf,inf,inf
776300,1.668625040795763e+34,inf,1.6687919032998427e+34,inf,inf,inf
776400,1.6853941586154712e+34,inf,1.6855626980313327e+34,inf,inf,inf
776500,1.7023318004028617e+34,inf,1.702502033582902e+34,inf,inf,inf
776600,1.719439659766867e+34,inf,1.7196116037328437e+34,inf,inf,inf
776700,1.7367194473366128e+34,inf,1.7368931192813465e+34,inf,inf,inf
776800,1.7541728909324716e+34,inf,1.754348308221565e+34,inf,inf,inf
776900,1.7718017357388248e+34,inf,1.7719789159123988e+34,inf,inf,inf
777000,1.7896077444785704e+34,inf,1.7897867052530182e+34,inf,inf,inf
777100,1.8075926975893736e+34,inf,1.8077734568591325e+34,inf,inf,inf
777200,1.8257583934016962e+34,inf,1.8259409692410364e+34,inf,inf,inf
777300,1.8441066483186136e+34,inf,1.8442910589834455e+34,inf,inf,inf
777400,1.8626392969974405e+34,inf,1.8628255609271404e+34,inf,inf,inf
777500,1.881358192533176e+34,inf,1.8815463283524292e+34,inf,inf,inf
777600,1.9002652066437975e+34,inf,1.900455233164462e+34,inf,inf,inf
777700,1.9193622298574162e+34,inf,1.9195541660804019e+34,inf,inf,inf
777800,1.938651171701311e+34,inf,1.938845036818481e+34,inf,inf,inf
777900,1.9581339608928654e+34,inf,1.9583297742889547e+34,inf,inf,inf
778000,1.9778125455324226e+34,inf,1.9780103267869758e+34,inf,inf,inf
778100,1.997688893298072e+34,inf,1.9978886621874017e+34,inf,inf,inf
778200,2.017764991642408e+34,inf,2.0179667681415722e+34,inf,inf,inf
778300,2.0380428479912478e+34,inf,2.0382466522760468e+34,inf,inf,inf
778400,2.058524489944361e+34,inf,2.0587303423933553e+34,inf,inf,inf
778500,2.079211965478211e+34,inf,2.079419886674759e+34,inf,inf,inf
778600,2.1001073431507293e+34,inf,2.1003173538850442e+34,inf,inf,inf
778700,2.121212712308162e+34,inf,2.121424833579393e+34,inf,inf,inf
778800,2.14253018329397e+34,inf,2.1427444363122998e+34,inf,inf,inf
778900,2.164061887659861e+34,inf,2.164278293848627e+34,inf,inf,inf
779000,2.1858099783789126e+34,inf,2.1860285593767506e+34,inf,inf,inf
779100,2.2077766300608547e+34,inf,2.207997407723861e+34,inf,inf,inf
779200,2.2299640391695125e+34,inf,2.2301870355734293e+34,inf,inf,inf
779300,2.2523744242424292e+34,inf,2.2525996616848535e+34,inf,inf,inf
779400,2.275010026112702e+34,inf,2.275237527115313e+34,inf,inf,inf
779500,2.2978731081330387e+34,inf,2.298102895443852e+34,inf,inf,inf
779600,2.3209659564020817e+34,inf,2.3211980529977218e+34,inf,inf,inf
779700,2.344290879992991e+34,inf,2.3445253090809904e+34,inf,inf,inf
779800,2.36785021118433e+34,inf,2.3680869962054483e+34,inf,inf,inf
779900,2.3916463056932754e+34,inf,2.3918854703238447e+34,inf,inf,inf
780000,2.4156815429111683e+34,inf,2.415923111065459e+34,inf,inf,inf
780100,2.4399583261414214e+34,inf,2.4402023219740353e+34,inf,inf,inf
780200,2.464479082839841e+34,inf,2.464725530748125e+34,inf,inf,inf
780300,2.489246264857341e+34,inf,2.489495189483827e+34,inf,inf,inf
780400,2.5142623486851085e+34,inf,2.514513774919977e+34,inf,inf,inf
780500,2.539529835702236e+34,inf,2.5397837886858063e+34,inf,inf,inf
780600,2.565051252425821e+34,inf,2.5653077575510633e+34,inf,inf,inf
780700,2.5908291507636054e+34,inf,2.5910882336786816e+34,inf,inf,inf
780800,2.6168661082691507e+34,inf,2.6171277948799777e+34,inf,inf,inf
780900,2.643164728399553e+34,inf,2.643429044872393e+34,inf,inf,inf
781000,2.6697276407757767e+34,inf,2.6699946135398544e+34,inf,inf,inf
781100,2.696557501445584e+34,inf,2.6968271571957287e+34,inf,inf,inf
781200,2.723656993149121e+34,inf,2.7239293588484355e+34,inf,inf,inf
781300,2.751028825587167e+34,inf,2.7513039284697257e+34,inf,inf,inf
781400,2.7786757356920777e+34,inf,2.778953603265647e+34,inf,inf,inf
781500,2.8066004879014543e+34,inf,2.8068811479502443e+34,inf,inf,inf
781600,2.834805874434564e+34,inf,2.8350893550220074e+34,inf,inf,inf
781700,2.8632947155715274e+34,inf,2.8635810450430846e+34,inf,inf,inf
781800,2.8920698599353385e+34,inf,2.892359066921332e+34,inf,inf,inf
781900,2.9211341847766746e+34,inf,2.921426298195152e+34,inf,inf,inf
782000,2.950490596261626e+34,inf,2.9507856453212524e+34,inf,inf,inf
782100,2.980142029762261e+34,inf,2.980440043965237e+34,inf,inf,inf
782200,3.0100914501501458e+34,inf,3.0103924592951605e+34,inf,inf,inf
782300,3.0403418520928093e+34,inf,3.0406458862780183e+34,inf,inf,inf
782400,3.0708962603531712e+34,inf,3.0712033499792063e+34,inf,inf,inf
782500,3.101757730091995e+34,inf,3.1020679058650044e+34,inf,inf,inf
782600,3.1329293471733825e+34,inf,3.1332426401081e+34,inf,inf,inf
782700,3.1644142284733293e+34,inf,3.1647306698961766e+34,inf,inf,inf
782800,3.1962155221913757e+34,inf,3.1965351437435946e+34,inf,inf,inf
782900,3.2283364081654043e+34,inf,3.2286592418062206e+34,inf,inf,inf
783000,3.2607800981895956e+34,inf,3.2611061761994146e+34,inf,inf,inf
783100,3.2935498363355722e+34,inf,3.293879191319206e+34,inf,inf,inf
783200,3.3266488992767893e+34,inf,3.326981564166717e+34,inf,inf,inf
783300,3.360080596616156e+34,inf,3.360416604675817e+34,inf,inf,inf
783400,3.3938482712169743e+34,inf,3.394187656044096e+34,inf,inf,inf
783500,3.4279552995371937e+34,inf,3.4282980950671473e+34,inf,inf,inf
783600,3.462405091967025e+34,inf,3.462751332476222e+34,inf,inf,inf
783700,3.4972010931699456e+34,inf,3.4975508132792627e+34,inf,inf,inf
783800,3.532346782427141e+34,inf,3.5327000171053835e+34,inf,inf,inf
783900,3.5678456739853894e+34,inf,3.568202458552788e+34,inf,inf,inf
784000,3.6037013174084695e+34,inf,3.6040616875402105e+34,inf,inf,inf
784100,3.6399172979320733e+34,inf,3.6402812896618665e+34,inf,inf,inf
784200,3.6764972368223025e+34,inf,3.676864886545985e+34,inf,inf,inf
784300,3.713444791737759e+34,inf,3.7138161362169327e+34,inf,inf,inf
784400,3.750763657095272e+34,inf,3.7511387334609813e+34,inf,inf,inf
784500,3.788457564439316e+34,inf,3.78883641019576e+34,inf,inf,inf
784600,3.82653028281513e+34,inf,3.8269129358434114e+34,inf,inf,inf
784700,3.864985619145577e+34,inf,3.8653721177074913e+34,inf,inf,inf
784800,3.903827418611812e+34,inf,3.904217801353673e+34,inf,inf,inf
784900,3.9430595650377627e+34,inf,3.9434538709942666e+34,inf,inf,inf
785000,3.9826859812784716e+34,inf,3.9830842498765995e+34,inf,inf,inf
785100,4.0227106296123535e+34,inf,4.0231129006753146e+34,inf,inf,inf
785200,4.0631375121373767e+34,inf,4.0635438258885903e+34,inf,inf,inf
785300,4.1039706711712445e+34,inf,4.1043810682383615e+34,inf,inf,inf
785400,4.145214189655586e+34,inf,4.145628711074551e+34,inf,inf,inf
785500,4.186872191564216e+34,inf,4.187290878783372e+34,inf,inf,inf
785600,4.228948842315492e+34,inf,4.229371737199723e+34,inf,inf,inf
785700,4.271448349188819e+34,inf,4.271875494023738e+34,inf,inf,inf
785800,4.314374961745337e+34,inf,4.314806399241511e+34,inf,inf,inf
785900,4.357732972252842e+34,inf,4.358168745550068e+34,inf,inf,inf
786000,4.401526716114965e+34,inf,4.401966868786576e+34,inf,inf,inf
786100,4.445760572304678e+34,inf,4.446205148361908e+34,inf,inf,inf
786200,4.490438963802169e+34,inf,4.490888007698549e+34,inf,inf,inf
786300,4.535566358037061e+34,inf,4.536019914672865e+34,inf,inf,inf
786400,4.5811472673351485e+34,inf,4.581605382061882e+34,inf,inf,inf
786500,4.627186249369565e+34,inf,4.627648967994501e+34,inf,inf,inf
786600,4.673687907616529e+34,inf,4.674155276407291e+34,inf,inf,inf
786700,4.720656891815635e+34,inf,4.721128957504816e+34,inf,inf,inf
786800,4.768097898434786e+34,inf,4.76857470822463e+34,inf,inf,inf
786900,4.816015671139808e+34,inf,4.816497272706922e+34,inf,inf,inf
787000,4.864415001268753e+34,inf,4.86490144276888e+34,inf,inf,inf
787100,4.913300728311022e+34,inf,4.913792058383853e+34,inf,inf,inf
787200,4.962677740391227e+34,inf,4.963174008165266e+34,inf,inf,inf
787300,5.012550974757993e+34,inf,5.013052229855469e+34,inf,inf,inf
787400,5.062925418277626e+34,inf,5.063431710819454e+34,inf,inf,inf
787500,5.113806107932748e+34,inf,5.114317488543541e+34,inf,inf,inf
787600,5.165198131325955e+34,inf,5.165714651139087e+34,inf,inf,inf
787700,5.217106627188533e+34,inf,5.217628337851252e+34,inf,inf,inf
787800,5.269536785894279e+34,inf,5.270063739572869e+34,inf,inf,inf
787900,5.322493849978492e+34,inf,5.3230260993634905e+34,inf,inf,inf
788000,5.3759831146621835e+34,inf,5.3765207129736495e+34,inf,inf,inf
788100,5.430009928381542e+34,inf,5.43055292937438e+34,inf,inf,inf
788200,5.484579693322735e+34,inf,5.485128151292067e+34,inf,inf,inf
788300,5.539697865962076e+34,inf,5.540251835748673e+34,inf,inf,inf
788400,5.595369957611619e+34,inf,5.59592949460738e+34,inf,inf,inf
788500,5.651601534970245e+34,inf,5.652166695123742e+34,inf,inf,inf
788600,5.708398220680269e+34,inf,5.708969060502337e+34,inf,inf,inf
788700,5.765765693889679e+34,inf,5.766342270459068e+34,inf,inf,inf
788800,5.823709690819964e+34,inf,5.824292061789046e+34,inf,inf,inf
788900,5.8822360053397055e+34,inf,5.882824228940239e+34,inf,inf,inf
789000,5.941350489543911e+34,inf,5.941944624592866e+34,inf,inf,inf
789100,6.0010590543391655e+34,inf,6.0016591602445995e+34,inf,inf,inf
789200,6.061367670034662e+34,inf,6.061973806801665e+34,inf,inf,inf
789300,6.122282366939188e+34,inf,6.122894595175882e+34,inf,inf,inf
789400,6.183809235964095e+34,inf,6.1844276168876915e+34,inf,inf,inf
789500,6.245954429232336e+34,inf,6.24657902467526e+34,inf,inf,inf
789600,6.308724160693617e+34,inf,6.309355033109687e+34,inf,inf,inf
789700,6.37212470674575e+34,inf,6.372761919216424e+34,inf,inf,inf
789800,6.436162406862212e+34,inf,6.436806023102898e+34,inf,inf,inf
789900,6.500843664226048e+34,inf,6.50149374859247e+34,inf,inf,inf
790000,6.566174946370124e+34,inf,6.566831563864761e+34,inf,inf,inf
790100,6.632162785823846e+34,inf,6.6328260021024285e+34,inf,inf,inf
790200,6.698813780766322e+34,inf,6.699483662144398e+34,inf,inf,inf
790300,6.766134595686122e+34,inf,6.766811209145691e+34,inf,inf,inf
790400,6.834131962047681e+34,inf,6.834815375243886e+34,inf,inf,inf
790500,6.902812678964381e+34,inf,6.903502960232277e+34,inf,inf,inf
790600,6.97218361387839e+34,inf,6.972880832239778e+34,inf,inf,inf
790700,7.042251703247357e+34,inf,7.042955928417681e+34,inf,inf,inf
790800,7.113023953237966e+34,inf,7.11373525563329e+34,inf,inf,inf
790900,7.18450744042654e+34,inf,7.185225891170582e+34,inf,inf,inf
791000,7.256709312506579e+34,inf,7.257434983437829e+34,inf,inf,inf
791100,7.329636789003486e+34,inf,7.330369752682386e+34,inf,inf,inf
791200,7.403297161996478e+34,inf,7.4040374917126775e+34,inf,inf,inf
791300,7.477697796847688e+34,inf,7.478445566627373e+34,inf,inf,inf
791400,7.552846132938643e+34,inf,7.553601417551937e+34,inf,inf,inf
791500,7.628749684414161e+34,inf,7.629512559382603e+34,inf,inf,inf
791600,7.705416040933653e+34,inf,7.706186582537746e+34,inf,inf,inf
791700,7.78285286843006e+34,inf,7.783631153716903e+34,inf,inf,inf
791800,7.8610679098763525e+34,inf,7.86185401666734e+34,inf,inf,inf
791900,7.94006898605976e+34,inf,7.940862992958366e+34,inf,inf,inf
792000,8.019863996363779e+34,inf,8.020665982763415e+34,inf,inf,inf
792100,8.100460919558052e+34,inf,8.101270965650008e+34,inf,inf,inf
792200,8.181867814596153e+34,inf,8.182686001377612e+34,inf,inf,inf
792300,8.264092821421417e+34,inf,8.264919230703559e+34,inf,inf,inf
792400,8.347144161780855e+34,inf,8.347978876197034e+34,inf,inf,inf
792500,8.431030140047271e+34,inf,8.431873243061275e+34,inf,inf,inf
792600,8.515759144049606e+34,inf,8.51661071996401e+34,inf,inf,inf
792700,8.60133964591162e+34,inf,8.602199779876211e+34,inf,inf,inf
792800,8.68778020289909e+34,inf,8.68864898091938e+34,inf,inf,inf
792900,8.775089458275395e+34,inf,8.775966967221223e+34,inf,inf,inf
793000,8.863276142165816e+34,inf,8.864162469780033e+34,inf,inf,inf
793100,8.952349072430424e+34,inf,8.953244307337667e+34,inf,inf,inf
793200,9.042317155545812e+34,inf,9.043221387261366e+34,inf,inf,inf
793300,9.133189387495664e+34,inf,9.134102706434413e+34,inf,inf,inf
793400,9.224974854670234e+34,inf,9.225897352155701e+34,inf,inf,inf
793500,9.317682734774949e+34,inf,9.318614503048427e+34,inf,inf,inf
793600,9.411322297748065e+34,inf,9.41226342997784e+34,inf,inf,inf
793700,9.505902906687579e+34,inf,9.506853496978247e+34,inf,inf,inf
793800,9.601434018787471e+34,inf,9.60239416218935e+34,inf,inf,inf
793900,9.697925186283315e+34,inf,9.698894978801942e+34,inf,inf,inf
794000,9.795386057407438e+34,inf,9.796365596013179e+34,inf,inf,inf
794100,9.89382637735365e+34,inf,9.894815759991386e+34,inf,inf,inf
794200,9.993255989251636e+34,inf,9.99425531485056e+34,inf,inf,inf
794300,1.0093684835151219e+35,inf,1.0094694203634734e+35,inf,inf,inf
794400,1.0195122957016466e+35,inf,1.0196142469312168e+35,inf,inf,inf
794500,1.02975804977298e+35,inf,1.0298610255779573e+35,inf,inf,inf
794600,1.0401067702106156e+35,inf,1.0402107808876368e+35,inf,inf,inf
794700,1.0505594917917446e+35,inf,1.0506645477409238e+35,inf,inf,inf
794800,1.0611172596927148e+35,inf,1.061223371418684e+35,inf,inf,inf
794900,1.0717811295935438e+35,inf,1.0718883077065032e+35,inf,inf,inf
795000,1.0825521677834793e+35,inf,1.0826604230002577e+35,inf,inf,inf
795100,1.0934314512676134e+35,inf,1.0935407944127401e+35,inf,inf,inf
795200,1.1044200678745757e+35,inf,1.1045305098813631e+35,inf,inf,inf
795300,1.115519116365306e+35,inf,1.1156306682769425e+35,inf,inf,inf
795400,1.1267297065429202e+35,inf,1.1268423795135745e+35,inf,inf,inf
795500,1.1380529593636817e+35,inf,1.1381667646596181e+35,inf,inf,inf
795600,1.1494900070490832e+35,inf,1.149604956049788e+35,inf,inf,inf
795700,1.1610419931990649e+35,inf,1.1611580973983848e+35,inf,inf,inf
795800,1.172710072906354e+35,inf,1.1728273439136445e+35,inf,inf,inf
795900,1.1844954128719737e+35,inf,1.1846138624132608e+35,inf,inf,inf
796000,1.1963991915218977e+35,inf,1.19651883144105e+35,inf,inf,inf
796100,1.2084225991248823e+35,inf,1.2085434413847948e+35,inf,inf,inf
796200,1.2205668379114819e+35,inf,1.220688894595273e+35,inf,inf,inf
796300,1.2328331221942612e+35,inf,1.2329564055064806e+35,inf,inf,inf
796400,1.245222678489219e+35,inf,1.2453472007570679e+35,inf,inf,inf
796500,1.257736745638421e+35,inf,1.2578625193129849e+35,inf,inf,inf
796600,1.2703765749338806e+35,inf,1.270503612591374e+35,inf,inf,inf
796700,1.2831434302426706e+35,inf,1.283271744585695e+35,inf,inf,inf
796800,1.2960385881333028e+35,inf,1.2961681919921162e+35,inf,inf,inf
796900,1.3090633380033691e+35,inf,1.3091942443371694e+35,inf,inf,inf
797000,1.3222189822084749e+35,inf,1.3223512041066957e+35,inf,inf,inf
797100,1.3355068361924563e+35,inf,1.3356403868760754e+35,inf,inf,inf
797200,1.3489282286189155e+35,inf,1.3490631214417774e+35,inf,inf,inf
797300,1.3624845015040779e+35,inf,1.3626207499542283e+35,inf,inf,inf
797400,1.3761770103509735e+35,inf,1.3763146280520085e+35,inf,inf,inf
797500,1.390007124284984e+35,inf,1.3901461249974125e+35,inf,inf,inf
797600,1.4039762261907379e+35,inf,1.404116623813357e+35,inf,inf,inf
797700,1.4180857128503857e+35,inf,1.4182275214216707e+35,inf,inf,inf
797800,1.4323369950832663e+35,inf,1.4324802287827746e+35,inf,inf,inf
797900,1.4467314978869777e+35,inf,1.4468761710367664e+35,inf,inf,inf
798000,1.461270660579861e+35,inf,1.461416787645919e+35,inf,inf,inf
798100,1.4759559369449212e+35,inf,1.4761035325386157e+35,inf,inf,inf
798200,1.490788795375191e+35,inf,1.4909378742547284e+35,inf,inf,inf
798300,1.5057707190205572e+35,inf,1.5059212960924592e+35,inf,inf,inf
798400,1.5209032059360607e+35,inf,1.5210552962566543e+35,inf,inf,inf
798500,1.5361877692316889e+35,inf,1.536341388008612e+35,inf,inf,inf
798600,1.551625937223676e+35,inf,1.5517810998173983e+35,inf,inf,inf
798700,1.5672192535873161e+35,inf,1.5673759755126748e+35,inf,inf,inf
798800,1.5829692775113162e+35,inf,1.5831275744390674e+35,inf,inf,inf
798900,1.598877583853708e+35,inf,1.5990374716120934e+35,inf,inf,inf
799000,1.6149457632993112e+35,inf,1.6151072578756412e+35,inf,inf,inf
799100,1.6311754225187899e+35,inf,1.6313385400610418e+35,inf,inf,inf
799200,1.6475681843293073e+35,inf,1.6477329411477402e+35,inf,inf,inf
799300,1.6641256878567888e+35,inf,1.6642921004255745e+35,inf,inf,inf
799400,1.6808495886998257e+35,inf,1.6810176736586955e+35,inf,inf,inf
799500,1.697741559095208e+35,inf,1.6979113332511174e+35,inf,inf,inf
799600,1.7148032880851467e+35,inf,1.7149747684139553e+35,inf,inf,inf
799700,1.7320364816861527e+35,inf,1.7322096853343213e+35,inf,inf,inf
799800,1.7494428630596318e+35,inf,1.7496178073459377e+35,inf,inf,inf
799900,1.7670241726841757e+35,inf,1.7672008751014442e+35,inf,inf,inf
800000,1.7847821685295944e+35,inf,1.7849606467464473e+35,inf,inf,inf
800100,1.802718626232705e+35,inf,1.802898898095328e+35,inf,inf,inf
800200,1.8208353392748754e+35,inf,1.821017422808803e+35,inf,inf,inf
800300,1.839134119161354e+35,inf,1.83931803257327e+35,inf,inf,inf
800400,1.8576167956024047e+35,inf,1.8578025572819648e+35,inf,inf,inf
800500,1.8762852166962602e+35,inf,1.8764728452179298e+35,inf,inf,inf
800600,1.8951412491139146e+35,inf,1.895330763238826e+35,inf,inf,inf
800700,1.914186778285778e+35,inf,1.9143781969636066e+35,inf,inf,inf
800800,1.9334237085902003e+35,inf,1.9336170509610593e+35,inf,inf,inf
800900,1.952853963543887e+35,inf,1.9530492489402413e+35,inf,inf,inf
801000,1.9724794859942366e+35,inf,1.9726767339428358e+35,inf,inf,inf
801100,1.9923022383136067e+35,inf,1.992501468537438e+35,inf,inf,inf
801200,2.0123242025955378e+35,inf,2.0125254350157974e+35,inf,inf,inf
801300,2.032547380852939e+35,inf,2.0327506355910242e+35,inf,inf,inf
801400,2.0529737952182713e+35,inf,2.053179092597793e+35,inf,inf,inf
801500,2.0736054881457442e+35,inf,2.0738128486945587e+35,inf,inf,inf
801600,2.0944445226155403e+35,inf,2.0946539670678016e+35,inf,inf,inf
801700,2.1154929823401014e+35,inf,2.1157045316383355e+35,inf,inf,inf
801800,2.1367529719724695e+35,inf,2.1369666472696666e+35,inf,inf,inf
801900,2.1582266173167417e+35,inf,2.1584424399784735e+35,inf,inf,inf
802000,2.179916065540625e+35,inf,2.180134057147179e+35,inf,inf,inf
802100,2.2018234853901393e+35,inf,2.2020436677386782e+35,inf,inf,inf
802200,2.2239510674064673e+35,inf,2.224173462513208e+35,inf,inf,inf
802300,2.2463010241449906e+35,inf,2.2465256542474053e+35,inf,inf,inf
802400,2.2688755903965288e+35,inf,2.2691024779555685e+35,inf,inf,inf
802500,2.291677023410787e+35,inf,2.291906191113128e+35,inf,inf,inf
802600,2.3147076031220723e+35,inf,2.3149390738823844e+35,inf,inf,inf
802700,2.3379696323772583e+35,inf,2.338203429340496e+35,inf,inf,inf
802800,2.3614654371660533e+35,inf,2.3617015837097698e+35,inf,inf,inf
802900,2.3851973668535766e+35,inf,2.3854358865902618e+35,inf,inf,inf
803000,2.409167794415272e+35,inf,2.4094087111947138e+35,inf,inf,inf
803100,2.433379116674184e+35,inf,2.4336224545858515e+35,inf,inf,inf
803200,2.4578337545406212e+35,inf,2.4580795379160752e+35,inf,inf,inf
803300,2.4825341532542186e+35,inf,2.482782406669544e+35,inf,inf,inf
803400,2.5074827826284454e+35,inf,2.5077335309067083e+35,inf,inf,inf
803500,2.532682137297564e+35,inf,2.5329354055112937e+35,inf,inf,inf
803600,2.5581347369660656e+35,inf,2.558390550439762e+35,inf,inf,inf
803700,2.5838431266606213e+35,inf,2.5841015109732874e+35,inf,inf,inf
803800,2.6098098769845594e+35,inf,2.6100708579722578e+35,inf,inf,inf
803900,2.636037584374904e+35,inf,2.6363011881333413e+35,inf,inf,inf
804000,2.6625288713619917e+35,inf,2.662795124249128e+35,inf,inf,inf
804100,2.6892863868317035e+35,inf,2.6895553154703868e+35,inf,inf,inf
804200,2.7163128062903324e+35,inf,2.7165844375709613e+35,inf,inf,inf
804300,2.743610832132099e+35,inf,2.7438851932153122e+35,inf,inf,inf
804400,2.7711831939093805e+35,inf,2.7714603122287714e+35,inf,inf,inf
804500,2.7990326486056263e+35,inf,2.799312551870487e+35,inf,inf,inf
804600,2.8271619809110395e+35,inf,2.8274446971091305e+35,inf,inf,inf
804700,2.855574003501018e+35,inf,2.855859560901368e+35,inf,inf,inf
804800,2.8842715573174017e+35,inf,2.8845599844731332e+35,inf,inf,inf
804900,2.913257511852534e+35,inf,2.913548837603719e+35,inf,inf,inf
805000,2.9425347654361835e+35,inf,2.942829018912727e+35,inf,inf,inf
805100,2.972106245525355e+35,inf,2.9724034561499076e+35,inf,inf,inf
805200,3.00197490899701e+35,inf,3.0022751064879096e+35,inf,inf,inf
805300,3.0321437424437216e+35,inf,3.032446956817966e+35,inf,inf,inf
805400,3.0626157624723066e+35,inf,3.0629220240485537e+35,inf,inf,inf
805500,3.0933940160054676e+35,inf,3.0937033554070682e+35,inf,inf,inf
805600,3.1244815805864472e+35,inf,3.124794028744506e+35,inf,inf,inf
805700,3.155881564686755e+35,inf,3.1561971528432237e+35,inf,inf,inf
805800,3.1875971080169914e+35,inf,3.187915867727793e+35,inf,inf,inf
805900,3.2196313818407878e+35,inf,3.2199533449789717e+35,inf,inf,inf
806000,3.2519875892919034e+35,inf,3.2523127880508324e+35,inf,inf,inf
806100,3.2846689656945113e+35,inf,3.2849974325910806e+35,inf,inf,inf
806200,3.317678778886696e+35,inf,3.3180105467645844e+35,inf,inf,inf
806300,3.3510203295472084e+35,inf,3.351355431580163e+35,inf,inf,inf
806400,3.384696951525515e+35,inf,3.385035421220667e+35,inf,inf,inf
806500,3.418712012175129e+35,inf,3.419053883376346e+35,inf,inf,inf
806600,3.453068912690345e+35,inf,3.453414219581614e+35,inf,inf,inf
806700,3.487771088446294e+35,inf,3.488119865555138e+35,inf,inf,inf
806800,3.5228220093424796e+35,inf,3.523174291543414e+35,inf,inf,inf
806900,3.558225180149715e+35,inf,3.55858100266773e+35,inf,inf,inf
807000,3.593984140860579e+35,inf,3.594343539274665e+35,inf,inf,inf
807100,3.630102467043381e+35,inf,3.6304654772900854e+35,inf,inf,inf
807200,3.6665837701996824e+35,inf,3.666950428576702e+35,inf,inf,inf
807300,3.703431698125411e+35,inf,3.7038020412952234e+35,inf,inf,inf
807400,3.7406499352756156e+35,inf,3.7410240002691434e+35,inf,inf,inf
807500,3.778242203132869e+35,inf,3.778620027353183e+35,inf,inf,inf
807600,3.8162122605793976e+35,inf,3.816593881805455e+35,inf,inf,inf
807700,3.8545639042729076e+35,inf,3.854949360663335e+35,inf,inf,inf
807800,3.893300969026246e+35,inf,3.8936902991231485e+35,inf,inf,inf
807900,3.932427328190827e+35,inf,3.932820570923646e+35,inf,inf,inf
808000,3.9719468940439346e+35,inf,3.972344088733339e+35,inf,inf,inf
808100,4.011863618179923e+35,inf,4.012264804541741e+35,inf,inf,inf
808200,4.0521814919053336e+35,inf,4.0525867100545244e+35,inf,inf,inf
808300,4.092904546637982e+35,inf,4.0933138370926455e+35,inf,inf,inf
808400,4.134036854310087e+35,inf,4.1344502579955175e+35,inf,inf,inf
808500,4.175582527775395e+35,inf,4.176000086028173e+35,inf,inf,inf
808600,4.2175457212204504e+35,inf,4.2179674757925725e+35,inf,inf,inf
808700,4.25993063057997e+35,inf,4.260356623643028e+35,inf,inf,inf
808800,4.30274149395639e+35,inf,4.303171768105786e+35,inf,inf,inf
808900,4.345982592043648e+35,inf,4.346417190302853e+35,inf,inf,inf
809000,4.389658248555205e+35,inf,4.390097214380061e+35,inf,inf,inf
809100,4.433772830656387e+35,inf,4.4342162079394524e+35,inf,inf,inf
809200,4.478330749401057e+35,inf,4.478778582475997e+35,inf,inf,inf
809300,4.5233364601726735e+35,inf,4.5237887938186906e+35,inf,inf,inf
809400,4.568794463129795e+35,inf,4.5692513425761086e+35,inf,inf,inf
809500,4.6147093036560504e+35,inf,4.615170774586416e+35,inf,inf,inf
809600,4.661085572814641e+35,inf,4.6615516813719226e+35,inf,inf,inf
809700,4.707927907807406e+35,inf,4.708398700598187e+35,inf,inf,inf
809800,4.755240992438489e+35,inf,4.755716516537733e+35,inf,inf,inf
809900,4.803029557582687e+35,inf,4.803509860538445e+35,inf,inf,inf
810000,4.85129838165849e+35,inf,4.8517835114966554e+35,inf,inf,inf
810100,4.90005229110587e+35,inf,4.900542296334981e+35,inf,inf,inf
810200,4.949296160868904e+35,inf,4.9497910904849905e+35,inf,inf,inf
810300,4.999034914883203e+35,inf,4.9995348183746915e+35,inf,inf,inf
810400,5.049273526568264e+35,inf,5.04977845392092e+35,inf,inf,inf
810500,5.1000170193247736e+35,inf,5.100527021026706e+35,inf,inf,inf
810600,5.151270467036901e+35,inf,5.151785594083605e+35,inf,inf,inf
810700,5.2030389945796315e+35,inf,5.203559298479089e+35,inf,inf,inf
810800,5.25532777833121e+35,inf,5.2558533111090435e+35,inf,inf,inf
810900,5.3081420466907435e+35,inf,5.308672860895412e+35,inf,inf,inf
811000,5.361487080600971e+35,inf,5.362023229309031e+35,inf,inf,inf
811100,5.4153682140763285e+35,inf,5.415909750897736e+35,inf,inf,inf
811200,5.4697908347362915e+35,inf,5.470337813819765e+35,inf,inf,inf
811300,5.5247603843441025e+35,inf,5.525312860382537e+35,inf,inf,inf
811400,5.5802823593508656e+35,inf,5.5808403875868004e+35,inf,inf,inf
811500,5.636362311445177e+35,inf,5.636925947676321e+35,inf,inf,inf
811600,5.6930058481082206e+35,inf,5.693575148693031e+35,inf,inf,inf
811700,5.750218633174471e+35,inf,5.7507936550377885e+35,inf,inf,inf
811800,5.808006387398032e+35,inf,5.808587188036772e+35,inf,inf,inf
811900,5.866374889024644e+35,inf,5.8669615265135464e+35,inf,inf,inf
812000,5.9253299743694714e+35,inf,5.925922507366908e+35,inf,inf,inf
812100,5.984877538400671e+35,inf,5.985476026154511e+35,inf,inf,inf
812200,6.045023535328841e+35,inf,6.0456280376823735e+35,inf,inf,inf
812300,6.105773979202375e+35,inf,6.106384556600295e+35,inf,inf,inf
812400,6.167134944508829e+35,inf,6.16775165800328e+35,inf,inf,inf
812500,6.2291125667823066e+35,inf,6.2297354780389846e+35,inf,inf,inf
812600,6.291713043216954e+35,inf,6.2923422145212754e+35,inf,inf,inf
812700,6.354942633286622e+35,inf,6.355578127549951e+35,inf,inf,inf
812800,6.418807659370762e+35,inf,6.419449540136699e+35,inf,inf,inf
812900,6.483314507386596e+35,inf,6.4839628388373346e+35,inf,inf,inf
813000,6.548469627427669e+35,inf,6.549124474390412e+35,inf,inf,inf
813100,6.614279534408774e+35,inf,6.6149409623622145e+35,inf,inf,inf
813200,6.680750808717406e+35,inf,6.681418883798277e+35,inf,inf,inf
813300,6.747890096871725e+35,inf,6.748564885881412e+35,inf,inf,inf
813400,6.815704112185143e+35,inf,6.816385682596362e+35,inf,inf,inf
813500,6.884199635437625e+35,inf,6.884888055401168e+35,inf,inf,inf
813600,6.953383515553662e+35,inf,6.954078853905216e+35,inf,inf,inf
813700,7.023262670287142e+35,inf,7.02396499655417e+35,inf,inf,inf
813800,7.093844086913027e+35,inf,7.094553471321718e+35,inf,inf,inf
813900,7.165134822926045e+35,inf,7.165851336408338e+35,inf,inf,inf
814000,7.237142006746341e+35,inf,7.237865720947016e+35,inf,inf,inf
814100,7.30987283843229e+35,inf,7.310603825716132e+35,inf,inf,inf
814200,7.383334590400427e+35,inf,7.384072923859468e+35,inf,inf,inf
814300,7.457534608152583e+35,inf,7.458280361613398e+35,inf,inf,inf
814400,7.532480311010444e+35,inf,7.533233559041545e+35,inf,inf,inf
814500,7.608179192857338e+35,inf,7.608940010776624e+35,inf,inf,inf
814600,7.684638822887603e+35,inf,7.685407286769892e+35,inf,inf,inf
814700,7.761866846363412e+35,inf,7.762643033048049e+35,inf,inf,inf
814800,7.839870985379255e+35,inf,7.840654972477793e+35,inf,inf,inf
814900,7.918659039634061e+35,inf,7.919450905538024e+35,inf,inf,inf
815000,7.998238887211081e+35,inf,7.999038711099802e+35,inf,inf,inf
815100,8.07861848536565e+35,inf,8.079426347214187e+35,inf,inf,inf
815200,8.15980587132083e+35,inf,8.160621851907962e+35,inf,inf,inf
815300,8.241809163071071e+35,inf,8.242633343987377e+35,inf,inf,inf
815400,8.324636560193906e+35,inf,8.325469023849925e+35,inf,inf,inf
815500,8.408296344669847e+35,inf,8.409137174304314e+35,inf,inf,inf
815600,8.492796881710535e+35,inf,8.493646161398707e+35,inf,inf,inf
815700,8.578146620595154e+35,inf,8.579004435257214e+35,inf,inf,inf
815800,8.664354095515272e+35,inf,8.665220530924823e+35,inf,inf,inf
815900,8.751427926428225e+35,inf,8.752303069220867e+35,inf,inf,inf
816000,8.839376819918985e+35,inf,8.840260757600976e+35,inf,inf,inf
816100,8.928209570070758e+35,inf,8.929102391027765e+35,inf,inf,inf
816200,9.017935059344343e+35,inf,9.018836852850277e+35,inf,inf,inf
816300,9.10856225946625e+35,inf,9.109473115692196e+35,inf,inf,inf
816400,9.200100232325798e+35,inf,9.20102024234903e+35,inf,inf,inf
816500,9.292558130881247e+35,inf,9.293487386694336e+35,inf,inf,inf
816600,9.385945200075006e+35,inf,9.386883794595014e+35,inf,inf,inf
816700,9.480270777758017e+35,inf,9.481218804835792e+35,inf,inf,inf
816800,9.575544295623448e+35,inf,9.57650185005301e+35,inf,inf,inf
816900,9.671775280149823e+35,inf,9.672742457677838e+35,inf,inf,inf
817000,9.768973353553555e+35,inf,9.76995025088891e+35,inf,inf,inf
817100,9.867148234751076e+35,inf,9.868134949574551e+35,inf,inf,inf
817200,9.966309740330637e+35,inf,9.96730637130467e+35,inf,inf,inf
817300,1.0066467785533893e+36,inf,1.0067474432312447e+36,inf,inf,inf
817400,1.0167632385247324e+36,inf,1.0168649148485849e+36,inf,inf,inf
817500,1.0269813655003635e+36,inf,1.0270840636369136e+36,inf,inf,inf
817600,1.0373021811993211e+36,inf,1.0374059114174411e+36,inf,inf,inf
817700,1.0477267176085771e+36,inf,1.0478314902803379e+36,inf,inf,inf
817800,1.0582560170862207e+36,inf,1.0583618426879294e+36,inf,inf,inf
817900,1.0688911324656895e+36,inf,1.068998021578936e+36,inf,inf,inf
818000,1.0796331271610416e+36,inf,1.0797410904737577e+36,inf,inf,inf
818100,1.090483075273285e+36,inf,1.0905921235808124e+36,inf,inf,inf
818200,1.1014420616977819e+36,inf,1.1015522059039517e+36,inf,inf,inf
818300,1.1125111822327248e+36,inf,1.112622433350948e+36,inf,inf,inf
818400,1.1236915436887094e+36,inf,1.1238039128430782e+36,inf,inf,inf
818500,1.1349842639994014e+36,inf,1.1350977624258013e+36,inf,inf,inf
818600,1.1463904723333271e+36,inf,1.1465051113805605e+36,inf,inf,inf
818700,1.157911309206769e+36,inf,1.1580271003376896e+36,inf,inf,inf
818800,1.1695479265978159e+36,inf,1.1696648813904757e+36,inf,inf,inf
818900,1.1813014880615466e+36,inf,1.1814196182103528e+36,inf,inf,inf
819000,1.1931731688463752e+36,inf,1.1932924861632598e+36,inf,inf,inf
819100,1.2051641560115665e+36,inf,1.2052846724271676e+36,inf,inf,inf
819200,1.2172756485459287e+36,inf,1.2173973761107833e+36,inf,inf,inf
819300,1.2295088574877017e+36,inf,1.2296318083734504e+36,inf,inf,inf
819400,1.2418650060456508e+36,inf,1.2419891925462553e+36,inf,inf,inf
819500,1.254345329721376e+36,inf,1.2544707642543482e+36,inf,inf,inf
819600,1.2669510764328529e+36,inf,1.2670777715404962e+36,inf,inf,inf
819700,1.2796835066392077e+36,inf,1.2798114749898716e+36,inf,inf,inf
819800,1.2925438934667573e+36,inf,1.292673147856104e+36,inf,inf,inf
819900,1.3055335228363074e+36,inf,1.305664076188591e+36,inf,inf,inf
820000,1.318653693591734e+36,inf,1.3187855589610932e+36,inf,inf,inf
820100,1.3319057176298535e+36,inf,1.3320389082016163e+36,inf,inf,inf
820200,1.3452909200316004e+36,inf,1.3454254491236034e+36,inf,inf,inf
820300,1.35881063919453e+36,inf,1.3589465202584495e+36,inf,inf,inf
820400,1.372466226966641e+36,inf,1.3726034735893378e+36,inf,inf,inf
820500,1.386259048781539e+36,inf,1.3863976746864173e+36,inf,inf,inf
820600,1.4001904837949855e+36,inf,1.400330502843365e+36,inf,inf,inf
820700,1.4142619250227833e+36,inf,1.4144033512152857e+36,inf,inf,inf
820800,1.4284747794800804e+36,inf,1.4286176269580285e+36,inf,inf,inf
820900,1.44283046832205e+36,inf,1.4429747513688821e+36,inf,inf,inf
821000,1.45733042698599e+36,inf,1.4574761600286884e+36,inf,inf,inf
821100,1.4719761053348645e+36,inf,1.472123302945398e+36,inf,inf,inf
821200,1.4867689678022674e+36,inf,1.4869176446990474e+36,inf,inf,inf
821300,1.501710493538855e+36,inf,1.5018606645882088e+36,inf,inf,inf
821400,1.5168021765602456e+36,inf,1.5169538567779015e+36,inf,inf,inf
821500,1.532045525896414e+36,inf,1.5321987304490035e+36,inf,inf,inf
821600,1.5474420657425743e+36,inf,1.5475968099491484e+36,inf,inf,inf
821700,1.5629933356115863e+36,inf,1.5631496349451476e+36,inf,inf,inf
821800,1.5787008904878987e+36,inf,1.5788587605769474e+36,inf,inf,inf
821900,1.5945663009830227e+36,inf,1.5947257576131212e+36,inf,inf,inf
822000,1.6105911534925886e+36,inf,1.610752212607938e+36,inf,inf,inf
822100,1.6267770503549625e+36,inf,1.626939728059998e+36,inf,inf,inf
822200,1.6431256100114738e+36,inf,1.643289922572475e+36,inf,inf,inf
822300,1.659638467168238e+36,inf,1.659804431014955e+36,inf,inf,inf
822400,1.676317272959617e+36,inf,1.6764849046869128e+36,inf,inf,inf
822500,1.693163695113311e+36,inf,1.6933330114828223e+36,inf,inf,inf
822600,1.7101794181171244e+36,inf,1.710350436058936e+36,inf,inf,inf
822700,1.727366143387391e+36,inf,1.7275388800017298e+36,inf,inf,inf
822800,1.7447255894391065e+36,inf,1.7449000619980504e+36,inf,inf,inf
822900,1.762259492057763e+36,inf,1.7624357180069688e+36,inf,inf,inf
823000,1.7799696044729068e+36,inf,1.780147601433354e+36,inf,inf,inf
823100,1.7978576975334487e+36,inf,1.798037483303202e+36,inf,inf,inf
823200,1.8159255598847355e+36,inf,1.816107152440724e+36,inf,inf,inf
823300,1.8341749981473934e+36,inf,1.834358415647208e+36,inf,inf,inf
823400,1.8526078370979735e+36,inf,1.8527930978816832e+36,inf,inf,inf
823500,1.87122591985142e+36,inf,1.871413042443405e+36,inf,inf,inf
823600,1.890031108045357e+36,inf,1.8902201111561616e+36,inf,inf,inf
823700,1.909025282026236e+36,inf,1.9092161845544385e+36,inf,inf,inf
823800,1.9282103410373566e+36,inf,1.9284031620714603e+36,inf,inf,inf
823900,1.9475882034087706e+36,inf,1.9477829622291114e+36,inf,inf,inf
824000,1.9671608067490996e+36,inf,1.9673575228297744e+36,inf,inf,inf
824100,1.9869301081392764e+36,inf,1.9871288011500903e+36,inf,inf,inf
824200,2.0068980843282356e+36,inf,2.0070987741366684e+36,inf,inf,inf
824300,2.0270667319305742e+36,inf,2.027269438603767e+36,inf,inf,inf
824400,2.0474380676261853e+36,inf,2.047642811432948e+36,inf,inf,inf
824500,2.0680141283619202e+36,inf,2.0682209297747564e+36,inf,inf,inf
824600,2.0887969715552496e+36,inf,2.089005851252405e+36,inf,inf,inf
824700,2.1097886753000008e+36,inf,2.1099996541675307e+36,inf,inf,inf
824800,2.1309913385741428e+36,inf,2.131204437708e+36,inf,inf,inf
824900,2.1524070814496587e+36,inf,2.1526223221578035e+36,inf,inf,inf
825000,2.1740380453045395e+36,inf,2.17425544910907e+36,inf,inf,inf
825100,2.1958863930369052e+36,inf,2.196105981676209e+36,inf,inf,inf
825200,2.21795430928127e+36,inf,2.218176104712198e+36,inf,inf,inf
825300,2.2402440006269832e+36,inf,2.240468025027046e+36,inf,inf,inf
825400,2.2627576958388762e+36,inf,2.26298397160846e+36,inf,inf,inf
825500,2.2854976460801104e+36,inf,2.2857261958447185e+36,inf,inf,inf
825600,2.3084661251372773e+36,inf,2.308696971749791e+36,inf,inf,inf
825700,2.3316654296477566e+36,inf,2.3318985961907213e+36,inf,inf,inf
825800,2.3550978793293563e+36,inf,2.3553333891172892e+36,inf,inf,inf
825900,2.3787658172122643e+36,inf,2.3790036937939854e+36,inf,inf,inf
826000,2.4026716098733295e+36,inf,2.4029118770343168e+36,inf,inf,inf
826100,2.4268176476727014e+36,inf,2.4270603294374687e+36,inf,inf,inf
826200,2.4512063449928402e+36,inf,2.4514514656273395e+36,inf,inf,inf
826300,2.4758401404799302e+36,inf,2.476087724493978e+36,inf,inf,inf
826400,2.5007214972877323e+36,inf,2.500971569437461e+36,inf,inf,inf
826500,2.5258529033238636e+36,inf,2.526105488614196e+36,inf,inf,inf
826600,2.5512368714985768e+36,inf,2.5514919951857268e+36,inf,inf,inf
826700,2.5768759399760212e+36,inf,2.577133627570019e+36,inf,inf,inf
826800,2.6027726724280405e+36,inf,2.6030329496952833e+36,inf,inf,inf
826900,2.6289296582905134e+36,inf,2.6291925512563423e+36,inf,inf,inf
827000,2.655349513022273e+36,inf,2.655615047973575e+36,inf,inf,inf
827100,2.6820348783666276e+36,inf,2.682303081854464e+36,inf,inf,inf
827200,2.7089884226155176e+36,inf,2.709259321457779e+36,inf,inf,inf
827300,2.736212840876314e+36,inf,2.736486462160401e+36,inf,inf,inf
827400,2.763710855341307e+36,inf,2.763987226426841e+36,inf,inf,inf
827500,2.7914852155598994e+36,inf,2.791764364081455e+36,inf,inf,inf
827600,2.8195386987135335e+36,inf,2.819820652583405e+36,inf,inf,inf
827700,2.847874109893389e+36,inf,2.848158897304378e+36,inf,inf,inf
827800,2.876494282380865e+36,inf,2.876781931809103e+36,inf,inf,inf
827900,2.90540207793088e+36,inf,2.905692618138673e+36,inf,inf,inf
828000,2.934600387058022e+36,inf,2.934893847096728e+36,inf,inf,inf
828100,2.964092129325578e+36,inf,2.9643885385385103e+36,inf,inf,inf
828200,2.9938802536374524e+36,inf,2.994179641662816e+36,inf,inf,inf
828300,3.0239677385330414e+36,inf,3.0242701353068945e+36,inf,inf,inf
828400,3.054357592485052e+36,inf,3.0546630282443006e+36,inf,inf,inf
828500,3.085052854200334e+36,inf,3.085361359485754e+36,inf,inf,inf
828600,3.116056592923709e+36,inf,3.1163681985830015e+36,inf,inf,inf
828700,3.1473719087448676e+36,inf,3.147686645935742e+36,inf,inf,inf
828800,3.1790019329083615e+36,inf,3.1793198331016525e+36,inf,inf,inf
828900,3.2109498281266866e+36,inf,3.2112709231094994e+36,inf,inf,inf
829000,3.243218788896539e+36,inf,3.243543110775429e+36,inf,inf,inf
829100,3.275812041818215e+36,inf,3.2761396230223965e+36,inf,inf,inf
829200,3.30873284591826e+36,inf,3.309063719202852e+36,inf,inf,inf
829300,3.3419844929753367e+36,inf,3.3423186914246344e+36,inf,inf,inf
829400,3.3755703078493673e+36,inf,3.375907864880152e+36,inf,inf,inf
829500,3.409493648813998e+36,inf,3.409834598178879e+36,inf,inf,inf
829600,3.443757907892385e+36,inf,3.4441022836831737e+36,inf,inf,inf
829700,3.4783665111963705e+36,inf,3.47871434784749e+36,inf,inf,inf
829800,3.5133229192690675e+36,inf,3.5136742515609944e+36,inf,inf,inf
829900,3.548630627430878e+36,inf,3.548985490493621e+36,inf,inf,inf
830000,3.584293166128988e+36,inf,3.584651595445601e+36,inf,inf,inf
830100,3.620314101290388e+36,inf,3.620676132700517e+36,inf,inf,inf
830200,3.656697034678428e+36,inf,3.657062704381896e+36,inf,inf,inf
830300,3.6934456042529654e+36,inf,3.693814948813391e+36,inf,inf,inf
830400,3.7305634845341246e+36,inf,3.730936540882578e+36,inf,inf,inf
830500,3.7680543869697125e+36,inf,3.7684311924084096e+36,inf,inf,inf
830600,3.8059220603063345e+36,inf,3.806302652512365e+36,inf,inf,inf
830700,3.844170290964233e+36,inf,3.844554707993329e+36,inf,inf,inf
830800,3.882802903415894e+36,inf,3.8831911837062357e+36,inf,inf,inf
830900,3.921823760568458e+36,inf,3.922215942944515e+36,inf,inf,inf
831000,3.9612367641499855e+36,inf,3.9616328878264005e+36,inf,inf,inf
831100,4.001045855099569e+36,inf,4.001445959685079e+36,inf,inf,inf
831200,4.041255013961419e+36,inf,4.041659139462815e+36,inf,inf,inf
831300,4.08186826128287e+36,inf,4.0822764481089987e+36,inf,inf,inf
831400,4.1228896580163974e+36,inf,4.123301946982199e+36,inf,inf,inf
831500,4.1643233059256745e+36,inf,4.1647397382562673e+36,inf,inf,inf
831600,4.2061733479957164e+36,inf,4.206593965330516e+36,inf,inf,inf
831700,4.2484439688471306e+36,inf,4.248868813244015e+36,inf,inf,inf
831800,4.291139395154561e+36,inf,4.291568509094076e+36,inf,inf,inf
831900,4.33426389606929e+36,inf,4.3346973224588966e+36,inf,inf,inf
832000,4.3778217836461336e+36,inf,4.378259565824498e+36,inf,inf,inf
832100,4.421817413274607e+36,inf,4.4222595950159344e+36,inf,inf,inf
832200,4.4662551841144076e+36,inf,4.466701809632819e+36,inf,inf,inf
832300,4.511139539535308e+36,inf,4.511590653489262e+36,inf,inf,inf
832400,4.5564749675614464e+36,inf,4.5569306150582027e+36,inf,inf,inf
832500,4.602266001320087e+36,inf,4.602726227920219e+36,inf,inf,inf
832600,4.6485172194948817e+36,inf,4.648982071216831e+36,inf,inf,inf
832700,4.69523324678372e+36,inf,4.6957027701083984e+36,inf,inf,inf
832800,4.7424187543611315e+36,inf,4.7428929962365675e+36,inf,inf,inf
832900,4.7900784603453765e+36,inf,4.790557468191411e+36,inf,inf,inf
833000,4.838217130270206e+36,inf,4.8387009519832334e+36,inf,inf,inf
833100,4.8868395775613856e+36,inf,4.8873282615191417e+36,inf,inf,inf
833200,4.93595066401797e+36,inf,4.936444259084372e+36,inf,inf,inf
833300,4.9855553002984565e+36,inf,4.986053855828486e+36,inf,inf,inf
833400,5.0356584464118004e+36,inf,5.0361620122564415e+36,inf,inf,inf
833500,5.086265112213372e+36,inf,5.086773738724593e+36,inf,inf,inf
833600,5.137380357905895e+36,inf,5.137894095941686e+36,inf,inf,inf
833700,5.189009294545423e+36,inf,5.1895281954748777e+36,inf,inf,inf
833800,5.241157084552389e+36,inf,5.2416812002608444e+36,inf,inf,inf
833900,5.2938289422278205e+36,inf,5.294358325122043e+36,inf,inf,inf
834000,5.34703013427469e+36,inf,5.347564837288117e+36,inf,inf,inf
834100,5.400765980324571e+36,inf,5.401306056922603e+36,inf,inf,inf
834200,5.455041853469532e+36,inf,5.455587357654879e+36,inf,inf,inf
834300,5.50986318079939e+36,inf,5.51041416711747e+36,inf,inf,inf
834400,5.565235443944404e+36,inf,5.565791967488799e+36,inf,inf,inf
834500,5.621164179623341e+36,inf,5.621726296041304e+36,inf,inf,inf
834600,5.677654980197132e+36,inf,5.678222745695152e+36,inf,inf,inf
834700,5.734713494228051e+36,inf,5.735286965577473e+36,inf,inf,inf
834800,5.792345427044492e+36,inf,5.792924661587196e+36,inf,inf,inf
834900,5.850556541311504e+36,inf,5.851141596965635e+36,inf,inf,inf
835000,5.909352657606946e+36,inf,5.909943592872707e+36,inf,inf,inf
835100,5.96873965500353e+36,inf,5.96933652896903e+36,inf,inf,inf
835200,6.028723471656656e+36,inf,6.029326344003822e+36,inf,inf,inf
835300,6.089310105398188e+36,inf,6.089919036408727e+36,inf,inf,inf
835400,6.150505614336176e+36,inf,6.151120664897609e+36,inf,inf,inf
835500,6.212316117460586e+36,inf,6.212937349072332e+36,inf,inf,inf
835600,6.27474779525519e+36,inf,6.275375270034716e+36,inf,inf,inf
835700,6.33780689031552e+36,inf,6.338440671004551e+36,inf,inf,inf
835800,6.40149970797309e+36,inf,6.402139857943887e+36,inf,inf,inf
835900,6.465832616925864e+36,inf,6.466479200187557e+36,inf,inf,inf
836000,6.530812049875067e+36,inf,6.531465131080055e+36,inf,inf,inf
836100,6.596444504168387e+36,inf,6.597104148618804e+36,inf,inf,inf
836200,6.662736542449688e+36,inf,6.663402816103933e+36,inf,inf,inf
836300,6.729694793315162e+36,inf,6.730367762794493e+36,inf,inf,inf
836400,6.797325951976164e+36,inf,6.798005684571362e+36,inf,inf,inf
836500,6.865636780928659e+36,inf,6.866323344606752e+36,inf,inf,inf
836600,6.934634110629405e+36,inf,6.935327574040469e+36,inf,inf,inf
836700,7.004324840178953e+36,inf,7.005025272662971e+36,inf,inf,inf
836800,7.074715938011486e+36,inf,7.075423409605287e+36,inf,inf,inf
836900,7.145814442591575e+36,inf,7.146529024035834e+36,inf,inf,inf
837000,7.217627463118009e+36,inf,7.218349225864321e+36,inf,inf,inf
837100,7.290162180234605e+36,inf,7.290891196452629e+36,inf,inf,inf
837200,7.363425846748224e+36,inf,7.364162189332899e+36,inf,inf,inf
837300,7.437425788353987e+36,inf,7.438169530932822e+36,inf,inf,inf
837400,7.512169404367779e+36,inf,7.512920621308215e+36,inf,inf,inf
837500,7.587664168466109e+36,inf,7.588422934882955e+36,inf,inf,inf
837600,7.663917629433412e+36,inf,7.664684021196355e+36,inf,inf,inf
837700,7.740937411916848e+36,inf,7.74171150565804e+36,inf,inf,inf
837800,7.818731217188716e+36,inf,7.819513090310434e+36,inf,inf,inf
837900,7.897306823916475e+36,inf,7.898096554598867e+36,inf,inf,inf
838000,7.976672088940599e+36,inf,7.977469756149493e+36,inf,inf,inf
838100,8.056834948060126e+36,inf,8.057640631554932e+36,inf,inf,inf
838200,8.137803416826197e+36,inf,8.138617197167879e+36,inf,inf,inf
838300,8.219585591343546e+36,inf,8.22040754990268e+36,inf,inf,inf
838400,8.30218964908002e+36,inf,8.303019868044928e+36,inf,inf,inf
838500,8.385623849684246e+36,inf,8.386462412069214e+36,inf,inf,inf
838600,8.469896535811529e+36,inf,8.47074352546511e+36,inf,inf,inf
838700,8.555016133958055e+36,inf,8.555871635571451e+36,inf,inf,inf
838800,8.64099115530343e+36,inf,8.64185525441896e+36,inf,inf,inf
838900,8.727830196561752e+36,inf,8.728702979581408e+36,inf,inf,inf
839000,8.81554194084119e+36,inf,8.816423495035273e+36,inf,inf,inf
839100,8.904135158512216e+36,inf,8.905025572028067e+36,inf,inf,inf
839200,8.993618708084555e+36,inf,8.994518069955364e+36,inf,inf,inf
839300,9.084001537092969e+36,inf,9.084909937246679e+36,inf,inf,inf
839400,9.17529268299192e+36,inf,9.176210212260219e+36,inf,inf,inf
839500,9.267501274059222e+36,inf,9.268428024186628e+36,inf,inf,inf
839600,9.360636530308809e+36,inf,9.361572593961839e+36,inf,inf,inf
839700,9.454707764412639e+36,inf,9.455653235189081e+36,inf,inf,inf
839800,9.549724382631872e+36,inf,9.550679355070135e+36,inf,inf,inf
839900,9.645695885757416e+36,inf,9.646660455345991e+36,inf,inf,inf
840000,9.742631870059918e+36,inf,9.743606133246924e+36,inf,inf,inf
840100,9.840542028249302e+36,inf,9.841526082452128e+36,inf,inf,inf
840200,9.939436150443944e+36,inf,9.940430094058989e+36,inf,inf,inf
840300,1.003932412514961e+37,inf,1.0040328057562126e+37,inf,inf,inf
840400,1.0140215940248216e+37,inf,1.0141229961842241e+37,inf,inf,inf
840500,1.0242121683996503e+37,inf,1.0243145896164903e+37,inf,inf,inf
840600,1.0345051546034778e+37,inf,1.034608605118938e+37,inf,inf,inf
840700,1.0449015818405812e+37,inf,1.0450060719987652e+37,inf,inf,inf
840800,1.0554024896583897e+37,inf,1.0555080299073556e+37,inf,inf,inf
840900,1.0660089280514364e+37,inf,1.0661155289442415e+37,inf,inf,inf
841000,1.0767219575663423e+37,inf,1.0768296297620988e+37,inf,inf,inf
841100,1.0875426494078636e+37,inf,1.0876514036728043e+37,inf,inf,inf
841200,1.0984720855460025e+37,inf,1.098581932754557e+37,inf,inf,inf
841300,1.109511358824195e+37,inf,1.1096223099600772e+37,inf,inf,inf
841400,1.1206615730685852e+37,inf,1.120773639225892e+37,inf,inf,inf
841500,1.1319238431983942e+37,inf,1.132037035582714e+37,inf,inf,inf
841600,1.143299295337406e+37,inf,1.1434136252669399e+37,inf,inf,inf
841700,1.1547890669265694e+37,inf,1.154904545833262e+37,inf,inf,inf
841800,1.1663943068377293e+37,inf,1.1665109462684132e+37,inf,inf,inf
841900,1.1781161754885028e+37,inf,1.1782339871060516e+37,inf,inf,inf
842000,1.1899558449583124e+37,inf,1.1900748405428083e+37,inf,inf,inf
842100,1.201914499105585e+37,inf,1.2020346905554954e+37,inf,inf,inf
842200,1.2139933336861234e+37,inf,1.214114733019492e+37,inf,inf,inf
842300,1.226193556472672e+37,inf,1.2263161758283194e+37,inf,inf,inf
842400,1.2385163873756838e+37,inf,1.2386402390144214e+37,inf,inf,inf
842500,1.2509630585652988e+37,inf,1.2510881548711553e+37,inf,inf,inf
842600,1.2635348145945504e+37,inf,1.2636611680760098e+37,inf,inf,inf
842700,1.2762329125238104e+37,inf,1.2763605358150628e+37,inf,inf,inf
842800,1.28905862204648e+37,inf,1.2891875279086847e+37,inf,inf,inf
842900,1.3020132256159554e+37,inf,1.302143426938517e+37,inf,inf,inf
843000,1.315098018573851e+37,inf,1.3152295283757083e+37,inf,inf,inf
843100,1.328314309279529e+37,inf,1.3284471407104567e+37,inf,inf,inf
843200,1.341663419240918e+37,inf,1.341797585582842e+37,inf,inf,inf
843300,1.3551466832466612e+37,inf,1.3552821979149858e+37,inf,inf,inf
843400,1.368765449499572e+37,inf,1.368902326044522e+37,inf,inf,inf
843500,1.3825210797514452e+37,inf,1.3826593318594202e+37,inf,inf,inf
843600,1.3964149494392241e+37,inf,1.396554590934168e+37,inf,inf,inf
843700,1.4104484478225285e+37,inf,1.4105894926673109e+37,inf,inf,inf
843800,1.4246229781225668e+37,inf,1.4247654404203791e+37,inf,inf,inf
843900,1.4389399576624444e+37,inf,1.4390838516582105e+37,inf,inf,inf
844000,1.453400818008889e+37,inf,1.4535461580906899e+37,inf,inf,inf
844100,1.4680070051153886e+37,inf,1.4681538058159e+37,inf,inf,inf
844200,1.4827599794667723e+37,inf,1.482908255464719e+37,inf,inf,inf
844300,1.4976612162252509e+37,inf,1.4978109823468734e+37,inf,inf,inf
844400,1.5127122053779195e+37,inf,1.5128634765984572e+37,inf,inf,inf
844500,1.5279144518857355e+37,inf,1.5280672433309242e+37,inf,inf,inf
844600,1.5432694758340073e+37,inf,1.5434238027815907e+37,inf,inf,inf
844700,1.5587788125843884e+37,inf,1.5589346904656468e+37,inf,inf,inf
844800,1.5744440129283953e+37,inf,1.5746014573296882e+37,inf,inf,inf
844900,1.5902666432424755e+37,inf,1.5904256699067998e+37,inf,inf,inf
845000,1.606248285644634e+37,inf,1.6064089104731985e+37,inf,inf,inf
845100,1.6223905381526253e+37,inf,1.6225527772064404e+37,inf,inf,inf
845200,1.6386950148437368e+37,inf,1.6388588843452211e+37,inf,inf,inf
845300,1.6551633460161953e+37,inf,1.655328862350797e+37,inf,inf,inf
845400,1.6717971783521715e+37,inf,1.6719643580700066e+37,inf,inf,inf
845500,1.6885981750824327e+37,inf,1.6887670348999409e+37,inf,inf,inf
845600,1.7055680161526573e+37,inf,1.7057385729542725e+37,inf,inf,inf
845700,1.722708398391407e+37,inf,1.7228806692312462e+37,inf,inf,inf
845800,1.740021035679799e+37,inf,1.740195037783367e+37,inf,inf,inf
845900,1.7575076591228757e+37,inf,1.7576834098887878e+37,inf,inf,inf
846000,1.7751700172227004e+37,inf,1.7753475342244227e+37,inf,inf,inf
846100,1.7930098760531923e+37,inf,1.7931891770407977e+37,inf,inf,inf
846200,1.811029019436715e+37,inf,1.8112101223386585e+37,inf,inf,inf
846300,1.8292292491224443e+37,inf,1.8294121720473566e+37,inf,inf,inf
846400,1.847612384966529e+37,inf,1.8477971462050257e+37,inf,inf,inf
846500,1.8661802651140546e+37,inf,1.866366883140566e+37,inf,inf,inf
846600,1.884934746182844e+37,inf,1.8851232396574623e+37,inf,inf,inf
846700,1.9038777034491014e+37,inf,1.9040680912194463e+37,inf,inf,inf
846800,1.923011031034924e+37,inf,1.9232033321380274e+37,inf,inf,inf
846900,1.9423366420976977e+37,inf,1.9425308757619075e+37,inf,inf,inf
847000,1.96185646902139e+37,inf,1.962052654668292e+37,inf,inf,inf
847100,1.9815724636097756e+37,inf,1.9817706208561366e+37,inf,inf,inf
847200,2.0014865972816015e+37,inf,2.0016867459413297e+37,inf,inf,inf
847300,2.0216008612677004e+37,inf,2.0218030213538272e+37,inf,inf,inf
847400,2.0419172668101057e+37,inf,2.0421214585367868e+37,inf,inf,inf
847500,2.0624378453631553e+37,inf,2.0626440891476916e+37,inf,inf,inf
847600,2.0831646487966132e+37,inf,2.083372965261493e+37,inf,inf,inf
847700,2.1040997496008425e+37,inf,2.1043101595758027e+37,inf,inf,inf
847800,2.1252452410940353e+37,inf,2.1254577656181447e+37,inf,inf,inf
847900,2.1466032376315176e+37,inf,2.1468178979552807e+37,inf,inf,inf
848000,2.1681758748171865e+37,inf,2.168392692404668e+37,inf,inf,inf
848100,2.189965309717024e+37,inf,2.190184306247996e+37,inf,inf,inf
848200,2.211973721074799e+37,inf,2.2121949184469067e+37,inf,inf,inf
848300,2.2342033095299195e+37,inf,2.2344267298608725e+37,inf,inf,inf
848400,2.256656297837479e+37,inf,2.2568819634672626e+37,inf,inf,inf
848500,2.2793349310905045e+37,inf,2.2795628645836134e+37,inf,inf,inf
848600,2.302241476944453e+37,inf,2.3024717010921473e+37,inf,inf,inf
848700,2.325378225843947e+37,inf,2.325610763666531e+37,inf,inf,inf
848800,2.348747491251807e+37,inf,2.348982366000932e+37,inf,inf,inf
848900,2.372351609880377e+37,inf,2.372588845041365e+37,inf,inf,inf
849000,2.396192941925163e+37,inf,2.3964325612193552e+37,inf,inf,inf
849100,2.4202738713008456e+37,inf,2.420515898687976e+37,inf,inf,inf
849200,2.444596805879635e+37,inf,2.444841265560223e+37,inf,inf,inf
849300,2.4691641777320484e+37,inf,2.4694110941498217e+37,inf,inf,inf
849400,2.4939784433700887e+37,inf,2.4942278412144256e+37,inf,inf,inf
849500,2.5190420839928725e+37,inf,2.5192939882012716e+37,inf,inf,inf
849600,2.5443576057347316e+37,inf,2.5446120414953053e+37,inf,inf,inf
849700,2.569927539915803e+37,inf,2.5701845326697943e+37,inf,inf,inf
849800,2.5957544432951324e+37,inf,2.596014018739462e+37,inf,inf,inf
849900,2.62184089832633e+37,inf,2.6221030824161624e+37,inf,inf,inf
850000,2.6481895134157894e+37,inf,2.648454332367131e+37,inf,inf,inf
850100,2.674802923183515e+37,inf,2.6750704034758335e+37,inf,inf,inf
850200,2.7016837887265423e+37,inf,2.7019539571054147e+37,inf,inf,inf
850300,2.7288347978850433e+37,inf,2.729107681364832e+37,inf,inf,inf
850400,2.75625866551107e+37,inf,2.756534291377621e+37,inf,inf,inf
850500,2.7839581337400163e+37,inf,2.7842365295533904e+37,inf,inf,inf
850600,2.811935972264816e+37,inf,2.812217165862042e+37,inf,inf,inf
850700,2.8401949786128764e+37,inf,2.8404789981107377e+37,inf,inf,inf
850800,2.8687379784258174e+37,inf,2.86902485222366e+37,inf,inf,inf
850900,2.897567825741996e+37,inf,2.8978575825245705e+37,inf,inf,inf
851000,2.926687403281892e+37,inf,2.92698007202222e+37,inf,inf,inf
851100,2.95609962273635e+37,inf,2.956395232698624e+37,inf,inf,inf
851200,2.9858074250577275e+37,inf,2.986106005800233e+37,inf,inf,inf
851300,3.0158137807539554e+37,inf,3.0161153621320306e+37,inf,inf,inf
851400,3.0461216901855694e+37,inf,3.046426302354588e+37,inf,inf,inf
851500,3.0767341838657115e+37,inf,3.077041857284098e+37,inf,inf,inf
851600,3.107654322763161e+37,inf,3.107965088195437e+37,inf,inf,inf
851700,3.138885198608394e+37,inf,3.139199087128255e+37,inf,inf,inf
851800,3.170429934202739e+37,inf,3.1707469771961595e+37,inf,inf,inf
851900,3.202291683730613e+37,inf,3.2026119128989856e+37,inf,inf,inf
852000,3.2344736330749286e+37,inf,3.234797080438236e+37,inf,inf,inf
852100,3.266979000135648e+37,inf,3.2673056980356617e+37,inf,inf,inf
852200,3.2998110351515327e+37,inf,3.300141016255048e+37,inf,inf,inf
852300,3.332973021025147e+37,inf,3.333306318327249e+37,inf,inf,inf
852400,3.366468273651121e+37,inf,3.366804920478486e+37,inf,inf,inf
852500,3.4003001422477023e+37,inf,3.400640172261927e+37,inf,inf,inf
852600,3.4344720096916464e+37,inf,3.4348154568926156e+37,inf,inf,inf
852700,3.4689872928564845e+37,inf,3.46933419158577e+37,inf,inf,inf
852800,3.5038494429541696e+37,inf,3.504199827898465e+37,inf,inf,inf
852900,3.5390619458801686e+37,inf,3.539415852074757e+37,inf,inf,inf
853000,3.57462832256202e+37,inf,3.5749857853942764e+37,inf,inf,inf
853100,3.6105521293113914e+37,inf,3.6109131845243223e+37,inf,inf,inf
853200,3.646836958179684e+37,inf,3.647201641875502e+37,inf,inf,inf
853300,3.6834864373171984e+37,inf,3.68385478596093e+37,inf,inf,inf
853400,3.720504231335927e+37,inf,3.7208762817590607e+37,inf,inf,inf
853500,3.7578940416759655e+37,inf,3.758269831080133e+37,inf,inf,inf
853600,3.7956596069756376e+37,inf,3.7960391729363353e+37,inf,inf,inf
853700,3.8338047034453187e+37,inf,3.834188083915663e+37,inf,inf,inf
853800,3.872333145245019e+37,inf,3.8727203785595437e+37,inf,inf,inf
853900,3.9112487848657737e+37,inf,3.91163990974426e+37,inf,inf,inf
854000,3.950555513514843e+37,inf,3.9509505690661947e+37,inf,inf,inf
854100,3.990257261504813e+37,inf,3.9906562872309636e+37,inf,inf,inf
854200,4.030357998646579e+37,inf,4.0307610344464437e+37,inf,inf,inf
854300,4.070861734646294e+37,inf,4.0712688208197585e+37,inf,inf,inf
854400,4.111772519506306e+37,inf,4.1121836967582564e+37,inf,inf,inf
854500,4.153094443930114e+37,inf,4.153509753374507e+37,inf,inf,inf
854600,4.1948316397314095e+37,inf,4.1952511228953825e+37,inf,inf,inf
854700,4.2369882802472113e+37,inf,4.237411979075236e+37,inf,inf,inf
854800,4.279568580755169e+37,inf,4.279996537613245e+37,inf,inf,inf
854900,4.322576798895049e+37,inf,4.323009056574939e+37,inf,inf,inf
855000,4.366017235094449e+37,inf,4.3664538368179585e+37,inf,inf,inf
855100,4.409894232998818e+37,inf,4.410335222422118e+37,inf,inf,inf
855200,4.454212179905782e+37,inf,4.454657601123772e+37,inf,inf,inf
855300,4.498975507203806e+37,inf,4.499425404754526e+37,inf,inf,inf
855400,4.5441886908153235e+37,inf,4.544643109684405e+37,inf,inf,inf
855500,4.589856251644281e+37,inf,4.590315237269446e+37,inf,inf,inf
855600,4.635982756028179e+37,inf,4.636446354303781e+37,inf,inf,inf
855700,4.682572816194659e+37,inf,4.683041073476278e+37,inf,inf,inf
855800,4.7296310907226975e+37,inf,4.73010405383177e+37,inf,inf,inf
855900,4.777162285008417e+37,inf,4.777640001236918e+37,inf,inf,inf
856000,4.825171151735583e+37,inf,4.825653668850757e+37,inf,inf,inf
856100,4.873662491350819e+37,inf,4.874149857599953e+37,inf,inf,inf
856200,4.922641152543614e+37,inf,4.923133416658868e+37,inf,inf,inf
856300,4.972112032731162e+37,inf,4.972609243934435e+37,inf,inf,inf
856400,5.022080078548027e+37,inf,5.022582286555882e+37,inf,inf,inf
856500,5.072550286340792e+37,inf,5.0730575413694265e+37,inf,inf,inf
856600,5.123527702667638e+37,inf,5.124040055437905e+37,inf,inf,inf
856700,5.175017424802931e+37,inf,5.175534926545412e+37,inf,inf,inf
856800,5.227024601246945e+37,inf,5.22754730370707e+37,inf,inf,inf
856900,5.279554432240622e+37,inf,5.280082387683846e+37,inf,inf,inf
857000,5.33261217028558e+37,inf,5.333145431502608e+37,inf,inf,inf
857100,5.386203120669305e+37,inf,5.386741740981371e+37,inf,inf,inf
857200,5.440332641995623e+37,inf,5.440876675259823e+37,inf,inf,inf
857300,5.495006146720518e+37,inf,5.495555647335191e+37,inf,inf,inf
857400,5.550229101693338e+37,inf,5.550784124603507e+37,inf,inf,inf
857500,5.606007028703399e+37,inf,5.606567629406269e+37,inf,inf,inf
857600,5.662345505032155e+37,inf,5.662911739582657e+37,inf,inf,inf
857700,5.719250164010842e+37,inf,5.719822089027243e+37,inf,inf,inf
857800,5.776726695583775e+37,inf,5.777304368253333e+37,inf,inf,inf
857900,5.834780846877286e+37,inf,5.835364324961974e+37,inf,inf,inf
858000,5.89341842277438e+37,inf,5.894007764616658e+37,inf,inf,inf
858100,5.952645286495185e+37,inf,5.953240551023834e+37,inf,inf,inf
858200,6.01246736018321e+37,inf,6.013068606919228e+37,inf,inf,inf
858300,6.072890625497495e+37,inf,6.073497914560044e+37,inf,inf,inf
858400,6.133921124210737e+37,inf,6.134534516323158e+37,inf,inf,inf
858500,6.195564958813406e+37,inf,6.196184515309287e+37,inf,inf,inf
858600,6.257828293123942e+37,inf,6.258454075953254e+37,inf,inf,inf
858700,6.3207173529050735e+37,inf,6.321349424640364e+37,inf,inf,inf
858800,6.384238426486345e+37,inf,6.384876850328993e+37,inf,inf,inf
858900,6.448397865392884e+37,inf,6.449042705179423e+37,inf,inf,inf
859000,6.513202084980497e+37,inf,6.513853405188995e+37,inf,inf,inf
859100,6.578657565077164e+37,inf,6.5793154308336715e+37,inf,inf,inf
859200,6.644770850630928e+37,inf,6.645435327715991e+37,inf,inf,inf
859300,6.711548552364358e+37,inf,6.712219707219595e+37,inf,inf,inf
859400,6.7789973474355475e+37,inf,6.779675247170291e+37,inf,inf,inf
859500,6.84712398010577e+37,inf,6.84780869250378e+37,inf,inf,inf
859600,6.915935262413857e+37,inf,6.916626855940098e+37,inf,inf,inf
859700,6.985438074857318e+37,inf,6.986136618664804e+37,inf,inf,inf
859800,7.055639367080339e+37,inf,7.056344931017047e+37,inf,inf,inf
859900,7.126546158568682e+37,inf,7.127258813184538e+37,inf,inf,inf
860000,7.198165539351568e+37,inf,7.198885355905504e+37,inf,inf,inf
860100,7.270504670710632e+37,inf,7.271231721177703e+37,inf,inf,inf
860200,7.34357078589595e+37,inf,7.344305142974539e+37,inf,inf,inf
860300,7.417371190849317e+37,inf,7.418112927968402e+37,inf,inf,inf
860400,7.491913264934785e+37,inf,7.492662456261278e+37,inf,inf,inf
860500,7.567204461676508e+37,inf,7.567961182122676e+37,inf,inf,inf
860600,7.643252309504058e+37,inf,7.644016634735008e+37,inf,inf,inf
860700,7.7200644125051615e+37,inf,7.720836418946412e+37,inf,inf,inf
860800,7.797648451186073e+37,inf,7.798428216031192e+37,inf,inf,inf
860900,7.876012183239527e+37,inf,7.87679978445785e+37,inf,inf,inf
861000,7.955163444320455e+37,inf,7.955958960664887e+37,inf,inf,inf
861100,8.0351101488294745e+37,inf,8.035913659844357e+37,inf,inf,inf
861200,8.115860290704242e+37,inf,8.116671876733312e+37,inf,inf,inf
861300,8.197421944218806e+37,inf,8.1982416864132275e+37,inf,inf,inf
861400,8.279803264790926e+37,inf,8.280631245117405e+37,inf,inf,inf
861500,8.363012489797558e+37,inf,8.363848791046538e+37,inf,inf,inf
861600,8.44705793939852e+37,inf,8.447902645192459e+37,inf,inf,inf
861700,8.53194801736842e+37,inf,8.532801212170158e+37,inf,inf,inf
861800,8.617691211936954e+37,inf,8.618552981058148e+37,inf,inf,inf
861900,8.704296096637654e+37,inf,8.705166526247318e+37,inf,inf,inf
862000,8.791771331165185e+37,inf,8.792650508298302e+37,inf,inf,inf
862100,8.880125662241226e+37,inf,8.88101367480745e+37,inf,inf,inf
862200,8.969367924489022e+37,inf,8.97026486128147e+37,inf,inf,inf
862300,9.059507041316827e+37,inf,9.060412992020958e+37,inf,inf,inf
862400,9.150552025810083e+37,inf,9.151467081012664e+37,inf,inf,inf
862500,9.24251198163275e+37,inf,9.243436232830915e+37,inf,inf,inf
862600,9.335396103937526e+37,inf,9.336329643547919e+37,inf,inf,inf
862700,9.42921368028525e+37,inf,9.43015660165328e+37,inf,inf,inf
862800,9.523974091573636e+37,inf,9.524926488982792e+37,inf,inf,inf
862900,9.619686812975235e+37,inf,9.620648781656533e+37,inf,inf,inf
863000,9.716361414884926e+37,inf,9.717333051026415e+37,inf,inf,inf
863100,9.814007563876771e+37,inf,9.814988964633158e+37,inf,inf,inf
863200,9.912635023670654e+37,inf,9.91362628717302e+37,inf,inf,inf
863300,1.0012253656108544e+38,inf,1.0013254881474155e+38,inf,inf,inf
863400,1.011287342214059e+38,inf,1.0113884709482804e+38,inf,inf,inf
863500,1.0214504382821127e+38,inf,1.021552583325941e+38,inf,inf,inf
863600,1.0317156700314681e+38,inf,1.0318188415984713e+38,inf,inf,inf
863700,1.0420840638912087e+38,inf,1.0421882722975979e+38,inf,inf,inf
863800,1.0525566566056854e+38,inf,1.052661912271346e+38,inf,inf,inf
863900,1.0631344953381798e+38,inf,1.0632408087877136e+38,inf,inf,inf
864000,1.0738186377756082e+38,inf,1.0739260196393857e+38,inf,inf,inf
864100,1.0846101522342853e+38,inf,1.0847186132495088e+38,inf,inf,inf
864200,1.0955101177667431e+38,inf,1.0956196687785197e+38,inf,inf,inf
864300,1.1065196242696245e+38,inf,1.1066302762320514e+38,inf,inf,inf
864400,1.1176397725926693e+38,inf,1.1177515365699285e+38,inf,inf,inf
864500,1.1288716746487842e+38,inf,1.128984561816249e+38,inf,inf,inf
864600,1.1402164535252227e+38,inf,1.1403304751705753e+38,inf,inf,inf
864700,1.1516752435958885e+38,inf,1.151790411120248e+38,inf,inf,inf
864800,1.1632491906347575e+38,inf,1.163365515553821e+38,inf,inf,inf
864900,1.1749394519304468e+38,inf,1.17505694587564e+38,inf,inf,inf
865000,1.1867471964019357e+38,inf,1.186865871121576e+38,inf,inf,inf
865100,1.198673604715442e+38,inf,1.1987934720759135e+38,inf,inf,inf
865200,1.2107198694024807e+38,inf,1.210840941389421e+38,inf,inf,inf
865300,1.222887194979106e+38,inf,1.2230094836986039e+38,inf,inf,inf
865400,1.2351767980663515e+38,inf,1.2353003157461582e+38,inf,inf,inf
865500,1.247589907511879e+38,inf,1.2477146665026303e+38,inf,inf,inf
865600,1.2601277645128561e+38,inf,1.2602537772893074e+38,inf,inf,inf
865700,1.2727916227400597e+38,inf,1.2729189019023336e+38,inf,inf,inf
865800,1.2855827484632393e+38,inf,1.2857113067380856e+38,inf,inf,inf
865900,1.2985024206777237e+38,inf,1.2986322709197915e+38,inf,inf,inf
866000,1.311551931232316e+38,inf,1.3116830864254393e+38,inf,inf,inf
866100,1.324732584958459e+38,inf,1.324865058216955e+38,inf,inf,inf
866200,1.338045699800713e+38,inf,1.338179504370693e+38,inf,inf,inf
866300,1.3514926069485354e+38,inf,1.3516277562092303e+38,inf,inf,inf
866400,1.3650746509693877e+38,inf,1.3652111584344846e+38,inf,inf,inf
866500,1.3787931899431802e+38,inf,1.3789310692621744e+38,inf,inf,inf
866600,1.392649595598067e+38,inf,1.3927888605576267e+38,inf,inf,inf
866700,1.4066452534476072e+38,inf,1.406785917972952e+38,inf,inf,inf
866800,1.4207815629293026e+38,inf,1.4209236410855956e+38,inf,inf,inf
866900,1.4350599375445292e+38,inf,1.4352034435382835e+38,inf,inf,inf
867000,1.4494818049998747e+38,inf,1.4496267531803746e+38,inf,inf,inf
867100,1.4640486073498949e+38,inf,1.4641950122106298e+38,inf,inf,inf
867200,1.478761801141306e+38,inf,1.4789096773214201e+38,inf,inf,inf
867300,1.4936228575586278e+38,inf,1.4937722198443838e+38,inf,inf,inf
867400,1.5086332625712868e+38,inf,1.508784125897544e+38,inf,inf,inf
867500,1.5237945170822e+38,inf,1.5239468965339083e+38,inf,inf,inf
867600,1.539108137077853e+38,inf,1.5392620478915606e+38,inf,inf,inf
867700,1.55457565377988e+38,inf,1.554731111345258e+38,inf,inf,inf
867800,1.5701986137981788e+38,inf,1.5703556336595585e+38,inf,inf,inf
867900,1.5859785792855523e+38,inf,1.5861371771434809e+38,inf,inf,inf
868000,1.6019171280939113e+38,inf,1.6020773198067206e+38,inf,inf,inf
868100,1.618015853932044e+38,inf,1.6181776555174372e+38,inf,inf,inf
868200,1.6342763665249765e+38,inf,1.6344397941616289e+38,inf,inf,inf
868300,1.6507002917749244e+38,inf,1.6508653618041019e+38,inf,inf,inf
868400,1.6672892719238736e+38,inf,1.667456000851066e+38,inf,inf,inf
868500,1.6840449657177848e+38,inf,1.6842133702143565e+38,inf,inf,inf
868600,1.700969048572456e+38,inf,1.7011391454773132e+38,inf,inf,inf
868700,1.7180632127410503e+38,inf,1.7182350190623243e+38,inf,inf,inf
868800,1.735329167483298e+38,inf,1.7355027004000464e+38,inf,inf,inf
868900,1.7527686392364133e+38,inf,1.7529439161003367e+38,inf,inf,inf
869000,1.7703833717877293e+38,inf,1.770560410124908e+38,inf,inf,inf
869100,1.788175126449042e+38,inf,1.7883539439616867e+38,inf,inf,inf
869200,1.8061456822327405e+38,inf,1.806326296800964e+38,inf,inf,inf
869300,1.8242968360296856e+38,inf,1.8244792657132887e+38,inf,inf,inf
869400,1.8426304027888852e+38,inf,1.842814665829164e+38,inf,inf,inf
869500,1.8611482156989722e+38,inf,1.861334330520542e+38,inf,inf,inf
869600,1.879852126371504e+38,inf,1.880040111584141e+38,inf,inf,inf
869700,1.898744005026111e+38,inf,1.8989338794266136e+38,inf,inf,inf
869800,1.917825740677496e+38,inf,1.9180175232515636e+38,inf,inf,inf
869900,1.9370992413243235e+38,inf,1.937292951248456e+38,inf,inf,inf
870000,1.9565664341399987e+38,inf,1.956762090783413e+38,inf,inf,inf
870100,1.976229265665369e+38,inf,1.9764268885919356e+38,inf,inf,inf
870200,1.9960897020033584e+38,inf,1.9962893109735585e+38,inf,inf,inf
870300,2.0161497290155618e+38,inf,2.0163513439884634e+38,inf,inf,inf
870400,2.0364113525208133e+38,inf,2.0366149936560653e+38,inf,inf,inf
870500,2.056876598495742e+38,inf,2.057082286155592e+38,inf,inf,inf
870600,2.077547513277368e+38,inf,2.077755268028696e+38,inf,inf,inf
870700,2.0984261637677e+38,inf,2.0986360063840768e+38,inf,inf,inf
870800,2.119514637640413e+38,inf,2.119726589104177e+38,inf,inf,inf
870900,2.1408150435496022e+38,inf,2.141029125053957e+38,inf,inf,inf
871000,2.1623295113406193e+38,inf,2.1625457442917533e+38,inf,inf,inf
871100,2.1840601922630463e+38,inf,2.1842785982822724e+38,inf,inf,inf
871200,2.2060092591857884e+38,inf,2.2062298601117068e+38,inf,inf,inf
871300,2.22817890681436e+38,inf,2.2284017247050413e+38,inf,inf,inf
871400,2.2505713519103177e+38,inf,2.250796409045509e+38,inf,inf,inf
871500,2.2731888335129216e+38,inf,2.2734161523962728e+38,inf,inf,inf
871600,2.2960336131630244e+38,inf,2.2962632165243406e+38,inf,inf,inf
871700,2.3191079751291952e+38,inf,2.319339885926708e+38,inf,inf,inf
871800,2.3424142266361364e+38,inf,2.3426484680588e+38,inf,inf,inf
871900,2.3659546980953723e+38,inf,2.366191293565182e+38,inf,inf,inf
872000,2.3897317433382822e+38,inf,2.389970716512616e+38,inf,inf,inf
872100,2.4137477398514507e+38,inf,2.413989114625436e+38,inf,inf,inf
872200,2.438005089014398e+38,inf,2.4382488895232993e+38,inf,inf,inf
872300,2.462506216339703e+38,inf,2.462752466961337e+38,inf,inf,inf
872400,2.487253571715523e+38,inf,2.4875022970726943e+38,inf,inf,inf
872500,2.5122496296505627e+38,inf,2.5125008546135278e+38,inf,inf,inf
872600,2.5374968895215e+38,inf,2.5377506392104522e+38,inf,inf,inf
872700,2.5629978758229126e+38,inf,2.5632541756104947e+38,inf,inf,inf
872800,2.5887551384196905e+38,inf,2.5890140139335323e+38,inf,inf,inf
872900,2.614771252802003e+38,inf,2.615032729927283e+38,inf,inf,inf
873000,2.641048820342827e+38,inf,2.641312925224861e+38,inf,inf,inf
873100,2.66759046855806e+38,inf,2.6678572276049156e+38,inf,inf,inf
873200,2.6943988513692424e+38,inf,2.6946682912543792e+38,inf,inf,inf
873300,2.721476649368935e+38,inf,2.721748797033872e+38,inf,inf,inf
873400,2.7488265700887447e+38,inf,2.7491014527457535e+38,inf,inf,inf
873500,2.7764513482700555e+38,inf,2.7767289934048823e+38,inf,inf,inf
873600,2.8043537461374787e+38,inf,2.8046341815120923e+38,inf,inf,inf
873700,2.8325365536750502e+38,inf,2.8328198073304176e+38,inf,inf,inf
873800,2.8610025889052025e+38,inf,2.861288689164093e+38,inf,inf,inf
873900,2.8897546981705423e+38,inf,2.890043673640359e+38,inf,inf,inf
874000,2.9187957564184538e+38,inf,2.9190876359940958e+38,inf,inf,inf
874100,2.9481286674885768e+38,inf,2.9484234803553258e+38,inf,inf,inf
874200,2.9777563644031576e+38,inf,2.978054140039598e+38,inf,inf,inf
874300,3.0076818096603195e+38,inf,3.0079825778412854e+38,inf,inf,inf
874400,3.037907995530294e+38,inf,3.038211786329847e+38,inf,inf,inf
874500,3.068437944354618e+38,inf,3.0687447881490532e+38,inf,inf,inf
874600,3.0992747088483414e+38,inf,3.099584636319226e+38,inf,inf,inf
874700,3.1304213724052615e+38,inf,3.130734414542502e+38,inf,inf,inf
874800,3.161881049406249e+38,inf,3.1621972375111897e+38,inf,inf,inf
874900,3.1936568855306468e+38,inf,3.1939762512191997e+38,inf,inf,inf
875000,3.225752058070818e+38,inf,3.226074633276625e+38,inf,inf,inf
875100,3.2581697762498275e+38,inf,3.2584955932274523e+38,inf,inf,inf
875200,3.2909132815423577e+38,inf,3.291242372870512e+38,inf,inf,inf
875300,3.3239858479988136e+38,inf,3.3243182465836135e+38,inf,inf,inf
875400,3.3573907825727027e+38,inf,3.35772652165096e+38,inf,inf,inf
875500,3.391131425451294e+38,inf,3.391470538593839e+38,inf,inf,inf
875600,3.42521115038961e+38,inf,3.4255536715046485e+38,inf,inf,inf
875700,3.4596333650477754e+38,inf,3.45997932838428e+38,inf,inf,inf
875800,3.4944015113317415e+38,inf,3.494750951482875e+38,inf,inf,inf
875900,3.5295190657374605e+38,inf,3.529872017644034e+38,inf,inf,inf
876000,3.564989539698481e+38,inf,3.565346038652451e+38,inf,inf,inf
876100,3.600816479937088e+38,inf,3.6011765615850816e+38,inf,inf,inf
876200,3.637003468818912e+38,inf,3.637367169165794e+38,inf,inf,inf
876300,3.67355412471116e+38,inf,3.673921480123631e+38,inf,inf,inf
876400,3.7104721023443925e+38,inf,3.7108431495546266e+38,inf,inf,inf
876500,3.7477610931779975e+38,inf,3.748135869287315e+38,inf,inf,inf
876600,3.78542482576926e+38,inf,3.785803368251836e+38,inf,inf,inf
876700,3.823467066146223e+38,inf,3.823849412852838e+38,inf,inf,inf
876800,3.861891618184233e+38,inf,3.862277807346051e+38,inf,inf,inf
876900,3.900702323986293e+38,inf,3.901092394218692e+38,inf,inf,inf
877000,3.939903064267251e+38,inf,3.940297054573678e+38,inf,inf,inf
877100,3.9794977587418184e+38,inf,3.979895708517693e+38,inf,inf,inf
877200,4.0194903665165276e+38,inf,4.019892315553179e+38,inf,inf,inf
877300,4.059884886485584e+38,inf,4.0602908749742325e+38,inf,inf,inf
877400,4.100685357730732e+38,inf,4.101095426266505e+38,inf,inf,inf
877500,4.141895859925127e+38,inf,4.142310049511119e+38,inf,inf,inf
877600,4.183520513741255e+38,inf,4.1839388657926285e+38,inf,inf,inf
877700,4.225563481262964e+38,inf,4.22598603761109e+38,inf,inf,inf
877800,4.2680289664016554e+38,inf,4.268455769298295e+38,inf,inf,inf
877900,4.310921215316599e+38,inf,4.31135230743813e+38,inf,inf,inf
878000,4.354244516839535e+38,inf,4.354679941291219e+38,inf,inf,inf
878100,4.39800320290353e+38,inf,4.39844300322382e+38,inf,inf,inf
878200,4.4422016489760924e+38,inf,4.44264586914099e+38,inf,inf,inf
878300,4.486844274496713e+38,inf,4.4872929589241626e+38,inf,inf,inf
878400,4.531935543318759e+38,inf,4.532388736873091e+38,inf,inf,inf
878500,4.577479964155804e+38,inf,4.57793771215222e+38,inf,inf,inf
878600,4.6234820910324784e+38,inf,4.6239444392415816e+38,inf,inf,inf
878700,4.66994652373982e+38,inf,4.670413518392193e+38,inf,inf,inf
878800,4.7168779082952e+38,inf,4.717349596086029e+38,inf,inf,inf
878900,4.764280937406919e+38,inf,4.76475736550066e+38,inf,inf,inf
879000,4.8121603509433866e+38,inf,4.8126415669784805e+38,inf,inf,inf
879100,4.8605209364070985e+38,inf,4.8610069885007394e+38,inf,inf,inf
879200,4.909367529413339e+38,inf,4.90985846616628e+38,inf,inf,inf
879300,4.958705014173678e+38,inf,4.959200884675095e+38,inf,inf,inf
879400,5.008538323984371e+38,inf,5.00903917781677e+38,inf,inf,inf
879500,5.0588724417196316e+38,inf,5.0593783289638035e+38,inf,inf,inf
879600,5.109712400329871e+38,inf,5.1102233715699044e+38,inf,inf,inf
879700,5.1610632833449654e+38,inf,5.1615793896733e+38,inf,inf,inf
879800,5.212930225382529e+38,inf,5.213451518405067e+38,inf,inf,inf
879900,5.265318412661358e+38,inf,5.265844944502624e+38,inf,inf,inf
880000,5.318233083519999e+38,inf,5.318764906828351e+38,inf,inf,inf
880100,5.371679528940524e+38,inf,5.372216696893418e+38,inf,inf,inf
880200,5.425663093077595e+38,inf,5.426205659386903e+38,inf,inf,inf
880300,5.480189173792811e+38,inf,5.48073719271019e+38,inf,inf,inf
880400,5.5352632231944595e+38,inf,5.535816749516779e+38,inf,inf,inf
880500,5.5908907481826845e+38,inf,5.591449837257503e+38,inf,inf,inf
880600,5.647077311000103e+38,inf,5.647642018731202e+38,inf,inf,inf
880700,5.703828529787996e+38,inf,5.704398912640975e+38,inf,inf,inf
880800,5.7611500791480715e+38,inf,5.7617261941559865e+38,inf,inf,inf
880900,5.819047690709853e+38,inf,5.819629595478924e+38,inf,inf,inf
881000,5.877527153703813e+38,inf,5.8781149064191835e+38,inf,inf,inf
881100,5.936594315540237e+38,inf,5.9371879749717905e+38,inf,inf,inf
881200,5.996255082393901e+38,inf,5.996854707902141e+38,inf,inf,inf
881300,6.056515419794646e+38,inf,6.057121071336626e+38,inf,inf,inf
881400,6.1173813532238736e+38,inf,6.117993091359196e+38,inf,inf,inf
881500,6.178858968717029e+38,inf,6.1794768546139e+38,inf,inf,inf
881600,6.240954413472169e+38,inf,6.241578508913516e+38,inf,inf,inf
881700,6.303673896464602e+38,inf,6.304304263854248e+38,inf,inf,inf
881800,6.3670236890677514e+38,inf,6.367660391436658e+38,inf,inf,inf
881900,6.431010125680215e+38,inf,6.431653226692783e+38,inf,inf,inf
882000,6.495639604359161e+38,inf,6.4962891683195965e+38,inf,inf,inf
882100,6.560918587460068e+38,inf,6.5615746793188145e+38,inf,inf,inf
882200,6.62685360228291e+38,inf,6.627516287643139e+38,inf,inf,inf
882300,6.693451241724809e+38,inf,6.694120586848982e+38,inf,inf,inf
882400,6.760718164939283e+38,inf,6.7613942367557774e+38,inf,inf,inf
882500,6.828661098002092e+38,inf,6.829343964111893e+38,inf,inf,inf
882600,6.897286834583782e+38,inf,6.897976563267241e+38,inf,inf,inf
882700,6.966602236628991e+38,inf,6.967298896852654e+38,inf,inf,inf
882800,7.036614235042587e+38,inf,7.03731789646609e+38,inf,inf,inf
882900,7.107329830382684e+38,inf,7.108040563365722e+38,inf,inf,inf
883000,7.178756093560644e+38,inf,7.17947396917e+38,inf,inf,inf
883100,7.2509001665481e+38,inf,7.251625256564754e+38,inf,inf,inf
883200,7.323769263091082e+38,inf,7.324501640017391e+38,inf,inf,inf
883300,7.39737066943133e+38,inf,7.398110406498273e+38,inf,inf,inf
883400,7.471711745034862e+38,inf,7.472458916209365e+38,inf,inf,inf
883500,7.546799923327831e+38,inf,7.547554603320163e+38,inf,inf,inf
883600,7.622642712439806e+38,inf,7.62340497671105e+38,inf,inf,inf
883700,7.699247695954551e+38,inf,7.700017620724147e+38,inf,inf,inf
883800,7.776622533668249e+38,inf,7.777400195921615e+38,inf,inf,inf
883900,7.854774962355461e+38,inf,7.855560439851696e+38,inf,inf,inf
884000,7.933712796542706e+38,inf,7.93450616782236e+38,inf,inf,inf
884100,8.013443929289883e+38,inf,8.014245273682812e+38,inf,inf,inf
884200,8.093976332979445e+38,inf,8.094785730612743e+38,inf,inf,inf
884300,8.175318060113624e+38,inf,8.176135591919635e+38,inf,inf,inf
884400,8.257477244119535e+38,inf,8.258302991843947e+38,inf,inf,inf
884500,8.34046210016254e+38,inf,8.341296146372556e+38,inf,inf,inf
884600,8.424280925967607e+38,inf,8.425123354060204e+38,inf,inf,inf
884700,8.508942102649046e+38,inf,8.509792996859311e+38,inf,inf,inf
884800,8.594454095548507e+38,inf,8.595313540958061e+38,inf,inf,inf
884900,8.680825455081498e+38,inf,8.681693537627006e+38,inf,inf,inf
885000,8.768064817592296e+38,inf,8.768941624074056e+38,inf,inf,inf
885100,8.856180906217528e+38,inf,8.85706652430815e+38,inf,inf,inf
885200,8.945182531758386e+38,inf,8.946077050011562e+38,inf,inf,inf
885300,9.035078593561644e+38,inf,9.035982101421e+38,inf,inf,inf
885400,9.12587808040951e+38,inf,9.12679066821755e+38,inf,inf,inf
885500,9.2175900714184e+38,inf,9.218511830425542e+38,inf,inf,inf
885600,9.310223736946802e+38,inf,9.311154759320497e+38,inf,inf,inf
885700,9.403788339512189e+38,inf,9.40472871834614e+38,inf,inf,inf
885800,9.498293234717208e+38,inf,9.49924306404068e+38,inf,inf,inf
885900,9.593747872185163e+38,inf,9.59470724697238e+38,inf,inf,inf
886000,9.69016179650487e+38,inf,9.69113081268452e+38,inf,inf,inf
886100,9.787544648185026e+38,inf,9.788523402649844e+38,inf,inf,inf
886200,9.88590616461821e+38,inf,9.886894755234672e+38,inf,inf,inf
886300,9.985256181054506e+38,inf,9.986254706672611e+38,inf,inf,inf
886400,1.0085604631584901e+39,inf,1.008661319204806e+39,inf,inf,inf
886500,1.0186961550134666e+39,inf,1.0187980246289679e+39,inf,inf,inf
886600,1.0289337071466636e+39,inf,1.0290366005173782e+39,inf,inf,inf
886700,1.0392741432194568e+39,inf,1.0393780706337787e+39,inf,inf,inf
886800,1.0497184971806747e+39,inf,1.0498234690303927e+39,inf,inf,inf
886900,1.060267813369982e+39,inf,1.060373840151319e+39,inf,inf,inf
887000,1.070923146622302e+39,inf,1.0710302389369642e+39,inf,inf,inf
887100,1.081685562373295e+39,inf,1.0817937309295323e+39,inf,inf,inf
887200,1.0925561367658891e+39,inf,1.0926653923795657e+39,inf,inf,inf
887300,1.1035359567578832e+39,inf,1.1036463103535589e+39,inf,inf,inf
887400,1.1146261202306385e+39,inf,1.1147375828426616e+39,inf,inf,inf
887500,1.1258277360988497e+39,inf,1.1259403188724595e+39,inf,inf,inf
887600,1.1371419244214296e+39,inf,1.1372556386138718e+39,inf,inf,inf
887700,1.1485698165135075e+39,inf,1.1486846734951589e+39,inf,inf,inf
887800,1.1601125550595446e+39,inf,1.1602285663150506e+39,inf,inf,inf
887900,1.1717712942275954e+39,inf,1.1718884713570181e+39,inf,inf,inf
888000,1.1835471997847143e+39,inf,1.1836655545046929e+39,inf,inf,inf
888100,1.1954414492135193e+39,inf,1.1955609933584406e+39,inf,inf,inf
888200,1.2074552318299331e+39,inf,1.207575977353116e+39,inf,inf,inf
888300,1.2195897489020989e+39,inf,1.2197117078769891e+39,inf,inf,inf
888400,1.2318462137704998e+39,inf,1.2319693983918768e+39,inf,inf,inf
888500,1.2442258519692815e+39,inf,1.2443502745544784e+39,inf,inf,inf
888600,1.2567299013487933e+39,inf,1.2568555743389282e+39,inf,inf,inf
888700,1.2693596121993613e+39,inf,1.2694865481605812e+39,inf,inf,inf
888800,1.2821162473763092e+39,inf,1.2822444590010468e+39,inf,inf,inf
888900,1.295001082426226e+39,inf,1.2951305825344685e+39,inf,inf,inf
889000,1.3080154057145168e+39,inf,1.3081462072550882e+39,inf,inf,inf
889100,1.3211605185542227e+39,inf,1.3212926346060782e+39,inf,inf,inf
889200,1.3344377353361404e+39,inf,1.334571179109674e+39,inf,inf,inf
889300,1.347848383660251e+39,inf,1.347983168498617e+39,inf,inf,inf
889400,1.361393804468465e+39,inf,1.3615299438489118e+39,inf,inf,inf
889500,1.375075352178708e+39,inf,1.375212859713926e+39,inf,inf,inf
889600,1.3888943948203472e+39,inf,1.3890332842598294e+39,inf,inf,inf
889700,1.402852314170981e+39,inf,1.402992599402398e+39,inf,inf,inf
889800,1.416950505894608e+39,inf,1.4170922009451973e+39,inf,inf,inf
889900,1.4311903796811767e+39,inf,1.431333498719145e+39,inf,inf,inf
890000,1.4455733593875483e+39,inf,1.445717916723487e+39,inf,inf,inf
890100,1.4601008831798557e+39,inf,1.4602468932681736e+39,inf,inf,inf
890200,1.474774403677321e+39,inf,1.4749218811176886e+39,inf,inf,inf
890300,1.489595388097501e+39,inf,1.4897443476363106e+39,inf,inf,inf
890400,1.5045653184029868e+39,inf,1.504715774934827e+39,inf,inf,inf
890500,1.519685691449597e+39,inf,1.5198376600187417e+39,inf,inf,inf
890600,1.5349580191360412e+39,inf,1.5351115149379548e+39,inf,inf,inf
890700,1.5503838285551074e+39,inf,1.550538866937963e+39,inf,inf,inf
890800,1.565964662146345e+39,inf,1.5661212586125596e+39,inf,inf,inf
890900,1.5817020778503008e+39,inf,1.5818602480580858e+39,inf,inf,inf
891000,1.5975976492642964e+39,inf,1.597757409029223e+39,inf,inf,inf
891100,1.613652965799774e+39,inf,1.6138143310963537e+39,inf,inf,inf
891200,1.629869632841228e+39,inf,1.630032619804512e+39,inf,inf,inf
891300,1.646249271906721e+39,inf,1.6464138968339115e+39,inf,inf,inf
891400,1.662793520810025e+39,inf,1.662959800162106e+39,inf,inf,inf
891500,1.6795040338243872e+39,inf,1.6796719842277697e+39,inf,inf,inf
891600,1.6963824818479435e+39,inf,1.6965521200961284e+39,inf,inf,inf
891700,1.7134305525707882e+39,inf,1.7136018956260452e+39,inf,inf,inf
891800,1.730649950643733e+39,inf,1.7308230156387974e+39,inf,inf,inf
891900,1.7480423978487547e+39,inf,1.7482172020885395e+39,inf,inf,inf
892000,1.7656096332711537e+39,inf,1.7657861942344807e+39,inf,inf,inf
892100,1.783353413473453e+39,inf,1.7835317488148004e+39,inf,inf,inf
892200,1.8012755126710366e+39,inf,1.8014556402223036e+39,inf,inf,inf
892300,1.8193777229095506e+39,inf,1.8195596606818417e+39,inf,inf,inf
892400,1.8376618542440972e+39,inf,1.8378456204295218e+39,inf,inf,inf
892500,1.8561297349202182e+39,inf,1.8563153478937104e+39,inf,inf,inf
892600,1.8747832115567053e+39,inf,1.874970689877861e+39,inf,inf,inf
892700,1.8936241493302453e+39,inf,1.8938135117451782e+39,inf,inf,inf
892800,1.9126544321619227e+39,inf,1.9128456976051388e+39,inf,inf,inf
892900,1.9318759629055908e+39,inf,1.9320691505018813e+39,inf,inf,inf
893000,1.9512906635381425e+39,inf,1.9514857926044963e+39,inf,inf,inf
893100,1.970900475351683e+39,inf,1.971097565399218e+39,inf,inf,inf
893200,1.990707359147654e+39,inf,1.9909064298835686e+39,inf,inf,inf
893300,2.0107132954328875e+39,inf,2.0109143667624308e+39,inf,inf,inf
893400,2.0309202846176406e+39,inf,2.0311233766461022e+39,inf,inf,inf
893500,2.051330347215615e+39,inf,2.0515354802503363e+39,inf,inf,inf
893600,2.0719455240459934e+39,inf,2.072152718598398e+39,inf,inf,inf
893700,2.0927678764375004e+39,inf,2.092977153225144e+39,inf,inf,inf
893800,2.1137994864345226e+39,inf,2.114010866383166e+39,inf,inf,inf
893900,2.135042457005283e+39,inf,2.1352559612509836e+39,inf,inf,inf
894000,2.1564989122521288e+39,inf,2.156714562143354e+39,inf,inf,inf
894100,2.178170997623917e+39,inf,2.1783888147236794e+39,inf,inf,inf
894200,2.200060880130539e+39,inf,2.200280886218552e+39,inf,inf,inf
894300,2.2221707485596055e+39,inf,2.2223929656344613e+39,inf,inf,inf
894400,2.2445028136953013e+39,inf,2.244727263976671e+39,inf,inf,inf
894500,2.267059308539447e+39,inf,2.2672860144703012e+39,inf,inf,inf
894600,2.2898424885347775e+39,inf,2.2900714727836308e+39,inf,inf,inf
894700,2.3128546317904612e+39,inf,2.3130859172536402e+39,inf,inf,inf
894800,2.3360980393098973e+39,inf,2.3363316491138282e+39,inf,inf,inf
894900,2.3595750352207913e+39,inf,2.3598109927243132e+39,inf,inf,inf
895000,2.3832879670075434e+39,inf,2.3835262958042442e+39,inf,inf,inf
895100,2.407239205745985e+39,inf,2.4074799296665596e+39,inf,inf,inf
895200,2.4314311463404528e+39,inf,2.4316742894550868e+39,inf,inf,inf
895300,2.455866207763268e+39,inf,2.4561117943840443e+39,inf,inf,inf
895400,2.4805468332965996e+39,inf,2.4807948879799292e+39,inf,inf,inf
895500,2.5054754907767812e+39,inf,2.505726038325859e+39,inf,inf,inf
895600,2.53065467284107e+39,inf,2.530907738308354e+39,inf,inf,inf
895700,2.5560868971768806e+39,inf,2.5563425058665983e+39,inf,inf,inf
895800,2.5817747067735343e+39,inf,2.5820328842442116e+39,inf,inf,inf
895900,2.6077206701765398e+39,inf,2.6079814422435572e+39,inf,inf,inf
896000,2.6339273817444213e+39,inf,2.6341907744825958e+39,inf,inf,inf
896100,2.660397461908125e+39,inf,2.6606635016543158e+39,inf,inf,inf
896200,2.6871335574330456e+39,inf,2.687402270788789e+39,inf,inf,inf
896300,2.7141383416836735e+39,inf,2.7144097555178418e+39,inf,inf,inf
896400,2.741414514890912e+39,inf,2.7416886563424014e+39,inf,inf,inf
896500,2.7689648044220714e+39,inf,2.7692417009025137e+39,inf,inf,inf
896600,2.796791965053579e+39,inf,2.797071644250084e+39,inf,inf,inf
896700,2.824898779246438e+39,inf,2.825181269124362e+39,inf,inf,inf
896800,2.853288057424442e+39,inf,2.8535733862301846e+39,inf,inf,inf
896900,2.8819626382551945e+39,inf,2.88225083451902e+39,inf,inf,inf
897000,2.910925388933948e+39,inf,2.9112164814728415e+39,inf,inf,inf
897100,2.940179205470304e+39,inf,2.940473223390851e+39,inf,inf,inf
897200,2.9697270129777785e+39,inf,2.970023985679076e+39,inf,inf,inf
897300,2.999571765966293e+39,inf,2.9998717231428895e+39,inf,inf,inf
897400,3.0297164486375854e+39,inf,3.030019420282449e+39,inf,inf,inf
897500,3.060164075183619e+39,inf,3.060470091591138e+39,inf,inf,inf
897600,3.0909176900879714e+39,inf,3.0912267818569804e+39,inf,inf,inf
897700,3.1219803684302473e+39,inf,3.12229256646709e+39,inf,inf,inf
897800,3.153355216193562e+39,inf,3.1536705517151814e+39,inf,inf,inf
897900,3.1850453705751124e+39,inf,3.18536387511217e+39,inf,inf,inf
898000,3.217054000299872e+39,inf,3.217375705699902e+39,inf,inf,inf
898100,3.2493843059374215e+39,inf,3.249709244368015e+39,inf,inf,inf
898200,3.2820395202219824e+39,inf,3.2823677241740046e+39,inf,inf,inf
898300,3.315022908375681e+39,inf,3.315354410666518e+39,inf,inf,inf
898400,3.348337768434996e+39,inf,3.3486726022118394e+39,inf,inf,inf
898500,3.3819874315805807e+39,inf,3.3823256303237386e+39,inf,inf,inf
898600,3.415975262470318e+39,inf,3.416316859996565e+39,inf,inf,inf
898700,3.450304659575766e+39,inf,3.450649690041723e+39,inf,inf,inf
898800,3.484979055521977e+39,inf,3.4853275534275293e+39,inf,inf,inf
898900,3.520001917430722e+39,inf,3.520353917622465e+39,inf,inf,inf
899000,3.555376747267176e+39,inf,3.5557322849419023e+39,inf,inf,inf
899100,3.59110708219008e+39,inf,3.5914661928982993e+39,inf,inf,inf
899200,3.6271964949054233e+39,inf,3.627559214554914e+39,inf,inf,inf
899300,3.663648594023683e+39,inf,3.664014958883085e+39,inf,inf,inf
899400,3.7004670244206604e+39,inf,3.700837071123102e+39,inf,inf,inf
899500,3.737655467601917e+39,inf,3.7380292331486777e+39,inf,inf,inf
899600,3.775217642070906e+39,inf,3.7755951638351134e+39,inf,inf,inf
899700,3.8131573037007823e+39,inf,3.813538619431152e+39,inf,inf,inf
899800,3.851478246109957e+39,inf,3.851863393934568e+39,inf,inf,inf
899900,3.89018430104142e+39,inf,3.890573319471524e+39,inf,inf,inf
900000,3.929279338745895e+39,inf,3.9296722666797695e+39,inf,inf,inf
900100,3.968767268368809e+39,inf,3.969164145095646e+39,inf,inf,inf
900200,4.0086520383411767e+39,inf,4.0090529035450105e+39,inf,inf,inf
900300,4.0489376367744176e+39,inf,4.049342530538095e+39,inf,inf,inf
900400,4.0896280918591247e+39,inf,4.090037054668311e+39,inf,inf,inf
900500,4.130727472267841e+39,inf,4.131140545015068e+39,inf,inf,inf
900600,4.1722398875618876e+39,inf,4.1726571115506436e+39,inf,inf,inf
900700,4.214169488602303e+39,inf,4.2145909055511635e+39,inf,inf,inf
900800,4.256520467964859e+39,inf,4.2569461200116553e+39,inf,inf,inf
900900,4.2992970603593145e+39,inf,4.2997269900653504e+39,inf,inf,inf
901000,4.342503543052818e+39,inf,4.342937793407123e+39,inf,inf,inf
901100,4.3861442362976145e+39,inf,4.386582850721244e+39,inf,inf,inf
901200,4.4302235037630195e+39,inf,4.430666526113396e+39,inf,inf,inf
901300,4.4747457529717515e+39,inf,4.4751932275470484e+39,inf,inf,inf
901400,4.5197154357406497e+39,inf,4.5201674072842236e+39,inf,inf,inf
901500,4.565137048625799e+39,inf,4.565593562330662e+39,inf,inf,inf
901600,4.611015133372154e+39,inf,4.6114762348854914e+39,inf,inf,inf
901700,4.657354277367682e+39,inf,4.657820012795419e+39,inf,inf,inf
901800,4.704159114102036e+39,inf,4.704629530013446e+39,inf,inf,inf
901900,4.751434323629882e+39,inf,4.751909467062245e+39,inf,inf,inf
902000,4.799184633038851e+39,inf,4.7996645515021545e+39,inf,inf,inf
902100,4.847414816922211e+39,inf,4.847899558403903e+39,inf,inf,inf
902200,4.896129697856281e+39,inf,4.8966193108260666e+39,inf,inf,inf
902300,4.945334146882631e+39,inf,4.9458286802973186e+39,inf,inf,inf
902400,4.995033083995158e+39,inf,4.995532587303557e+39,inf,inf,inf
902500,5.045231478632043e+39,inf,5.045736001779906e+39,inf,inf,inf
902600,5.0959343501726365e+39,inf,5.0964439436076537e+39,inf,inf,inf
902700,5.147146768439349e+39,inf,5.147661483116193e+39,inf,inf,inf
902800,5.198873854204601e+39,inf,5.199393741590021e+39,inf,inf,inf
902900,5.251120779702842e+39,inf,5.251645891780812e+39,inf,inf,inf
903000,5.303892769147732e+39,inf,5.3044231584246467e+39,inf,inf,inf
903100,5.357195099254512e+39,inf,5.357730818764437e+39,inf,inf,inf
903200,5.4110330997676284e+39,inf,5.411574203077605e+39,inf,inf,inf
903300,5.465412153993651e+39,inf,5.46595869520905e+39,inf,inf,inf
903400,5.520337699339587e+39,inf,5.520889733109521e+39,inf,inf,inf
903500,5.575815227856521e+39,inf,5.576372809379307e+39,inf,inf,inf
903600,5.631850286788788e+39,inf,5.632413471817466e+39,inf,inf,inf
903700,5.688448479128674e+39,inf,5.689017323976586e+39,inf,inf,inf
903800,5.745615464176645e+39,inf,5.746190025723063e+39,inf,inf,inf
903900,5.803356958107219e+39,inf,5.80393729380303e+39,inf,inf,inf
904000,5.861678734540538e+39,inf,5.862264902413992e+39,inf,inf,inf
904100,5.920586625119666e+39,inf,5.921178683782178e+39,inf,inf,inf
904200,5.980086520093713e+39,inf,5.980684528745722e+39,inf,inf,inf
904300,6.040184368906809e+39,inf,6.0407883873437e+39,inf,inf,inf
904400,6.100886180792991e+39,inf,6.10149626941107e+39,inf,inf,inf
904500,6.162198025377048e+39,inf,6.162814245179585e+39,inf,inf,inf
904600,6.224126033281478e+39,inf,6.224748445884806e+39,inf,inf,inf
904700,6.286676396739429e+39,inf,6.287305064379104e+39,inf,inf,inf
904800,6.349855370213919e+39,inf,6.350490355750941e+39,inf,inf,inf
904900,6.413669271023198e+39,inf,6.4143106379503e+39,inf,inf,inf
905000,6.478124479972441e+39,inf,6.478772292420439e+39,inf,inf,inf
905100,6.543227441991757e+39,inf,6.543881764735956e+39,inf,inf,inf
905200,6.608984666780601e+39,inf,6.609645565247279e+39,inf,inf,inf
905300,6.675402729458742e+39,inf,6.676070269731688e+39,inf,inf,inf
905400,6.742488271223663e+39,inf,6.743162520050785e+39,inf,inf,inf
905500,6.810248000014639e+39,inf,6.810929024814641e+39,inf,inf,inf
905600,6.878688691183473e+39,inf,6.87937656005259e+39,inf,inf,inf
905700,6.94781718817195e+39,inf,6.948511969890767e+39,inf,inf,inf
905800,7.017640403196148e+39,inf,7.018342167236468e+39,inf,inf,inf
905900,7.088165317937576e+39,inf,7.08887413446937e+39,inf,inf,inf
906000,7.159398984241285e+39,inf,7.160114924139709e+39,inf,inf,inf
906100,7.231348524820989e+39,inf,7.232071659673472e+39,inf,inf,inf
906200,7.304021133971256e+39,inf,7.304751536084653e+39,inf,inf,inf
906300,7.377424078286885e+39,inf,7.378161820694713e+39,inf,inf,inf
906400,7.45156469738951e+39,inf,7.452309853859248e+39,inf,inf,inf
906500,7.526450404661476e+39,inf,7.527203049701943e+39,inf,inf,inf
906600,7.602088687987115e+39,inf,7.602848896855913e+39,inf,inf,inf
906700,7.678487110501463e+39,inf,7.679254959212513e+39,inf,inf,inf
906800,7.755653311346504e+39,inf,7.756428876677639e+39,inf,inf,inf
906900,7.833595006435028e+39,inf,7.83437836593567e+39,inf,inf,inf
907000,7.912319989222139e+39,inf,7.913111221221061e+39,inf,inf,inf
907100,7.99183613148452e+39,inf,7.992635315097668e+39,inf,inf,inf
907200,8.072151384107566e+39,inf,8.072958599245978e+39,inf,inf,inf
907300,8.153273777880381e+39,inf,8.15408910525817e+39,inf,inf,inf
907400,8.235211424298787e+39,inf,8.236034945441216e+39,inf,inf,inf
907500,8.317972516376374e+39,inf,8.318804313628011e+39,inf,inf,inf
907600,8.401565329463784e+39,inf,8.402405485996731e+39,inf,inf,inf
907700,8.485998222076117e+39,inf,8.486846821898324e+39,inf,inf,inf
907800,8.571279636728721e+39,inf,8.572136764692394e+39,inf,inf,inf
907900,8.657418100781392e+39,inf,8.65828384259147e+39,inf,inf,inf
908000,8.744422227290987e+39,inf,8.745296669513715e+39,inf,inf,inf
908100,8.832300715872692e+39,inf,8.833183945944279e+39,inf,inf,inf
908200,8.921062353569875e+39,inf,8.921954459805232e+39,inf,inf,inf
908300,9.010716015732728e+39,inf,9.011617087334301e+39,inf,inf,inf
908400,9.101270666905703e+39,inf,9.102180793972393e+39,inf,inf,inf
908500,9.192735361723904e+39,inf,9.193654635260076e+39,inf,inf,inf
908600,9.285119245818462e+39,inf,9.286047757743044e+39,inf,inf,inf
908700,9.378431556730987e+39,inf,9.37936939988666e+39,inf,inf,inf
908800,9.472681624837291e+39,inf,9.473628892999775e+39,inf,inf,inf
908900,9.567878874280296e+39,inf,9.568835662167724e+39,inf,inf,inf
909000,9.664032823912366e+39,inf,9.664999227194758e+39,inf,inf,inf
909100,9.761153088247142e+39,inf,9.762129203555967e+39,inf,inf,inf
909200,9.859249378420855e+39,inf,9.860235303358696e+39,inf,inf,inf
909300,9.958331503163383e+39,inf,9.959327336313699e+39,inf,inf,inf
909400,1.0058409369779019e+40,inf,1.0059415210715997e+40,inf,inf,inf
909500,1.0159492985137107e+40,inf,1.016050893443562e+40,inf,inf,inf
909600,1.026159245667267e+40,inf,1.0262618615918337e+40,inf,inf,inf
909700,1.036471799339703e+40,inf,1.036575446519637e+40,inf,inf,inf
909800,1.0468879906918621e+40,inf,1.0469926794909313e+40,inf,inf,inf
909900,1.0574088612474046e+40,inf,1.0575146021335294e+40,inf,inf,inf
910000,1.0680354629969531e+40,inf,1.0681422665432528e+40,inf,inf,inf
910100,1.0787688585032797e+40,inf,1.07887673538913e+40,inf,inf,inf
910200,1.0896101210075546e+40,inf,1.0897190820196552e+40,inf,inf,inf
910300,1.100560334536657e+40,inf,1.1006703905701107e+40,inf,inf,inf
910400,1.111620594011572e+40,inf,1.111731756070973e+40,inf,inf,inf
910500,1.1227920053568702e+40,inf,1.1229042845574058e+40,inf,inf,inf
910600,1.1340756856112887e+40,inf,1.1341890931798499e+40,inf,inf,inf
910700,1.1454727630394297e+40,inf,1.1455873103157337e+40,inf,inf,inf
910800,1.1569843772445677e+40,inf,1.1571000756822923e+40,inf,inf,inf
910900,1.1686116792826123e+40,inf,1.1687285404505407e+40,inf,inf,inf
911000,1.1803558317771908e+40,inf,1.1804738673603686e+40,inf,inf,inf
911100,1.1922180090359072e+40,inf,1.1923372308368107e+40,inf,inf,inf
911200,1.204199397167759e+40,inf,1.204319817107476e+40,inf,inf,inf
911300,1.216301194201739e+40,inf,1.2164228243211592e+40,inf,inf,inf
911400,1.2285246102066274e+40,inf,1.2286474626676482e+40,inf,inf,inf
911500,1.2408708674119858e+40,inf,1.2409949544987269e+40,inf,inf,inf
911600,1.2533412003303692e+40,inf,1.2534665344504024e+40,inf,inf,inf
911700,1.265936855880768e+40,inf,1.266063449566356e+40,inf,inf,inf
911800,1.2786590935132882e+40,inf,1.2787869594226394e+40,inf,inf,inf
911900,1.2915091853350795e+40,inf,1.291638336253613e+40,inf,inf,inf
912000,1.3044884162375428e+40,inf,1.3046188650791666e+40,inf,inf,inf
912100,1.3175980840247996e+40,inf,1.317729843833202e+40,inf,inf,inf
912200,1.3308394995434684e+40,inf,1.3309725834934227e+40,inf,inf,inf
912300,1.3442139868137319e+40,inf,1.3443484082124131e+40,inf,inf,inf
912400,1.357722883161727e+40,inf,1.357858655450043e+40,inf,inf,inf
912500,1.371367539353267e+40,inf,1.3715046761072023e+40,inf,inf,inf
912600,1.3851493197289055e+40,inf,1.3852878346608783e+40,inf,inf,inf
912700,1.3990696023403568e+40,inf,1.3992095093005908e+40,inf,inf,inf
912800,1.4131297790882915e+40,inf,1.4132710920662004e+40,inf,inf,inf
912900,1.4273312558615082e+40,inf,1.4274739889870944e+40,inf,inf,inf
913000,1.4416754526775153e+40,inf,1.441819620222783e+40,inf,inf,inf
913100,1.4561638038245177e+40,inf,1.4563094202049e+40,inf,inf,inf
913200,1.47079775800483e+40,inf,1.4709448377806304e+40,inf,inf,inf
913300,1.4855787784797374e+40,inf,1.4857273363575853e+40,inf,inf,inf
913400,1.5005083432158047e+40,inf,1.5006583940501262e+40,inf,inf,inf
913500,1.515587945032664e+40,inf,1.5157395038271672e+40,inf,inf,inf
913600,1.5308190917522778e+40,inf,1.530972173661453e+40,inf,inf,inf
913700,1.5462033063497102e+40,inf,1.5463579266803452e+40,inf,inf,inf
913800,1.561742127105412e+40,inf,1.5618983013181225e+40,inf,inf,inf
913900,1.577437107759031e+40,inf,1.577594851469807e+40,inf,inf,inf
914000,1.5932898176647721e+40,inf,1.5934491466465386e+40,inf,inf,inf
914100,1.609301841948322e+40,inf,1.609462772132517e+40,inf,inf,inf
914200,1.6254747816653457e+40,inf,1.6256373291435123e+40,inf,inf,inf
914300,1.641810253961573e+40,inf,1.641974434986969e+40,inf,inf,inf
914400,1.6583098922345043e+40,inf,1.6584757232237279e+40,inf,inf,inf
914500,1.6749753462967337e+40,inf,1.6751428438313632e+40,inf,inf,inf
914600,1.6918082825409126e+40,inf,1.6919774633691666e+40,inf,inf,inf
914700,1.7088103841063767e+40,inf,1.7089812651447873e+40,inf,inf,inf
914800,1.725983351047443e+40,inf,1.726155949382548e+40,inf,inf,inf
914900,1.743328900503399e+40,inf,1.7435032333934493e+40,inf,inf,inf
915000,1.760848766870202e+40,inf,1.761024851746889e+40,inf,inf,inf
915100,1.778544701973903e+40,inf,1.7787225564441005e+40,inf,inf,inf
915200,1.7964184752458162e+40,inf,1.7965981170933408e+40,inf,inf,inf
915300,1.8144718738994352e+40,inf,1.814653321086825e+40,inf,inf,inf
915400,1.8327067031091515e+40,inf,1.8328899737794625e+40,inf,inf,inf
915500,1.851124786190746e+40,inf,1.851309898669365e+40,inf,inf,inf
915600,1.8697279647837095e+40,inf,1.869914937580188e+40,inf,inf,inf
915700,1.8885180990353865e+40,inf,1.88870695084529e+40,inf,inf,inf
915800,1.9074970677869715e+40,inf,1.90768781749375e+40,inf,inf,inf
915900,1.9266667687613804e+40,inf,1.9268594354382566e+40,inf,inf,inf
916000,1.9460291187530049e+40,inf,1.9462237216648801e+40,inf,inf,inf
916100,1.9655860538193675e+40,inf,1.9657826124247494e+40,inf,inf,inf
916200,1.9853395294747212e+40,inf,1.9855380634276686e+40,inf,inf,inf
916300,2.0052915208855697e+40,inf,2.0054920500376583e+40,inf,inf,inf
916400,2.0254440230681778e+40,inf,2.0256465674704847e+40,inf,inf,inf
916500,2.045799051088047e+40,inf,2.0460036309931558e+40,inf,inf,inf
916600,2.0663586402614063e+40,inf,2.0665652761254325e+40,inf,inf,inf
916700,2.0871248463587263e+40,inf,2.0873335588433622e+40,inf,inf,inf
916800,2.1080997458102757e+40,inf,2.1083105557848567e+40,inf,inf,inf
916900,2.1292854359137463e+40,inf,2.1294983644573377e+40,inf,inf,inf
917000,2.1506840350439604e+40,inf,2.1508991034474648e+40,inf,inf,inf
917100,2.172297682864694e+40,inf,2.1725149126329805e+40,inf,inf,inf
917200,2.1941285405426217e+40,inf,2.1943479533966757e+40,inf,inf,inf
917300,2.2161787909634074e+40,inf,2.2164004088425037e+40,inf,inf,inf
917400,2.2384506389499874e+40,inf,2.2386744840138824e+40,inf,inf,inf
917500,2.2609463114830154e+40,inf,2.2611724061141635e+40,inf,inf,inf
917600,2.2836680579235544e+40,inf,2.2838964247293466e+40,inf,inf,inf
917700,2.3066181502379796e+40,inf,2.3068488120530034e+40,inf,inf,inf
917800,2.3297988832251643e+40,inf,2.330031863113487e+40,inf,inf,inf
917900,2.353212574745936e+40,inf,2.3534478960034104e+40,inf,inf,inf
918000,2.376861565954839e+40,inf,2.3770992521114346e+40,inf,inf,inf
918100,2.4007482215342293e+40,inf,2.400988296356383e+40,inf,inf,inf
918200,2.424874929930719e+40,inf,2.425117417423712e+40,inf,inf,inf
918300,2.4492441035940067e+40,inf,2.449489028004366e+40,inf,inf,inf
918400,2.473858179218094e+40,inf,2.474105565036016e+40,inf,inf,inf
918500,2.4987196179849323e+40,inf,2.498969489946731e+40,inf,inf,inf
918600,2.5238309058105173e+40,inf,2.5240832889010983e+40,inf,inf,inf
918700,2.549194553593471e+40,inf,2.5494494730488305e+40,inf,inf,inf
918800,2.5748130974660836e+40,inf,2.5750705787758303e+40,inf,inf,inf
918900,2.6006890990479305e+40,inf,2.6009491679578355e+40,inf,inf,inf
919000,2.626825145701989e+40,inf,2.6270878282165595e+40,inf,inf,inf
919100,2.6532238507933653e+40,inf,2.6534891731784447e+40,inf,inf,inf
919200,2.679887853950596e+40,inf,2.680155842735991e+40,inf,inf,inf
919300,2.7068198213296e+40,inf,2.707090503311733e+40,inf,inf,inf
919400,2.734022445880263e+40,inf,2.734295848124851e+40,inf,inf,inf
919500,2.761498447615699e+40,inf,2.7617745974604606e+40,inf,inf,inf
919600,2.7892505738842356e+40,inf,2.789529498941624e+40,inf,inf,inf
919700,2.8172815996441315e+40,inf,2.817563327804096e+40,inf,inf,inf
919800,2.8455943277410307e+40,inf,2.8458788871738046e+40,inf,inf,inf
919900,2.874191589188231e+40,inf,2.8744790083471497e+40,inf,inf,inf
920000,2.903076243449756e+40,inf,2.903366551074101e+40,inf,inf,inf
920100,2.9322511787262794e+40,inf,2.9325444038441517e+40,inf,inf,inf
920200,2.9617193122439176e+40,inf,2.962015484175142e+40,inf,inf,inf
920300,2.9914835905459133e+40,inf,2.9917827389049676e+40,inf,inf,inf
920400,3.0215469897872835e+40,inf,3.021849144486262e+40,inf,inf,inf
920500,3.051912516032389e+40,inf,3.052217707283992e+40,inf,inf,inf
920600,3.082583205555533e+40,inf,3.0828914638760887e+40,inf,inf,inf
920700,3.1135621251445395e+40,inf,3.113873481357054e+40,inf,inf,inf
920800,3.144852372407417e+40,inf,3.145166857644658e+40,inf,inf,inf
920900,3.176457076082087e+40,inf,3.176774721789695e+40,inf,inf,inf
921000,3.2083793963492377e+40,inf,3.208700234288873e+40,inf,inf,inf
921100,3.240622525148292e+40,inf,3.240946587400807e+40,inf,inf,inf
921200,3.273189686496592e+40,inf,3.273517005465242e+40,inf,inf,inf
921300,3.30608413681177e+40,inf,3.306414745225451e+40,inf,inf,inf
921400,3.3393091652373434e+40,inf,3.339643096153867e+40,inf,inf,inf
921500,3.3728680939716206e+40,inf,3.3732053807810177e+40,inf,inf,inf
921600,3.4067642785998754e+40,inf,3.4071049550277354e+40,inf,inf,inf
921700,3.441001108429883e+40,inf,3.4413452085407264e+40,inf,inf,inf
921800,3.475582006830815e+40,inf,3.475929565031498e+40,inf,inf,inf
921900,3.5105104315755406e+40,inf,3.510861482618698e+40,inf,inf,inf
922000,3.5457898751863885e+40,inf,3.546144454173907e+40,inf,inf,inf
922100,3.581423865284351e+40,inf,3.5817820076708793e+40,inf,inf,inf
922200,3.617415964941817e+40,inf,3.6177777065383114e+40,inf,inf,inf
922300,3.6537697730388567e+40,inf,3.6541351500161604e+40,inf,inf,inf
922400,3.69048892462306e+40,inf,3.690857973515522e+40,inf,inf,inf
922500,3.727577091273021e+40,inf,3.7279498489821482e+40,inf,inf,inf
922600,3.7650379814654575e+40,inf,3.765414485263604e+40,inf,inf,inf
922700,3.8028753409460234e+40,inf,3.803255628480118e+40,inf,inf,inf
922800,3.8410929531038594e+40,inf,3.8414770623991696e+40,inf,inf,inf
922900,3.8796946393498777e+40,inf,3.8800826088138126e+40,inf,inf,inf
923000,3.918684259498882e+40,inf,3.9190761279248315e+40,inf,inf,inf
923100,3.9580657121555157e+40,inf,3.958461518726731e+40,inf,inf,inf
923200,3.9978429351040764e+40,inf,3.9982427193975866e+40,inf,inf,inf
923300,4.03801990570226e+40,inf,4.03842370769283e+40,inf,inf,inf
923400,4.0786006412788734e+40,inf,4.0790085013430013e+40,inf,inf,inf
923500,4.1195891995355132e+40,inf,4.120001158455467e+40,inf,inf,inf
923600,4.160989678952307e+40,inf,4.1614057779202023e+40,inf,inf,inf
923700,4.202806219197719e+40,inf,4.2032264998196387e+40,inf,inf,inf
923800,4.2450430015424923e+40,inf,4.2454675058426463e+40,inf,inf,inf
923900,4.2877042492777194e+40,inf,4.288133019702647e+40,inf,inf,inf
924000,4.3307942281371476e+40,inf,4.3312273075599613e+40,inf,inf,inf
924100,4.3743172467236975e+40,inf,4.37475467844837e+40,inf,inf,inf
924200,4.418277656940309e+40,inf,4.418719484706003e+40,inf,inf,inf
924300,4.462679854425061e+40,inf,4.463126122410503e+40,inf,inf,inf
924400,4.507528278990714e+40,inf,4.507979031818613e+40,inf,inf,inf
924500,4.552827415068644e+40,inf,4.553282697810151e+40,inf,inf,inf
924600,4.598581792157263e+40,inf,4.599041650336479e+40,inf,inf,inf
924700,4.644795985274894e+40,inf,4.645260464873421e+40,inf,inf,inf
924800,4.691474615417244e+40,inf,4.691943762878786e+40,inf,inf,inf
924900,4.738622350019493e+40,inf,4.739096212254495e+40,inf,inf,inf
925000,4.786243903422934e+40,inf,4.786722527813277e+40,inf,inf,inf
925100,4.834344037346422e+40,inf,4.834827471750157e+40,inf,inf,inf
925200,4.882927561362468e+40,inf,4.883415854118604e+40,inf,inf,inf
925300,4.931999333378146e+40,inf,4.932492533311484e+40,inf,inf,inf
925400,4.981564260120889e+40,inf,4.982062416546901e+40,inf,inf,inf
925500,5.031627297629051e+40,inf,5.032130460358814e+40,inf,inf,inf
925600,5.082193451747505e+40,inf,5.082701671092679e+40,inf,inf,inf
925700,5.1332677786281945e+40,inf,5.133781105406057e+40,inf,inf,inf
925800,5.184855385235659e+40,inf,5.185373870774183e+40,inf,inf,inf
925900,5.236961429857704e+40,inf,5.237485126000689e+40,inf,inf,inf
926000,5.289591122621193e+40,inf,5.290120081733456e+40,inf,inf,inf
926100,5.342749726013016e+40,inf,5.343284000985617e+40,inf,inf,inf
926200,5.396442555406251e+40,inf,5.396982199661791e+40,inf,inf,inf
926300,5.450674979591696e+40,inf,5.4512200470896555e+40,inf,inf,inf
926400,5.505452421314685e+40,inf,5.506002966556817e+40,inf,inf,inf
926500,5.560780357817295e+40,inf,5.561336435853076e+40,inf,inf,inf
926600,5.616664321386061e+40,inf,5.6172259878182e+40,inf,inf,inf
926700,5.673109899905103e+40,inf,5.673677210895093e+40,inf,inf,inf
926800,5.730122737414892e+40,inf,5.730695749688633e+40,inf,inf,inf
926900,5.787708534676615e+40,inf,5.788287305530083e+40,inf,inf,inf
927000,5.845873049742169e+40,inf,5.846457637047143e+40,inf,inf,inf
927100,5.90462209852993e+40,inf,5.905212560739782e+40,inf,inf,inf
927200,5.963961555406281e+40,inf,5.964557951561821e+40,inf,inf,inf
927300,6.023897353773013e+40,inf,6.02449974350839e+40,inf,inf,inf
927400,6.084435486660597e+40,inf,6.085043930209264e+40,inf,inf,inf
927500,6.145582007327436e+40,inf,6.146196565528168e+40,inf,inf,inf
927600,6.207343029865129e+40,inf,6.207963764168115e+40,inf,inf,inf
927700,6.269724729809834e+40,inf,6.270351702282816e+40,inf,inf,inf
927800,6.332733344759773e+40,inf,6.333366618094249e+40,inf,inf,inf
927900,6.396375174998897e+40,inf,6.397014812516397e+40,inf,inf,inf
928000,6.460656584126893e+40,inf,6.461302649785305e+40,inf,inf,inf
928100,6.525583999695479e+40,inf,6.526236558095448e+40,inf,inf,inf
928200,6.591163913851092e+40,inf,6.591823030242477e+40,inf,inf,inf
928300,6.657402883984051e+40,inf,6.658068624272449e+40,inf,inf,inf
928400,6.724307533384222e+40,inf,6.72497996413756e+40,inf,inf,inf
928500,6.791884551903313e+40,inf,6.792563740358503e+40,inf,inf,inf
928600,6.860140696623765e+40,inf,6.860826710693427e+40,inf,inf,inf
928700,6.929082792534413e+40,inf,6.929775700813666e+40,inf,inf,inf
928800,6.998717733212941e+40,inf,6.999417604986262e+40,inf,inf,inf
928900,7.069052481515147e+40,inf,7.069759386763299e+40,inf,inf,inf
929000,7.140094070271178e+40,inf,7.140808079678205e+40,inf,inf,inf
929100,7.211849602988746e+40,inf,7.212570787949044e+40,inf,inf,inf
929200,7.284326254563422e+40,inf,7.285054687188879e+40,inf,inf,inf
929300,7.357531271996051e+40,inf,7.358267025123251e+40,inf,inf,inf
929400,7.431471975117378e+40,inf,7.432215122314889e+40,inf,inf,inf
929500,7.5061557573199795e+40,inf,7.506906372895711e+40,inf,inf,inf
929600,7.581590086297539e+40,inf,7.582348245306169e+40,inf,inf,inf
929700,7.657782504791522e+40,inf,7.658548283042001e+40,inf,inf,inf
929800,7.734740631345414e+40,inf,7.735514105408548e+40,inf,inf,inf
929900,7.812472161066468e+40,inf,7.8132534082825745e+40,inf,inf,inf
930000,7.890984866395179e+40,inf,7.891773964881818e+40,inf,inf,inf
930100,7.970286597882444e+40,inf,7.971083626542232e+40,inf,inf,inf
930200,8.050385284974534e+40,inf,8.051190323503031e+40,inf,inf,inf
930300,8.131288936805984e+40,inf,8.132102065699665e+40,inf,inf,inf
930400,8.2130056430004215e+40,inf,8.213826943564722e+40,inf,inf,inf
930500,8.2955435744794575e+40,inf,8.296373128836906e+40,inf,inf,inf
930600,8.378910984279703e+40,inf,8.379748875378131e+40,inf,inf,inf
930700,8.463116208377998e+40,inf,8.463962519998836e+40,inf,inf,inf
930800,8.548167666524931e+40,inf,8.549022483291583e+40,inf,inf,inf
930900,8.634073863086753e+40,inf,8.634937270473062e+40,inf,inf,inf
931000,8.720843387895701e+40,inf,8.721715472234491e+40,inf,inf,inf
931100,8.808484917108944e+40,inf,8.809365765600654e+40,inf,inf,inf
931200,8.897007214076075e+40,inf,8.897896914797483e+40,inf,inf,inf
931300,8.986419130215421e+40,inf,8.987317772128442e+40,inf,inf,inf
931400,9.076729605899038e+40,inf,9.077637278859629e+40,inf,inf,inf
931500,9.167947671346718e+40,inf,9.168864466113853e+40,inf,inf,inf
931600,9.260082447528913e+40,inf,9.261008455773665e+40,inf,inf,inf
931700,9.353143147078752e+40,inf,9.35407846139346e+40,inf,inf,inf
931800,9.4471390752132e+40,inf,9.44808378912072e+40,inf,inf,inf
931900,9.542079630663492e+40,inf,9.543033838626558e+40,inf,inf,inf
932000,9.637974306614976e+40,inf,9.638938104045638e+40,inf,inf,inf
932100,9.734832691656267e+40,inf,9.735806174925434e+40,inf,inf,inf
932200,9.832664470738096e+40,inf,9.83364773718517e+40,inf,inf,inf
932300,9.931479426141642e+40,inf,9.932472574084257e+40,inf,inf,inf
932400,1.0031287438456705e+41,inf,1.003229056720055e+41,inf,inf,inf
932500,1.0132098487569705e+41,inf,1.0133111697418461e+41,inf,inf,inf
932600,1.0233922653661507e+41,inf,1.0234946045926873e+41,inf,inf,inf
932700,1.0336770118215423e+41,inf,1.0337803795227245e+41,inf,inf,inf
932800,1.044065116503522e+41,inf,1.0441695230151723e+41,inf,inf,inf
932900,1.0545576181273409e+41,inf,1.0546630738891535e+41,inf,inf,inf
933000,1.0651555658469877e+41,inf,1.0652620814035723e+41,inf,inf,inf
933100,1.0758600193600941e+41,inf,1.0759676053620301e+41,inf,inf,inf
933200,1.0866720490138983e+41,inf,1.0867807162187996e+41,inf,inf,inf
933300,1.097592735912261e+41,inf,1.0977024951858522e+41,inf,inf,inf
933400,1.1086231720237743e+41,inf,1.1087340343409767e+41,inf,inf,inf
933500,1.119764460290946e+41,inf,1.1198764367369752e+41,inf,inf,inf
933600,1.1310177147404813e+41,inf,1.1311308165119554e+41,inf,inf,inf
933700,1.142384060594681e+41,inf,1.1424982990007404e+41,inf,inf,inf
933800,1.1538646343839441e+41,inf,1.1539800208473826e+41,inf,inf,inf
933900,1.1654605840604226e+41,inf,1.1655771301188285e+41,inf,inf,inf
934000,1.177173069112794e+41,inf,1.1772907864197051e+41,inf,inf,inf
934100,1.1890032606822104e+41,inf,1.1891221610082787e+41,inf,inf,inf
934200,1.2009523416793932e+41,inf,1.201072436913561e+41,inf,inf,inf
934300,1.2130215069029185e+41,inf,1.2131428090536088e+41,inf,inf,inf
934400,1.2252119631586836e+41,inf,1.2253344843549993e+41,inf,inf,inf
934500,1.2375249293805768e+41,inf,1.2376486818735148e+41,inf,inf,inf
934600,1.2499616367523612e+41,inf,1.2500866329160365e+41,inf,inf,inf
934700,1.2625233288307798e+41,inf,1.2626495811636628e+41,inf,inf,inf
934800,1.2752112616699008e+41,inf,1.2753387827960679e+41,inf,inf,inf
934900,1.2880267039467121e+41,inf,1.2881555066171068e+41,inf,inf,inf
935000,1.3009709370879768e+41,inf,1.3011010341816856e+41,inf,inf,inf
935100,1.314045255398363e+41,inf,1.3141766599239029e+41,inf,inf,inf
935200,1.327250966189863e+41,inf,1.3273836912864818e+41,inf,inf,inf
935300,1.340589389912513e+41,inf,1.3407234488515043e+41,inf,inf,inf
935400,1.3540618602864274e+41,inf,1.354197266472456e+41,inf,inf,inf
935500,1.3676697244351558e+41,inf,1.3678064914075993e+41,inf,inf,inf
935600,1.3814143430203855e+41,inf,1.3815524844546876e+41,inf,inf,inf
935700,1.3952970903779928e+41,inf,1.3954366200870305e+41,inf,inf,inf
935800,1.4093193546554641e+41,inf,1.4094602865909297e+41,inf,inf,inf
935900,1.4234825379507012e+41,inf,1.4236248862044963e+41,inf,inf,inf
936000,1.437788056452214e+41,inf,1.4379318352578591e+41,inf,inf,inf
936100,1.4522373405807306e+41,inf,1.4523825643147887e+41,inf,inf,inf
936200,1.4668318351322242e+41,inf,1.4669785183157375e+41,inf,inf,inf
936300,1.4815729994223764e+41,inf,1.4817211567223187e+41,inf,inf,inf
936400,1.4964623074324993e+41,inf,1.4966119536632426e+41,inf,inf,inf
936500,1.5115012479569208e+41,inf,1.5116523980817165e+41,inf,inf,inf
936600,1.5266913247518477e+41,inf,1.5268439938843229e+41,inf,inf,inf
936700,1.5420340566857286e+41,inf,1.5421882600913972e+41,inf,inf,inf
936800,1.557530977891126e+41,inf,1.557686730988915e+41,inf,inf,inf
936900,1.573183637918118e+41,inf,1.5733409562819098e+41,inf,inf,inf
937000,1.588993601889236e+41,inf,1.5891525012494249e+41,inf,inf,inf
937100,1.6049624506559639e+41,inf,1.6051229469010294e+41,inf,inf,inf
937200,1.6210917809568098e+41,inf,1.6212538901349054e+41,inf,inf,inf
937300,1.6373832055769636e+41,inf,1.6375469438975213e+41,inf,inf,inf
937400,1.6538383535095618e+41,inf,1.6540037373449128e+41,inf,inf,inf
937500,1.6704588701185712e+41,inf,1.670625916005583e+41,inf,inf,inf
937600,1.6872464173033096e+41,inf,1.6874151419450398e+41,inf,inf,inf
937700,1.7042026736646224e+41,inf,1.704373093931989e+41,inf,inf,inf
937800,1.7213293346727274e+41,inf,1.7215014676061946e+41,inf,inf,inf
937900,1.7386281128367425e+41,inf,1.7388019756480261e+41,inf,inf,inf
938000,1.756100737875928e+41,inf,1.7562763479497155e+41,inf,inf,inf
938100,1.7737489568926296e+41,inf,1.773926331788319e+41,inf,inf,inf
938200,1.7915745345469908e+41,inf,1.7917536920004456e+41,inf,inf,inf
938300,1.809579253233388e+41,inf,1.809760211158711e+41,inf,inf,inf
938400,1.82776491325866e+41,inf,1.827947689749986e+41,inf,inf,inf
938500,1.846133333022123e+41,inf,1.846317946355425e+41,inf,inf,inf
938600,1.8646863491973886e+41,inf,1.8648728178323082e+41,inf,inf,inf
938700,1.883425816916022e+41,inf,1.8836141594977137e+41,inf,inf,inf
938800,1.9023536099530266e+41,inf,1.902543845314022e+41,inf,inf,inf
938900,1.921471620914217e+41,inf,1.9216637680763083e+41,inf,inf,inf
939000,1.940781761425453e+41,inf,1.9409758396015954e+41,inf,inf,inf
939100,1.9602859623237944e+41,inf,1.960481990920027e+41,inf,inf,inf
939200,1.9799861738505564e+41,inf,1.9801841724679413e+41,inf,inf,inf
939300,1.999884365846319e+41,inf,2.0000843542829034e+41,inf,inf,inf
939400,2.0199825279479002e+41,inf,2.020184526200695e+41,inf,inf,inf
939500,2.0402826697872897e+41,inf,2.0404866980542684e+41,inf,inf,inf
939600,2.060786821192603e+41,inf,2.060992899874722e+41,inf,inf,inf
939700,2.081497032391039e+41,inf,2.0817051820942783e+41,inf,inf,inf
939800,2.1024153742138924e+41,inf,2.1026256157513136e+41,inf,inf,inf
939900,2.123543938303609e+41,inf,2.1237562926974394e+41,inf,inf,inf
940000,2.144884837322935e+41,inf,2.1450993258066673e+41,inf,inf,inf
940100,2.1664402051661616e+41,inf,2.166656849186678e+41,inf,inf,inf
940200,2.1882121971724997e+41,inf,2.188431018392217e+41,inf,inf,inf
940300,2.2102029903415923e+41,inf,2.2104240106406265e+41,inf,inf,inf
940400,2.232414783551188e+41,inf,2.232638025029543e+41,inf,inf,inf
940500,2.2548497977770184e+41,inf,2.255075282756796e+41,inf,inf,inf
940600,2.2775102763148653e+41,inf,2.277738027342497e+41,inf,inf,inf
940700,2.300398485004879e+41,inf,2.3006285248533795e+41,inf,inf,inf
940800,2.3235167124581403e+41,inf,2.323749064129386e+41,inf,inf,inf
940900,2.3468672702854946e+41,inf,2.347101957012523e+41,inf,inf,inf
941000,2.3704524933286914e+41,inf,2.3706895385780243e+41,inf,inf,inf
941100,2.3942747398938593e+41,inf,2.3945141673678486e+41,inf,inf,inf
941200,2.4183363919872993e+41,inf,2.418578225626498e+41,inf,inf,inf
941300,2.442639855553676e+41,inf,2.442884119539231e+41,inf,inf,inf
941400,2.467187560716579e+41,inf,2.4674342794726508e+41,inf,inf,inf
941500,2.491981962021528e+41,inf,2.49223116021773e+41,inf,inf,inf
941600,2.517025538681383e+41,inf,2.5172772412352514e+41,inf,inf,inf
941700,2.5423207948242667e+41,inf,2.542575026903749e+41,inf,inf,inf
941800,2.567870259743942e+41,inf,2.5681270467699166e+41,inf,inf,inf
941900,2.593676488152712e+41,inf,2.593935855801527e+41,inf,inf,inf
942000,2.6197420604368818e+41,inf,2.6200040346429253e+41,inf,inf,inf
942100,2.6460695829147663e+41,inf,2.646334189873058e+41,inf,inf,inf
942200,2.672661688097295e+41,inf,2.672928954266105e+41,inf,inf,inf
942300,2.6995210349512464e+41,inf,2.6997909870547414e+41,inf,inf,inf
942400,2.7266503091651165e+41,inf,2.726922974196033e+41,inf,inf,inf
942500,2.7540522234176587e+41,inf,2.7543276286400002e+41,inf,inf,inf
942600,2.781729517649139e+41,inf,2.782007690600904e+41,inf,inf,inf
942700,2.809684959335291e+41,inf,2.8099659278312244e+41,inf,inf,inf
942800,2.8379213437640437e+41,inf,2.83820513589842e+41,inf,inf,inf
942900,2.86644149431503e+41,inf,2.8667281384644614e+41,inf,inf,inf
943000,2.8952482627418927e+41,inf,2.895537787568167e+41,inf,inf,inf
943100,2.9243445294574335e+41,inf,2.9246369639103794e+41,inf,inf,inf
943200,2.9537332038216317e+41,inf,2.9540285771420137e+41,inf,inf,inf
943300,2.9834172244325468e+41,inf,2.98371556615499e+41,inf,inf,inf
943400,3.0133995594201596e+41,inf,3.0137008993761015e+41,inf,inf,inf
943500,3.043683206743152e+41,inf,3.0439875750638263e+41,inf,inf,inf
943600,3.074271194488681e+41,inf,3.07457862160813e+41,inf,inf,inf
943700,3.1051665811751518e+41,inf,3.105477097833269e+41,inf,inf,inf
943800,3.1363724560580505e+41,inf,3.136686093303656e+41,inf,inf,inf
943900,3.1678919394388373e+41,inf,3.168208728632781e+41,inf,inf,inf
944000,3.199728182976941e+41,inf,3.2000481557952384e+41,inf,inf,inf
944100,3.2318843700049083e+41,inf,3.2322075584419087e+41,inf,inf,inf
944200,3.264363715846702e+41,inf,3.264690152218287e+41,inf,inf,inf
944300,3.297169468139203e+41,inf,3.2974991850860168e+41,inf,inf,inf
944400,3.3303049071569475e+41,inf,3.3306379376476632e+41,inf,inf,inf
944500,3.3637733461401205e+41,inf,3.3641097234747346e+41,inf,inf,inf
944600,3.3975781316258512e+41,inf,3.3979178894390138e+41,inf,inf,inf
944700,3.4317226437828335e+41,inf,3.4320658160472117e+41,inf,inf,inf
944800,3.4662102967493183e+41,inf,3.4665569177789932e+41,inf,inf,inf
944900,3.501044538974492e+41,inf,3.501394643428389e+41,inf,inf,inf
945000,3.5362288535632905e+41,inf,3.5365824764486466e+41,inf,inf,inf
945100,3.5717667586246785e+41,inf,3.572123935300541e+41,inf,inf,inf
945200,3.607661807623425e+41,inf,3.608022573804187e+41,inf,inf,inf
945300,3.6439175897354135e+41,inf,3.644281981494387e+41,inf,inf,inf
945400,3.680537730206536e+41,inf,3.680905783979556e+41,inf,inf,inf
945500,3.71752589071519e+41,inf,3.717897643304262e+41,inf,inf,inf
945600,3.754885769738394e+41,inf,3.755261258315368e+41,inf,inf,inf
945700,3.792621102921612e+41,inf,3.793000365031905e+41,inf,inf,inf
945800,3.8307356634522824e+41,inf,3.831118737018627e+41,inf,inf,inf
945900,3.869233262437103e+41,inf,3.8696201857633466e+41,inf,inf,inf
946000,3.908117749283112e+41,inf,3.90850856105804e+41,inf,inf,inf
946100,3.947393012082581e+41,inf,3.947787751383789e+41,inf,inf,inf
946200,3.987062978001795e+41,inf,3.987461684299595e+41,inf,inf,inf
946300,4.027131613673726e+41,inf,4.027534326835093e+41,inf,inf,inf
946400,4.0676029255946825e+41,inf,4.068009685887242e+41,inf,inf,inf
946500,4.1084809605249036e+41,inf,4.108891808620956e+41,inf,inf,inf
946600,4.149769805893194e+41,inf,4.150184782873783e+41,inf,inf,inf
946700,4.191473590205638e+41,inf,4.1918927375646584e+41,inf,inf,inf
946800,4.2335964834584145e+41,inf,4.23401984310676e+41,inf,inf,inf
946900,4.2761426975547595e+41,inf,4.276570311824515e+41,inf,inf,inf
947000,4.319116486726102e+41,inf,4.319548398374774e+41,inf,inf,inf
947100,4.3625221479574656e+41,inf,4.362958400172261e+41,inf,inf,inf
947200,4.4063640214171245e+41,inf,4.406804657819266e+41,inf,inf,inf
947300,4.450646490890571e+41,inf,4.45109155553966e+41,inf,inf,inf
947400,4.495373984218867e+41,inf,4.495823521617289e+41,inf,inf,inf
947500,4.540550973741371e+41,inf,4.541005028838745e+41,inf,inf,inf
947600,4.5861819767429476e+41,inf,4.586640594940622e+41,inf,inf,inf
947700,4.632271555905651e+41,inf,4.6327347830612415e+41,inf,inf,inf
947800,4.678824319764946e+41,inf,4.679292202196922e+41,inf,inf,inf
947900,4.725844923170507e+41,inf,4.7263175076628245e+41,inf,inf,inf
948000,4.773338067751704e+41,inf,4.773815401558479e+41,inf,inf,inf
948100,4.82130850238767e+41,inf,4.821790633237909e+41,inf,inf,inf
948200,4.869761023682172e+41,inf,4.87024799978454e+41,inf,inf,inf
948300,4.9187004764432324e+41,inf,4.919192346490877e+41,inf,inf,inf
948400,4.968131754167551e+41,inf,4.9686285673429675e+41,inf,inf,inf
948500,5.018059799529823e+41,inf,5.0185616055097764e+41,inf,inf,inf
948600,5.0684896048769445e+41,inf,5.0689964538374325e+41,inf,inf,inf
948700,5.11942621272721e+41,inf,5.119938155348483e+41,inf,inf,inf
948800,5.170874716274527e+41,inf,5.171391803746155e+41,inf,inf,inf
948900,5.222840259897681e+41,inf,5.223362543923671e+41,inf,inf,inf
949000,5.275328039674722e+41,inf,5.27585557247869e+41,inf,inf,inf
949100,5.3283433039025304e+41,inf,5.328876138232921e+41,inf,inf,inf
949200,5.381891353621587e+41,inf,5.382429542756949e+41,inf,inf,inf
949300,5.435977543146048e+41,inf,5.436521140900363e+41,inf,inf,inf
949400,5.490607280599125e+41,inf,5.491156341327185e+41,inf,inf,inf
949500,5.545786028453829e+41,inf,5.546340607056674e+41,inf,inf,inf
949600,5.601519304079183e+41,inf,5.602079456009591e+41,inf,inf,inf
949700,5.6578126802919e+41,inf,5.658378461559929e+41,inf,inf,inf
949800,5.714671785913618e+41,inf,5.715243253092209e+41,inf,inf,inf
949900,5.77210230633374e+41,inf,5.772679516564373e+41,inf,inf,inf
950000,5.830109984077899e+41,inf,5.8306929950763066e+41,inf,inf,inf
950100,5.888700619382181e+41,inf,5.889289489444119e+41,inf,inf,inf
950200,5.94788007077308e+41,inf,5.948474858780157e+41,inf,inf,inf
950300,6.007654255653297e+41,inf,6.008255021078863e+41,inf,inf,inf
950400,6.068029150893439e+41,inf,6.068635953808528e+41,inf,inf,inf
950500,6.1290107934296364e+41,inf,6.129623694508979e+41,inf,inf,inf
950600,6.190605280867185e+41,inf,6.191224341395272e+41,inf,inf,inf
950700,6.252818772090267e+41,inf,6.253444053967476e+41,inf,inf,inf
950800,6.315657487877764e+41,inf,6.316289053626551e+41,inf,inf,inf
950900,6.379127711525276e+41,inf,6.3797656242964286e+41,inf,inf,inf
951000,6.443235789473406e+41,inf,6.4438801130523536e+41,inf,inf,inf
951100,6.5079881319423374e+41,inf,6.508638930755531e+41,inf,inf,inf
951200,6.573391213572796e+41,inf,6.574048552694153e+41,inf,inf,inf
951300,6.639451574073481e+41,inf,6.640115519230888e+41,inf,inf,inf
951400,6.706175818874926e+41,inf,6.706846436456814e+41,inf,inf,inf
951500,6.773570619790029e+41,inf,6.774247976852008e+41,inf,inf,inf
951600,6.841642715681145e+41,inf,6.842326879952713e+41,inf,inf,inf
951700,6.910398913133921e+41,inf,6.911089953025235e+41,inf,inf,inf
951800,6.979846087137892e+41,inf,6.980544071746605e+41,inf,inf,inf
951900,7.049991181773907e+41,inf,7.050696180892084e+41,inf,inf,inf
952000,7.120841210908482e+41,inf,7.121553295029572e+41,inf,inf,inf
952100,7.192403258895128e+41,inf,7.193122499221017e+41,inf,inf,inf
952200,7.264684481282718e+41,inf,7.265410949730846e+41,inf,inf,inf
952300,7.337692105530963e+41,inf,7.338425874741516e+41,inf,inf,inf
952400,7.411433431733107e+41,inf,7.41217457507628e+41,inf,inf,inf
952500,7.485915833345863e+41,inf,7.486664424929197e+41,inf,inf,inf
952600,7.561146757926695e+41,inf,7.561902872602488e+41,inf,inf,inf
952700,7.6371337278785e+41,inf,7.637897441251288e+41,inf,inf,inf
952800,7.71388434120178e+41,inf,7.7146557296359e+41,inf,inf,inf
952900,7.79140627225439e+41,inf,7.792185412881615e+41,inf,inf,inf
953000,7.869707272518856e+41,inf,7.870494243246108e+41,inf,inf,inf
953100,7.948795171377513e+41,inf,7.94959005089465e+41,inf,inf,inf
953200,8.028677876895335e+41,inf,8.029480744683024e+41,inf,inf,inf
953300,8.109363376610679e+41,inf,8.11017431294834e+41,inf,inf,inf
953400,8.19085973833395e+41,inf,8.191678824307784e+41,inf,inf,inf
953500,8.273175110954347e+41,inf,8.274002428465442e+41,inf,inf,inf
953600,8.356317725254638e+41,inf,8.357153357027164e+41,inf,inf,inf
953700,8.440295894734147e+41,inf,8.44113992432362e+41,inf,inf,inf
953800,8.525118016440105e+41,inf,8.525970528241748e+41,inf,inf,inf
953900,8.610792571807215e+41,inf,8.611653651064395e+41,inf,inf,inf
954000,8.697328127505716e+41,inf,8.698197860318467e+41,inf,inf,inf
954100,8.78473333629801e+41,inf,8.78561180963164e+41,inf,inf,inf
954200,8.87301693790382e+41,inf,8.87390423959761e+41,inf,inf,inf
954300,8.962187759874114e+41,inf,8.963083978650101e+41,inf,inf,inf
954400,9.052254718473757e+41,inf,9.053159943945603e+41,inf,inf,inf
954500,9.143226819573057e+41,inf,9.144141142255015e+41,inf,inf,inf
954600,9.23511315954829e+41,inf,9.236036670864244e+41,inf,inf,inf
954700,9.327922926191212e+41,inf,9.328855718483831e+41,inf,inf,inf
954800,9.421665399627823e+41,inf,9.422607566167785e+41,inf,inf,inf
954900,9.51634995324622e+41,inf,9.517301588241544e+41,inf,inf,inf
955000,9.611986054633894e+41,inf,9.612947253239358e+41,inf,inf,inf
955100,9.708583266524399e+41,inf,9.709554124851052e+41,inf,inf,inf
955200,9.806151247753515e+41,inf,9.80713186287829e+41,inf,inf,inf
955300,9.904699754225072e+41,inf,9.905690224200495e+41,inf,inf,inf
955400,1.000423863988642e+42,inf,1.0005239063750408e+42,inf,inf,inf
955500,1.0104777857713761e+42,inf,1.0105788335499533e+42,inf,inf,inf
955600,1.0206327460707365e+42,inf,1.0207348093453434e+42,inf,inf,inf
955700,1.0308897602896712e+42,inf,1.0309928492657001e+42,inf,inf,inf
955800,1.0412498540355883e+42,inf,1.0413539790209919e+42,inf,inf,inf
955900,1.051714063222901e+42,inf,1.0518192346292234e+42,inf,inf,inf
956000,1.062283434176616e+42,inf,1.0623896625200337e+42,inf,inf,inf
956100,1.0729590237369502e+42,inf,1.0730663196393238e+42,inf,inf,inf
956200,1.0837418993650079e+42,inf,1.0838502735549444e+42,inf,inf,inf
956300,1.0946331392495166e+42,inf,1.0947426025634416e+42,inf,inf,inf
956400,1.1056338324146378e+42,inf,1.1057443957978792e+42,inf,inf,inf
956500,1.1167450788288558e+42,inf,1.1168567533367386e+42,inf,inf,inf
956600,1.1279679895149674e+42,inf,1.1280807863139188e+42,inf,inf,inf
956700,1.1393036866611723e+42,inf,1.1394176170298383e+42,inf,inf,inf
956800,1.150753303733284e+42,inf,1.1508683790636573e+42,inf,inf,inf
956900,1.1623179855880633e+42,inf,1.1624342173866221e+42,inf,inf,inf
957000,1.1739988885876947e+42,inf,1.1741162884765535e+42,inf,inf,inf
957100,1.1857971807154127e+42,inf,1.1859157604334843e+42,inf,inf,inf
957200,1.1977140416922875e+42,inf,1.1978338130964566e+42,inf,inf,inf
957300,1.2097506630951866e+42,inf,1.2098716381614961e+42,inf,inf,inf
957400,1.2219082484759246e+42,inf,1.2220304393007722e+42,inf,inf,inf
957500,1.2341880134816052e+42,inf,1.2343114322829533e+42,inf,inf,inf
957600,1.2465911859761717e+42,inf,1.2467158450947694e+42,inf,inf,inf
957700,1.2591190061631892e+42,inf,1.2592449180638055e+42,inf,inf,inf
957800,1.271772726709847e+42,inf,1.271899903982518e+42,inf,inf,inf
957900,1.2845536128722162e+42,inf,1.2846820682335034e+42,inf,inf,inf
958000,1.297462942621764e+42,inf,1.2975926889160263e+42,inf,inf,inf
958100,1.3105020067731407e+42,inf,1.310633056973818e+42,inf,inf,inf
958200,1.323672109113246e+42,inf,1.3238044763241572e+42,inf,inf,inf
958300,1.3369745665315977e+42,inf,1.3371082639882509e+42,inf,inf,inf
958400,1.35041070915201e+42,inf,1.3505457502229252e+42,inf,inf,inf
958500,1.3639818804655882e+42,inf,1.3641182786536348e+42,inf,inf,inf
958600,1.3776894374650725e+42,inf,1.377827206408819e+42,inf,inf,inf
958700,1.3915347507805198e+42,inf,1.3916739042555979e+42,inf,inf,inf
958800,1.4055192048163588e+42,inf,1.4056597567368404e+42,inf,inf,inf
958900,1.4196441978898107e+42,inf,1.4197861623095996e+42,inf,inf,inf
959000,1.4339111423707162e+42,inf,1.4340545334849533e+42,inf,inf,inf
959100,1.4483214648227504e+42,inf,1.4484662969692328e+42,inf,inf,inf
959200,1.462876606146078e+42,inf,1.4630228938066924e+42,inf,inf,inf
959300,1.477578021721418e+42,inf,1.47772577952359e+42,inf,inf,inf
959400,1.4924271815555766e+42,inf,1.4925764242737323e+42,inf,inf,inf
959500,1.5074255704284335e+42,inf,1.5075763129854763e+42,inf,inf,inf
959600,1.5225746880413988e+42,inf,1.522726945510203e+42,inf,inf,inf
959700,1.5378760491673796e+42,inf,1.5380298367722963e+42,inf,inf,inf
959800,1.553331183802239e+42,inf,1.553486516920619e+42,inf,inf,inf
959900,1.5689416373177777e+42,inf,1.5690985314815095e+42,inf,inf,inf
960000,1.5847089706162644e+42,inf,1.584867441513326e+42,inf,inf,inf
960100,1.6006347602865075e+42,inf,1.600794823762536e+42,inf,inf,inf
960200,1.6167205987614982e+42,inf,1.6168822708213744e+42,inf,inf,inf
960300,1.6329680944776416e+42,inf,1.6331313912870894e+42,inf,inf,inf
960400,1.6493788720355882e+42,inf,1.6495438099227918e+42,inf,inf,inf
960500,1.6659545723626736e+42,inf,1.66612116781991e+42,inf,inf,inf
960600,1.6826968528770003e+42,inf,1.682865122562288e+42,inf,inf,inf
960700,1.6996073876531593e+42,inf,1.6997773483919246e+42,inf,inf,inf
960800,1.7166878675896286e+42,inf,1.7168595363763874e+42,inf,inf,inf
960900,1.7339400005778434e+42,inf,1.7341133945779012e+42,inf,inf,inf
961000,1.7513655116729713e+42,inf,1.7515406482241385e+42,inf,inf,inf
961100,1.7689661432663994e+42,inf,1.769143039880726e+42,inf,inf,inf
961200,1.786743655259964e+42,inf,1.78692232962549e+42,inf,inf,inf
961300,1.804699825241915e+42,inf,1.8048802952244392e+42,inf,inf,inf
961400,1.8228364486646667e+42,inf,1.8230187323095333e+42,inf,inf,inf
961500,1.8411553390243227e+42,inf,1.841339454558225e+42,inf,inf,inf
961600,1.8596583280420123e+42,inf,1.8598442938748164e+42,inf,inf,inf
961700,1.8783472658470367e+42,inf,1.8785351005736214e+42,inf,inf,inf
961800,1.8972240211618743e+42,inf,1.8974137435639904e+42,inf,inf,inf
961900,1.9162904814890377e+42,inf,1.9164821105371866e+42,inf,inf,inf
962000,1.935548553299795e+42,inf,1.935742108155125e+42,inf,inf,inf
962100,1.955000162224811e+42,inf,1.9551956622410337e+42,inf,inf,inf
962200,1.9746472532466866e+42,inf,1.974844717972011e+42,inf,inf,inf
962300,1.9944917908944404e+42,inf,1.99469124007353e+42,inf,inf,inf
962400,2.014535759439944e+42,inf,2.014737213015888e+42,inf,inf,inf
962500,2.0347811630963307e+42,inf,2.0349846412126403e+42,inf,inf,inf
962600,2.055230026218397e+42,inf,2.055435549221019e+42,inf,inf,inf
962700,2.0758843935050226e+42,inf,2.076091981944373e+42,inf,inf,inf
962800,2.096746330203622e+42,inf,2.0969560048366423e+42,inf,inf,inf
962900,2.1178179223166443e+42,inf,2.1180297041088758e+42,inf,inf,inf
963000,2.1391012768101635e+42,inf,2.1393151869378443e+42,inf,inf,inf
963100,2.160598521824543e+42,inf,2.1608145816767252e+42,inf,inf,inf
963200,2.1823118068872465e+42,inf,2.1825300380679353e+42,inf,inf,inf
963300,2.2042433031277552e+42,inf,2.204463727458068e+42,inf,inf,inf
963400,2.2263952034946706e+42,inf,2.22661784301502e+42,inf,inf,inf
963500,2.2487697229749897e+42,inf,2.248994599947287e+42,inf,inf,inf
963600,2.2713690988155768e+42,inf,2.271596235725458e+42,inf,inf,inf
963700,2.2941955907468732e+42,inf,2.294425010305948e+42,inf,inf,inf
963800,2.3172514812088444e+42,inf,2.3174832063569653e+42,inf,inf,inf
963900,2.3405390755792074e+42,inf,2.3407731294867654e+42,inf,inf,inf
964000,2.3640607024039494e+42,inf,2.3642971084741898e+42,inf,inf,inf
964100,2.387818713630156e+42,inf,2.388057495501519e+42,inf,inf,inf
964200,2.4118154848411834e+42,inf,2.4120566663896673e+42,inf,inf,inf
964300,2.4360534154941997e+42,inf,2.436297020835749e+42,inf,inf,inf
964400,2.4605349291601113e+42,inf,2.4607809826530274e+42,inf,inf,inf
964500,2.4852624737658874e+42,inf,2.485511000013264e+42,inf,inf,inf
964600,2.5102385218393376e+42,inf,2.5104895456915215e+42,inf,inf,inf
964700,2.5354655707563427e+42,inf,2.5357191173134182e+42,inf,inf,inf
964800,2.560946142990563e+42,inf,2.5612022376048618e+42,inf,inf,inf
964900,2.58668278636567e+42,inf,2.5869414546443066e+42,inf,inf,inf
965000,2.612678074310102e+42,inf,2.612939342117533e+42,inf,inf,inf
965100,2.6389346061143835e+42,inf,2.6391984995749948e+42,inf,inf,inf
965200,2.6654550071910282e+42,inf,2.665721552691747e+42,inf,inf,inf
965300,2.6922419293370605e+42,inf,2.6925111535299944e+42,inf,inf,inf
965400,2.7192980509991677e+42,inf,2.7195699808042677e+42,inf,inf,inf
965500,2.7466260775415238e+42,inf,2.746900740149278e+42,inf,inf,inf
965600,2.7742287415162956e+42,inf,2.7745061643904473e+42,inf,inf,inf
965700,2.8021088029368754e+42,inf,2.802389013817169e+42,inf,inf,inf
965800,2.8302690495538644e+42,inf,2.8305520764588196e+42,inf,inf,inf
965900,2.8587122971338033e+42,inf,2.858998168363517e+42,inf,inf,inf
966000,2.8874413897407457e+42,inf,2.8877301338797195e+42,inf,inf,inf
966100,2.9164592000206235e+42,inf,2.916750845940626e+42,inf,inf,inf
966200,2.945768629488488e+42,inf,2.946063206351437e+42,inf,inf,inf
966300,2.97537260881864e+42,inf,2.9756701460795213e+42,inf,inf,inf
966400,3.0052740981376674e+42,inf,3.005574625547481e+42,inf,inf,inf
966500,3.0354760873204196e+42,inf,3.0357796349291514e+42,inf,inf,inf
966600,3.0659815962889896e+42,inf,3.066288194448619e+42,inf,inf,inf
966700,3.096793675314668e+42,inf,3.0971033546821995e+42,inf,inf,inf
966800,3.127915405322936e+42,inf,3.128228196863468e+42,inf,inf,inf
966900,3.15934989820153e+42,inf,3.15966583319135e+42,inf,inf,inf
967000,3.1911002971116174e+42,inf,3.1914194071413283e+42,inf,inf,inf
967100,3.223169776802065e+42,inf,3.223492093779745e+42,inf,inf,inf
967200,3.2555615439268926e+42,inf,3.255887100081285e+42,inf,inf,inf
967300,3.2882788373659166e+42,inf,3.288607665249653e+42,inf,inf,inf
967400,3.3213249285485944e+42,inf,3.321657061041449e+42,inf,inf,inf
967500,3.354703121781151e+42,inf,3.3550385920933295e+42,inf,inf,inf
967600,3.388416754576967e+42,inf,3.388755596252425e+42,inf,inf,inf
967700,3.422469197990303e+42,inf,3.422811444910102e+42,inf,inf,inf
967800,3.456863856953381e+42,inf,3.457209543339076e+42,inf,inf,inf
967900,3.4916041706168365e+42,inf,3.491953331033898e+42,inf,inf,inf
968000,3.52669361269361e+42,inf,3.5270462820548794e+42,inf,inf,inf
968100,3.5621356918062847e+42,inf,3.562491905375465e+42,inf,inf,inf
968200,3.597933951837911e+42,inf,3.598293745233094e+42,inf,inf,inf
968300,3.6340919722863636e+42,inf,3.634455381483592e+42,inf,inf,inf
968400,3.670613368622272e+42,inf,3.670980429959134e+42,inf,inf,inf
968500,3.707501792650516e+42,inf,3.707872542829781e+42,inf,inf,inf
968600,3.7447609328753845e+42,inf,3.745135408968672e+42,inf,inf,inf
968700,3.7823945148693846e+42,inf,3.7827727543208716e+42,inf,inf,inf
968800,3.820406301645771e+42,inf,3.8207883422759355e+42,inf,inf,inf
968900,3.858800094034803e+42,inf,3.859185974044207e+42,inf,inf,inf
969000,3.8975797310638094e+42,inf,3.897969489036916e+42,inf,inf,inf
969100,3.9367490903410414e+42,inf,3.9371427652500756e+42,inf,inf,inf
969200,3.976312088443405e+42,inf,3.976709719652249e+42,inf,inf,inf
969300,4.0162726813080795e+42,inf,4.0166743085762105e+42,inf,inf,inf
969400,4.0566348646280715e+42,inf,4.057040528114534e+42,inf,inf,inf
969500,4.0974026742517604e+42,inf,4.0978124145191857e+42,inf,inf,inf
969600,4.138580186586432e+42,inf,4.138994044605091e+42,inf,inf,inf
969700,4.180171519005895e+42,inf,4.180589536157796e+42,inf,inf,inf
969800,4.222180830262164e+42,inf,4.2226030483451905e+42,inf,inf,inf
969900,4.2646123209013134e+42,inf,4.2650387821334036e+42,inf,inf,inf
970000,4.307470233683487e+42,inf,4.307900980706855e+42,inf,inf,inf
970100,4.3507588540071244e+42,inf,4.351193929892525e+42,inf,inf,inf
970200,4.394482510337481e+42,inf,4.394921958588515e+42,inf,inf,inf
970300,4.438645574639422e+42,inf,4.439089439196886e+42,inf,inf,inf
970400,4.483252462814587e+42,inf,4.483700788060868e+42,inf,inf,inf
970500,4.528307635142925e+42,inf,4.528760465906439e+42,inf,inf,inf
970600,4.5738155967286996e+42,inf,4.5742729782883724e+42,inf,inf,inf
970700,4.619780897950945e+42,inf,4.62024287604074e+42,inf,inf,inf
970800,4.666208134918471e+42,inf,4.666674755731963e+42,inf,inf,inf
970900,4.713101949929428e+42,inf,4.713573260124421e+42,inf,inf,inf
971000,4.760467031935491e+42,inf,4.760943078638684e+42,inf,inf,inf
971100,4.808308117010713e+42,inf,4.808788947822414e+42,inf,inf,inf
971200,4.856629988825104e+42,inf,4.8571156518239863e+42,inf,inf,inf
971300,4.90543747912292e+42,inf,4.905928022870832e+42,inf,inf,inf
971400,4.9547354682058344e+42,inf,4.955230941752655e+42,inf,inf,inf
971500,5.004528885420889e+42,inf,5.005029338309431e+42,inf,inf,inf
971600,5.054822709653405e+42,inf,5.05532819192437e+42,inf,inf,inf
971700,5.1056219698248176e+42,inf,5.1061325320218e+42,inf,inf,inf
971800,5.1569317453955186e+42,inf,5.157447438570058e+42,inf,inf,inf
971900,5.208757166872769e+42,inf,5.2092780425894564e+42,inf,inf,inf
972000,5.2611034163236845e+42,inf,5.261629526665317e+42,inf,inf,inf
972100,5.31397572789341e+42,inf,5.314507125466199e+42,inf,inf,inf
972200,5.367379388328484e+42,inf,5.367916126267317e+42,inf,inf,inf
972300,5.4213197375054506e+42,inf,5.421861869479201e+42,inf,inf,inf
972400,5.4758021689648173e+42,inf,5.476349749181714e+42,inf,inf,inf
972500,5.5308321304503496e+42,inf,5.531385213663394e+42,inf,inf,inf
972600,5.586415124453793e+42,inf,5.586973765966238e+42,inf,inf,inf
972700,5.642556708765084e+42,inf,5.643120964435961e+42,inf,inf,inf
972800,5.699262497028059e+42,inf,5.699832423277762e+42,inf,inf,inf
972900,5.756538159301792e+42,inf,5.757113813117721e+42,inf,inf,inf
973000,5.814389422627518e+42,inf,5.814970861569781e+42,inf,inf,inf
973100,5.872822071601314e+42,inf,5.873409353808474e+42,inf,inf,inf
973200,5.93184194895249e+42,inf,5.932435133147385e+42,inf,inf,inf
973300,5.991454956127805e+42,inf,5.992054101623417e+42,inf,inf,inf
973400,6.051667053881587e+42,inf,6.052272220586975e+42,inf,inf,inf
973500,6.112484262871687e+42,inf,6.113095511297975e+42,inf,inf,inf
973600,6.173912664261565e+42,inf,6.174530055527991e+42,inf,inf,inf
973700,6.235958400328314e+42,inf,6.236581996168347e+42,inf,inf,inf
973800,6.298627675076847e+42,inf,6.299257537844355e+42,inf,inf,inf
973900,6.361926754860202e+42,inf,6.362562947535688e+42,inf,inf,inf
974000,6.425861969006171e+42,inf,6.426504555203072e+42,inf,inf,inf
974100,6.490439710450142e+42,inf,6.491088754421186e+42,inf,inf,inf
974200,6.555666436374346e+42,inf,6.556322003017984e+42,inf,inf,inf
974300,6.621548668853516e+42,inf,6.622210823720401e+42,inf,inf,inf
974400,6.688092995507022e+42,inf,6.688761804806572e+42,inf,inf,inf
974500,6.755306070157589e+42,inf,6.755981600764605e+42,inf,inf,inf
974600,6.823194613496625e+42,inf,6.823876932957974e+42,inf,inf,inf
974700,6.891765413756192e+42,inf,6.892454590297567e+42,inf,inf,inf
974800,6.961025327387804e+42,inf,6.961721429920542e+42,inf,inf,inf
974900,7.030981279748002e+42,inf,7.031684377875977e+42,inf,inf,inf
975000,7.101640265790802e+42,inf,7.10235042981738e+42,inf,inf,inf
975100,7.17300935076716e+42,inf,7.173726651702236e+42,inf,inf,inf
975200,7.245095670931409e+42,inf,7.245820180498502e+42,inf,inf,inf
975300,7.317906434254823e+42,inf,7.31863822489825e+42,inf,inf,inf
975400,7.391448921146365e+42,inf,7.392188066038479e+42,inf,inf,inf
975500,7.465730485180634e+42,inf,7.466477058229151e+42,inf,inf,inf
975600,7.540758553833178e+42,inf,7.541512629688561e+42,inf,inf,inf
975700,7.616540629223156e+42,inf,7.617302283286078e+42,inf,inf,inf
975800,7.693084288863512e+42,inf,7.693853597292399e+42,inf,inf,inf
975900,7.770397186418597e+42,inf,7.771174226137239e+42,inf,inf,inf
976000,7.848487052469532e+42,inf,7.84927190117478e+42,inf,inf,inf
976100,7.927361695287157e+42,inf,7.928154431456686e+42,inf,inf,inf
976200,8.0070290016128e+42,inf,8.007829704512961e+42,inf,inf,inf
976300,8.087496937446861e+42,inf,8.088305687140606e+42,inf,inf,inf
976400,8.168773548845366e+42,inf,8.16959042620025e+42,inf,inf,inf
976500,8.250866962724479e+42,inf,8.251692049420751e+42,inf,inf,inf
976600,8.33378538767313e+42,inf,8.334618766211896e+42,inf,inf,inf
976700,8.41753711477379e+42,inf,8.418378868485268e+42,inf,inf,inf
976800,8.502130518431502e+42,inf,8.502980731483346e+42,inf,inf,inf
976900,8.587574057211261e+42,inf,8.588432814616982e+42,inf,inf,inf
977000,8.673876274683779e+42,inf,8.674743662311248e+42,inf,inf,inf
977100,8.761045800279762e+42,inf,8.76192190485979e+42,inf,inf,inf
977200,8.849091350152782e+42,inf,8.849976259287797e+42,inf,inf,inf
977300,8.938021728050807e+42,inf,8.938915530223612e+42,inf,inf,inf
977400,9.02784582619649e+42,inf,9.02874861077911e+42,inf,inf,inf
977500,9.11857262617634e+42,inf,9.119484483438958e+42,inf,inf,inf
977600,9.210211199838753e+42,inf,9.211132220958737e+42,inf,inf,inf
977700,9.302770710201154e+42,inf,9.303700987272174e+42,inf,inf,inf
977800,9.396260412366172e+42,inf,9.397200038407408e+42,inf,inf,inf
977900,9.490689654447112e+42,inf,9.491638723412558e+42,inf,inf,inf
978000,9.586067878502662e+42,inf,9.587026485290511e+42,inf,inf,inf
978100,9.682404621480983e+42,inf,9.683372861943131e+42,inf,inf,inf
978200,9.779709516173359e+42,inf,9.780687487124977e+42,inf,inf,inf
978300,9.877992292177377e+42,inf,9.878980091406595e+42,inf,inf,inf
978400,9.977262776869786e+42,inf,9.978260503147473e+42,inf,inf,inf
978500,1.0077530896389154e+43,inf,1.0078538649478794e+43,inf,inf,inf
978600,1.0178806676628382e+43,inf,1.0179824557296045e+43,inf,inf,inf
978700,1.0281100244237197e+43,inf,1.028212835426162e+43,inf,inf,inf
978800,1.038442182763476e+43,inf,1.0385460269817524e+43,inf,inf,inf
978900,1.0488781758032368e+43,inf,1.0489830636208171e+43,inf,inf,inf
979000,1.0594190470466512e+43,inf,1.0595249889513559e+43,inf,inf,inf
979100,1.0700658504842262e+43,inf,1.0701728570692746e+43,inf,inf,inf
979200,1.080819650698719e+43,inf,1.0809277326637888e+43,inf,inf,inf
979300,1.09168152297158e+43,inf,1.0917906911238772e+43,inf,inf,inf
979400,1.1026525533904797e+43,inf,1.1027628186458187e+43,inf,inf,inf
979500,1.1137338389578995e+43,inf,1.1138452123417953e+43,inf,inf,inf
979600,1.1249264877008277e+43,inf,1.1250389803495978e+43,inf,inf,inf
979700,1.1362316187815452e+43,inf,1.1363452419434232e+43,inf,inf,inf
979800,1.14765036260954e+43,inf,1.147765127645801e+43,inf,inf,inf
979900,1.1591838609545329e+43,inf,1.1592997793406282e+43,inf,inf,inf
980000,1.1708332670606414e+43,inf,1.1709503503873474e+43,inf,inf,inf
980100,1.1825997457616985e+43,inf,1.1827180057362746e+43,inf,inf,inf
980200,1.194484473597724e+43,inf,1.1946039220450838e+43,inf,inf,inf
980300,1.206488638932568e+43,inf,1.2066092877964614e+43,inf,inf,inf
980400,1.218613442072734e+43,inf,1.2187353034169413e+43,inf,inf,inf
980500,1.2308600953874e+43,inf,1.2309831813969387e+43,inf,inf,inf
980600,1.2432298234296471e+43,inf,1.24335414641199e+43,inf,inf,inf
980700,1.2557238630588998e+43,inf,1.2558494354452057e+43,inf,inf,inf
980800,1.2683434635646038e+43,inf,1.2684702979109603e+43,inf,inf,inf
980900,1.2810898867911355e+43,inf,1.2812179957798146e+43,inf,inf,inf
981000,1.2939644072639854e+43,inf,1.2940938037047119e+43,inf,inf,inf
981100,1.3069683123171967e+43,inf,1.3070990091484284e+43,inf,inf,inf
981200,1.320102902222079e+43,inf,1.3202349125123013e+43,inf,inf,inf
981300,1.3333694903172346e+43,inf,1.3335028272662662e+43,inf,inf,inf
981400,1.346769403139872e+43,inf,1.346904080080186e+43,inf,inf,inf
981500,1.360303980558451e+43,inf,1.3604400109565068e+43,inf,inf,inf
981600,1.3739745759066568e+43,inf,1.3741119733642475e+43,inf,inf,inf
981700,1.38778255611872e+43,inf,1.3879213343743319e+43,inf,inf,inf
981800,1.4017293018660998e+43,inf,1.4018694747962865e+43,inf,inf,inf
981900,1.415816207695537e+43,inf,1.4159577893163065e+43,inf,inf,inf
982000,1.4300446821684937e+43,inf,1.4301876866367106e+43,inf,inf,inf
982100,1.444416148002001e+43,inf,1.4445605896168013e+43,inf,inf,inf
982200,1.4589320422109135e+43,inf,1.4590779354151346e+43,inf,inf,inf
982300,1.4735938162516022e+43,inf,1.4737411756332273e+43,inf,inf,inf
982400,1.488402936167082e+43,inf,1.4885517764606988e+43,inf,inf,inf
982500,1.5033608827336052e+43,inf,1.5035112188218785e+43,inf,inf,inf
982600,1.5184691516087245e+43,inf,1.5186209985238854e+43,inf,inf,inf
982700,1.5337292534808488e+43,inf,1.533882626406197e+43,inf,inf,inf
982800,1.5491427142202897e+43,inf,1.5492976284917116e+43,inf,inf,inf
982900,1.564711075031844e+43,inf,1.564867546139347e+43,inf,inf,inf
983000,1.5804358926088937e+43,inf,1.5805939361981545e+43,inf,inf,inf
983100,1.5963187392890665e+43,inf,1.5964783711629954e+43,inf,inf,inf
983200,1.612361203211446e+43,inf,1.6125224393317672e+43,inf,inf,inf
983300,1.6285648884753824e+43,inf,1.6287277449642298e+43,inf,inf,inf
983400,1.6449314153008824e+43,inf,1.6450959084424125e+43,inf,inf,inf
983500,1.6614624201906112e+43,inf,1.66162856643263e+43,inf,inf,inf
983600,1.6781595560935382e+43,inf,1.6783273720491475e+43,inf,inf,inf
983700,1.6950244925702078e+43,inf,1.6951939950194647e+43,inf,inf,inf
983800,1.7120589159596858e+43,inf,1.7122301218512819e+43,inf,inf,inf
983900,1.729264529548175e+43,inf,1.7294374560011298e+43,inf,inf,inf
984000,1.7466430537393287e+43,inf,1.7468177180447026e+43,inf,inf,inf
984100,1.7641962262262779e+43,inf,1.7643726458489004e+43,inf,inf,inf
984200,1.781925802165377e+43,inf,1.7821039947455934e+43,inf,inf,inf
984300,1.7998335543517153e+43,inf,1.8000135377071506e+43,inf,inf,inf
984400,1.8179212733963697e+43,inf,1.8181030655237093e+43,inf,inf,inf
984500,1.8361907679054536e+43,inf,1.8363743869822441e+43,inf,inf,inf
984600,1.8546438646609608e+43,inf,1.854829329047427e+43,inf,inf,inf
984700,1.8732824088034278e+43,inf,1.873469737044308e+43,inf,inf,inf
984800,1.8921082640164283e+43,inf,1.89229747484283e+43,inf,inf,inf
984900,1.911123312712931e+43,inf,1.9113144250442022e+43,inf,inf,inf
985000,1.9303294562235131e+43,inf,1.9305224891691355e+43,inf,inf,inf
985100,1.9497286149864824e+43,inf,1.949923587847981e+43,inf,inf,inf
985200,1.9693227287399063e+43,inf,1.9695196610127804e+43,inf,inf,inf
985300,1.9891137567155625e+43,inf,1.989312668091234e+43,inf,inf,inf
985400,2.0091036778348448e+43,inf,2.0093045882026282e+43,inf,inf,inf
985500,2.029294490906639e+43,inf,2.0294974203557298e+43,inf,inf,inf
985600,2.0496882148271845e+43,inf,2.049893183648667e+43,inf,inf,inf
985700,2.0702868887819476e+43,inf,2.0704939174708258e+43,inf,inf,inf
985800,2.0910925724495162e+43,inf,2.0913016817067612e+43,inf,inf,inf
985900,2.1121073462075553e+43,inf,2.112318556942176e+43,inf,inf,inf
986000,2.1333333113408212e+43,inf,2.1335466446719553e+43,inf,inf,inf
986100,2.1547725902512722e+43,inf,2.1549880675102975e+43,inf,inf,inf
986200,2.1764273266702874e+43,inf,2.1766449694029544e+43,inf,inf,inf
986300,2.1982996858730244e+43,inf,2.1985195158416117e+43,inf,inf,inf
986400,2.2203918548949233e+43,inf,2.2206138940804128e+43,inf,inf,inf
986500,2.242706042750391e+43,inf,2.242930313354666e+43,inf,inf,inf
986600,2.265244480653681e+43,inf,2.2654710051017464e+43,inf,inf,inf
986700,2.2880094222420037e+43,inf,2.288238223184228e+43,inf,inf,inf
986800,2.3110031438008494e+43,inf,2.3112342441152296e+43,inf,inf,inf
986900,2.334227944491619e+43,inf,2.3344613672860683e+43,inf,inf,inf
987000,2.3576861465815053e+43,inf,2.3579219151961636e+43,inf,inf,inf
987100,2.381380095675704e+43,inf,2.3816182336852715e+43,inf,inf,inf
987200,2.405312160951944e+43,inf,2.4055526921680394e+43,inf,inf,inf
987300,2.4294847353973957e+43,inf,2.4297276838709354e+43,inf,inf,inf
987400,2.453900236047938e+43,inf,2.454145626071543e+43,inf,inf,inf
987500,2.4785611042298514e+43,inf,2.4788089603402744e+43,inf,inf,inf
987600,2.5034698058039074e+43,inf,2.5037201527844877e+43,inf,inf,inf
987700,2.528628831411954e+43,inf,2.528881694295095e+43,inf,inf,inf
987800,2.5540406967259477e+43,inf,2.5542961007956205e+43,inf,inf,inf
987900,2.5797079426994957e+43,inf,2.5799659134937655e+43,inf,inf,inf
988000,2.6056331358219323e+43,inf,2.6058936991355146e+43,inf,inf,inf
988100,2.631818868374943e+43,inf,2.6320820502617804e+43,inf,inf,inf
988200,2.658267758691766e+43,inf,2.6585335854676353e+43,inf,inf,inf
988300,2.6849824514190036e+43,inf,2.6852509496641455e+43,inf,inf,inf
988400,2.7119656177810643e+43,inf,2.7122368143428425e+43,inf,inf,inf
988500,2.7392199558472587e+43,inf,2.7394938778428434e+43,inf,inf,inf
988600,2.7667481908015857e+43,inf,2.7670248656206656e+43,inf,inf,inf
988700,2.7945530752152154e+43,inf,2.794832530522737e+43,inf,inf,inf
988800,2.822637389321734e+43,inf,2.8229196530606664e+43,inf,inf,inf
988900,2.8510039412951347e+43,inf,2.851289041689264e+43,inf,inf,inf
989000,2.87965556753061e+43,inf,2.879943533087363e+43,inf,inf,inf
989100,2.908595132928159e+43,inf,2.908885992441452e+43,inf,inf,inf
989200,2.9378255311790696e+43,inf,2.9381193137321874e+43,inf,inf,inf
989300,2.9673496850552385e+43,inf,2.967646420023744e+43,inf,inf,inf
989400,2.9971705467014424e+43,inf,2.9974702637561127e+43,inf,inf,inf
989500,3.0272910979305093e+43,inf,3.027593827040302e+43,inf,inf,inf
989600,3.057714350521479e+43,inf,3.058020121956531e+43,inf,inf,inf
989700,3.0884433465207555e+43,inf,3.0887521908554074e+43,inf,inf,inf
989800,3.11948115854628e+43,inf,3.1197931066621345e+43,inf,inf,inf
989900,3.1508308900947617e+43,inf,3.1511459731837714e+43,inf,inf,inf
990000,3.182495675852011e+43,inf,3.182813925419596e+43,inf,inf,inf
990100,3.2144786820063624e+43,inf,3.214800129874563e+43,inf,inf,inf
990200,3.246783106565277e+43,inf,3.2471077848759336e+43,inf,inf,inf
990300,3.279412179675113e+43,inf,3.2797401208930807e+43,inf,inf,inf
990400,3.3123691639441067e+43,inf,3.312700400860501e+43,inf,inf,inf
990500,3.3456573547686076e+43,inf,3.3459919205040843e+43,inf,inf,inf
990600,3.3792800806625757e+43,inf,3.379618008670642e+43,inf,inf,inf
990700,3.41324070359042e+43,inf,3.413582027660779e+43,inf,inf,inf
990800,3.4475426193031517e+43,inf,3.447887373565082e+43,inf,inf,inf
990900,3.4821892576779334e+43,inf,3.482537476603701e+43,inf,inf,inf
991000,3.517184083061039e+43,inf,3.5175358014693453e+43,inf,inf,inf
991100,3.552530594614243e+43,inf,3.5528858476737045e+43,inf,inf,inf
991200,3.588232326664718e+43,inf,3.5885911498973846e+43,inf,inf,inf
991300,3.6242928490584325e+43,inf,3.6246552783433385e+43,inf,inf,inf
991400,3.660715767517095e+43,inf,3.6610818390938466e+43,inf,inf,inf
991500,3.697504723998704e+43,inf,3.697874474471104e+43,inf,inf,inf
991600,3.7346633970617017e+43,inf,3.735036863401408e+43,inf,inf,inf
991700,3.7721955022328003e+43,inf,3.7725727217830236e+43,inf,inf,inf
991800,3.810104792378506e+43,inf,3.810485802857744e+43,inf,inf,inf
991900,3.8483950580803545e+43,inf,3.8487798975861623e+43,inf,inf,inf
992000,3.887070128013955e+43,inf,3.887458835026757e+43,inf,inf,inf
992100,3.926133869331804e+43,inf,3.926526482718737e+43,inf,inf,inf
992200,3.965590188049984e+43,inf,3.965986747068789e+43,inf,inf,inf
992300,4.005443029438707e+43,inf,4.005843573741651e+43,inf,inf,inf
992400,4.0456963784168274e+43,inf,4.046100948054669e+43,inf,inf,inf
992500,4.0863542599502884e+43,inf,4.0867628953762835e+43,inf,inf,inf
992600,4.127420739454572e+43,inf,4.1278334815285176e+43,inf,inf,inf
992700,4.1688999232012176e+43,inf,4.1693168131935376e+43,inf,inf,inf
992800,4.210795958728406e+43,inf,4.211217038324279e+43,inf,inf,inf
992900,4.253113035255671e+43,inf,4.253538346559197e+43,inf,inf,inf
993000,4.295855384102793e+43,inf,4.296284969641203e+43,inf,inf,inf
993100,4.339027279112887e+43,inf,4.3394611818407983e+43,inf,inf,inf
993200,4.382633037079742e+43,inf,4.38307130038345e+43,inf,inf,inf
993300,4.426677018179468e+43,inf,4.427119685881286e+43,inf,inf,inf
993400,4.471163626406469e+43,inf,4.471610742769109e+43,inf,inf,inf
993500,4.516097310013812e+43,inf,4.516548919744813e+43,inf,inf,inf
993600,4.561482561957995e+43,inf,4.561938710214191e+43,inf,inf,inf
993700,4.607323920348214e+43,inf,4.607784652740249e+43,inf,inf,inf
993800,4.653625968900136e+43,inf,4.654091331497026e+43,inf,inf,inf
993900,4.700393337394208e+43,inf,4.700863376727948e+43,inf,inf,inf
994000,4.747630702138621e+43,inf,4.748105465208835e+43,inf,inf,inf
994100,4.795342786436872e+43,inf,4.795822320715515e+43,inf,inf,inf
994200,4.84353436106007e+43,inf,4.844018714496176e+43,inf,inf,inf
994300,4.892210244723956e+43,inf,4.892699465748429e+43,inf,inf,inf
994400,4.941375304570737e+43,inf,4.941869442101193e+43,inf,inf,inf
994500,4.991034456655749e+43,inf,4.991533560101415e+43,inf,inf,inf
994600,5.041192666439038e+43,inf,5.041696785705682e+43,inf,inf,inf
994700,5.091854949281832e+43,inf,5.092364134776761e+43,inf,inf,inf
994800,5.14302637094805e+43,inf,5.143540673585145e+43,inf,inf,inf
994900,5.194712048110822e+43,inf,5.195231519315633e+43,inf,inf,inf
995000,5.246917148864123e+43,inf,5.247441840579009e+43,inf,inf,inf
995100,5.299646893239523e+43,inf,5.300176857928847e+43,inf,inf,inf
995200,5.352906553728142e+43,inf,5.353441844383515e+43,inf,inf,inf
995300,5.406701455807849e+43,inf,5.40724212595343e+43,inf,inf,inf
995400,5.461036978475777e+43,inf,5.461583082173625e+43,inf,inf,inf
995500,5.515918554786157e+43,inf,5.516470146641635e+43,inf,inf,inf
995600,5.571351672393577e+43,inf,5.571908807560816e+43,inf,inf,inf
995700,5.627341874101712e+43,inf,5.627904608289121e+43,inf,inf,inf
995800,5.683894758417523e+43,inf,5.684463147893365e+43,inf,inf,inf
995900,5.741015980111087e+43,inf,5.741590081709099e+43,inf,inf,inf
996000,5.798711250781002e+43,inf,5.799291121906081e+43,inf,inf,inf
996100,5.856986339425501e+43,inf,5.857572038059443e+43,inf,inf,inf
996200,5.915847073019317e+43,inf,5.916438657726619e+43,inf,inf,inf
996300,5.975299337096289e+43,inf,5.975896867029999e+43,inf,inf,inf
996400,6.03534907633789e+43,inf,6.035952611245524e+43,inf,inf,inf
996500,6.09600229516764e+43,inf,6.096611895397157e+43,inf,inf,inf
996600,6.157265058351468e+43,inf,6.157880784857303e+43,inf,inf,inf
996700,6.219143491604167e+43,inf,6.219765405953327e+43,inf,inf,inf
996800,6.281643782201895e+43,inf,6.282271946580115e+43,inf,inf,inf
996900,6.344772179600839e+43,inf,6.3454066568188e+43,inf,inf,inf
997000,6.408534996062103e+43,inf,6.409175849561709e+43,inf,inf,inf
997100,6.472938607282893e+43,inf,6.473585901143622e+43,inf,inf,inf
997200,6.537989453034015e+43,inf,6.538643251979318e+43,inf,inf,inf
997300,6.60369403780379e+43,inf,6.60435440720757e+43,inf,inf,inf
997400,6.670058931448451e+43,inf,6.670725937341595e+43,inf,inf,inf
997500,6.737090769849075e+43,inf,6.73776447892606e+43,inf,inf,inf
997600,6.804796255575086e+43,inf,6.805476735200643e+43,inf,inf,inf
997700,6.873182158554482e+43,inf,6.873869476770338e+43,inf,inf,inf
997800,6.942255316750734e+43,inf,6.942949542282409e+43,inf,inf,inf
997900,7.012022636846548e+43,inf,7.012723839110233e+43,inf,inf,inf
998000,7.082491094934451e+43,inf,7.083199344043944e+43,inf,inf,inf
998100,7.15366773721434e+43,inf,7.154383103988061e+43,inf,inf,inf
998200,7.225559680698049e+43,inf,7.226282236666119e+43,inf,inf,inf
998300,7.298174113920972e+43,inf,7.298903931332364e+43,inf,inf,inf
998400,7.371518297660851e+43,inf,7.372255449490617e+43,inf,inf,inf
998500,7.445599565663793e+43,inf,7.446344125620359e+43,inf,inf,inf
998600,7.520425325377572e+43,inf,7.521177367910109e+43,inf,inf,inf
998700,7.596003058692318e+43,inf,7.596762658998186e+43,inf,inf,inf
998800,7.672340322688626e+43,inf,7.673107556720895e+43,inf,inf,inf
998900,7.749444750393194e+43,inf,7.750219694868234e+43,inf,inf,inf
999000,7.827324051542055e+43,inf,7.828106783947209e+43,inf,inf,inf
999100,7.905986013351489e+43,inf,7.906776611952824e+43,inf,inf,inf
999200,7.985438501296672e+43,inf,7.986237045146802e+43,inf,inf,inf
999300,8.065689459898145e+43,inf,8.066496028844134e+43,inf,inf,inf
999400,8.146746913516185e+43,inf,8.147561588207537e+43,inf,inf,inf
999500,8.228618967153206e+43,inf,8.229441829049922e+43,inf,inf,inf
999600,8.311313807264122e+43,inf,8.312144938644848e+43,inf,inf,inf
999700,8.394839702574982e+43,inf,8.39567918654524e+43,inf,inf,inf
999800,8.479205004909714e+43,inf,8.480052925410205e+43,inf,inf,inf
999900,8.564418150025271e+43,inf,8.565274591840273e+43,inf,inf,inf
1000000,8.650487658455109e+43,inf,8.651352707220955e+43,inf,inf,inf
