Iteration,FP32 Input,Custom Input,FP32 Result,Custom Result,Absolute Error,Relative Error (%)
1,1.2345,1.234375,1.23482345,1.234375,0.0004484499999999336,0.036316932594690654
100,1.2666789641429927,1.234375,1.267005632039407,1.234375,0.03263063203940697,2.5754133378936768
200,1.299507983898534,1.234375,1.2998379346969238,1.234375,0.06546293469692377,5.036238207049052
300,1.3326669242094584,1.234375,1.3330001909018794,1.234375,0.09862519090187938,7.39873794280192
400,1.3661591006658664,1.234375,1.366495716575933,1.234375,0.13212071657593305,9.668578903927461
500,1.3999878621784154,1.234375,1.4003278609646332,1.234375,0.16595286096463324,11.85100044001942
600,1.4341565913131866,1.234375,1.434500006972318,1.234375,0.20012500697231794,13.950854374319974
700,1.4686687046299052,1.234375,1.469015571500368,1.234375,0.2346405715003681,15.972640185203735
800,1.503527653023568,1.234375,1.5038780057888703,1.234375,0.2695030057888703,17.920536423265297
900,1.538736922069499,1.234375,1.539090795761706,1.234375,0.30471579576170593,19.798428825695115
1000,1.5743000323718803,1.234375,1.5746574623751175,1.234375,0.3402824623751175,21.609935526032192
1100,1.6102205399157719,1.234375,1.6105815619697634,1.234375,0.37620656196976343,23.358429703470442
1200,1.6465020364226834,1.234375,1.6468666866263257,1.234375,0.41249168662632574,25.047059970065455
1300,1.6831481497097136,1.234375,1.6835164645246845,1.234375,0.4491414645246845,26.678768755106464
1400,1.7201625440522965,1.234375,1.7205345603067017,1.234375,0.4861595603067017,28.256308912506768
1500,1.7575489205505932,1.234375,1.7579246754426483,1.234375,0.5235496754426483,29.78225874841979
1600,1.7953110174995757,1.234375,1.7956905486013255,1.234375,0.5613155486013255,31.25903564166653
1700,1.833452610762814,1.234375,1.8338359560238902,1.234375,0.5994609560238902,32.68890840834188
1800,1.8719775141500314,1.234375,1.8723647119014464,1.234375,0.6379897119014464,34.07400854364251
1900,1.9108895797984502,1.234375,1.91128066875643,1.234375,0.6769056687564301,35.41634045808966
2000,1.9501926985579734,1.234375,1.9505877178278292,1.234375,0.7162127178278292,36.71779081155101
2100,1.9898908003802256,1.234375,1.9902897894602636,1.234375,0.7559147894602636,37.98013703648935
2200,2.0299878547115187,1.234375,2.0303908534969897,1.234375,0.7960158534969897,39.20505513142915
2300,2.0704878708897603,1.234375,2.0708949196768494,1.234375,0.8365199196768494,40.394126796514776
2400,2.111394898545349,1.234375,2.1118060380352035,1.234375,0.8774310380352035,41.54884597505715
2500,2.1527130280061013,1.234375,2.153128299308902,1.234375,0.9187532993089018,42.6706248579705
2600,2.1944463907062466,1.234375,2.194865835345317,1.234375,0.960490835345317,43.760799401855174
2700,2.236599159599524,1.234375,2.2370228195154835,1.234375,1.0026478195154835,44.820634406074
2800,2.2791755495764594,1.234375,2.279603467131417,1.234375,1.045228467131417,45.85132818940218
2900,2.322179817885796,1.234375,2.322612035867585,1.234375,1.0882370358675848,46.8540169026157
3000,2.3656162645601952,1.234375,2.3660528261866514,1.234375,1.1316778261866514,47.82977850966107
3100,2.409489232846187,1.234375,2.4099301817694716,1.234375,1.1755551817694716,48.779636466743185
3200,2.453803109638463,1.234375,2.4542484899494266,1.234375,1.2198734899494266,49.70456312573972
3300,2.498562325918525,1.234375,2.4990121821511164,1.234375,1.2646371821511164,50.60548288574302
3400,2.5437713571977447,1.234375,2.5442257343334647,1.234375,1.3098507343334647,51.483275114211466
3500,2.5894347239648687,1.234375,2.589893667437265,1.234375,1.355518667437265,52.33877685714291
3600,2.635556992138023,1.234375,2.6360205478372367,1.234375,1.4016455478372367,53.1727853558364
3700,2.682142773521278,1.234375,2.68261098779863,1.234375,1.44823598779863,53.98606038615621
3800,2.7291967262657657,1.234375,2.729669645938392,1.234375,1.495294645938392,54.779326434732255
3900,2.7767235553354706,1.234375,2.777201227691004,1.234375,1.542826227691004,55.55327472520697
4000,2.8247280129776686,1.234375,2.825210485778966,1.234375,1.5908354857789662,56.30856510644521
4100,2.8732148991981257,1.234375,2.8737022206880454,1.234375,1.6393272206880454,57.04582781355628
4200,2.922189062241032,1.234375,2.922681281147256,1.234375,1.688306281147256,57.765665111610666
4300,2.9716553990738017,1.234375,2.972152564613709,1.234375,1.737777564613709,58.46865283106919
4400,3.0216188558767128,1.234375,3.0221210177623004,1.234375,1.7877460177623004,59.15534180315583
4500,3.0720844285374853,1.234375,3.072591636980339,1.234375,1.8382166369803392,59.82625920269995
4600,3.12305716315082,1.234375,3.123569468867135,1.234375,1.8891944688671352,60.481909805332855
4700,3.1745421565229726,1.234375,3.1750596107386246,1.234375,1.9406846107386246,61.12277716534452
4800,3.22654455668137,1.234375,3.227067211137038,1.234375,1.992692211137038,61.749324719980805
4900,3.279069563389374,1.234375,3.279597470345713,1.234375,2.045222470345713,62.36199682548601
5000,3.3321224286662225,1.234375,3.3326556409090893,1.234375,2.0982806409090893,62.961219729762284
5100,3.3857084573121603,1.234375,3.3862470281578916,1.234375,2.1518720281578916,63.54740248612352
5200,3.4398330074388914,1.234375,3.4403769907396353,1.234375,2.2060019907396353,64.12093781226498
5300,3.4945014910053223,1.234375,3.495050941154423,1.234375,2.260675941154423,64.68220289824207
5400,3.549719374358725,1.234375,3.550274346296161,1.234375,2.315899346296161,65.23156016695535
5500,3.6054921787813137,1.234375,3.6060527279991916,1.234375,2.3716777279991916,65.76935799036723
5600,3.661825481042324,1.234375,3.6623916635904283,1.234375,2.4280166635904283,66.2959313644276
5700,3.7187249139556324,1.234375,3.719296786447028,1.234375,2.484921786447028,66.81160254545928
5800,3.776196166942995,1.234375,3.7767737865596893,1.234375,2.5423987865596893,67.31668165054684
5900,3.8342449866029362,1.234375,3.8348284111015967,1.234375,2.6004534111015967,67.81146722428156
6000,3.8928771772853477,1.234375,3.893466465003076,1.234375,2.659091465003076,68.29624677404215
6100,3.9520986016718838,1.234375,3.952693811532051,1.234375,2.718318811532051,68.77129727583021
6200,4.011915181362169,1.234375,4.012516372880306,1.234375,2.778141372880306,69.2368856525331
6300,4.072332897465931,1.234375,4.072940130755678,1.234375,2.8385651307556783,69.69326922635176
6400,4.133357791200961,1.234375,4.133971126980081,1.234375,2.8995961269800814,70.14069614700655
6500,4.194995964497283,1.234375,4.195615464093733,1.234375,2.9612404640937333,70.57940579722244
6600,4.257253580607256,1.234375,4.257879305965317,1.234375,3.023504305965317,71.0096291768855
6700,4.320136864721845,1.234375,4.320768878408318,1.234375,3.086393878408318,71.43158926716954
6800,4.383652104593073,1.234375,4.384290469803533,1.234375,3.149915469803533,71.84550137584031
6900,4.44780565116275,1.234375,4.448450431727867,1.234375,3.214075431727867,72.25157346486282
7000,4.512603919197515,1.234375,4.513255179589435,1.234375,3.278880179589435,72.650006461361
7100,4.578053387930234,1.234375,4.578711193269028,1.234375,3.3443361932690276,73.04099455290817
7200,4.644160601707873,1.234375,4.644825017768044,1.234375,3.410450017768044,73.42472546806191
7300,4.710932170645871,1.234375,4.711603263862936,1.234375,3.477228263862936,73.80138074299651
7400,4.778374771289111,1.234375,4.77905260876624,1.234375,3.54467760876624,74.1711359750303
7500,4.846495147279485,1.234375,4.8471797967942125,1.234375,3.6128047967942125,74.53416106379258
7600,4.915300110030198,1.234375,4.915991640041201,1.234375,3.6816166400412014,74.89062044072853
7700,4.984796539406868,1.234375,4.985495019060809,1.234375,3.751120019060809,75.24067328759388
7800,5.054991384415442,1.234375,5.055696883553884,1.234375,3.8213218835538836,75.5844737445513
7900,5.125891663897008,1.234375,5.126604253063398,1.234375,3.892229253063398,75.92217110844082
8000,5.197504467229654,1.234375,5.198224217676378,1.234375,3.963849217676378,76.25391002176183
8100,5.269836955037318,1.234375,5.270563938732822,1.234375,4.036188938732822,76.57983065286984
8200,5.342896359905786,1.234375,5.343630649541777,1.234375,4.109255649541777,76.90006886786142
8300,5.416689987105884,1.234375,5.417431656104595,1.234375,4.183056656104595,77.21475639459055
8400,5.491225215323958,1.234375,5.49197433784549,1.234375,4.25759933784549,77.52402097923408
8500,5.566509497399635,1.234375,5.5672661483493755,1.234375,4.3328911483493755,77.8279865357977
8600,5.642550361071081,1.234375,5.6433146161071885,1.234375,4.4089396161071885,78.12677328893133
8700,5.719355409727675,1.234375,5.720127345268648,1.234375,4.485752345268648,78.42049791040051
8800,5.7969323231702985,1.234375,5.797712016402616,1.234375,4.563337016402616,78.70927364954031
8900,5.875288858379221,1.234375,5.876076387265059,1.234375,4.641701387265059,78.99321045799877
9000,5.95443285028976,1.234375,5.955228293574789,1.234375,4.720853293574789,79.27241510905986
9100,6.034372212575686,1.234375,6.035175649796944,1.234375,4.800800649796944,79.54699131181823
9200,6.115114938440504,1.234375,6.115926449934348,1.234375,4.881551449934348,79.81703982046334
9300,6.196669101416724,1.234375,6.197488768326866,1.234375,4.963113768326866,80.08265853891585
9400,6.279042856173118,1.234375,6.279870760458736,1.234375,5.045495760458736,80.34394262104479
9500,6.362244439330139,1.234375,6.363080663774072,1.234375,5.128705663774072,80.60098456668209
9600,6.446282170283479,1.234375,6.447126798500507,1.234375,5.212751798500507,80.85387431363851
9700,6.531164452035957,1.234375,6.5320175684811606,1.234375,5.2976425684811606,81.1026993259141
9800,6.616899772037712,1.234375,6.617761462014916,1.234375,5.383386462014916,81.34754467828509
9900,6.703496703034913,1.234375,6.7043670527052175,1.234375,5.4699920527052175,81.5884931374405
10000,6.7909639039269125,1.234375,6.791843000317305,1.234375,5.557468000317305,81.8256252398306
10100,6.879310120632092,1.234375,6.880198051644156,1.234375,5.645823051644156,82.05901936638259
10200,6.968544186962337,1.234375,6.9694410413810335,1.234375,5.7350660413810335,82.28875181422868
10300,7.058675025506377,1.234375,7.059580893008928,1.234375,5.825205893008928,82.51489686558594
10400,7.1497116485219285,1.234375,7.150626619686781,1.234375,5.916251619686781,82.7375268539183
10500,7.2416631588368645,1.234375,7.242587325152749,1.234375,6.008212325152749,82.95671222750542
10600,7.3345387507594,1.234375,7.335472204634476,1.234375,6.101097204634476,83.17252161053607
10700,7.4283477109974285,1.234375,7.429290545768529,1.234375,6.194915545768529,83.3850218618377
10800,7.523099419587131,1.234375,7.52405172952909,1.234375,6.28967672952909,83.59427813134856
10900,7.618803350830886,1.234375,7.619765231165969,1.234375,6.385390231165969,83.80035391443265
11000,7.715469074244598,1.234375,7.716440621152023,1.234375,6.482065621152023,84.00331110413295
11100,7.81310625551458,1.234375,7.814087566140131,1.234375,6.579712566140131,84.2032100414542
11200,7.911724657464028,1.234375,7.912715829929774,1.234375,6.678340829929774,84.40010956376081
11300,8.011334141029195,1.234375,8.012335274443297,1.234375,6.777960274443297,84.59406705137205
11400,8.111944666245366,1.234375,8.11295586071199,1.234375,6.87858086071199,84.78513847243252
11500,8.21356629324294,1.234375,8.214587649872263,1.234375,6.9802126498722625,84.97337842613202
11600,8.316209183253166,1.234375,8.31724080417149,1.234375,7.08286580417149,85.15884018434451
11700,8.419883599624226,1.234375,8.420925587984188,1.234375,7.186550587984188,85.34157573175413
11800,8.524599908847504,1.234375,8.525652368838388,1.234375,7.291277368838388,85.5216358045316
11900,8.630368581594084,1.234375,8.631431618452243,1.234375,7.397056618452243,85.69906992762176
12000,8.737200193761781,1.234375,8.738273913781157,1.234375,7.503898913781157,85.87392645070025
12100,8.845105427532602,1.234375,8.846189938075355,1.234375,7.611814938075355,86.04625258285422
12200,8.954095072440879,1.234375,8.955190481948122,1.234375,7.720815481948122,86.2160944260398
12300,9.064180026452101,1.234375,9.065286444454745,1.234375,7.830911444454745,86.38349700736627
12400,9.17537129705264,1.234375,9.176488834182345,1.234375,7.942113834182345,86.54850431025467
12500,9.287680002350399,1.234375,9.288808770350633,1.234375,8.054433770350633,86.71115930451646
12600,9.401117372186473,1.234375,9.402257483923691,1.234375,8.167882483923691,86.87150397539551
12700,9.515694749258119,1.234375,9.516846318733045,1.234375,8.282471318733045,87.0295793516152
12800,9.631423590252819,1.234375,9.632586732611843,1.234375,8.398211732611843,87.18542553246958
12900,9.748315466993915,1.234375,9.749490298540614,1.234375,8.515115298540614,87.33908171399717
13000,9.866382067597655,1.234375,9.867568705804414,1.234375,8.633193705804414,87.49058621427281
13100,9.985635197641928,1.234375,9.98683376116169,1.234375,8.75245876116169,87.63997649785236
13200,10.106086781346661,1.234375,10.107297390024796,1.234375,8.872922390024796,87.78728919940316
13300,10.227748862766177,1.234375,10.228971637652453,1.234375,8.994596637652453,87.93256014655165
13400,10.35063360699347,1.234375,10.35186867035417,1.234375,9.11749367035417,88.0758243819783
13500,10.474753301376625,1.234375,10.476000776706762,1.234375,9.241625776706762,88.21711618478861
13600,10.600120356747393,1.234375,10.601380368783067,1.234375,9.367005368783067,88.35646909118785
13700,10.726747308662224,1.234375,10.72801998339309,1.234375,9.49364498339309,88.49391591448557
13800,10.854646818655642,1.234375,10.855932283337507,1.234375,9.621557283337507,88.62948876445544
13900,10.983831675506343,1.234375,10.985130058673892,1.234375,9.750755058673892,88.76321906607438
14000,11.114314796515913,1.234375,11.115626227995564,1.234375,9.881251227995564,88.89513757766404
14100,11.246109228800451,1.234375,11.24743383972333,1.234375,10.01305883972333,89.02527440845685
14200,11.37922815059516,1.234375,11.38056607341022,1.234375,10.14619107341022,89.15365903560793
14300,11.513684872572075,1.234375,11.515036241059331,1.234375,10.280661241059331,89.2803203206728
14400,11.649492839170975,1.234375,11.650857788454891,1.234375,10.416482788454891,89.40528652557093
14500,11.78666562994372,1.234375,11.788044296506714,1.234375,10.553669296506714,89.52858532805314
14600,11.92521696091207,1.234375,11.92660948260816,1.234375,10.69223448260816,89.65024383669127
14700,12.065160685939162,1.234375,12.066567202007755,1.234375,10.832192202007755,89.77028860540707
14800,12.206510798114795,1.234375,12.207931449194605,1.234375,10.973556449194605,89.88874564755656
14900,12.34928143115459,1.234375,12.350716359297705,1.234375,11.116341359297705,90.00564044958612
15000,12.493486860813224,1.234375,12.494936209499304,1.234375,11.260561209499304,90.12099798427491
15100,12.639141506311887,1.234375,12.640605420462517,1.234375,11.406230420462517,90.2348427235787
15200,12.786259931780059,1.234375,12.787738557773237,1.234375,11.553363557773237,90.34719865108859
15300,12.934856847711831,1.234375,12.936350333396602,1.234375,11.701975333396602,90.45808927411832
15400,13.08494711243675,1.234375,13.086455607147993,1.234375,11.852080607147993,90.56753763543301
15500,13.236545733605594,1.234375,13.238069388178953,1.234375,12.003694388178953,90.67556632463155
15600,13.389667869690928,1.234375,13.391206836477897,1.234375,12.156831836477897,90.78219748919463
15700,13.54432883150286,1.234375,13.54588326438601,1.234375,12.31150826438601,90.88745284520986
15800,13.700544083719965,1.234375,13.702114138128337,1.234375,12.467739138128337,90.99135368778491
15900,13.8583292464356,1.234375,13.859915079360244,1.234375,12.625540079360244,91.09392090115911
16000,14.017700096719794,1.234375,14.019301866729466,1.234375,12.784926866729466,91.19517496852384
16100,14.178672570196794,1.234375,14.180290437453813,1.234375,12.945915437453813,91.29513598156144
16200,14.341262762638495,1.234375,14.342896888914758,1.234375,13.108521888914758,91.39382364971182
16300,14.505486931573852,1.234375,14.507137480267009,1.234375,13.272762480267009,91.49125730917605
16400,14.671361497914486,1.234375,14.673028634064277,1.234375,13.438653634064277,91.58745593166549
16500,14.83890304759666,1.234375,14.840586937901419,1.234375,13.606211937901419,91.68243813290479
16600,15.008128333239663,1.234375,15.009829146072986,1.234375,13.775454146072986,91.77622218089705
16700,15.179054275820944,1.234375,15.180772181248525,1.234375,13.946397181248525,91.86882600395838
16800,15.351697966368063,1.234375,15.353433136164698,1.234375,14.119058136164698,91.96026719852999
16900,15.526076667667645,1.234375,15.527829275334412,1.234375,14.293454275334412,92.0505630367744
17000,15.702207815991486,1.234375,15.703978036773083,1.234375,14.469603036773083,92.13973047396311
17100,15.880109022840008,1.234375,15.881897033742291,1.234375,14.647522033742291,92.22778615566214
17200,16.05979807670328,1.234375,16.06160405651095,1.234375,14.827229056510951,92.31474642472203
17300,16.241292944839675,1.234375,16.243117074134158,1.234375,15.008742074134158,92.40062732807829
17400,16.424611775072417,1.234375,16.426454236249924,1.234375,15.192079236249924,92.48544462336869
17500,16.60977289760426,1.234375,16.611633874894018,1.234375,15.377258874894018,92.56921378537261
17600,16.796794826850302,1.234375,16.798674506332986,1.234375,15.564299506332986,92.65195001227835
17700,16.985696263289206,1.234375,16.987594832915534,1.234375,15.753219832915534,92.73366823178377
17800,17.176496095333192,1.234375,17.178413744942723,1.234375,15.944038744942723,92.81438310703514
17900,17.3692134012166,1.234375,17.371150322556723,1.234375,16.136775322556723,92.89410904240957
18000,17.563867450903576,1.234375,17.565823837648665,1.234375,16.331448837648665,92.97286018914538
18100,17.760477708014918,1.234375,17.762453755785717,1.234375,16.528078755785717,93.05065045082563
18200,17.95906383177422,1.234375,17.961059738157395,1.234375,16.726684738157395,93.12749348871864
18300,18.159645678973643,1.234375,18.16166164354154,1.234375,16.92728664354154,93.20340272698034
18400,18.362243305959378,1.234375,18.364279530289974,1.234375,17.129904530289974,93.27839135772234
18500,18.566876970637146,1.234375,18.56893365833421,1.234375,17.33455865833421,93.3524723459498
18600,18.773567134497743,1.234375,18.775644491211192,1.234375,17.541269491211192,93.42565843437328
18700,18.98233446466305,1.234375,18.984432698109515,1.234375,17.750057698109515,93.49796214809768
18800,19.19319983595257,1.234375,19.195319155936165,1.234375,17.960944155936165,93.5693957991927
18900,19.406184332970643,1.234375,19.40832495140394,1.234375,18.17394995140394,93.63997149114762
19000,19.621309252214765,1.234375,19.623471383139986,1.234375,18.389096383139986,93.7097011232144
19100,19.83859610420504,1.234375,19.840779963815457,1.234375,18.606404963815457,93.77859639464181
19200,20.058066615635042,1.234375,20.060272422296606,1.234375,18.825897422296606,93.84666880880434
19300,20.27974273154427,1.234375,20.281970705817425,1.234375,19.047595705817425,93.91392967722832
19400,20.503646617512448,1.234375,20.5058969821742,1.234375,19.2715219821742,93.98039012351889
19500,20.729800661875892,1.234375,20.73207364194208,1.234375,19.49769864194208,94.04606108719007
19600,20.958227477966116,1.234375,20.960523300713913,1.234375,19.726148300713913,94.11095332740115
19700,21.188949906370997,1.234375,21.191268801361634,1.234375,19.956893801361634,94.17507742660182
19800,21.421991017218623,1.234375,21.424333216320345,1.234375,20.189958216320345,94.2384437940888
19900,21.657374112483986,1.234375,21.65973984989523,1.234375,20.42536484989523,94.3010626694763
20000,21.89512272831913,1.234375,21.89751224059196,1.234375,20.66313724059196,94.36294412608292
20100,22.13526063740647,1.234375,22.137674163470212,1.234375,20.903299163470212,94.42409807423732
20200,22.377811851335842,1.234375,22.380249632520975,1.234375,21.145874632520975,94.48453426450473
20300,22.62280062300541,1.234375,22.62526290306771,1.234375,21.39088790306771,94.5442622908367
20400,22.87025144904681,1.234375,22.872738474191713,1.234375,21.638363474191713,94.6032915936463
20500,23.120189072274524,1.234375,23.12270109118175,1.234375,21.88832609118175,94.66163146281058
20600,23.372638484159975,1.234375,23.375175748008388,1.234375,22.140800748008388,94.71929104060246
20700,23.627624927330423,1.234375,23.630187689823156,1.234375,22.395812689823156,94.77627932455394
20800,23.88517389809301,1.234375,23.88776241548282,1.234375,22.65338741548282,94.8326051702526
20900,24.145311148984124,1.234375,24.14792568009902,1.234375,22.91355068009902,94.88827729407299
21000,24.408062691344444,1.234375,24.41070349761358,1.234375,23.17632849761358,94.94330427584492
21100,24.67345479791987,1.234375,24.676122143399663,1.234375,23.441747143399663,94.99769456146022
21200,24.941514005488514,1.234375,24.94420815688906,1.234375,23.70983315688906,95.05145646541963
21300,25.212267117514102,1.234375,25.21498834422585,1.234375,23.98061334422585,95.1045981733215
21400,25.48574120682613,1.234375,25.48848978094681,1.234375,24.25411478094681,95.15712774429373
21500,25.761963618326913,1.234375,25.764739814688745,1.234375,24.530364814688745,95.20905311337057
21600,26.04096197172575,1.234375,26.04376606792292,1.234375,24.80939106792292,95.26038209381579
21700,26.322764164300715,1.234375,26.325596440717145,1.234375,25.091221440717145,95.31112237939338
21800,26.607398373688085,1.234375,26.61025911352545,1.234375,25.37588411352545,95.36128154658745
21900,26.894893060699882,1.234375,26.897782550005953,1.234375,25.663407550005953,95.41086705677257
22000,27.18527697216965,1.234375,27.188195499866865,1.234375,25.953820499866865,95.45988625833573
22100,27.47857914382689,1.234375,27.481527001741274,1.234375,26.247152001741274,95.50834638875129
22200,27.7748289032004,1.234375,27.77780638609072,1.234375,26.54343138609072,95.55625457661014
22300,28.07405587255069,1.234375,28.077063278137945,1.234375,26.842688278137945,95.60361784360425
22400,28.37628997183204,1.234375,28.379327600829225,1.234375,27.144952600829225,95.65044310646765
22500,28.681561421684112,1.234375,28.68462957782628,1.234375,27.45025457782628,95.69673717887508
22600,28.989900746453802,1.234375,28.992999736528446,1.234375,27.758624736528446,95.74250677329947
22700,29.30133877724737,1.234375,29.304468911125095,1.234375,28.070093911125095,95.78775850282895
22800,29.61590665501328,1.234375,29.61906824567878,1.234375,28.38469324567878,95.83249888294482
22900,29.933635833655995,1.234375,29.93682919723936,1.234375,28.70245419723936,95.87673433326123
23000,30.254558083181124,1.234375,30.25778353898944,1.234375,29.02340853898944,95.9204711792276
23100,30.578705492872068,1.234375,30.581963363421355,1.234375,29.347588363421355,95.96371565379475
23200,30.90611047449869,1.234375,30.90940108554614,1.234375,29.67502608554614,96.0064738990455
23300,31.236805765558184,1.234375,31.240129446134738,1.234375,30.005754446134738,96.0487519677908
23400,31.570824432548537,1.234375,31.574181514991793,1.234375,30.339806514991793,96.09055582513231
23500,31.908199874274864,1.234375,31.91159069426229,1.234375,30.67721569426229,96.13189134999172
23600,32.24896582518895,1.234375,32.25239072177146,1.234375,31.018015721771462,96.17276433660852
23700,32.59315635876248,1.234375,32.59661567439835,1.234375,31.36224067439835,96.21318049600626
23800,32.94080589089399,1.234375,32.944299971483076,1.234375,31.709924971483076,96.25314545742818
23900,33.29194918335019,1.234375,33.29547837826853,1.234375,32.06110337826853,96.29266476974345
24000,33.6466213472418,1.234375,33.65018600937652,1.234375,32.41581100937652,96.33174390282406
24100,34.00485784653422,1.234375,34.008458332318874,1.234375,32.774083332318874,96.37038824889352
24200,34.36669450159388,1.234375,34.370331171044036,1.234375,33.135956171044036,96.40860312384793
24300,34.73216749276968,1.234375,34.73584070951896,1.234375,33.50146570951896,96.44639376855004
24400,35.10131336401089,1.234375,35.10502349534729,1.234375,33.87064849534729,96.48376535009697
24500,35.47416902652103,1.234375,35.47791644342368,1.234375,34.24354144342368,96.52072296306225
24600,35.850771762448844,1.234375,35.85455683962509,1.234375,34.62018183962509,96.55727163071273
24700,36.23115922861599,1.234375,36.23498234453885,1.234375,35.00060734453885,96.59341630620102
24800,36.61536946028247,1.234375,36.6192309972285,1.234375,35.3848559972285,96.62916187373398
24900,37.00344087494981,1.234375,37.0073412190373,1.234375,35.7729662190373,96.66451314971795
25000,37.39541227620243,1.234375,37.399351817430045,1.234375,36.164976817430045,96.69947488388097
25100,37.7913228575877,1.234375,37.79530198987346,1.234375,36.56092698987346,96.73405176037295
25200,38.19121220653492,1.234375,38.19523132775557,1.234375,36.96085632775557,96.76824839884395
25300,38.5951203083136,1.234375,38.599179820344425,1.234375,37.364804820344425,96.80206935550117
25400,39.00308755003174,1.234375,39.00718785878674,1.234375,37.77281285878674,96.83551912414536
25500,39.41515472467408,1.234375,39.41929624014655,1.234375,38.18492124014655,96.86860213718667
25600,39.83136303518119,1.234375,39.83554617148471,1.234375,38.60117117148471,96.90132276664102
25700,40.25175409856911,1.234375,40.255979273978966,1.234375,39.021604273978966,96.93368532510675
25800,40.67636995009093,1.234375,40.68063758708594,1.234375,39.44626258708594,96.96569406672266
25900,41.10525304743985,1.234375,41.1095635727446,1.234375,39.8751885727446,96.99735318810735
26000,41.538446274994456,1.234375,41.54280011962195,1.234375,40.30842511962195,97.02866682928057
26100,41.97599294810691,1.234375,41.98039054740172,1.234375,40.74601554740172,97.05963907456693
26200,42.41793681743401,1.234375,42.422378611115754,1.234375,41.188003611115754,97.09027395348228
26300,42.86432207331188,1.234375,42.86880850551921,1.234375,41.63443350551921,97.12057544160324
26400,43.315193350174596,1.234375,43.31972486950961,1.234375,42.08534986950961,97.15054746142027
26500,43.77059573101712,1.234375,43.77517279059022,1.234375,42.54079779059022,97.1801938831745
26600,44.230574751903426,1.234375,44.23519780937861,1.234375,43.00082280937861,97.2095185256789
26700,44.695176406519415,1.234375,44.699845924160066,1.234375,43.465470924160066,97.23852515712403
26800,45.16444715077211,1.234375,45.16916359548719,1.234375,43.93478859548719,97.26721749586852
26900,45.6384339074346,1.234375,45.643197750825344,1.234375,44.408822750825344,97.29559921121505
27000,46.11718407083805,1.234375,46.12199578924513,1.234375,44.88762078924513,97.3236739241717
27100,46.60074551161061,1.234375,46.60560558616177,1.234375,45.37123058616177,97.35144520819935
27200,47.089166581464085,1.234375,47.09407549812223,1.234375,45.85970049812223,97.37891658994512
27300,47.58249611802864,1.234375,47.58745436764044,1.234375,46.35307936764044,97.40609154996243
27400,48.080783449736096,1.234375,48.08579152808107,1.234375,46.85141652808107,97.43297352341772
27500,48.584078400752354,1.234375,48.58913680859243,1.234375,47.35476180859243,97.45956590078441
27600,49.09243129595937,1.234375,49.09754053908897,1.234375,47.86316553908897,97.48587202852401
27700,49.60589296598718,1.234375,49.61105355528378,1.234375,48.37667855528378,97.51189520975507
27800,50.124514752296434,1.234375,50.129727203771665,1.234375,48.895352203771665,97.53763870490975
27900,50.64834851231204,1.234375,50.65361334716327,1.234375,49.41923834716327,97.56310573237886
28000,51.17744662460868,1.234375,51.18276436927114,1.234375,49.94838936927114,97.58829946914496
28100,51.71186199414791,1.234375,51.71723318034732,1.234375,50.48285818034732,97.61322305140433
28200,52.25164805756819,1.234375,52.25707322237395,1.234375,51.02269822237395,97.63787957517778
28300,52.79685878852835,1.234375,52.8023384744072,1.234375,51.5679634744072,97.66227209691046
28400,53.34754870310401,1.234375,53.35308345797432,1.234375,52.11870845797432,97.68640363406118
28500,53.90377286523913,1.234375,53.90936324252565,1.234375,52.67498824252565,97.71027716568116
28600,54.46558689225161,1.234375,54.47123345094083,1.234375,53.23685845094083,97.73389563298262
28700,55.03304696039459,1.234375,55.038750265090634,1.234375,53.804375265090634,97.7572619398974
28800,55.606209810473594,1.234375,55.61197043145464,1.234375,54.37759543145464,97.78037895362573
28900,56.18513275352009,1.234375,56.19095126679544,1.234375,54.95657626679544,97.80324950517536
29000,56.769873676522025,1.234375,56.775750663889674,1.234375,55.541375663889674,97.82587638989143
29100,57.36049104821199,1.234375,57.36642709731681,1.234375,56.13205209731681,97.84826236797701
29200,57.95704392491364,1.234375,57.96303962930613,1.234375,56.72866462930613,97.8704101650047
29300,58.55959195644667,1.234375,58.56564791564231,1.234375,57.33127291564231,97.89232247241935
29400,59.16819539209134,1.234375,59.17431221163055,1.234375,57.93993721163055,97.91400194803212
29500,59.78291508661275,1.234375,59.789093378121414,1.234375,58.554718378121414,97.93545121650617
29600,60.40381250634595,1.234375,60.410052887596585,1.234375,59.175677887596585,97.95667286983381
29700,61.030949735341835,1.234375,61.03725283031537,1.234375,59.80287783031537,97.97766946780587
29800,61.66438948157501,1.234375,61.67075592052316,1.234375,60.43638092052316,97.99844353847263
29900,62.304195083214,1.234375,62.31062550272232,1.234375,61.07625050272232,98.01899757859745
30000,62.9504305149546,1.234375,62.95692555800609,1.234375,61.72255055800609,98.03933405410228
30100,63.60316039441665,1.234375,63.60972071045609,1.234375,62.37534571045609,98.05945540050595
30200,64.26244998860548,1.234375,64.26907623360435,1.234375,63.03470123360435,98.07936402335501
30300,64.92836522043763,1.234375,64.93505805695968,1.234375,63.700683056959676,98.09906229864733
30400,65.60097267533224,1.234375,65.60773277259979,1.234375,64.37335777259979,98.11855257324862
30500,66.28033960786975,1.234375,66.28716764183054,1.234375,65.05279264183054,98.13783716530219
30600,66.96653394851627,1.234375,66.97343060191113,1.234375,65.73905560191113,98.15691836463164
30700,67.65962431041638,1.234375,67.66659027284743,1.234375,66.43221527284743,98.17579843313707
30800,68.35967999625343,1.234375,68.36671596425306,1.234375,67.13234096425306,98.19447960518475
30900,69.06677100517929,1.234375,69.07387768227981,1.234375,67.83950268227981,98.2129640879903
31000,69.78096803981371,1.234375,69.7881461366177,1.234375,68.5537711366177,98.2312540619956
31100,70.502342513314,1.234375,70.50959274756534,1.234375,69.27521774756534,98.24935168123969
31200,71.2309665565154,1.234375,71.23828965317105,1.234375,70.00391465317105,98.26725907372335
31300,71.96691302514358,1.234375,71.9743097164461,1.234375,70.7399347164461,98.28497834176804
31400,72.71025550710004,1.234375,72.71772653265076,1.234375,71.48335153265076,98.30251156236884
31500,73.46106832981947,1.234375,73.46861443665246,1.234375,72.23423943665246,98.3198607875417
31600,74.21942656770213,1.234375,74.2270485103589,1.234375,72.9926735103589,98.33702804466523
31700,74.98540604962103,1.234375,74.993104590226,1.234375,73.758729590226,98.35401533681689
31800,75.75908336650318,1.234375,75.76685927483983,1.234375,74.53248427483983,98.37082464310369
31900,76.54053587898895,1.234375,76.54838993257685,1.234375,75.31401493257685,98.38745791898795
32000,77.3298417251668,1.234375,77.33777470933933,1.234375,76.10339970933933,98.40391709660746
32100,78.12707982838666,1.234375,78.1350925363695,1.234375,76.9007175363695,98.42020408509092
32200,78.93232990515148,1.234375,78.940423138142,1.234375,77.706048138142,98.43632077086805
32300,79.74567247308809,1.234375,79.7538470403354,1.234375,78.5194720403354,98.45226901797513
32400,80.56718885899815,1.234375,80.57544557788405,1.234375,79.34107057788405,98.46805066835546
32500,81.39696120699041,1.234375,81.40530090311111,1.234375,80.17092590311111,98.48366754215532
32600,82.2350724866939,1.234375,82.24349599394257,1.234375,81.00912099394257,98.4991214380151
32700,83.08160650155473,1.234375,83.0901146622049,1.234375,81.8557396622049,98.51441413335601
32800,83.9366478972151,1.234375,83.94524156200482,1.234375,82.71086656200482,98.52954738466237
32900,84.80028216997724,1.234375,84.80896219819424,1.234375,83.57458719819424,98.5445229277593
33000,85.67259567535245,1.234375,85.68136293491999,1.234375,84.44698793491999,98.55934247808642
33100,86.55367563669567,1.234375,86.56253100425934,1.234375,85.32815600425934,98.57400773096704
33200,87.44361015392718,1.234375,87.45255451494258,1.234375,86.21817951494258,98.58852036187338
33300,88.3424882123417,1.234375,88.35152246116294,1.234375,87.11714746116294,98.60288202668765
33400,89.25039969150598,1.234375,89.25952473147514,1.234375,88.02514973147514,98.61709436195919
33500,90.16743537424608,1.234375,90.17665211778352,1.234375,88.94227711778352,98.63115898515757
33600,91.0936869557249,1.234375,91.10299632442049,1.234375,89.86862132442049,98.64507749492195
33700,92.02924705261054,1.234375,92.03864997731581,1.234375,90.80427497731581,98.65885147130665
33800,92.97420921233746,1.234375,92.98370663325869,1.234375,91.74933163325869,98.67248247602286
33900,93.92866792246019,1.234375,93.93826078925244,1.234375,92.70388578925244,98.68597205267695
34000,94.89271862010125,1.234375,94.90240789196326,1.234375,93.66803289196326,98.69932172700486
34100,95.866457701494,1.234375,95.87624434726415,1.234375,94.64186934726415,98.7125330071033
34200,96.84998253162141,1.234375,96.85986752987458,1.234375,95.62549252987458,98.72560738365735
34300,97.8433914539515,1.234375,97.8533757930969,1.234375,96.6190007930969,98.73854633016444
34400,98.84678380027111,1.234375,98.85686847865115,1.234375,97.62249347865115,98.75135130315546
34500,99.86025990061782,1.234375,99.87044592660789,1.234375,98.63607092660789,98.76402374241214
34600,100.88392109331213,1.234375,100.89420948542146,1.234375,99.65983448542146,98.77656507118145
34700,101.9178697350906,1.234375,101.92826152206412,1.234375,100.69388652206412,98.7889766963868
34800,102.96220921134042,1.234375,102.97270543226156,1.234375,101.73833043226156,98.80126000883602
34900,104.01704394643673,1.234375,104.02764565083137,1.234375,102.79327065083137,98.8134163834264
35000,105.08247941418463,1.234375,105.09318766212606,1.234375,103.85881266212606,98.82544717934667
35100,106.15862214836508,1.234375,106.16943801057992,1.234375,104.93506301057992,98.837353740276
35200,107.2455797533879,1.234375,107.25650431136324,1.234375,106.02212931136324,98.84913739458015
35300,108.34346091505046,1.234375,108.35449526114196,1.234375,107.12012026114196,98.86079945550476
35400,109.45237541140581,1.234375,109.46352064894695,1.234375,108.22914564894695,98.87234122136573
35500,110.57243412373936,1.234375,110.58369136715173,1.234375,109.34931636715173,98.88376397573695
35600,111.70374904765616,1.234375,111.71511942256093,1.234375,110.48074442256093,98.89506898763543
35700,112.84643330427886,1.234375,112.8579179476093,1.234375,111.6235429476093,98.90625751170332
35800,114.00060115155947,1.234375,114.01220121167462,1.234375,112.77782621167462,98.91733078838794
35900,115.16636799570375,1.234375,115.17808463250333,1.234375,113.94370963250333,98.92829004411864
36000,116.34385040271073,1.234375,116.355684787751,1.234375,115.121309787751,98.93913649148155
36100,117.53316611002843,1.234375,117.54511942663945,1.234375,116.31074442663945,98.94987132939163
36200,118.7344340383265,1.234375,118.74650748173033,1.234375,117.51213248173033,98.96049574326224
36300,119.9477743033869,1.234375,119.95996908081723,1.234375,118.72559408081723,98.97101090517253
36400,121.17330822811493,1.234375,121.18562555893774,1.234375,119.95125055893774,98.98141797403218
36500,122.41115835466971,1.234375,122.42359947050518,1.234375,121.18922447050518,98.99171809574395
36600,123.66144845671799,1.234375,123.67401460156367,1.234375,122.43963960156367,99.001912403364
36700,124.92430355181003,1.234375,124.93699598216521,1.234375,123.70262098216521,99.01200201725979
36800,126.19984991387992,1.234375,126.21266989887131,1.234375,124.97829489887131,99.02198804526594
36900,127.48821508587243,1.234375,127.50116390738101,1.234375,126.26678890738101,99.03187158283772
37000,128.78952789249573,1.234375,128.80260684528497,1.234375,127.56823184528497,99.04165371320263
37100,130.10391845310275,1.234375,130.11712884494807,1.234375,128.88275384494807,99.0513355075096
37200,131.43151819470188,1.234375,131.44486134652135,1.234375,130.21048634652135,99.06091802497636
37300,132.77245986509874,1.234375,132.78593711108525,1.234375,131.55156211108525,99.07040231303459
37400,134.12687754616925,1.234375,134.14049023392388,1.234375,132.90611523392388,99.07978940747316
37500,135.4949066672672,1.234375,135.50865615793393,1.234375,134.27428115793393,99.08908033257939
37600,136.8766840187652,1.234375,136.89057168716707,1.234375,135.65619668716707,99.09827610127826
37700,138.2723477657335,1.234375,138.2863750005101,1.234375,137.0520000005101,99.10737771526989
37800,139.6820374617541,1.234375,139.6962056655003,1.234375,138.4618306655003,99.11638616516494
37900,141.1058940628754,1.234375,141.12020465228167,1.234375,139.88582965228167,99.12530243061829
38000,142.54405994170668,1.234375,142.55851434770085,1.234375,141.32413934770085,99.13412748046086
38100,143.99667890165384,1.234375,144.011278569544,1.234375,142.776903569544,99.14286227282962
38200,145.4638961912981,1.234375,145.47864258091724,1.234375,144.24426758091724,99.15150775529582
38300,146.94585851892026,1.234375,146.96075310477215,1.234375,145.72637810477215,99.16006486499155
38400,148.4427140671693,1.234375,148.457758338576,1.234375,147.223383338576,99.16853452873453
38500,149.9546125078801,1.234375,149.9698079691309,1.234375,148.7354329691309,99.17691766315119
38600,151.48170501703882,1.234375,151.49705318754053,1.234375,150.26267818754053,99.18521517479819
38700,153.0241442898991,1.234375,153.0396467043281,1.234375,151.8052717043281,99.19342796028221
38800,154.5820845562504,1.234375,154.59774276470603,1.234375,153.36336776470603,99.2015569063782
38900,156.15568159583947,1.234375,156.17149716399905,1.234375,154.93712216399905,99.20960289014597
39000,157.7450927539466,1.234375,157.761067263222,1.234375,156.526692263222,99.21756677904538
39100,159.35047695711953,1.234375,159.36661200481524,1.234375,158.13223700481524,99.22544943104977
39200,160.9719947290635,1.234375,160.98829192853643,1.234375,159.75391692853643,99.23325169475807
39300,162.6098082066931,1.234375,162.62626918751377,1.234375,161.39189418751377,99.24097440950531
39400,164.26408115634425,1.234375,164.28070756445987,1.234375,163.04633256445987,99.24861840547183
39500,165.9349789901486,1.234375,165.95177248804762,1.234375,164.71739748804762,99.25618450379076
39600,167.62266878257432,1.234375,167.6396310494526,1.234375,166.4052560494526,99.26367351665438
39700,169.32731928713144,1.234375,169.34445201906016,1.234375,168.11007701906016,99.27108624741892
39800,171.04910095324587,1.234375,171.0664058633412,1.234375,169.8320308633412,99.278423490708
39900,172.78818594330266,1.234375,172.805664761897,1.234375,171.571289761897,99.28568603251473
40000,174.54474814986023,1.234375,174.56240262467523,1.234375,173.32802762467523,99.29287465030255
40100,176.31896321303876,1.234375,176.33679510936005,1.234375,175.10242010936005,99.29999011310461
40200,178.11100853808225,1.234375,178.12901963893606,1.234375,176.89464463893606,99.30703318162192
40300,179.92106331309762,1.234375,179.93925541942895,1.234375,178.70488041942895,99.31400460832033
40400,181.7493085269715,1.234375,181.7676834578242,1.234375,180.5333084578242,99.32090513752605
40500,183.59592698746786,1.234375,183.6144865801666,1.234375,182.3801115801666,99.32773550552011
40600,185.46110333950656,1.234375,185.47984944984051,1.234375,184.24547444984051,99.33449644063151
40700,187.3450240836269,1.234375,187.36395858603527,1.234375,186.12958358603527,99.34118866332919
40800,189.24787759463536,1.234375,189.26700238239482,1.234375,188.03262738239482,99.34781288631281
40900,191.16985414044169,1.234375,191.18917112585572,1.234375,189.95479612585572,99.35436981460239
41000,193.11114590108394,1.234375,193.13065701567405,1.234375,191.89628201567405,99.36086014562679
41100,195.07194698794416,1.234375,195.09165418264297,1.234375,193.85727918264297,99.367284569311
41200,197.05245346315863,1.234375,197.07235870850494,1.234375,195.83798370850494,99.37364376816244
41300,199.05286335922173,1.234375,199.07296864555767,1.234375,197.83859364555767,99.37993841735602
41400,201.0733766987877,1.234375,201.0936840364576,1.234375,199.8593090364576,99.38616918481826
41500,203.1141955146705,1.234375,203.13470693422198,1.234375,201.90033193422198,99.39233673131017
41600,205.1755238700456,1.234375,205.1962414224326,1.234375,203.9618664224326,99.3984417105093
41700,207.25756787885476,1.234375,207.27849363564266,1.234375,206.04411863564266,99.40448476909052
41800,209.3605357264149,1.234375,209.38167177998753,1.234375,208.14729677998753,99.41046654680594
41900,211.48463769023513,1.234375,211.50598615400415,1.234375,210.27161115400415,99.41638767656382
42000,213.6300861610425,1.234375,213.6516491696586,1.234375,212.4172741696586,99.42224878450632
42100,215.79709566401917,1.234375,215.81887537358557,1.234375,214.58450037358557,99.42805049008653
42200,217.9858828802529,1.234375,218.00788146854092,1.234375,216.77350646854092,99.4337934061443
42300,220.19666666840303,1.234375,220.21888633506987,1.234375,218.98451133506987,99.4394781389813
42400,222.42966808658454,1.234375,222.4521110533932,1.234375,221.2177360533932,99.44510528843499
42500,224.68511041447155,1.234375,224.707778925513,1.234375,223.473403925513,99.45067544795182
42600,226.96321917562372,1.234375,226.98611549754128,1.234375,225.75174049754128,99.45618920465937
42700,229.26422216003633,1.234375,229.28734858225232,1.234375,228.05297358225232,99.4616471394377
42800,231.58834944691722,1.234375,231.61170828186192,1.234375,230.37733328186192,99.46704982698982
42900,233.93583342769182,1.234375,233.9594270110346,1.234375,232.7250520110346,99.47239783591118
43000,236.30690882924188,1.234375,236.3307395201248,1.234375,235.0963645201248,99.47769172875842
43100,238.7018127373741,1.234375,238.72588291864784,1.234375,237.49150791864784,99.48293206211719
43200,241.12078462052798,1.234375,241.14509669899005,1.234375,239.91072169899005,99.48811938666917
43300,243.56406635371962,1.234375,243.588622760355,1.234375,242.354247760355,99.49325424725835
43400,246.03190224272765,1.234375,246.05670543295193,1.234375,244.82233043295193,99.49833718295625
43500,248.52453904852095,1.234375,248.5495915024258,1.234375,247.3152165024258,99.50336872712666
43600,251.04222601193268,1.234375,251.06753023453388,1.234375,249.83315523453388,99.50834940748933
43700,253.58521487858218,1.234375,253.61077340007003,1.234375,252.37639840007003,99.51327974618303
43800,256.15375992404756,1.234375,256.17957530003997,1.234375,254.94520030003997,99.51816025982778
43900,258.7481179792903,1.234375,258.77419279108824,1.234375,257.53981779108824,99.52299145958634
44000,261.3685484563361,1.234375,261.3948853111817,1.234375,260.1605103111817,99.52777385122494
44100,264.01531337421426,1.234375,264.04191490555166,1.234375,262.80753990555166,99.53250793517327
44200,266.6886773851564,1.234375,266.7155462528949,1.234375,265.4811712528949,99.53719420658382
44300,269.3889078010599,1.234375,269.41604669184,1.234375,268.18167169184,99.54183315539036
44400,272.11627462021573,1.234375,272.14368624767775,1.234375,270.90931124767775,99.54642526636587
44500,274.87105055430726,1.234375,274.89873765936267,1.234375,273.66436265936267,99.55097101917958
44600,277.65351105567817,1.234375,277.68147640678376,1.234375,276.44710140678376,99.5554708884536
44700,280.4639343448749,1.234375,280.49218073830934,1.234375,279.25780573830934,99.55992534381853
44800,283.30260143846556,1.234375,283.3311316986094,1.234375,282.0967566986094,99.56433484996874
44900,286.16979617714094,1.234375,286.19861315675865,1.234375,284.96423815675865,99.56869986671671
45000,289.065805254095,1.234375,289.0949118346204,1.234375,287.8605368346204,99.57302084904693
45100,291.99091824369,1.234375,292.02031733551433,1.234375,290.78594233551433,99.57729824716895
45200,294.9454276304139,1.234375,294.97512217317694,1.234375,293.74074717317694,99.58153250657006
45300,297.9296288381246,1.234375,297.9596218010084,1.234375,296.7252468010084,99.58572406806707
45400,300.94382025959,1.234375,300.9741146416159,1.234375,299.7397396416159,99.58987336785762
45500,303.9883032863246,1.234375,304.01890211665324,1.234375,302.78452711665324,99.59398083757097
45600,307.0633823387248,1.234375,307.0942886769587,1.234375,305.8599136769587,99.59804690431788
45700,310.16936489651107,1.234375,310.20058183300074,1.234375,308.96620683300074,99.60207199074033
45800,313.3065615294695,1.234375,313.33809218562243,1.234375,312.10371718562243,99.60605651506017
45900,316.475285928508,1.234375,316.50713345710085,1.234375,315.27275845710085,99.61000089112768
46000,319.6758549370221,1.234375,319.7080225225158,1.234375,318.4736475225158,99.61390552846916
46100,322.90858858257656,1.234375,322.9410794414348,1.234375,321.7067044414348,99.61777083233419
46200,326.1738101089051,1.234375,326.206627489916,1.234375,324.972252489916,99.62159720374223
46300,329.47184600823147,1.234375,329.5049931928323,1.234375,328.2706181928323,99.6253850395288
46400,332.8030260539159,1.234375,332.8365063565213,1.234375,331.6021313565213,99.62913473239087
46500,336.1676833334304,1.234375,336.2015001017637,1.234375,334.9671251017637,99.63284667093205
46600,339.5661542816624,1.234375,339.6003108970906,1.234375,338.3659358970906,99.63652123970698
46700,342.9987787145567,1.234375,343.03327859242813,1.234375,341.79890359242813,99.6401588192653
46800,346.4658998630934,1.234375,346.5007464530797,1.234375,345.2663714530797,99.6437597861951
46900,349.96786440760803,1.234375,350.00306119404877,1.234375,348.76868619404877,99.647324513166
47000,353.505022512456,1.234375,353.5405730147072,1.234375,352.3061980147072,99.65085336897141
47100,357.07772786102674,1.234375,357.11363563381286,1.234375,355.87926063381286,99.65434671857064
47200,360.6863376911082,1.234375,360.7226063248773,1.234375,359.4882313248773,99.65780492313024
47300,364.33121283060683,1.234375,364.3678459518899,1.234375,363.1334709518899,99.66122834006516
47400,368.01271773362805,1.234375,368.0497190054014,1.234375,366.8153440054014,99.66461732307914
47500,371.7312205169183,1.234375,371.76859363897,1.234375,370.53421863897,99.66797222220478
47600,375.48709299667206,1.234375,375.5248417059717,1.234375,374.2904667059717,99.67129338384316
47700,379.2807107257113,1.234375,379.31883879678384,1.234375,378.08446379678384,99.67458115080298
47800,383.1124530310369,1.234375,383.15096427634,1.234375,381.91658927634,99.67783586233918
47900,386.9827030517578,1.234375,387.021601322063,1.234375,385.787226322063,99.68105785419125
48000,390.8918477774019,1.234375,390.9311369621796,1.234375,389.6967619621796,99.68424745862097
48100,394.84027808661074,1.234375,394.8799621144194,1.234375,393.6455871144194,99.68740500444984
48200,398.82838878622465,1.234375,398.86847162510327,1.234375,397.63409662510327,99.69053081709596
48300,402.85657865075865,1.234375,402.8970643086237,1.234375,401.6626893086237,99.69362521861056
48400,406.92525046227684,1.234375,406.96614298732305,1.234375,405.73176798732305,99.69668852771409
48500,411.0348110506679,1.234375,411.07611453177293,1.234375,409.84173953177293,99.69972105983194
48600,415.18567133432225,1.234375,415.2273899014557,1.234375,413.9930149014557,99.7027231271297
48700,419.3782463612221,1.234375,419.42038418585827,1.234375,418.18600918585827,99.705695038548
48800,423.6129553504415,1.234375,423.65551664597655,1.234375,422.42114164597655,99.70863709983706
48900,427.89022173406414,1.234375,427.93321075623754,1.234375,426.69883575623754,99.71154961359072
49000,432.21047319952334,1.234375,432.2538942468433,1.234375,431.0195192468433,99.71443287928018
49100,436.5741417323666,1.234375,436.6179991465399,1.234375,435.3836241465399,99.7172871932873
49200,440.9816636594505,1.234375,441.0259618258164,1.234375,439.7915868258164,99.72011284893756
49300,445.43347969256854,1.234375,445.4782230405378,1.234375,444.2438480405378,99.7229101365326
49400,449.930034972519,1.234375,449.9752279760163,1.234375,448.7408529760163,99.72567934338248
49500,454.47177911361484,1.234375,454.5174262915262,1.234375,453.2830512915262,99.72842075383744
49600,459.05916624864085,1.234375,459.1052721652657,1.234375,457.8708971652657,99.73113464931946
49700,463.6926550742634,1.234375,463.73922433977083,1.234375,462.50484933977083,99.73382130835333
49800,468.3727088968943,1.234375,468.419746167784,1.234375,467.185371167784,99.73648100659747
49900,473.0997956790192,1.234375,473.14730565858713,1.234375,471.91293065858713,99.73911401687432
50000,477.8743880859882,1.234375,477.9223755247968,1.234375,476.6880005247968,99.74172060920048
50100,482.6969635332785,1.234375,482.74543322963183,1.234375,481.51105822963183,99.7443010508164
50200,487.5680042342313,1.234375,487.6169610346547,1.234375,486.3825860346547,99.74685560621582
50300,492.48799724826927,1.234375,492.5374460479941,1.234375,491.3030710479941,99.74938453717492
50400,497.4574345295977,1.234375,497.50738027305067,1.234375,496.27300527305067,99.75188810278101
50500,502.47681297639537,1.234375,502.527260657693,1.234375,501.292885657693,99.75436655946098
50600,507.54663448049934,1.234375,507.5975891439474,1.234375,506.3632141439474,99.75682016100949
50700,512.6674059775901,1.234375,512.7188727181878,1.234375,511.48449771818775,99.7592491586167
50800,517.839639497876,1.234375,517.8916234618257,1.234375,516.6572484618257,99.76165380089586
50900,523.0638522173064,1.234375,523.1163586025281,1.234375,521.8819836025281,99.76403433391042
51000,528.3405665092683,1.234375,528.3936005659192,1.234375,527.1592255659192,99.766391001201
51100,533.6703099968257,1.234375,533.7238770278253,1.234375,532.4895020278253,99.76872404381196
51200,539.0536156054742,1.234375,539.1077209670347,1.234375,537.8733459670347,99.77103370031766
51300,544.4910216164319,1.234375,544.5456707185934,1.234375,543.3112957185934,99.77332020684857
51400,549.983071720462,1.234375,550.038270027634,1.234375,548.803895027634,99.77558379711688
51500,555.530315072235,1.234375,555.5860681037422,1.234375,554.3516931037422,99.77782470244205
51600,561.1333063452399,1.234375,561.1896196758744,1.234375,559.9552446758744,99.78004315177587
51700,566.7926057872484,1.234375,566.849485047827,1.234375,565.615110047827,99.78223937172743
51800,572.5087792763308,1.234375,572.5662301542583,1.234375,571.3318551542583,99.78441358658763
51900,578.2823983774433,1.234375,578.340426617281,1.234375,577.106051617281,99.78656601835361
52000,584.1140403995751,1.234375,584.1726518036149,1.234375,582.9382768036149,99.78869688675276
52100,590.004288453476,1.234375,590.0634888823213,1.234375,588.8291138823213,99.79080640926655
52200,595.9537315099614,1.234375,596.0135268831123,1.234375,594.7791518831123,99.79289480115405
52300,601.962964458805,1.234375,602.0233607552508,1.234375,600.7889857552508,99.79496227547526
52400,608.0325881682228,1.234375,608.0935914270395,1.234375,606.8592164270395,99.79700904311403
52500,614.1632095449512,1.234375,614.2248258659056,1.234375,612.9904508659056,99.799035312801
52600,620.3554415949344,1.234375,620.4176771390938,1.234375,619.1833021390938,99.80104129113599
52700,626.6099034846206,1.234375,626.6727644749691,1.234375,625.4383894749691,99.80302718261034
52800,632.9272206028718,1.234375,632.990713324932,1.234375,631.756338324932,99.80499318962893
52900,639.3080246234936,1.234375,639.3721554259558,1.234375,638.1377804259558,99.806939512532
53000,645.752953568404,1.234375,645.8177288637607,1.234375,644.5833538637607,99.80886634961668
53100,652.2626518714227,1.234375,652.3280781366097,1.234375,651.0937031366097,99.81077389715831
53200,658.8377704427138,1.234375,658.903854219758,1.234375,657.669479219758,99.81266234943159
53300,665.4789667338673,1.234375,665.5457146305406,1.234375,664.3113396305406,99.81453189873137
53400,672.1869048036384,1.234375,672.2543234941187,1.234375,671.0199484941187,99.81638273539333
53500,678.9622553843515,1.234375,679.0303516098899,1.234375,677.7959766098899,99.81821504781436
53600,685.8056959489614,1.234375,685.8744765185563,1.234375,684.6401015185563,99.8200290224728
53700,692.7179107787988,1.234375,692.7873825698766,1.234375,691.5530075698766,99.82182484394835
53800,699.6995910319896,1.234375,699.7697609910928,1.234375,698.5353859910928,99.82360269494187
53900,706.7514348125652,1.234375,706.8223099560464,1.234375,705.5879349560464,99.8253627562949
54000,713.8741472402671,1.234375,713.945734654991,1.234375,712.711359654991,99.82710520700897
54100,721.0684405210523,1.234375,721.1407473651043,1.234375,719.9063723651043,99.82883022426479
54200,728.3350340183064,1.234375,728.4080675217082,1.234375,727.1736925217082,99.8305379834411
54300,735.6746543247738,1.234375,735.7484217902062,1.234375,734.5140467902062,99.83222865813337
54400,743.0880353352113,1.234375,743.1625441387448,1.234375,741.9281691387448,99.83390242017236
54500,750.57591831977,1.234375,750.651175911602,1.234375,749.416800911602,99.8355594396424
54600,758.1390519981134,1.234375,758.2150659033131,1.234375,756.9806909033131,99.83719988489949
54700,765.7781926142876,1.234375,765.8549704335489,1.234375,764.6205954335489,99.83882392258926
54800,773.4941040123349,1.234375,773.5716534227361,1.234375,772.3372784227361,99.84043171766463
54900,781.2875577126711,1.234375,781.3658864684422,1.234375,780.1315114684422,99.8420234334034
55000,789.159332989232,1.234375,789.2384489225309,1.234375,788.0040739225309,99.84359923142554
55100,797.1102169473934,1.234375,797.190127969088,1.234375,795.955752969088,99.84515927171041
55200,805.1410046026737,1.234375,805.2217187031339,1.234375,803.9873437031339,99.8467037126137
55300,813.2524989602293,1.234375,813.3340242101253,1.234375,812.0996492101253,99.84823271088422
55400,821.4455110951475,1.234375,821.527855646257,1.234375,820.293480646257,99.84974642168049
55500,829.720860233544,1.234375,829.8040323195673,1.234375,828.5696573195673,99.85124499858725
55600,838.0793738344823,1.234375,838.1633817718657,1.234375,836.9290067718657,99.85272859363164
55700,846.5218876727087,1.234375,846.6067398614758,1.234375,845.3723648614758,99.85419735729934
55800,855.0492459222236,1.234375,855.1349508468157,1.234375,853.9005758468157,99.85565143855042
55900,863.6623012406907,1.234375,863.7488674708147,1.234375,862.5144924708147,99.85709098483517
56000,872.3619148546956,1.234375,872.4493510461809,1.234375,871.2149760461809,99.8585161421096
56100,881.1489566458603,1.234375,881.2372715415248,1.234375,880.0028965415248,99.85992705485087
56200,890.0243052378224,1.234375,890.1135076683462,1.234375,888.8791326683462,99.86132386607261
56300,898.9888480840896,1.234375,899.0789469688979,1.234375,897.8445719688979,99.86270671733985
56400,908.0434815567785,1.234375,908.1344859049341,1.234375,906.9001109049341,99.86407574878406
56500,917.189111036243,1.234375,917.2810299473466,1.234375,916.0466549473466,99.86543109911791
56600,926.426651001603,1.234375,926.519493666703,1.234375,925.285118666703,99.86677290564984
56700,935.7570251221837,1.234375,935.8508008246959,1.234375,934.6164258246959,99.86810130429848
56800,945.1811663498767,1.234375,945.2758844665116,1.234375,944.0415094665116,99.86941642960704
56900,954.7000170124232,1.234375,954.7956870141244,1.234375,953.5613120141244,99.87071841475739
57000,964.3145289076409,1.234375,964.4111603605317,1.234375,963.1767853605317,99.87200739158405
57100,974.0256633985936,1.234375,974.1232659649334,1.234375,972.8888909649334,99.8732834905881
57200,983.8343915097189,1.234375,983.9329749488699,1.234375,982.6985999488699,99.87454684095081
57300,993.741694023922,1.234375,993.8412681933244,1.234375,992.6068931933244,99.87579757054726
57400,1003.7485615806446,1.234375,1003.8491364368026,1.234375,1002.6147614368026,99.87703580595971
57500,1013.8559947749206,1.234375,1013.957580374398,1.234375,1012.723205374398,99.87826167249085
57600,1024.0650042574252,1.234375,1024.167610757851,1.234375,1022.933235757851,99.87947529417703
57700,1034.376610835532,1.234375,1034.4802484966153,1.234375,1033.2458734966153,99.88067679380114
57800,1044.7918455753816,1.234375,1044.896524759939,1.234375,1043.662149759939,99.88186629290556
57900,1055.3117499049874,1.234375,1055.417481079978,1.234375,1054.183106079978,99.88304391180475
58000,1065.9373757183544,1.234375,1066.044169455926,1.234375,1064.809794455926,99.88420976959802
58100,1076.6697854806703,1.234375,1076.7776524592182,1.234375,1075.5432774592182,99.8853639841818
58200,1087.510052334541,1.234375,1087.6190033397743,1.234375,1086.3846283397743,99.88650667226212
58300,1098.459260207289,1.234375,1098.5693061333095,1.234375,1097.3349311333095,99.88763794936665
58400,1109.5185039193425,1.234375,1109.6296557697344,1.234375,1108.3952807697344,99.8887579298569
58500,1120.6888892937066,1.234375,1120.8011581826358,1.234375,1119.5667831826358,99.88986672694008
58600,1131.971533266528,1.234375,1132.0849304198546,1.234375,1130.8505554198546,99.89096445268093
58700,1143.3675639987914,1.234375,1143.4821007551911,1.234375,1142.2477257551911,99.8920512180134
58800,1154.878120989115,1.234375,1154.9938088012138,1.234375,1153.7594338012138,99.89312713275224
58900,1166.5043551876906,1.234375,1166.6212056232093,1.234375,1165.3868306232093,99.8941923056044
59000,1178.2474291113751,1.234375,1178.3654538542862,1.234375,1177.1310788542862,99.89524684418043
59100,1190.108516959925,1.234375,1190.227727811621,1.234375,1188.993352811621,99.89629085500557
59200,1202.0888047334067,1.234375,1202.20921361388,1.234375,1200.97483861388,99.89732444353096
59300,1214.1894903507862,1.234375,1214.3111092998213,1.234375,1213.0767342998213,99.89834771414453
59400,1226.4117837697124,1.234375,1226.5346249480892,1.234375,1225.3002499480892,99.89936077018191
59500,1238.7569071074988,1.234375,1238.8809827982095,1.234375,1237.6466077982095,99.90036371393708
59600,1251.2260947633265,1.234375,1251.3514173728029,1.234375,1250.1170423728029,99.90135664667312
59700,1263.820593541667,1.234375,1263.9471756010212,1.234375,1262.7128006010212,99.90233966863266
59800,1276.5416627769598,1.234375,1276.6695169432373,1.234375,1275.4351419432373,99.90331287904833
59900,1289.3905744595259,1.234375,1289.5197135169717,1.234375,1288.2853385169717,99.90427637615299
60000,1302.3686133627625,1.234375,1302.4990502240987,1.234375,1301.2646752240987,99.90523025719
60100,1315.4770771716057,1.234375,1315.6088248793228,1.234375,1314.3744498793228,99.90617461842328
60200,1328.7172766122837,1.234375,1328.850348339945,1.234375,1327.615973339945,99.90710955514727
60300,1342.0905355833834,1.234375,1342.2249446369417,1.234375,1340.9905696369417,99.90803516169684
60400,1355.5981912882244,1.234375,1355.733951107353,1.234375,1354.499576107353,99.90895153145706
60500,1369.2415943685648,1.234375,1369.3787185280016,1.234375,1368.1443435280016,99.90985875687284
60600,1383.0221090396603,1.234375,1383.1606112505642,1.234375,1381.9262362505642,99.91075692945854
60700,1396.9411132266653,1.234375,1397.0810073379878,1.234375,1395.8466323379878,99.91164613980746
60800,1410.9999987024191,1.234375,1411.1412987022893,1.234375,1409.9069237022893,99.91252647760113
60900,1425.2001712266053,1.234375,1425.342891243728,1.234375,1424.108516243728,99.91339803161871
61000,1439.5430506863222,1.234375,1439.6872049913907,1.234375,1438.4528299913907,99.91426088974602
61100,1454.0300712380467,1.234375,1454.1756742451705,1.234375,1452.9412992451705,99.91511513898479
61200,1468.6626814510494,1.234375,1468.8097477191943,1.234375,1467.5753727191943,99.91596086546153
61300,1483.4423444522286,1.234375,1483.5908886866737,1.234375,1482.3565136866737,99.91679815443645
61400,1498.3705380724164,1.234375,1498.5205751262235,1.234375,1497.2862001262235,99.91762709031232
61500,1513.4487549941446,1.234375,1513.600299869644,1.234375,1512.365924869644,99.91844775664312
61600,1528.6785029008997,1.234375,1528.8315707511897,1.234375,1527.5971957511897,99.91926023614272
61700,1544.0613046278775,1.234375,1544.2159107583402,1.234375,1542.9815357583402,99.92006461069334
61800,1559.5986983142525,1.234375,1559.7548581840838,1.234375,1558.5204831840838,99.92086096135408
61900,1575.2922375569785,1.234375,1575.4499667807343,1.234375,1574.2155917807343,99.92164936836919
62000,1591.1434915661373,1.234375,1591.302805915294,1.234375,1590.068430915294,99.92242991117647
62100,1607.1540453218356,1.234375,1607.3149607263676,1.234375,1606.0805857263676,99.92320266841527
62200,1623.325499732699,1.234375,1623.488032282672,1.234375,1622.253657282672,99.92396771793479
62300,1639.6594717959408,1.234375,1639.8236377431203,1.234375,1638.5892627431203,99.92472513680197
62400,1656.157594759053,1.234375,1656.3234105185288,1.234375,1655.0890355185288,99.92547500130947
62500,1672.8215182831125,1.234375,1672.9890004349406,1.234375,1671.7546254349406,99.92621738698347
62600,1689.6529086077294,1.234375,1689.8220738985901,1.234375,1688.5876988985901,99.92695236859156
62700,1706.6534487176616,1.234375,1706.8243140625334,1.234375,1705.5899390625334,99.92768002015029
62800,1723.8248385110953,1.234375,1723.9974209949464,1.234375,1722.7630459949464,99.9284004149329
62900,1741.1687949696172,1.234375,1741.3431118491142,1.234375,1740.1087368491142,99.92911362547676
63000,1758.6870523299021,1.234375,1758.863121035135,1.234375,1757.628746035135,99.92981972359091
63100,1776.3813622571136,1.234375,1776.559200393339,1.234375,1775.324825393339,99.93051878036337
63200,1794.2534940200612,1.234375,1794.4331193694632,1.234375,1793.1987443694632,99.93121086616848
63300,1812.3052346681036,1.234375,1812.4866651915704,1.234375,1811.2522901915704,99.93189605067414
63400,1830.5383892098491,1.234375,1830.7216430487701,1.234375,1829.4872680487701,99.9325744028489
63500,1848.954780793626,1.234375,1849.1398762717054,1.234375,1847.9055012717054,99.93324599096913
63600,1867.5562508897897,1.234375,1867.7432065148787,1.234375,1866.5088315148787,99.93391088262592
63700,1886.3446594748495,1.234375,1886.533493940797,1.234375,1885.299118940797,99.93456914473214
63800,1905.3218852174525,1.234375,1905.5126174059742,1.234375,1904.2782424059742,99.93522084352921
63900,1924.4898256662284,1.234375,1924.682474648795,1.234375,1923.448099648795,99.93586604459391
64000,1943.850397439531,1.234375,1944.044982479275,1.234375,1942.810607479275,99.93650481284514
64100,1963.4055364170815,1.234375,1963.6020769707231,1.234375,1962.3677019707231,99.93713721255051
64200,1983.1571979335347,1.234375,1983.355713653328,1.234375,1982.121338653328,99.937763307333
64300,2003.107356974001,1.234375,2003.3078677096985,1.234375,2002.0734927096985,99.93838316017741
64400,2023.2580083715236,1.234375,2023.4605341723607,1.234375,2022.2261591723607,99.93899683343689
64500,2043.6111670065422,1.234375,2043.815728123243,1.234375,2042.581353123243,99.93960438883923
64600,2064.1688680083676,1.234375,2064.3754848951685,1.234375,2063.1411098951685,99.94020588749325
64700,2084.933166958667,1.234375,2085.1418602753624,1.234375,2083.9074852753624,99.94080138989503
64800,2105.9061400970086,1.234375,2106.116930711018,1.234375,2104.882555711018,99.9413909559341
64900,2127.0898845284755,1.234375,2127.3027935169284,1.234375,2126.0684185169284,99.94197464489955
65000,2148.4865184333394,1.234375,2148.7015670851824,1.234375,2147.4671920851824,99.94255251548616
65100,2170.0981812788727,1.234375,2170.3153910970004,1.234375,2169.0810160970004,99.94312462580031
65200,2191.9270340332682,1.234375,2192.1464267366714,1.234375,2190.9120517366714,99.94369103336598
65300,2213.9752593817225,1.234375,2214.1968569076607,1.234375,2212.9624819076607,99.94425179513064
65400,2236.245061944676,1.234375,2236.4688864508703,1.234375,2235.2345114508703,99.944806967471
65500,2258.7386684982625,1.234375,2258.964742365112,1.234375,2257.730367365112,99.94535660619883
65600,2281.458328196962,1.234375,2281.686674029782,1.234375,2280.452299029782,99.9459007665667
65700,2304.406312798499,1.234375,2304.6369534297787,1.234375,2303.4025784297787,99.94643950327348
65800,2327.584916890994,1.234375,2327.817875382683,1.234375,2326.583500382683,99.94697287047008
65900,2350.9964581224035,1.234375,2351.2317577682156,1.234375,2349.9973827682156,99.94750092176487
66000,2374.6432774322598,1.234375,2374.8809417600028,1.234375,2373.6465667600028,99.94802371022922
66100,2398.5277392857533,1.234375,2398.767792059682,1.234375,2397.533417059682,99.94854128840291
66200,2422.6522319101437,1.234375,2422.8946971333344,1.234375,2421.6603221333344,99.9490537082994
66300,2447.019167533572,1.234375,2447.264069450325,1.234375,2446.029694450325,99.94956102141126
66400,2471.630982626255,1.234375,2471.8783457245177,1.234375,2470.6439707245177,99.95006327871535
66500,2496.4901381441114,1.234375,2496.7399871579255,1.234375,2495.5056121579255,99.95056053067805
66600,2521.5991197748363,1.234375,2521.8514796868135,1.234375,2520.6171046868135,99.95105282726033
66700,2546.9604381864465,1.234375,2547.215334230265,1.234375,2545.980959230265,99.951540217923
66800,2572.5766292783237,1.234375,2572.8340869412514,1.234375,2571.5997119412514,99.95202275163155
66900,2598.45025443478,1.234375,2598.7102994602237,1.234375,2597.4759244602237,99.95250047686129
67000,2624.5839007811765,1.234375,2624.8465591712543,1.234375,2623.6121841712543,99.95297344160225
67100,2650.9801814426073,1.234375,2651.2454794607515,1.234375,2650.0111044607515,99.95344169336403
67200,2677.6417358051954,1.234375,2677.9096999787757,1.234375,2676.6753249787757,99.95390527918063
67300,2704.5712297799982,1.234375,2704.841886902976,1.234375,2703.607511902976,99.95436424561535
67400,2731.7713560695797,1.234375,2732.0447332051867,1.234375,2730.8103582051867,99.9548186387654
67500,2759.2448344372547,1.234375,2759.5209589206984,1.234375,2758.2865839206984,99.95526850426667
67600,2786.9944119790407,1.234375,2787.2733114202383,1.234375,2786.0389364202383,99.9557138872983
67700,2815.0228633983425,1.234375,2815.304565684682,1.234375,2814.070190684682,99.95615483258736
67800,2843.3329912833956,1.234375,2843.617524582524,1.234375,2842.383149582524,99.95659138441337
67900,2871.927626387499,1.234375,2872.215019150138,1.234375,2870.980644150138,99.95702358661276
68000,2900.809627912069,1.234375,2901.0999088748604,1.234375,2899.8655338748604,99.95745148258341
68100,2929.981883792525,1.234375,2930.2750819809044,1.234375,2929.0407069809044,99.95787511528899
68200,2959.4473109870687,1.234375,2959.7434557181673,1.234375,2958.5090807181673,99.95829452726332
68300,2989.208855768338,1.234375,2989.5079766539147,1.234375,2988.2736016539147,99.95870976061481
68400,3019.269494018022,1.234375,3019.5716209674238,1.234375,3018.3372459674238,99.95912085703056
68500,3049.6322315244124,1.234375,3049.9373947475647,1.234375,3048.7030197475647,99.95952785778076
68600,3080.3001042829546,1.234375,3080.608334293383,1.234375,3079.373959293383,99.9599308037228
68700,3111.276178799827,1.234375,3111.587506417707,1.234375,3110.353131417707,99.9603297353054
68800,3142.563552398562,1.234375,3142.8780087538016,1.234375,3141.6436337538016,99.9607246925728
68900,3174.1653535297355,1.234375,3174.4829700650885,1.234375,3173.2485950650885,99.96111571516873
69000,3206.0847420838045,1.234375,3206.4055505580127,1.234375,3205.1711755580127,99.96150284234055
69100,3238.324909707051,1.234375,3238.648942198022,1.234375,3237.414567198022,99.96188611294306
69200,3270.8890801207303,1.234375,3271.2163690287425,1.234375,3269.9819940287425,99.96226556544266
69300,3303.780509443401,1.234375,3304.111087494345,1.234375,3302.876712494345,99.96264123792109
69400,3337.0024865165137,1.234375,3337.336386765165,1.234375,3336.102011765165,99.96301316807934
69500,3370.558333233271,1.234375,3370.895589066594,1.234375,3369.661214066594,99.9633813932415
69600,3404.4514048707715,1.234375,3404.7920500112587,1.234375,3403.5576750112587,99.96374595035853
69700,3438.685090425518,1.234375,3439.02915893456,1.234375,3437.79478393456,99.964106876012
69800,3473.2628129522836,1.234375,3473.610339233579,1.234375,3472.375964233579,99.9644642064178
69900,3508.1880299063832,1.234375,3508.5390487093737,1.234375,3507.3046737093737,99.96481797742983
70000,3543.464233489393,1.234375,3543.818779912742,1.234375,3542.584404912742,99.96516822454362
70100,3579.0949509983316,1.234375,3579.453060493431,1.234375,3578.218685493431,99.96551498289993
70200,3615.0837451783636,1.234375,3615.445453552881,1.234375,3614.211078552881,99.96585828728831
70300,3651.434214579034,1.234375,3651.7995580004917,1.234375,3650.5651830004917,99.96619817215061
70400,3688.1499939141004,1.234375,3688.5190089134917,1.234375,3687.2846339134917,99.96653467158453
70500,3725.2347544249583,1.234375,3725.6074779004007,1.234375,3724.3731029004007,99.96686781934699
70600,3762.6922042477454,1.234375,3763.06867346817,1.234375,3761.83429846817,99.96719764885762
70700,3800.5260887841137,1.234375,3800.906341392992,1.234375,3799.671966392992,99.9675241932021
70800,3838.7401910757326,1.234375,3839.12426509484,1.234375,3837.88989009484,99.96784748513554
70900,3877.338332182567,1.234375,3877.726266015785,1.234375,3876.491891015785,99.96816755708576
71000,3916.324371564936,1.234375,3916.7162040020926,1.234375,3915.4818290020926,99.96848444115663
71100,3955.702207469437,1.234375,3956.0979776901836,1.234375,3954.8636026901836,99.96879816913128
71200,3995.475777318725,1.234375,3995.8755248964567,1.234375,3994.6411498964567,99.9691087724753
71300,4035.649058105228,1.234375,4036.0528230110385,1.234375,4034.8184480110385,99.96941628233995
71400,4076.2260667887995,1.234375,4076.633889395478,1.234375,4075.399514395478,99.96972072956537
71500,4117.210860698402,1.234375,4117.622781784472,1.234375,4116.388406784472,99.97002214468357
71600,4158.607537937759,1.234375,4159.023598691553,1.234375,4157.789223691553,99.97032055792161
71700,4200.420237795146,1.234375,4200.840479818926,1.234375,4199.606104818926,99.97061599920468
71800,4242.653141157288,1.234375,4243.077606471404,1.234375,4241.843231471404,99.97090849815903
71900,4285.310470927417,1.234375,4285.739201974509,1.234375,4284.504826974509,99.97119808411507
72000,4328.396492447522,1.234375,4328.829532096767,1.234375,4327.595157096767,99.97148478611025
72100,4371.915513924834,1.234375,4372.352905476227,1.234375,4371.118530476227,99.97176863289205
72200,4415.871886862597,1.234375,4416.313674051284,1.234375,4415.079299051284,99.97204965292087
72300,4460.270006495224,1.234375,4460.716233495874,1.234375,4459.481858495874,99.97232787437294
72400,4505.114312227711,1.234375,4505.565023658934,1.234375,4504.330648658934,99.97260332514306
72500,4550.409288079599,1.234375,4550.864529008407,1.234375,4549.630154008407,99.97287603284757
72600,4596.159463133307,1.234375,4596.619279079621,1.234375,4595.384904079621,99.97314602482703
72700,4642.369411986994,1.234375,4642.833848928193,1.234375,4641.599473928193,99.97341332814904
72800,4689.043755211992,1.234375,4689.512859587514,1.234375,4688.278484587514,99.97367796961093
72900,4736.187159814805,1.234375,4736.660978530787,1.234375,4735.426603530787,99.97393997574251
73000,4783.8043397037845,1.234375,4784.282920137755,1.234375,4783.048545137755,99.97419937280874
73100,4831.900056160466,1.234375,4832.383446166083,1.234375,4831.149071166083,99.97445618681235
73200,4880.47911831565,1.234375,4880.967366227483,1.234375,4879.732991227483,99.97471044349649
73300,4929.54638363028,1.234375,4930.039538268643,1.234375,4928.805163268643,99.97496216834737
73400,4979.106758381151,1.234375,4979.60486905699,1.234375,4978.37049405699,99.97521138659675
73500,5029.165198151461,1.234375,5029.668314671276,1.234375,5028.433939671276,99.97545812322456
73600,5079.726708326358,1.234375,5080.234880997191,1.234375,5079.000505997191,99.97570240296139
73700,5130.796344593417,1.234375,5131.309624227877,1.234375,5130.075249227877,99.97594425029096
73800,5182.379213448171,1.234375,5182.897651369516,1.234375,5181.663276369516,99.97618368945268
73900,5234.4804727046885,1.234375,5235.004120751959,1.234375,5233.769745751959,99.97642074444398
74000,5287.105332011349,1.234375,5287.63424254455,1.234375,5286.39986754455,99.97665543902285
74100,5340.259053371728,1.234375,5340.793279277066,1.234375,5339.558904277066,99.9768877967101
74200,5393.9469516707595,1.234375,5394.486546365927,1.234375,5393.252171365927,99.97711784079189
74300,5448.174395206168,1.234375,5448.719412645689,1.234375,5447.485037645689,99.97734559432195
74400,5502.946806225271,1.234375,5503.497300905894,1.234375,5502.262925905894,99.97757108012397
74500,5558.269661467132,1.234375,5558.8256884332795,1.234375,5557.5913134332795,99.9777943207939
74600,5614.148492710183,1.234375,5614.710107559455,1.234375,5613.475732559455,99.9780153387022
74700,5670.588887325367,1.234375,5671.1561462141,1.234375,5669.9217712141,99.97823415599615
74800,5727.59648883483,1.234375,5728.1694484837135,1.234375,5726.9350734837135,99.978450794602
74900,5785.176997476188,1.234375,5785.7557151759365,1.234375,5784.5213401759365,99.97866527622723
75000,5843.336170772526,1.234375,5843.920704389604,1.234375,5842.686329389604,99.97887762236279
75100,5902.079824108092,1.234375,5902.670232090503,1.234375,5901.435857090503,99.97908785428518
75200,5961.413831309785,1.234375,5962.010172692916,1.234375,5960.775797692916,99.97929599305863
75300,6021.344125234469,1.234375,6021.946459646993,1.234375,6020.712084646993,99.97950205953721
75400,6081.876698362225,1.234375,6082.485086032062,1.234375,6081.250711032062,99.97970607436696
75500,6143.017603395528,1.234375,6143.632105155868,1.234375,6142.397730155868,99.97990805798797
75600,6204.772953864469,1.234375,6205.393631159855,1.234375,6204.159256159855,99.98010803063642
75700,6267.148924738044,1.234375,6267.775839630518,1.234375,6266.541464630518,99.9803060123466
75800,6330.151753041614,1.234375,6330.784968216919,1.234375,6329.550593216919,99.98050202295296
75900,6393.787738480532,1.234375,6394.427317254381,1.234375,6393.192942254381,99.98069608209215
76000,6458.063244070064,1.234375,6458.709250394471,1.234375,6457.474875394471,99.98088820920489
76100,6522.984696771615,1.234375,6523.637195241292,1.234375,6522.402820241292,99.98107842353802
76200,6588.558588135389,1.234375,6589.217643994203,1.234375,6587.983268994203,99.9812667441464
76300,6654.791474949486,1.234375,6655.457154096981,1.234375,6654.222779096981,99.98145318989485
76400,6721.6899798955055,1.234375,6722.362348893495,1.234375,6721.127973893495,99.98163777946003
76500,6789.26079221075,1.234375,6789.9399182899715,1.234375,6788.7055432899715,99.98182053133232
76600,6857.510668357101,1.234375,6858.196619423938,1.234375,6856.962244423938,99.98200146381771
76700,6926.446432696608,1.234375,6927.139277339878,1.234375,6925.904902339878,99.98218059503961
76800,6996.074978173837,1.234375,6996.774785671654,1.234375,6995.540410671654,99.98235794294068
76900,7066.403267005134,1.234375,7067.110107331835,1.234375,7065.875732331835,99.9825335252847
77000,7137.438331374755,1.234375,7138.152275207893,1.234375,7136.917900207893,99.98270735965824
77100,7209.1872741380375,1.234375,7209.908392865452,1.234375,7208.674017865452,99.9828794634725
77200,7281.65726953161,1.234375,7282.3856352585635,1.234375,7281.1512602585635,99.98304985396511
77300,7354.85556389076,1.234375,7355.5912494471495,1.234375,7354.3568744471495,99.98321854820178
77400,7428.78947637399,1.234375,7429.532555321627,1.234375,7428.298180321627,99.98338556307804
77500,7503.466399694879,1.234375,7504.216946334849,1.234375,7502.982571334849,99.98355091532099
77600,7578.893800861281,1.234375,7579.651890241368,1.234375,7578.417515241368,99.98371462149088
77700,7655.079221921951,1.234375,7655.844929844144,1.234375,7654.610554844144,99.9838766979829
77800,7732.030280720687,1.234375,7732.80368374876,1.234375,7731.56930874876,99.98403716102875
77900,7809.754671658036,1.234375,7810.535847125203,1.234375,7809.301472125203,99.98419602669829
78000,7888.260166460679,1.234375,7889.049192477325,1.234375,7887.814817477325,99.98435331090117
78100,7967.554614958523,1.234375,7968.35157042002,1.234375,7967.11719542002,99.98450902938843
78200,8047.645945869612,1.234375,8048.450910464199,1.234375,8047.216535464199,99.98466319775406
78300,8128.542167592928,1.234375,8129.3552218096875,1.234375,8128.1208468096875,99.98481583143656
78400,8210.25136900915,1.234375,8211.07259414605,1.234375,8209.83821914605,99.98496694572059
78500,8292.781720289477,1.234375,8293.611198461505,1.234375,8292.376823461505,99.98511655573836
78600,8376.141473712587,1.234375,8376.979287859958,1.234375,8375.744912859958,99.98526467647127
78700,8460.338964489747,1.234375,8461.185198386196,1.234375,8459.950823386196,99.98541132275139
78800,8545.382611598281,1.234375,8546.23734985944,1.234375,8545.00297485944,99.98555650926288
78900,8631.280918623404,1.234375,8632.144246715266,1.234375,8630.909871715266,99.98570025054354
79000,8718.042474608481,1.234375,8718.914478855942,1.234375,8717.680103855942,99.9858425609863
79100,8805.675954913866,1.234375,8806.556722509358,1.234375,8805.322347509358,99.98598345484059
79200,8894.190122084328,1.234375,8895.079741096537,1.234375,8893.845366096537,99.98612294621377
79300,8983.593826725297,1.234375,8984.49238610797,1.234375,8983.25801110797,99.98626104907264
79400,9073.896008387754,1.234375,9074.803597988594,1.234375,9073.569222988594,99.98639777724475
79500,9165.105696462168,1.234375,9166.022407031815,1.234375,9164.788032031815,99.98653314441984
79600,9257.232011081325,1.234375,9258.157934282433,1.234375,9256.923559282433,99.98666716415121
79700,9350.28416403228,1.234375,9351.219392448684,1.234375,9349.985017448684,99.98679984985705
79800,9444.271459677395,1.234375,9445.216086823362,1.234375,9443.981711823362,99.98693121482184
79900,9539.20329588478,1.234375,9540.157416214368,1.234375,9538.923041214368,99.98706127219764
80000,9635.089164967889,1.234375,9636.052873884386,1.234375,9634.818498884386,99.98719003500545
80100,9731.938654634767,1.234375,9732.912048500231,1.234375,9731.677673500231,99.9873175161365
80200,9829.761448946665,1.234375,9830.74462509156,1.234375,9829.51025009156,99.9874437283535
80300,9928.567329286381,1.234375,9929.56038601931,1.234375,9928.32601101931,99.98756868429203
80400,10028.3661753363,1.234375,10029.369211953834,1.234375,10028.134836953834,99.9876923964617
80500,10129.167966066276,1.234375,10130.181082862882,1.234375,10128.946707862882,99.98781487724747
80600,10230.982780731454,1.234375,10232.006079009527,1.234375,10230.771704009527,99.98793613891091
80700,10333.820799880052,1.234375,10334.85438196004,1.234375,10333.62000696004,99.98805619359132
80800,10437.692306371404,1.234375,10438.736275602041,1.234375,10437.501900602041,99.98817505330713
80900,10542.607686404072,1.234375,10543.662147172712,1.234375,10542.427772172712,99.98829272995692
81000,10648.57743055441,1.234375,10649.642488297464,1.234375,10648.408113297464,99.98840923532074
81100,10755.612134825536,1.234375,10756.687896039019,1.234375,10755.453521039019,99.98852458106128
81200,10863.722501706789,1.234375,10864.80907395696,1.234375,10863.57469895696,99.98863877872499
81300,10972.919341243945,1.234375,10974.01683317807,1.234375,10972.78245817807,99.98875183974324
81400,11083.213572120048,1.234375,11084.32209347726,1.234375,11083.08771847726,99.98886377543353
81500,11194.616222747254,1.234375,11195.73588436953,1.234375,11194.50150936953,99.9889745970006
81600,11307.138432369515,1.234375,11308.269346212752,1.234375,11307.034971212752,99.98908431553753
81700,11420.79145217643,1.234375,11421.93373132165,1.234375,11420.69935632165,99.98919294202683
81800,11535.586646428232,1.234375,11536.740405092874,1.234375,11535.506030092874,99.98930048734168
81900,11651.535493592151,1.234375,11652.70084714151,1.234375,11651.46647214151,99.98940696224685
82000,11768.649587490128,1.234375,11769.826652448877,1.234375,11768.592277448877,99.98951237739986
82100,11886.940638458094,1.234375,11888.12953252194,1.234375,11886.89515752194,99.98961674335207
82200,12006.420474516894,1.234375,12007.621316564346,1.234375,12006.386941564346,99.98972007054971
82300,12127.101042554994,1.234375,12128.31395265925,1.234375,12127.07957765925,99.98982236933495
82400,12248.994409523058,1.234375,12250.219508964012,1.234375,12248.985133964012,99.98992364994686
82500,12372.112763640513,1.234375,12373.350174916877,1.234375,12372.115799916877,99.9900239225226
82600,12496.468415614281,1.234375,12497.718262455843,1.234375,12496.483887455843,99.99012319709823
82700,12622.073799869724,1.234375,12623.336207249711,1.234375,12622.101832249711,99.99022148360993
82800,12748.94147579398,1.234375,12750.216569941558,1.234375,12748.982194941558,99.9903187918948
82900,12877.084128991777,1.234375,12878.372037404677,1.234375,12877.137662404677,99.990415131692
83000,13006.5145725539,1.234375,13007.815424011156,1.234375,13006.581049011156,99.99051051264364
83100,13137.245748338353,1.234375,13138.559672913187,1.234375,13137.325297913187,99.9906049442958
83200,13269.290728264452,1.234375,13270.617857337278,1.234375,13269.383482337278,99.99069843609944
83300,13402.66271561986,1.234375,13404.003181891421,1.234375,13402.768806891421,99.99079099741137
83400,13537.375046380846,1.234375,13538.728983885485,1.234375,13537.494608885485,99.99088263749523
83500,13673.441190545725,1.234375,13674.80873466478,1.234375,13673.57435966478,99.99097336552232
83600,13810.874753481734,1.234375,13812.256040957081,1.234375,13811.021665957081,99.99106319057263
83700,13949.689477285472,1.234375,13951.084646233201,1.234375,13949.850271233201,99.9911521216357
83800,14089.899242156966,1.234375,14091.308432081181,1.234375,14090.074057081181,99.99124016761147
83900,14231.518067787529,1.234375,14232.941419594308,1.234375,14231.707044594308,99.9913273373113
84000,14374.560114761673,1.234375,14375.997770773149,1.234375,14374.763395773149,99.99141363945876
84100,14519.039685972979,1.234375,14520.491789941576,1.234375,14519.257414941576,99.99149908269047
84200,14664.971228054279,1.234375,14666.437925177084,1.234375,14665.203550177084,99.9915836755571
84300,14812.369332822187,1.234375,14813.850769755469,1.234375,14812.616394755469,99.9916674265241
84400,14961.248738736147,1.234375,14962.74506361002,1.234375,14961.51068861002,99.99175034397263
84500,15111.62433237213,1.234375,15113.135694805367,1.234375,15111.901319805367,99.99183243620035
84600,15263.511149911166,1.234375,15265.037701026158,1.234375,15263.803326026158,99.9919137114223
84700,15416.924378642832,1.234375,15418.466271080697,1.234375,15417.231896080697,99.99199417777166
84800,15571.879358483826,1.234375,15573.436746419675,1.234375,15572.202371419675,99.99207384330062
84900,15728.391583511844,1.234375,15729.964622670195,1.234375,15728.730247670195,99.99215271598119
85000,15886.476703514785,1.234375,15888.065551185136,1.234375,15886.831176185136,99.99223080370594
85100,16046.150525555666,1.234375,16047.755340608222,1.234375,16046.520965608222,99.99230811428887
85200,16207.429015553149,1.234375,16209.049958454705,1.234375,16207.815583454705,99.99238465546615
85300,16370.328299877949,1.234375,16371.965532707936,1.234375,16370.731157707936,99.99246043489687
85400,16534.864666965223,1.234375,16536.51835343192,1.234375,16535.28397843192,99.99253546016388
85500,16701.054568943688,1.234375,16702.72487440058,1.234375,16701.49049940058,99.99260973877448
85600,16868.914623280292,1.234375,16870.601714742617,1.234375,16869.367339742617,99.9926832781612
85700,17038.46161444187,1.234375,17040.16566060331,1.234375,17038.93128560331,99.99275608568259
85800,17209.712495573494,1.234375,17211.43366682305,1.234375,17210.19929182305,99.99282816862386
85900,17382.684390193583,1.234375,17384.4228586326,1.234375,17383.1884836326,99.99289953419772
86000,17557.394593906163,1.234375,17559.15053336555,1.234375,17557.91615836555,99.99297018954502
86100,17733.860576130246,1.234375,17735.634162187856,1.234375,17734.399787187856,99.99304014173549
86200,17912.09998184657,1.234375,17913.891391844754,1.234375,17912.657016844754,99.99310939776848
86300,18092.130633361976,1.234375,18093.940046425312,1.234375,18092.705671425312,99.99317796457359
86400,18273.97053209146,1.234375,18275.79812914467,1.234375,18274.56375414467,99.99324584901149
86500,18457.637860358194,1.234375,18459.48382414423,1.234375,18458.24944914423,99.99331305787442
86600,18643.15098321151,1.234375,18645.015498309833,1.234375,18643.781123309833,99.9933795978871
86700,18830.528450263297,1.234375,18832.411703108322,1.234375,18831.177328108322,99.9934454757072
86800,19019.788997542775,1.234375,19021.691176442528,1.234375,19020.456801442528,99.99351069792613
86900,19210.95154936993,1.234375,19212.872844524863,1.234375,19211.638469524863,99.99357527106962
87000,19404.03522024774,1.234375,19405.975823769764,1.234375,19404.741448769764,99.99363920159847
87100,19599.059316773546,1.234375,19601.019422705223,1.234375,19599.785047705223,99.99370249590912
87200,19796.04333956939,1.234375,19798.023143903345,1.234375,19796.788768903345,99.9937651603343
87300,19995.006985232027,1.234375,19997.006685930548,1.234375,19995.772310930548,99.99382720114372
87400,20195.970148302335,1.234375,20197.989945317164,1.234375,20196.755570317164,99.99388862454461
87500,20398.95292325462,1.234375,20400.993018546942,1.234375,20399.758643546942,99.99394943668243
87600,20603.975606505843,1.234375,20606.03620406649,1.234375,20604.80182906649,99.99400964364142
87700,20811.0586984451,1.234375,20813.140004314944,1.234375,20811.905629314944,99.99406925144527
87800,21020.222905483515,1.234375,21022.32512777406,1.234375,21021.09075277406,99.99412826605764
87900,21231.48914212459,1.234375,21233.6124910388,1.234375,21232.3781160388,99.99418669338286
88000,21444.87853305553,1.234375,21447.02322090883,1.234375,21445.78884590883,99.99424453926643
88100,21660.41241525953,1.234375,21662.578656501053,1.234375,21661.344281501053,99.99430180949565
88200,21878.112340149266,1.234375,21880.30035138328,1.234375,21879.06597638328,99.99435850980024
88300,22098.000075721793,1.234375,22100.210075729363,1.234375,22098.975700729363,99.99441464585283
88400,22320.097608735174,1.234375,22322.329818496044,1.234375,22321.095443496044,99.99447022326954
88500,22544.427146907004,1.234375,22546.681789621693,1.234375,22545.447414621693,99.99452524761064
88600,22771.011121134914,1.234375,22773.288422247027,1.234375,22772.054047247027,99.99457972438098
88700,22999.87218773947,1.234375,23002.17237495824,1.234375,23000.93799995824,99.99463365903064
88800,23231.033230729623,1.234375,23233.356534052695,1.234375,23232.122159052695,99.99468705695541
88900,23464.517364090858,1.234375,23466.864015827265,1.234375,23465.629640827265,99.99473992349738
89000,23700.347934096422,1.234375,23702.71816888983,1.234375,23701.48379388983,99.99479226394541
89100,23938.54852164172,1.234375,23940.942576493882,1.234375,23939.708201493882,99.99484408353574
89200,24179.142944602154,1.234375,24181.561058896612,1.234375,24180.326683896612,99.99489538745247
89300,24422.15526021479,1.234375,24424.59767574081,1.234375,24423.36330074081,99.99494618082808
89400,24667.609767483722,1.234375,24670.07672846047,1.234375,24668.84235346047,99.99499646874395
89500,24915.531009609917,1.234375,24918.022762710876,1.234375,24916.788387710876,99.99504625623086
89600,25165.9437764451,1.234375,25168.460570822743,1.234375,25167.226195822743,99.99509554826952
89700,25418.873106970725,1.234375,25421.41519428142,1.234375,25420.18081928142,99.99514434979105
89800,25674.34429180149,1.234375,25676.91192623067,1.234375,25675.67755123067,99.99519266567745
89900,25932.382875714284,1.234375,25934.976314001855,1.234375,25933.741939001855,99.99524050076215
90000,26193.01466020231,1.234375,26195.634161668328,1.234375,26194.399786668328,99.99528785983046
90100,26456.265706055125,1.234375,26458.911532625727,1.234375,26457.677157625727,99.99533474761999
90200,26722.162335964356,1.234375,26724.834752197952,1.234375,26723.600377197952,99.99538116882127
90300,26990.7311371558,1.234375,26993.430410269513,1.234375,26992.196035269513,99.99542712807806
90400,27261.99896404792,1.234375,27264.725363944326,1.234375,27263.490988944326,99.99547262998793
90500,27535.992940936958,1.234375,27538.74674023105,1.234375,27537.51236523105,99.99551767910268
90600,27812.740464709204,1.234375,27815.521938755675,1.234375,27814.287563755675,99.99556227992875
90700,28092.269207580415,1.234375,28095.078634501173,1.234375,28093.844259501173,99.99560643692776
90800,28374.607119862725,1.234375,28377.44478057471,1.234375,28376.21040557471,99.99565015451692
90900,28659.78243275951,1.234375,28662.648611002787,1.234375,28661.414236002787,99.99569343706943
91000,28947.823661188097,1.234375,28950.718643554213,1.234375,28949.484268554213,99.99573628891497
91100,29238.75960663119,1.234375,29241.68368259185,1.234375,29240.44930759185,99.99577871434012
91200,29532.619360016688,1.234375,29535.572821952686,1.234375,29534.338446952686,99.99582071758878
91300,29829.4323046264,1.234375,29832.41544785686,1.234375,29831.18107285686,99.99586230286262
91400,30129.22811903424,1.234375,30132.241241846143,1.234375,30131.006866846143,99.99590347432144
91500,30432.036780073733,1.234375,30435.08018375174,1.234375,30433.84580875174,99.99594423608367
91600,30737.888565835477,1.234375,30740.962554692058,1.234375,30739.728179692058,99.99598459222673
91700,31046.814058694603,1.234375,31049.91894010047,1.234375,31048.68456510047,99.99602454678744
91800,31358.84414836886,1.234375,31361.980232783695,1.234375,31360.745857783695,99.99606410376246
91900,31674.010035007148,1.234375,31677.17763601065,1.234375,31675.94326101065,99.99610326710862
92000,31992.343232309366,1.234375,31995.542666632595,1.234375,31994.308291632595,99.99614204074342
92100,32313.875570677414,1.234375,32317.10715823448,1.234375,32315.87278323448,99.9961804285453
92200,32638.63920039798,1.234375,32641.903264318018,1.234375,32640.668889318018,99.99621843435413
92300,32966.66659485753,1.234375,32969.96346151702,1.234375,32968.72908651702,99.99625606197155
92400,33297.990553788775,1.234375,33301.320552844154,1.234375,33300.086177844154,99.99629331516135
92500,33632.64420655051,1.234375,33636.007670971165,1.234375,33634.773295971165,99.99633019764987
92600,33970.661015440615,1.234375,33974.05828154216,1.234375,33972.82390654216,99.99636671312632
92700,34312.07477904184,1.234375,34315.50618651974,1.234375,34314.27181151974,99.99640286524321
92800,34656.919635601116,1.234375,34660.38552756468,1.234375,34659.15115256468,99.99643865761672
92900,35005.23006644328,1.234375,35008.730789449924,1.234375,35007.496414449924,99.99647409382698
93000,35357.04089941882,1.234375,35360.57680350876,1.234375,35359.34242850876,99.99650917741852
93100,35712.387312386345,1.234375,35715.958751117585,1.234375,35714.724376117585,99.99654391190056
93200,36071.3048367301,1.234375,36074.91216721378,1.234375,36073.67779221378,99.9965783007474
93300,36433.82936091276,1.234375,36437.47294384885,1.234375,36436.23856884885,99.99661234739878
93400,36799.997134063815,1.234375,36803.677333777225,1.234375,36802.442958777225,99.99664605526017
93500,37169.84476960435,1.234375,37173.56195408131,1.234375,37172.32757908131,99.99667942770316
93600,37543.40924890791,1.234375,37547.163789832804,1.234375,37545.929414832804,99.99671246806574
93700,37920.72792499836,1.234375,37924.520197790865,1.234375,37923.285822790865,99.99674517965273
93800,38301.83852628483,1.234375,38305.668910137465,1.234375,38304.434535137465,99.99677756573604
93900,38686.77916033427,1.234375,38690.64803825031,1.234375,38689.41366325031,99.99680962955497
94000,39075.58831768173,1.234375,39079.4960765135,1.234375,39078.2617015135,99.99684137431663
94100,39468.30487567913,1.234375,39472.251906166704,1.234375,39471.017531166704,99.9968728031962
94200,39864.96810238271,1.234375,39868.95479919295,1.234375,39867.72042419295,99.9969039193372
94300,40265.6176604793,1.234375,40269.64442224535,1.234375,40268.41004724535,99.99693472585192
94400,40670.29361125249,1.234375,40674.36084061362,1.234375,40673.12646561362,99.99696522582165
94500,41079.03641858801,1.234375,41083.14452222987,1.234375,41081.91014722987,99.99699542229702
94600,41491.88695302015,1.234375,41496.03634171545,1.234375,41494.80196671545,99.99702531829827
94700,41908.88649581815,1.234375,41913.077584467734,1.234375,41911.843209467734,99.99705491681561
94800,42330.07674311422,1.234375,42334.309950788534,1.234375,42333.075575788534,99.99708422080947
94900,42755.49981007241,1.234375,42759.77556005342,1.234375,42758.54118505342,99.99711323321081
95000,43185.198235100055,1.234375,43189.516954923565,1.234375,43188.282579923565,99.99714195692142
95100,43619.21498410108,1.234375,43623.57710559949,1.234375,43622.34273059949,99.99717039481423
95200,44057.59345477216,1.234375,44061.99941411764,1.234375,44060.76503911764,99.99719854973353
95300,44500.377480942305,1.234375,44504.8277186904,1.234375,44503.5933436904,99.99722642449534
95400,44947.611336955575,1.234375,44952.106298089275,1.234375,44950.871923089275,99.99725402188761
95500,45399.33974209828,1.234375,45403.87987607249,1.234375,45402.64550107249,99.99728134467061
95600,45855.60786507045,1.234375,45860.19362585696,1.234375,45858.95925085696,99.99730839557706
95700,46316.461328502184,1.234375,46321.09317463503,1.234375,46319.85879963503,99.99733517731254
95800,46781.946213515774,1.234375,46786.62460813713,1.234375,46785.39023313713,99.99736169255564
95900,47252.10906433308,1.234375,47256.83447523952,1.234375,47255.60010023952,99.99738794395836
96000,47726.99689292975,1.234375,47731.76979261904,1.234375,47730.53541761904,99.99741393414624
96100,48206.6571837358,1.234375,48211.47804945418,1.234375,48210.24367445418,99.99743966571874
96200,48691.13789838383,1.234375,48696.00721217367,1.234375,48694.77283717367,99.99746514124942
96300,49180.487480504584,1.234375,49185.405729252634,1.234375,49184.171354252634,99.99749036328622
96400,49674.75486057093,1.234375,49679.72253605699,1.234375,49678.48816105699,99.99751533435175
96500,50173.9894607905,1.234375,50179.007059736585,1.234375,50177.772684736585,99.99754005694346
96600,50678.241200047356,1.234375,50683.309224167366,1.234375,50682.074849167366,99.99756453353402
96700,51187.56049889349,1.234375,51192.679454943376,1.234375,51191.445079943376,99.99758876657143
96800,51701.998284590416,1.234375,51707.16868441887,1.234375,51705.93430941887,99.99761275847932
96900,52221.605996201404,1.234375,52226.82835680102,1.234375,52225.59398180102,99.99763651165725
97000,52746.43558973492,1.234375,52751.7104332939,1.234375,52750.4760582939,99.99766002848087
97100,53276.53954333981,1.234375,53281.86739729415,1.234375,53280.63302229415,99.99768331130214
97200,53811.97086255245,1.234375,53817.352259638705,1.234375,53816.117884638705,99.99770636244972
97300,54352.783085597184,1.234375,54358.21856390574,1.234375,54356.98418890574,99.99772918422897
97400,54899.03028873921,1.234375,54904.520391768085,1.234375,54903.286016768085,99.9977517789224
97500,55450.767091691996,1.234375,55456.312368401166,1.234375,55455.077993401166,99.99777414878977
97600,56008.04866307867,1.234375,56013.64966794498,1.234375,56012.41529294498,99.99779629606834
97700,56570.93072594835,1.234375,56576.58801902094,1.234375,56575.35364402094,99.9978182229731
97800,57139.469563347986,1.234375,57145.18371030432,1.234375,57143.94933530432,99.99783993169703
97900,57713.722023950184,1.234375,57719.49359615258,1.234375,57718.25922115258,99.99786142441125
98000,58293.745527737396,1.234375,58299.57510229017,1.234375,58298.34072729017,99.99788270326528
98100,58879.59807174362,1.234375,58885.48623155079,1.234375,58884.25185655079,99.99790377038724
98200,59471.33823585334,1.234375,59477.285569676926,1.234375,59476.051194676926,99.99792462788412
98300,60069.02518865915,1.234375,60075.03229117802,1.234375,60073.79791617802,99.99794527784186
98400,60672.71869337799,1.234375,60678.78616524733,1.234375,60677.55179024733,99.99796572232569
98500,61282.479113826965,1.234375,61288.60756173835,1.234375,61287.37318673835,99.9979859633803
98600,61898.36742045904,1.234375,61904.55745720109,1.234375,61903.32308220109,99.99800600302999
98700,62520.44519645972,1.234375,62526.69744097936,1.234375,62525.46306597936,99.99802584327892
98800,63148.77464390466,1.234375,63155.089721369055,1.234375,63153.855346369055,99.99804548611134
98900,63783.41858997944,1.234375,63789.79713183844,1.234375,63788.56275683844,99.99806493349172
99000,64424.44049326155,1.234375,64430.88313731088,1.234375,64429.64876231088,99.99808418736498
99100,65071.90445006581,1.234375,65078.411840510824,1.234375,65077.177465510824,99.9981032496567
99200,65725.87520085303,1.234375,65732.44798837311,1.234375,65731.21361337311,99.99812212227329
99300,66386.41813670381,1.234375,66393.05697851747,1.234375,66391.82260351747,99.99814080710216
99400,67053.59930585774,1.234375,67060.30486578832,1.234375,67059.07049078832,99.998159306012
99500,67727.48542031641,1.234375,67734.25836885844,1.234375,67733.02399385844,99.99817762085283
99600,68408.14386251441,1.234375,68414.98487690065,1.234375,68413.75050190065,99.99819575345632
99700,69095.64269205721,1.234375,69102.55245632642,1.234375,69101.31808132642,99.99821370563586
99800,69790.0506525261,1.234375,69797.02985759135,1.234375,69795.79548259135,99.99823147918684
99900,70491.43717835238,1.234375,70498.4865220702,1.234375,70497.2521470702,99.99824907588673
100000,71199.87240175963,1.234375,71206.9925889998,1.234375,71205.7582139998,99.99826649749537
100100,71915.42715977685,1.234375,71922.61890249283,1.234375,71921.38452749283,99.99828374575505
100200,72638.17300132103,1.234375,72645.43701862116,1.234375,72644.20264362116,99.99830082239069
100300,73368.18219435186,1.234375,73375.5192125713,1.234375,73374.2848375713,99.99831772911013
100400,74105.5277330973,1.234375,74112.9384858706,1.234375,74111.7041108706,99.99833446760414
100500,74850.28334535277,1.234375,74857.7685736873,1.234375,74856.5341986873,99.9983510395467
100600,75602.52349985323,1.234375,75610.0839522032,1.234375,75608.8495772032,99.99836744659511
100700,76362.32341371913,1.234375,76369.9598460605,1.234375,76368.7254710605,99.99838369039018
100800,77129.75905997757,1.234375,77137.47223588356,1.234375,77136.23786088356,99.99839977255643
100900,77904.90717515889,1.234375,77912.6978658764,1.234375,77911.4634908764,99.99841569470213
101000,78687.84526696982,1.234375,78695.71425149651,1.234375,78694.47987649651,99.99843145841963
101100,79478.65162204303,1.234375,79486.59968720523,1.234375,79485.36531220523,99.9984470652854
101200,80277.40531376572,1.234375,80285.4332542971,1.234375,80284.1988792971,99.9984625168602
101300,81084.18621018554,1.234375,81092.29482880655,1.234375,81091.06045380655,99.9984778146893
101400,81899.07498199744,1.234375,81907.26508949563,1.234375,81906.03071449563,99.99849296030254
101500,82722.15311060927,1.234375,82730.42552592033,1.234375,82729.19115092033,99.9985079552146
101600,83553.5028962897,1.234375,83561.85844657932,1.234375,83560.62407157932,99.99852280092503
101700,84393.20746639725,1.234375,84401.64698714387,1.234375,84400.41261214387,99.9985374989185
101800,85241.35078369215,1.234375,85249.8751187705,1.234375,85248.6407437705,99.99855205066484
101900,86098.01765473225,1.234375,86106.62765649772,1.234375,86105.39328149772,99.99856645761935
102000,86963.2937383524,1.234375,86971.99026772623,1.234375,86970.75589272623,99.99858072122278
102100,87837.26555423002,1.234375,87846.04948078544,1.234375,87844.81510578544,99.99859484290154
102200,88720.02049153586,1.234375,88728.892693585,1.234375,88727.658318585,99.99860882406787
102300,89611.64681767252,1.234375,89620.60818235428,1.234375,89619.37380735428,99.99862266611996
102400,90512.23368709987,1.234375,90521.28511046857,1.234375,90520.05073546857,99.99863637044206
102500,91421.87115025028,1.234375,91431.0135373653,1.234375,91429.7791623653,99.99864993840465
102600,92340.65016253237,1.234375,92349.88442754862,1.234375,92348.65005254862,99.99866337136461
102700,93268.66259342588,1.234375,93277.98965968522,1.234375,93276.75528468522,99.99867667066529
102800,94206.00123566788,1.234375,94215.42203579145,1.234375,94214.18766079145,99.99868983763663
102900,95152.75981453106,1.234375,95162.27529051251,1.234375,95161.04091551251,99.99870287359542
103000,96109.03299719532,1.234375,96118.64410049503,1.234375,96117.40972549503,99.99871577984526
103100,97074.91640221383,1.234375,97084.62409385404,1.234375,97083.38971885404,99.99872855767686
103200,98050.50660907388,1.234375,98060.31185973478,1.234375,98059.07748473478,99.998741208368
103300,99035.90116785403,1.234375,99045.8049579708,1.234375,99044.5705829708,99.99875373318383
103400,100031.19860897804,1.234375,100041.20192883893,1.234375,100039.96755383893,99.99876613337685
103500,101036.49845306722,1.234375,101046.60230291252,1.234375,101045.36792791252,99.99877841018711
103600,102051.90122089167,1.234375,102062.10661101375,1.234375,102060.87223601375,99.99879056484234
103700,103077.50844342088,1.234375,103087.81639426522,1.234375,103086.58201926522,99.99880259855803
103800,104113.42267197656,1.234375,104123.83421424375,1.234375,104122.59983924375,99.99881451253758
103900,105159.74748848632,1.234375,105170.26366323516,1.234375,105169.02928823516,99.99882630797242
104000,106216.5875158414,1.234375,106227.20937459297,1.234375,106225.97499959297,99.99883798604212
104100,107284.04842835756,1.234375,107294.7770332004,1.234375,107293.5426582004,99.99884954791452
104200,108362.23696234189,1.234375,108373.07338603812,1.234375,108371.83901103812,99.99886099474581
104300,109451.26092676524,1.234375,109462.20625285791,1.234375,109460.97187785791,99.99887232768071
104400,110551.22921404202,1.234375,110562.28453696342,1.234375,110561.05016196342,99.99888354785253
104500,111662.2518109188,1.234375,111673.41823609988,1.234375,111672.18386109988,99.99889465638331
104600,112784.4398094717,1.234375,112795.71845345265,1.234375,112794.48407845265,99.99890565438395
104700,113917.90541821475,1.234375,113929.29740875657,1.234375,113928.06303375657,99.9989165429542
104800,115062.76197331968,1.234375,115074.268449517,1.234375,115073.034074517,99.998927323183
104900,116219.12394994815,1.234375,116230.74606234314,1.234375,116229.51168734314,99.99893799614834
105000,117387.10697369878,1.234375,117398.84588439614,1.234375,117397.61150939614,99.99894856291755
105100,118566.82783216836,1.234375,118578.68471495157,1.234375,118577.45033995157,99.99895902454732
105200,119758.40448662944,1.234375,119770.3805270781,1.234375,119769.1461520781,99.99896938208381
105300,120961.95608382561,1.234375,120974.05247943399,1.234375,120972.81810443399,99.99897963656281
105400,122177.602967885,1.234375,122189.82092818178,1.234375,122188.58655318178,99.99898978900974
105500,123405.46669235342,1.234375,123417.80743902265,1.234375,123416.57306402265,99.99899984043988
105600,124645.67003234886,1.234375,124658.13479935209,1.234375,124656.90042435209,99.99900979185836
105700,125898.33699683768,1.234375,125910.92703053735,1.234375,125909.69265553735,99.99901964426034
105800,127163.59284103452,1.234375,127176.30940031861,1.234375,127175.07502531861,99.99902939863107
105900,128441.56407892656,1.234375,128454.40843533445,1.234375,128453.17406033445,99.99903905594597
106000,129732.37849592387,1.234375,129745.35193377346,1.234375,129744.11755877346,99.99904861717079
106100,131036.16516163664,1.234375,131049.2689781528,1.234375,131048.0346031528,99.99905808326164
106200,132353.05444278242,1.234375,132366.2899482267,1.234375,132365.0555732267,99.99906745516515
106300,133683.1780162174,1.234375,133696.54653401903,1.234375,133695.31215901903,99.99907673381848
106400,135026.6688821072,1.234375,135040.1717489954,1.234375,135038.9373739954,99.99908592014954
106500,136383.66137722397,1.234375,136397.2999433617,1.234375,136396.0655683617,99.9990950150769
106600,137754.29118837937,1.234375,137768.0668174982,1.234375,137766.8324424982,99.9991040195101
106700,139138.69536599136,1.234375,139152.60943552796,1.234375,139151.37506052796,99.99911293434955
106800,140537.0123377883,1.234375,140551.0662390221,1.234375,140549.8318640221,99.99912176048676
106900,141949.38192265053,1.234375,141963.5770608428,1.234375,141962.3426858428,99.9991304988043
107000,143375.94534459087,1.234375,143390.28313912533,1.234375,143389.04876412533,99.99913915017603
107100,144816.84524687548,1.234375,144831.32713140018,1.234375,144830.09275640018,99.99914771546705
107200,146272.22570628807,1.234375,146286.8531288587,1.234375,146285.6187538587,99.99915619553391
107300,147742.2322475342,1.234375,147757.00667075897,1.234375,147755.77229575897,99.9991645912246
107400,149227.01185779413,1.234375,149241.9347589799,1.234375,149240.7003839799,99.99917290337868
107500,150726.71300141967,1.234375,150741.78587271983,1.234375,150740.55149771983,99.99918113282733
107600,152241.4856347789,1.234375,152256.70998334239,1.234375,152255.47560834239,99.99918928039352
107700,153771.48122125084,1.234375,153786.85856937297,1.234375,153785.62419437297,99.999197346892
107800,155316.8527463704,1.234375,155332.38463164505,1.234375,155331.15025664505,99.9992053331294
107900,156877.75473312542,1.234375,156893.44270859874,1.234375,156892.20833359874,99.99921323990431
108000,158454.3432574076,1.234375,158470.18889173336,1.234375,158468.95451673336,99.9992210680074
108100,160046.77596361816,1.234375,160062.78084121452,1.234375,160061.54646621452,99.99922881822151
108200,161655.2120804317,1.234375,161671.37780163976,1.234375,161670.14342663976,99.99923649132161
108300,163279.81243671724,1.234375,163296.14061796092,1.234375,163294.90624296092,99.999244088075
108400,164920.7394776194,1.234375,164937.2317515672,1.234375,164935.9973765672,99.99925160924134
108500,166578.15728080165,1.234375,166594.81529652973,1.234375,166593.58092152973,99.99925905557276
108600,168252.2315728525,1.234375,168269.05699600978,1.234375,168267.82262100978,99.99926642781386
108700,169943.12974585718,1.234375,169960.12425883178,1.234375,169958.88988383178,99.99927372670184
108800,171651.02087413374,1.234375,171668.18617622115,1.234375,171666.95180122115,99.9992809529666
108900,173376.07573114106,1.234375,173393.41353871417,1.234375,173392.17916371417,99.99928810733071
109000,175118.46680655307,1.234375,175135.97885323374,1.234375,175134.74447823374,99.99929519050964
109100,176878.3683235065,1.234375,176896.05636033884,1.234375,176894.82198533884,99.99930220321164
109200,178655.956256022,1.234375,178673.8220516476,1.234375,178672.5876766476,99.99930914613802
109300,180451.40834659967,1.234375,180469.45368743435,1.234375,180468.21931243435,99.99931601998301
109400,182264.90412399152,1.234375,182283.13081440394,1.234375,182281.89643940394,99.99932282543399
109500,184096.624921153,1.234375,184115.03478364513,1.234375,184113.80040864513,99.9993295631715
109600,185946.75389337473,1.234375,185965.34876876406,1.234375,185964.11439376406,99.99933623386929
109700,187815.47603659527,1.234375,187834.25778419894,1.234375,187833.02340919894,99.9993428381944
109800,189702.97820590076,1.234375,189721.94870372134,1.234375,189720.71432872134,99.99934937680726
109900,191609.4491342072,1.234375,191628.61027912065,1.234375,191627.37590412065,99.9993558503617
110000,193535.0794511331,1.234375,193554.4331590782,1.234375,193553.1987840782,99.99936225950506
110100,195480.06170206,1.234375,195499.6099082302,1.234375,195498.3755332302,99.99936860487824
110200,197444.59036738536,1.234375,197464.3350264221,1.234375,197463.1006514221,99.99937488711578
110300,199428.8618819691,1.234375,199448.8049681573,1.234375,199447.5705931573,99.99938110684585
110400,201433.07465477494,1.234375,201453.21816224043,1.234375,201451.98378724043,99.9993872646904
110500,203457.42908870947,1.234375,203477.77503161834,1.234375,203476.54065661834,99.99939336126522
110600,205502.12760066122,1.234375,205522.6780134213,1.234375,205521.4436384213,99.99939939717994
110700,207567.37464174,1.234375,207588.13157920417,1.234375,207586.89720420417,99.99940537303813
110800,209653.3767177199,1.234375,209674.34225539168,1.234375,209673.10788039168,99.99941128943736
110900,211760.34240968843,1.234375,211781.5186439294,1.234375,211780.2842689294,99.99941714696924
111000,213888.4823949025,1.234375,213909.871443142,1.234375,213908.637068142,99.99942294621951
111100,216038.00946785437,1.234375,216059.61346880117,1.234375,216058.37909380117,99.99942868776807
111200,218209.1385615489,1.234375,218230.95967540506,1.234375,218229.72530040506,99.99943437218907
111300,220402.0867689949,1.234375,220424.1271776718,1.234375,220422.8928026718,99.9994400000509
111400,222617.073364913,1.234375,222639.3352722495,1.234375,222638.1008972495,99.99944557191634
111500,224854.3198276603,1.234375,224876.80545964307,1.234375,224875.57108464307,99.99945108834258
111600,227114.04986137687,1.234375,227136.761466363,1.234375,227135.527091363,99.99945654988122
111700,229396.48941835345,1.234375,229419.4292672953,1.234375,229418.1948922953,99.99946195707837
111800,231701.866721625,1.234375,231725.03710829717,1.234375,231723.80273329717,99.99946731047477
111900,234030.41228779097,1.234375,234053.81552901975,1.234375,234052.58115401975,99.99947261060572
112000,236382.35895006463,1.234375,236405.99738595964,1.234375,236404.76301095964,99.99947785800121
112100,238757.94188155475,1.234375,238781.8178757429,1.234375,238780.5835007429,99.99948305318597
112200,241157.39861877976,1.234375,241181.51455864165,1.234375,241180.28018364165,99.99948819667948
112300,243580.96908542048,1.234375,243605.32738232904,1.234375,243604.09300732904,99.99949328899608
112400,246028.89561630922,1.234375,246053.49870587085,1.234375,246052.26433087085,99.99949833064497
112500,248501.42298166148,1.234375,248526.27332395964,1.234375,248525.03894895964,99.9995033221303
112600,250998.7984115509,1.234375,251023.89849139206,1.234375,251022.66411639206,99.9995082639512
112700,253521.27162062976,1.234375,253546.62394779184,1.234375,253545.38957279184,99.99951315660182
112800,256069.09483309815,1.234375,256094.70194258145,1.234375,256093.46756758145,99.99951800057141
112900,258642.52280792448,1.234375,258668.3872602053,1.234375,258667.1528852053,99.99952279634435
113000,261241.81286431805,1.234375,261267.9372456045,1.234375,261266.7028706045,99.9995275444002
113100,263867.22490745963,1.234375,263893.61182995036,1.234375,263892.37745495036,99.99953224521373
113200,266519.02145448956,1.234375,266545.67355663504,1.234375,266544.43918163504,99.999536899255
113300,269197.4676607561,1.234375,269224.3876075222,1.234375,269223.1532325222,99.9995415069894
113400,271902.8313463295,1.234375,271930.0218294641,1.234375,271928.7874544641,99.99954606887769
113500,274635.38302278146,1.234375,274662.84676108375,1.234375,274661.61238608375,99.99955058537601
113600,277395.39592023304,1.234375,277423.13565982506,1.234375,277421.90128482506,99.99955505693602
113700,280183.14601467573,1.234375,280211.1645292772,1.234375,280209.9301542772,99.99955948400483
113800,282998.91205556714,1.234375,283027.2121467727,1.234375,283025.9777717727,99.99956386702515
113900,285842.9755937023,1.234375,285871.56009126164,1.234375,285870.32571626164,99.99956820643521
114000,288715.6210093657,1.234375,288744.49277146667,1.234375,288743.25839646667,99.999572502669
114100,291617.1355407697,1.234375,291646.2974543238,1.234375,291645.0630793238,99.99957675615609
114200,294547.8093127718,1.234375,294577.2642937031,1.234375,294576.0299187031,99.99958096732178
114300,297507.93536588695,1.234375,297537.68635942356,1.234375,297536.45198442356,99.9995851365872
114400,300497.8096855882,1.234375,300527.85966655676,1.234375,300526.62529155676,99.99958926436925
114500,303517.7312319027,1.234375,303548.08320502593,1.234375,303546.84883002593,99.99959335108068
114600,306568.0019693047,1.234375,306598.6589695016,1.234375,306597.4245945016,99.99959739713013
114700,309648.92689690937,1.234375,309679.89198959904,1.234375,309678.65761459904,99.9996014029222
114800,312760.8140789701,1.234375,312792.09036037803,1.234375,312790.85598537803,99.99960536885744
114900,315903.97467568173,1.234375,315935.5652731493,1.234375,315934.3308981493,99.99960929533243
115000,319078.7229742936,1.234375,319110.63104659104,1.234375,319109.39667159104,99.99961318273981
115100,322285.3764205366,1.234375,322317.60515817866,1.234375,322316.37078317866,99.99961703146826
115200,325524.25565036316,1.234375,325556.8082759282,1.234375,325555.5739009282,99.99962084190267
115300,328795.684522009,1.234375,328828.5642904612,1.234375,328827.3299154612,99.99962461442404
115400,332099.9901483759,1.234375,332133.2003473908,1.234375,332131.9659723908,99.99962834940959
115500,335437.5029297397,1.234375,335471.0468800327,1.234375,335469.8125050327,99.99963204723285
115600,338808.55658678676,1.234375,338842.43764244544,1.234375,338841.20326744544,99.99963570826353
115700,342213.48819398397,1.234375,342247.70974280336,1.234375,342246.47536780336,99.99963933286773
115800,345652.63821328303,1.234375,345687.2036771044,1.234375,345685.9693021044,99.99964292140788
115900,349126.3505281626,1.234375,349161.26336321543,1.234375,349160.02898821543,99.99964647424284
116000,352634.97247801465,1.234375,352670.2361752625,1.234375,352669.0018002625,99.99964999172786
116100,356178.8548928747,1.234375,356214.47297836404,1.234375,356213.23860336404,99.99965347421465
116200,359758.35212850093,1.234375,359794.3281637138,1.234375,359793.0937887138,99.99965692205147
116300,363373.82210180745,1.234375,363410.15968401765,1.234375,363408.92530901765,99.99966033558306
116400,367025.62632665224,1.234375,367062.32908928493,1.234375,367061.09471428493,99.99966371515076
116500,370714.1299499863,1.234375,370751.2015629813,1.234375,370749.9671879813,99.99966706109251
116600,374439.70178836334,1.234375,374477.1459585422,1.234375,374475.9115835422,99.99967037374287
116700,378202.71436481865,1.234375,378240.53483625513,1.234375,378239.30046125513,99.99967365343312
116800,382003.54394611827,1.234375,382041.7445005129,1.234375,382040.5101255129,99.99967690049118
116900,385842.5705803828,1.234375,385881.1550374408,1.234375,385879.9206624408,99.99968011524173
117000,389720.17813508713,1.234375,389759.1503529007,1.234375,389757.9159779007,99.99968329800625
117100,393636.75433544535,1.234375,393676.1182108789,1.234375,393674.8838358789,99.99968644910298
117200,397592.6908031781,1.234375,397632.45027225843,1.234375,397631.21589725843,99.99968956884702
117300,401588.38309567224,1.234375,401628.5421339818,1.234375,401627.3077589818,99.99969265755033
117400,405624.23074553313,1.234375,405664.7933686077,1.234375,405663.5589936077,99.99969571552174
117500,409700.6373005336,1.234375,409741.6075642636,1.234375,409740.3731892636,99.99969874306704
117600,413818.0103639649,1.234375,413859.3923650013,1.234375,413858.1579900013,99.99970174048897
117700,417976.76163539424,1.234375,418018.5595115578,1.234375,418017.3251365578,99.99970470808725
117800,422177.3069518295,1.234375,422219.52488252474,1.234375,422218.29050752474,99.99970764615863
117900,426420.0663293008,1.234375,426462.70853593375,1.234375,426461.47416093375,99.9997105549969
118000,430705.46400485694,1.234375,430748.53475125745,1.234375,430747.30037625745,99.9997134348929
118100,435033.9284789862,1.234375,435077.4320718341,1.234375,435076.1976968341,99.9997162861346
118200,439405.89255846135,1.234375,439449.8333477172,1.234375,439448.5989727172,99.99971910900715
118300,443821.7933996175,1.234375,443866.17577895743,1.234375,443864.94140395743,99.99972190379277
118400,448282.07255206234,1.234375,448326.9009593176,1.234375,448325.6665843176,99.99972467077096
118500,452787.1760028293,1.234375,452832.45492042956,1.234375,452831.22054542956,99.99972741021837
118600,457337.5542209701,1.234375,457383.2881763922,1.234375,457382.0538013922,99.99973012240895
118700,461933.662202598,1.234375,461979.8557688183,1.234375,461978.6213938183,99.99973280761388
118800,466575.9595163838,1.234375,466622.61731233547,1.234375,466621.38293733547,99.99973546610168
118900,471264.9103495078,1.234375,471312.03704054275,1.234375,471310.80266554275,99.99973809813818
119000,476000.98355407483,1.234375,476048.5838524302,1.234375,476047.3494774302,99.99974070398655
119100,480784.6526939949,1.234375,480832.73135926435,1.234375,480831.49698426435,99.99974328390738
119200,485616.3960923352,1.234375,485664.95793194446,1.234375,485663.72355694446,99.99974583815863
119300,490496.69687914796,1.234375,490545.7467488359,1.234375,490544.5123738359,99.9997483669957
119400,495426.04303978,1.234375,495475.585844084,1.234375,495474.351469084,99.99975087067148
119500,500404.9274636656,1.234375,500454.96815641195,1.234375,500453.73378141195,99.9997533494363
119600,505433.84799361037,1.234375,505484.39157840976,1.234375,505483.15720340976,99.99975580353804
119700,510513.307475573,1.234375,510564.35900632053,1.234375,510563.12463132053,99.99975823322208
119800,515643.813808944,1.234375,515695.37839032494,1.234375,515694.14401532494,99.99976063873136
119900,520825.87999733066,1.234375,520877.96278533037,1.234375,520876.72841033037,99.99976302030645
120000,526060.0241998534,1.234375,526112.6304022734,1.234375,526111.3960272734,99.99976537818546
120100,531346.7697829574,1.234375,531399.9046599357,1.234375,531398.6702849357,99.99976771260417
120200,536686.6453727423,1.234375,536740.3142372796,1.234375,536739.0798622796,99.999770023796
120300,542080.184907822,1.234375,542134.3931263129,1.234375,542133.1587513129,99.99977231199207
120400,547527.9276927138,1.234375,547582.680685483,1.234375,547581.446310483,99.99977457742118
120500,553030.4184517635,1.234375,553085.7216936087,1.234375,553084.4873186087,99.99977682030983
120600,558588.2073836096,1.234375,558644.066404348,1.234375,558642.832029348,99.99977904088234
120700,564201.8502162041,1.234375,564258.2706012257,1.234375,564257.0362262257,99.99978123936071
120800,569871.9082623767,1.234375,569928.8956532029,1.234375,569927.6612782029,99.9997834159648
120900,575598.9484759604,1.234375,575656.508570808,1.234375,575655.274195808,99.99978557091224
121000,581383.5435084838,1.234375,581441.6820628346,1.234375,581440.4476878346,99.99978770441851
121100,587226.2717664274,1.234375,587284.9945936041,1.234375,587283.7602186041,99.99978981669693
121200,593127.7174690643,1.234375,593187.0304408112,1.234375,593185.7960658112,99.99979190795875
121300,599088.4707068722,1.234375,599148.3797539428,1.234375,599147.1453789428,99.99979397841308
121400,605109.1275005388,1.234375,605169.6386132889,1.234375,605168.4042382889,99.99979602826691
121500,611190.2898605586,1.234375,611251.4090895447,1.234375,611250.1747145447,99.99979805772524
121600,617332.5658474291,1.234375,617394.2993040138,1.234375,617393.0649290138,99.999800066991
121700,623536.5696324488,1.234375,623598.9234894121,1.234375,623597.6891144121,99.9998020562651
121800,629802.9215591309,1.234375,629865.9020512868,1.234375,629864.6676762868,99.99980402574643
121900,636132.248205231,1.234375,636195.8616300515,1.234375,636194.6272550515,99.99980597563196
122000,642525.1824453999,1.234375,642589.4351636445,1.234375,642588.2007886445,99.99980790611666
122100,648982.3635144641,1.234375,649047.2619508156,1.234375,649046.0275758156,99.99980981739353
122200,655504.4370713443,1.234375,655569.9877150515,1.234375,655568.7533400515,99.99981170965371
122300,662092.0552636174,1.234375,662158.2646691438,1.234375,662157.0302941438,99.99981358308642
122400,668745.8767927194,1.234375,668812.7515803986,1.234375,668811.5172053986,99.99981543787898
122500,675466.5669798155,1.234375,675534.1138365135,1.234375,675532.8794615135,99.99981727421684
122600,682254.7978323225,1.234375,682323.0235121058,1.234375,682321.7891371058,99.99981909228364
122700,689111.2481111059,1.234375,689180.159435917,1.234375,689178.925060917,99.99982089226117
122800,696036.6033983472,1.234375,696106.207258687,1.234375,696104.972883687,99.99982267432942
122900,703031.556166098,1.234375,703101.8595217146,1.234375,703100.6251467146,99.99982443866656
123000,710096.8058455212,1.234375,710167.8157261057,1.234375,710166.5813511057,99.99982618544904
123100,717233.0588968243,1.234375,717304.7824027139,1.234375,717303.5480277139,99.99982791485151
123200,724441.0288799022,1.234375,724513.4731827902,1.234375,724512.2388077902,99.99982962704688
123300,731721.4365256858,1.234375,731794.6088693384,1.234375,731793.3744943384,99.99983132220639
123400,739075.0098082077,1.234375,739148.9175091885,1.234375,739147.6831341885,99.99983300049952
123500,746502.484017394,1.234375,746577.1344657957,1.234375,746575.9000907957,99.99983466209412
123600,754004.6018325866,1.234375,754080.0024927699,1.234375,754078.7681177699,99.99983630715627
123700,761582.1133968026,1.234375,761658.2718081422,1.234375,761657.0374331422,99.99983793585055
123800,769235.7763917431,1.234375,769312.7001693823,1.234375,769311.4657943823,99.99983954833974
123900,776966.3561135551,1.234375,777044.0529491665,1.234375,777042.8185741665,99.99984114478512
124000,784774.6255493545,1.234375,784853.1032119094,1.234375,784851.8688369094,99.99984272534633
124100,792661.365454514,1.234375,792740.6317910595,1.234375,792739.3974160595,99.99984429018136
124200,800627.3644307343,1.234375,800707.4273671773,1.234375,800706.1929921773,99.99984583944675
124300,808673.4190048978,1.234375,808754.2865467983,1.234375,808753.0521717983,99.99984737329736
124400,816800.3337087126,1.234375,816882.0139420835,1.234375,816880.7795670835,99.9998488918866
124500,825008.9211591583,1.234375,825091.4222512742,1.234375,825090.1878762742,99.9998503953663
124600,833300.0021397409,1.234375,833383.3323399548,1.234375,833382.0979649548,99.99985188388679
124700,841674.4056825629,1.234375,841758.5733231311,1.234375,841757.3389481311,99.99985335759692
124800,850132.9691512197,1.234375,850217.9826481348,1.234375,850216.7482731348,99.99985481664406
124900,858676.5383245273,1.234375,858762.4061783598,1.234375,858761.1718033598,99.99985626117409
125000,867305.9674810938,1.234375,867392.6982778419,1.234375,867391.4639028419,99.99985769133146
125100,876022.1194847386,1.234375,876109.721896687,1.234375,876108.487521687,99.99985910725916
125200,884825.8658707691,1.234375,884914.3486573562,1.234375,884913.1142823562,99.99986050909878
125300,893718.0869331319,1.234375,893807.4589418252,1.234375,893806.2245668252,99.9998618969905
125400,902699.6718124257,1.234375,902789.941979607,1.234375,902788.707604607,99.99986327107308
125500,911771.5185848154,1.234375,911862.6959366739,1.234375,911861.4615616739,99.99986463148393
125600,920934.5343518261,1.234375,921026.6280052613,1.234375,921025.3936302613,99.9998659783591
125700,930189.635331047,1.234375,930282.6544945801,1.234375,930281.4201195801,99.99986731183324
125800,939537.7469477439,1.234375,939631.7009224388,1.234375,939630.4665474388,99.99986863203968
125900,948979.8039273963,1.234375,949074.702107789,1.234375,949073.467732789,99.99986993911045
126000,958516.7503891551,1.234375,958612.602264194,1.234375,958611.367889194,99.99987123317625
126100,968149.539940253,1.234375,968246.355094247,1.234375,968245.120719247,99.99987251436646
126200,977879.1357713508,1.234375,977976.923884928,1.234375,977975.689509928,99.9998737828092
126300,987706.5107528504,1.234375,987805.2816039257,1.234375,987804.0472289257,99.9998750386313
126400,997632.6475321746,1.234375,997732.4109969278,1.234375,997731.1766219278,99.99987628195834
126500,1007658.5386320193,1.234375,1007759.3046858825,1.234375,1007758.0703108825,99.99987751291461
126600,1017785.1865495971,1.234375,1017886.9652682521,1.234375,1017885.7308932521,99.99987873162326
126700,1028013.6038568801,1.234375,1028116.4054172658,1.234375,1028115.1710422658,99.99987993820608
126800,1038344.8133018465,1.234375,1038448.6479831766,1.234375,1038447.4136081766,99.99988113278376
126900,1048779.8479107453,1.234375,1048884.7260955363,1.234375,1048883.4917205363,99.99988231547573
127000,1059319.7510913792,1.234375,1059425.6832664881,1.234375,1059424.4488914881,99.99988348640028
127100,1069965.57673747,1.234375,1070072.5734951436,1.234375,1070071.3391201436,99.99988464567446
127200,1080718.3893340037,1.234375,1080826.4613729368,1.234375,1080825.2269979368,99.9998857934142
127300,1091579.264063679,1.234375,1091688.422190085,1.234375,1091687.187815085,99.99988692973426
127400,1102549.2869144212,1.234375,1102659.5420431127,1.234375,1102658.3076681127,99.99988805474828
127500,1113629.5547879648,1.234375,1113740.9179434434,1.234375,1113739.6835684434,99.99988916856873
127600,1124821.1756095355,1.234375,1124933.6579270964,1.234375,1124932.4235520964,99.999890271307
127700,1136125.2684386354,1.234375,1136238.881165479,1.234375,1136237.646790479,99.99989136307335
127800,1147542.9635809336,1.234375,1147657.7180772915,1.234375,1147656.4837022915,99.99989244397693
127900,1159075.4027012924,1.234375,1159191.3104415624,1.234375,1159190.0760665624,99.99989351412584
128000,1170723.738937916,1.234375,1170840.8115118097,1.234375,1170839.5771368097,99.9998945736271
128100,1182489.1370176629,1.234375,1182607.3861313646,1.234375,1182606.1517563646,99.99989562258664
128200,1194372.7733724997,1.234375,1194492.210849837,1.234375,1194490.976474837,99.99989666110932
128300,1206375.8362571355,1.234375,1206496.4740407611,1.234375,1206495.2396657611,99.999897689299
128400,1218499.5258678442,1.234375,1218621.3760204308,1.234375,1218620.1416454308,99.99989870725852
128500,1230745.0544624599,1.234375,1230868.129167906,1.234375,1230866.894792906,99.99989971508964
128600,1243113.6464815966,1.234375,1243237.9580462447,1.234375,1243236.7236712447,99.99990071289314
128700,1255606.5386710921,1.234375,1255732.0995249592,1.234375,1255730.8651499592,99.99990170076877
128800,1268224.9802056553,1.234375,1268351.8029036757,1.234375,1268350.5685286757,99.99990267881536
128900,1280970.2328137779,1.234375,1281098.330037059,1.234375,1281097.095662059,99.99990364713067
129000,1293843.5709039003,1.234375,1293972.9554609905,1.234375,1293971.7210859905,99.99990460581152
129100,1306846.2816918362,1.234375,1306976.9665200054,1.234375,1306975.7321450054,99.9999055549538
129200,1319979.665329485,1.234375,1320111.6634960177,1.234375,1320110.4291210177,99.99990649465238
129300,1333245.0350348265,1.234375,1333378.35973833,1.234375,1333377.12536333,99.99990742500124
129400,1346643.7172232438,1.234375,1346778.381794966,1.234375,1346777.147419966,99.99990834609342
129500,1360177.0516401455,1.234375,1360313.0695453093,1.234375,1360311.8351703093,99.99990925802099
129600,1373846.3914949251,1.234375,1373983.7763340746,1.234375,1373982.5419590746,99.99991016087517
129700,1387653.1035962792,1.234375,1387791.8691066387,1.234375,1387790.6347316387,99.99991105474622
129800,1401598.568488865,1.234375,1401738.7285457137,1.234375,1401737.4941707137,99.9999119397235
129900,1415684.1805913502,1.234375,1415825.749209409,1.234375,1415824.514834409,99.99991281589556
130000,1429911.3483358363,1.234375,1430054.3396706698,1.234375,1430053.1052956698,99.99991368334994
130100,1444281.4943086929,1.234375,1444425.9226581235,1.234375,1444424.6882831235,99.99991454217343
130200,1458796.055392802,1.234375,1458941.9351983413,1.234375,1458940.7008233413,99.99991539245187
130300,1473456.482911233,1.234375,1473603.828759524,1.234375,1473602.594384524,99.9999162342703
130400,1488264.2427723606,1.234375,1488413.0693966376,1.234375,1488411.8350216376,99.9999170677129
130500,1503220.8156164465,1.234375,1503371.137898008,1.234375,1503369.903523008,99.99991789286298
130600,1518327.6969636823,1.234375,1518479.5299333786,1.234375,1518478.2955583786,99.99991870980308
130700,1533586.397363734,1.234375,1533739.7562034703,1.234375,1533738.5218284703,99.99991951861487
130800,1548998.4425467837,1.234375,1549153.3425910382,1.234375,1549152.1082160382,99.99992031937923
130900,1564565.3735760828,1.234375,1564721.8303134402,1.234375,1564720.5959384402,99.99992111217622
131000,1580288.7470020491,1.234375,1580446.7760767492,1.234375,1580445.5417017492,99.99992189708513
131100,1596170.1350179068,1.234375,1596329.7522314084,1.234375,1596328.5178564084,99.99992267418443
131200,1612211.125616889,1.234375,1612372.3469294505,1.234375,1612371.1125544505,99.99992344355184
131300,1628413.3227510261,1.234375,1628576.1642833012,1.234375,1628574.9299083012,99.99992420526426
131400,1644778.346491525,1.234375,1644942.824526174,1.234375,1644941.590151174,99.99992495939787
131500,1661307.8331907566,1.234375,1661473.9641740755,1.234375,1661472.7297990755,99.99992570602811
131600,1678003.435645884,1.234375,1678171.2361894483,1.234375,1678170.0018144483,99.99992644522958
131700,1694866.8232641222,1.234375,1695036.3101464484,1.234375,1695035.0757714484,99.99992717707623
131800,1711899.682229665,1.234375,1712070.872397888,1.234375,1712069.638022888,99.99992790164123
131900,1729103.7156722867,1.234375,1729276.6262438537,1.234375,1729275.3918688537,99.99992861899702
132000,1746480.6438376426,1.234375,1746655.2921020263,1.234375,1746654.0577270263,99.99992932921535
132100,1764032.204259273,1.234375,1764208.6076796986,1.234375,1764207.3733046986,99.99993003236722
132200,1781760.1519323424,1.234375,1781938.3281475354,1.234375,1781937.0937725354,99.99993072852295
132300,1799666.259489127,1.234375,1799846.2263150758,1.234375,1799844.9919400758,99.99993141775214
132400,1817752.3173762558,1.234375,1817934.0928079933,1.234375,1817932.8584329933,99.99993210012371
132500,1836020.1340337424,1.234375,1836203.7362471456,1.234375,1836202.5018721456,99.99993277570589
132600,1854471.5360758104,1.234375,1854656.983429418,1.234375,1854655.749054418,99.99993344456625
132700,1873108.3684735405,1.234375,1873295.6795103878,1.234375,1873294.4451353878,99.99993410677163
132800,1891932.4947393509,1.234375,1892121.6881888246,1.234375,1892120.4538138246,99.99993476238829
132900,1910945.7971133245,1.234375,1911136.8918930357,1.234375,1911135.6575180357,99.99993541148176
133000,1930150.176751428,1.234375,1930343.1919691032,1.234375,1930341.9575941032,99.99993605411694
133100,1949547.5539155975,1.234375,1949742.5088709889,1.234375,1949741.2744959889,99.99993669035811
133200,1969139.8681657538,1.234375,1969336.7823525702,1.234375,1969335.5479775702,99.99993732026888
133300,1988929.0785537425,1.234375,1989127.9716615977,1.234375,1989126.7372865977,99.99993794391223
133400,2008917.1638192143,1.234375,2009118.0557355962,1.234375,2009116.8213605962,99.9999385613505
133500,2029106.1225874887,1.234375,2029309.0333997475,1.234375,2029307.7990247475,99.99993917264548
133600,2049497.9735693913,1.234375,2049702.9235667482,1.234375,2049701.6891917482,99.99993977785824
133700,2070094.7557631102,1.234375,2070301.7654386864,1.234375,2070300.5310636864,99.99994037704934
133800,2090898.5286580767,1.234375,2091107.6187109423,1.234375,2091106.3843359423,99.99994097027867
133900,2111911.3724409114,1.234375,2112122.5637781555,1.234375,2112121.3294031555,99.99994155760555
134000,2133135.388203381,1.234375,2133348.7019422017,1.234375,2133347.4675672017,99.9999421390887
134100,2154572.698152517,1.234375,2154788.1556223324,1.234375,2154786.9212473324,99.99994271478629
134200,2176225.445822821,1.234375,2176443.0685674036,1.234375,2176441.8341924036,99.99994328475586
134300,2198095.7962905965,1.234375,2198315.6060702256,1.234375,2198314.3716952256,99.9999438490544
134400,2220185.936390423,1.234375,2220407.9551840625,1.234375,2220406.7208090625,99.99994440773835
134500,2242498.0749338367,1.234375,2242722.32494133,1.234375,2242721.09056633,99.99994496086357
134600,2265034.4429301815,1.234375,2265260.9465744747,1.234375,2265259.7121994747,99.99994550848538
134700,2287797.293809693,1.234375,2288026.0737390737,1.234375,2288024.8393640737,99.99994605065851
134800,2310788.9036488133,1.234375,2311019.9827391785,1.234375,2311018.7483641785,99.99994658743718
134900,2334011.5713977846,1.234375,2334244.9727549246,1.234375,2334243.7383799246,99.99994711887507
135000,2357467.6191105307,1.234375,2357703.366072442,1.234375,2357702.131697442,99.99994764502533
135100,2381159.392176823,1.234375,2381397.508316041,1.234375,2381396.273941041,99.99994816594055
135200,2405089.2595568146,1.234375,2405329.7686827704,1.234375,2405328.5343077704,99.99994868167283
135300,2429259.614017903,1.234375,2429502.540179305,1.234375,2429501.305804305,99.99994919227375
135400,2453672.8723739893,1.234375,2453918.2398612266,1.234375,2453917.0054862266,99.99994969779434
135500,2478331.4757271395,1.234375,2478579.3090747125,1.234375,2478578.0746997125,99.99995019828515
135600,2503237.8897116734,1.234375,2503488.2137006447,1.234375,2503486.9793256447,99.99995069379624
135700,2528394.6047406965,1.234375,2528647.4444011706,1.234375,2528646.2100261706,99.99995118437714
135800,2553804.1362551264,1.234375,2554059.516868752,1.234375,2554058.282493752,99.99995167007691
135900,2579469.024975215,1.234375,2579726.972077713,1.234375,2579725.737702713,99.99995215094414
136000,2605391.837154593,1.234375,2605652.3765383083,1.234375,2605651.1421633083,99.99995262702687
136100,2631575.164836868,1.234375,2631838.322553352,1.234375,2631837.088178352,99.99995309837274
136200,2658021.6261148173,1.234375,2658287.428477429,1.234375,2658286.194102429,99.99995356502886
136300,2684733.8653921657,1.234375,2685002.338978705,1.234375,2685001.104603705,99.99995402704191
136400,2711714.553647993,1.234375,2711985.725303358,1.234375,2711984.490928358,99.99995448445806
136500,2738966.388703826,1.234375,2739240.2855426962,1.234375,2739239.0511676962,99.99995493732308
136600,2766492.095493379,1.234375,2766768.7449029284,1.234375,2766767.5105279284,99.99995538568223
136700,2794294.4263350354,1.234375,2794573.855977669,1.234375,2794572.621602669,99.99995582958033
136800,2822376.1612070445,1.234375,2822658.3990231655,1.234375,2822657.1646481655,99.99995626906181
136900,2850740.1080254996,1.234375,2851025.182236302,1.234375,2851023.947861302,99.99995670417057
137000,2879389.1029251018,1.234375,2879677.0420353943,1.234375,2879675.8076603943,99.99995713495014
137100,2908326.0105427452,1.234375,2908616.8433437995,1.234375,2908615.6089687995,99.99995756144358
137200,2937553.724303957,1.234375,2937847.4798763874,1.234375,2937846.2455013874,99.99995798369355
137300,2967075.166712217,1.234375,2967371.8744288883,1.234375,2967370.6400538883,99.99995840174228
137400,2996893.2896411745,1.234375,2997192.9791701385,1.234375,2997191.7447951385,99.99995881563154
137500,3027011.0746298106,1.234375,3027313.7759372736,1.234375,3027312.5415622736,99.99995922540273
137600,3057431.5331805684,1.234375,3057737.2765338863,1.234375,3057736.0421588863,99.99995963109684
137700,3088157.707060471,1.234375,3088466.5230311775,1.234375,3088465.2886561775,99.99996003275442
137800,3119192.668605274,1.234375,3119504.5880721346,1.234375,3119503.3536971346,99.99996043041563
137900,3150539.5210266695,1.234375,3150854.575178772,1.234375,3150853.340803772,99.99996082412024
138000,3182201.398722573,1.234375,3182519.6190624456,1.234375,3182518.3846874456,99.99996121390761
138100,3214181.467590547,1.234375,3214502.885937306,1.234375,3214501.651562306,99.99996159981671
138200,3246482.925344352,1.234375,3246807.573836887,1.234375,3246806.339461887,99.99996198188614
138300,3279109.0018336885,1.234375,3279436.912933872,1.234375,3279435.678558872,99.99996236015411
138400,3312062.9593671584,1.234375,3312394.1658630953,1.234375,3312392.9314880953,99.99996273465842
138500,3345348.093038463,1.234375,3345682.628047767,1.234375,3345681.393672767,99.99996310543655
138600,3378967.7310558837,1.234375,3379305.6280289893,1.234375,3379304.3936539893,99.99996347252555
138700,3412925.2350750617,1.234375,3413266.5277985693,1.234375,3413265.2934235693,99.99996383596212
138800,3447224.0005351515,1.234375,3447568.723135205,1.234375,3447567.488760205,99.99996419578262
138900,3481867.4569983166,1.234375,3482215.6439440167,1.234375,3482214.4095690167,99.99996455202302
139000,3516859.068492668,1.234375,3517210.7545995177,1.234375,3517209.5202245177,99.99996490471894
139100,3552202.3338586194,1.234375,3552557.5542920055,1.234375,3552556.3199170055,99.99996525390564
139200,3587900.7870987626,1.234375,3588259.5773774725,1.234375,3588258.3430024725,99.99996559961805
139300,3623957.997731205,1.234375,3624320.3937309785,1.234375,3624319.1593559785,99.99996594189074
139400,3660377.5711465157,1.234375,3660743.6091036303,1.234375,3660742.3747286303,99.9999662807579
139500,3697163.1489682165,1.234375,3697532.8654831136,1.234375,3697531.6311081136,99.99996661625346
139600,3734318.409416915,1.234375,3734691.841457857,1.234375,3734690.607082857,99.99996694841094
139700,3771847.067678093,1.234375,3772224.2525848607,1.234375,3772223.0182098607,99.99996727726355
139800,3809752.8762735967,1.234375,3810133.851761224,1.234375,3810132.617386224,99.99996760284421
139900,3848039.625436843,1.234375,3848424.4295993866,1.234375,3848423.1952243866,99.99996792518542
140000,3886711.143491814,1.234375,3887099.8148061633,1.234375,3887098.5804311633,99.99996824431945
140100,3925771.297235857,1.234375,3926163.874565581,1.234375,3926162.640190581,99.99996856027819
140200,3965223.9923263215,1.234375,3965620.5149255544,1.234375,3965619.2805505544,99.99996887309325
140300,4005073.1736711017,1.234375,4005473.681188469,1.234375,4005472.446813469,99.9999691827959
140400,4045322.8258230737,1.234375,4045727.3583056564,1.234375,4045726.1239306564,99.99996948941708
140500,4085976.9733785293,1.234375,4086385.571275867,1.234375,4086384.336900867,99.99996979298751
140600,4127039.68137959,1.234375,4127452.3855477283,1.234375,4127451.1511727283,99.9999700935375
140700,4168515.0557206795,1.234375,4168931.9074262516,1.234375,4168930.6730512516,99.99997039109712
140800,4210407.243559058,1.234375,4210828.284483413,1.234375,4210827.050108413,99.9999706856961
140900,4252720.433729513,1.234375,4253145.705972885,1.234375,4253144.471597885,99.99997097736393
141000,4295458.857163251,1.234375,4295888.403248968,1.234375,4295887.168873968,99.99997126612975
141100,4338626.787310883,1.234375,4339060.650189614,1.234375,4339059.415814614,99.99997155202244
141200,4382228.540569746,1.234375,4382666.763623803,1.234375,4382665.529248803,99.9999718350706
141300,4426268.47671552,1.234375,4426711.103763191,1.234375,4426709.869388191,99.99997211530251
141400,4470750.999338147,1.234375,4471198.074638081,1.234375,4471196.840263081,99.9999723927462
141500,4515680.556282173,1.234375,4516132.1245378,1.234375,4516130.8901628,99.99997266742943
141600,4561061.640091467,1.234375,4561517.746455476,1.234375,4561516.512080476,99.99997293937965
141700,4606898.788458451,1.234375,4607359.478537296,1.234375,4607358.244162296,99.99997320862404
141800,4653196.584677827,1.234375,4653661.904536294,1.234375,4653660.670161294,99.99997347518953
141900,4699959.658104852,1.234375,4700429.654270662,1.234375,4700428.419895662,99.99997373910278
142000,4747192.684618242,1.234375,4747667.404086703,1.234375,4747666.169711703,99.9999740003902
142100,4794900.387087714,1.234375,4795379.877326422,1.234375,4795378.642951422,99.99997425907787
142200,4843087.535846233,1.234375,4843571.844799818,1.234375,4843570.610424818,99.9999745151917
142300,4891758.949166998,1.234375,4892248.125261915,1.234375,4892246.890886915,99.99997476875726
142400,4940919.493745215,1.234375,4941413.585894589,1.234375,4941412.351519589,99.99997501979993
142500,4990574.085184752,1.234375,4991073.14279327,1.234375,4991071.90841827,99.99997526834481
142600,5040727.6884896085,1.234375,5041231.761458457,1.234375,5041230.527083457,99.99997551441675
142700,5091385.318560418,1.234375,5091894.457292274,1.234375,5091893.222917274,99.99997575804035
142800,5142552.040695868,1.234375,5143066.2960999375,1.234375,5143065.0617249375,99.99997599923996
142900,5194232.9710991755,1.234375,5194752.394596285,1.234375,5194751.160221285,99.99997623803974
143000,5246433.277389682,1.234375,5246957.920917421,1.234375,5246956.686542421,99.99997647446351
143100,5299158.179119556,1.234375,5299688.095137468,1.234375,5299686.860762468,99.99997670853496
143200,5352412.948295693,1.234375,5352948.189790522,1.234375,5352946.955415522,99.99997694027746
143300,5406202.9099068865,1.234375,5406743.530397877,1.234375,5406742.296022877,99.9999771697142
143400,5460533.4424562575,1.234375,5461079.496000503,1.234375,5461078.261625503,99.99997739686813
143500,5515409.978499077,1.234375,5515961.519696927,1.234375,5515960.285321927,99.99997762176194
143600,5570838.005185959,1.234375,5571395.0891864775,1.234375,5571393.8548114775,99.99997784441813
143700,5626823.06481152,1.234375,5627385.747318001,1.234375,5627384.512943001,99.99997806485898
143800,5683370.755368568,1.234375,5683939.092644105,1.234375,5683937.858269105,99.99997828310649
143900,5740486.731107845,1.234375,5741060.779980956,1.234375,5741059.545605956,99.99997849918252
144000,5798176.7031034045,1.234375,5798756.520973714,1.234375,5798755.286598714,99.99997871310865
144100,5856446.439823667,1.234375,5857032.084667648,1.234375,5857030.850292648,99.9999789249063
144200,5915301.767708209,1.234375,5915893.29808498,1.234375,5915892.06370998,99.99997913459663
144300,5974748.571750357,1.234375,5975346.046807531,1.234375,5975344.812432531,99.99997934220059
144400,6034792.796085627,1.234375,6035396.275565235,1.234375,6035395.041190235,99.99997954773899
144500,6095440.4445861,1.234375,6096049.988830558,1.234375,6096048.754455558,99.99997975123232
144600,6156697.581460727,1.234375,6157313.251418873,1.234375,6157312.017043873,99.99997995270097
144700,6218570.3318617195,1.234375,6219192.189094905,1.234375,6219190.954719905,99.99998015216507
144800,6281064.882497001,1.234375,6281692.98918525,1.234375,6281691.75481025,99.99998034964456
144900,6344187.482248812,1.234375,6344821.901197037,1.234375,6344820.666822037,99.99998054515919
145000,6407944.442798556,1.234375,6408585.237442835,1.234375,6408584.003067835,99.99998073872854
145100,6472342.13925789,1.234375,6472989.373671816,1.234375,6472988.139296816,99.99998093037192
145200,6537387.010806199,1.234375,6538040.74970728,1.234375,6538039.51533228,99.9999811201085
145300,6603085.561334442,1.234375,6603745.870090575,1.234375,6603744.635715575,99.99998130795727
145400,6669444.360095487,1.234375,6670111.304731496,1.234375,6670110.070356496,99.99998149393701
145500,6736470.042360968,1.234375,6737143.689565204,1.234375,6737142.455190204,99.99998167806629
145600,6804169.310084765,1.234375,6804849.7272157725,1.234375,6804848.4928407725,99.99998186036358
145700,6872548.932573119,1.234375,6873236.187666376,1.234375,6873234.953291376,99.99998204084704
145800,6941615.747161517,1.234375,6942309.908936232,1.234375,6942308.674561232,99.99998221953477
145900,7011376.659898365,1.234375,7012077.797764354,1.234375,7012076.563389354,99.9999823964446
146000,7081838.646235507,1.234375,7082546.83030013,1.234375,7082545.59592513,99.99998257159423
146100,7153008.751725729,1.234375,7153724.052800901,1.234375,7153722.818425901,99.99998274500119
146200,7224894.092727243,1.234375,7225616.582336515,1.234375,7225615.347961515,99.99998291668281
146300,7297501.857115251,1.234375,7298231.607500962,1.234375,7298230.373125962,99.99998308665624
146400,7370839.30500068,1.234375,7371576.389131179,1.234375,7371575.154756179,99.9999832549385
146500,7444913.769456111,1.234375,7445658.261033056,1.234375,7445657.026658056,99.9999834215464
146600,7519732.657249032,1.234375,7520484.630714756,1.234375,7520483.396339756,99.99998358649661
146700,7595303.449582435,1.234375,7596062.980127393,1.234375,7596061.745752393,99.99998374980561
146800,7671633.702842879,1.234375,7672400.866413163,1.234375,7672399.632038163,99.99998391148975
146900,7748731.049356057,1.234375,7749505.9226609925,1.234375,7749504.6882859925,99.99998407156518
147000,7826603.198149946,1.234375,7827385.85866976,1.234375,7827384.62429476,99.99998423004791
147100,7905257.935725664,1.234375,7906048.461719236,1.234375,7906047.227344236,99.99998438695378
147200,7984703.126836015,1.234375,7985501.597348698,1.234375,7985500.362973698,99.9999845422985
147300,8064946.715271931,1.234375,8065753.210143458,1.234375,8065751.975768458,99.99998469609758
147400,8145996.724656752,1.234375,8146811.324529218,1.234375,8146810.090154218,99.99998484836642
147500,8227861.259248512,1.234375,8228684.045574436,1.234375,8228682.811199436,99.99998499912024
147600,8310548.504750307,1.234375,8311379.559800781,1.234375,8311378.325425781,99.9999851483741
147700,8394066.72912879,1.234375,8394906.136001702,1.234375,8394904.901626702,99.99998529614292
147800,8478424.283440879,1.234375,8479272.126069222,1.234375,8479270.891694222,99.9999854424415
147900,8563629.602668783,1.234375,8564485.965829048,1.234375,8564484.731454048,99.99998558728446
148000,8649691.206563434,1.234375,8650556.17588409,1.234375,8650554.94150909,99.99998573068626
148100,8736617.700496404,1.234375,8737491.362466453,1.234375,8737490.128091453,99.99998587266128
148200,8824417.776320318,1.234375,8825300.218297949,1.234375,8825298.983922949,99.99998601322369
148300,8913100.213237982,1.234375,8913991.523459306,1.234375,8913990.289084306,99.99998615238755
148400,9002673.878680237,1.234375,9003574.146268105,1.234375,9003572.911893105,99.99998629016677
148500,9093147.72919262,1.234375,9094057.044165539,1.234375,9094055.809790539,99.99998642657513
148600,9184530.811330894,1.234375,9185449.264612027,1.234375,9185448.030237027,99.99998656162627
148700,9276832.262565667,1.234375,9277759.945991922,1.234375,9277758.711616922,99.9999866953337
148800,9370061.312196031,1.234375,9370998.31852725,1.234375,9370997.08415225,99.9999868277108
148900,9464227.282272417,1.234375,9465173.705200644,1.234375,9465172.470825644,99.99998695877078
149000,9559339.58852873,1.234375,9560295.522687582,1.234375,9560294.288312582,99.99998708852674
149100,9655407.741323773,1.234375,9656373.282297906,1.234375,9656372.047922906,99.99998721699168
149200,9752441.346592307,1.234375,9753416.590926966,1.234375,9753415.356551966,99.99998734417844
149300,9850450.106805433,1.234375,9851435.152016113,1.234375,9851433.917641113,99.99998747009973
149400,9949443.82194085,1.234375,9950438.766523045,1.234375,9950437.532148045,99.99998759476813
149500,10049432.390462693,1.234375,10050437.333901739,1.234375,10050436.099526739,99.99998771819615
149600,10150425.81031133,1.234375,10151440.853092361,1.234375,10151439.618717361,99.99998784039607
149700,10252434.179903049,1.234375,10253459.423521038,1.234375,10253458.189146038,99.99998796138017
149800,10355467.699139817,1.234375,10356503.24610973,1.234375,10356502.01173473,99.9999880811605
149900,10459536.670429148,1.234375,10460582.62429619,1.234375,10460581.38992119,99.99998819974905
150000,10564651.499714293,1.234375,10565707.965064263,1.234375,10565706.730689263,99.9999883171577
150100,10670822.697514705,1.234375,10671889.779984456,1.234375,10671888.545609456,99.99998843339816
150200,10778060.879977005,1.234375,10779138.686265001,1.234375,10779137.451890001,99.99998854848207
150300,10886376.769936506,1.234375,10887465.407813499,1.234375,10887464.173438499,99.99998866242092
150400,10995781.19798939,1.234375,10996880.776309188,1.234375,10996879.541934188,99.99998877522613
150500,11106285.103575675,1.234375,11107395.732286032,1.234375,11107394.497911032,99.99998888690897
150600,11217899.53607304,1.234375,11219021.326226648,1.234375,11219020.091851648,99.99998899748059
150700,11330635.655901693,1.234375,11331768.719667282,1.234375,11331767.485292282,99.99998910695204
150800,11444504.735640282,1.234375,11445649.186313845,1.234375,11445647.951938845,99.99998921533432
150900,11559518.161153076,1.234375,11560674.113169191,1.234375,11560672.878794191,99.99998932263821
151000,11675687.43272841,1.234375,11676855.001671683,1.234375,11676853.767296683,99.99998942887447
151100,11793024.16622866,1.234375,11794203.468845282,1.234375,11794202.234470282,99.99998953405371
151200,11911540.094251657,1.234375,11912731.24846108,1.234375,11912730.01408608,99.99998963818646
151300,12031247.06730392,1.234375,12032450.19221065,1.234375,12032448.95783565,99.99998974128312
151400,12152157.05498551,1.234375,12153372.270891009,1.234375,12153371.036516009,99.99998984335399
151500,12274282.147186954,1.234375,12275509.57560167,1.234375,12275508.34122667,99.9999899444093
151600,12397634.555298092,1.234375,12398874.31895362,1.234375,12398873.08457862,99.99999004445912
151700,12522226.61342908,1.234375,12523478.836290423,1.234375,12523477.601915423,99.9999901435135
151800,12648070.779643748,1.234375,12649335.586921712,1.234375,12649334.352546712,99.99999024158232
151900,12775179.637205236,1.234375,12776457.155368956,1.234375,12776455.920993956,99.99999033867539
152000,12903565.895834219,1.234375,12904856.252623802,1.234375,12904855.018248802,99.9999904348024
152100,13033242.392979791,1.234375,13034545.71741909,1.234375,13034544.48304409,99.99999052997299
152200,13164222.095103068,1.234375,13165538.517512579,1.234375,13165537.283137579,99.99999062419666
152300,13296518.098973712,1.234375,13297847.750983609,1.234375,13297846.516608609,99.99999071748283
152400,13430143.632979495,1.234375,13431486.647542793,1.234375,13431485.413167793,99.99999080984084
152500,13565112.058449013,1.234375,13566468.569854857,1.234375,13566467.335479857,99.99999090127993
152600,13701436.87098771,1.234375,13702807.014874808,1.234375,13702805.780499808,99.99999099180921
152700,13839131.701827286,1.234375,13840515.615197469,1.234375,13840514.380822469,99.99999108143776
152800,13978210.31918874,1.234375,13979608.140420659,1.234375,13979606.906045659,99.99999117017452
152900,14118686.62965902,1.234375,14120098.498521985,1.234375,14120097.264146985,99.99999125802842
153000,14260574.679581577,1.234375,14262000.737249535,1.234375,14261999.502874535,99.99999134500817
153100,14403888.656460874,1.234375,14405329.04552652,1.234375,14405327.81115152,99.9999914311225
153200,14548642.890380986,1.234375,14550097.754870024,1.234375,14550096.520495024,99.99999151638002
153300,14694851.855438521,1.234375,14696321.340824064,1.234375,14696320.106449064,99.99999160078926
153400,14842530.171189835,1.234375,14844014.424406953,1.234375,14844013.190031953,99.99999168435866
153500,14991692.604112897,1.234375,14993191.773573307,1.234375,14993190.539198307,99.99999176709656
153600,15142354.069083786,1.234375,15143868.304690694,1.234375,15143867.070315694,99.99999184901127
153700,15294529.630868036,1.234375,15296059.084031122,1.234375,15296057.849656122,99.99999193011094
153800,15448234.505627027,1.234375,15449779.329277588,1.234375,15449778.094902588,99.99999201040369
153900,15603484.06243937,1.234375,15605044.411045615,1.234375,15605043.176670615,99.99999208989755
154000,15760293.824837744,1.234375,15761869.854420228,1.234375,15761868.620045228,99.99999216860049
154100,15918679.472361084,1.234375,15920271.34050832,1.234375,15920270.10613332,99.99999224652034
154200,16078656.842122393,1.234375,16080264.708006604,1.234375,16080263.473631604,99.99999232366493
154300,16240241.93039231,1.234375,16241865.954785349,1.234375,16241864.720410349,99.99999240004195
154400,16403450.89419859,1.234375,16405091.23948801,1.234375,16405090.00511301,99.99999247565904
154500,16568300.05294165,1.234375,16569956.883146944,1.234375,16569955.648771944,99.99999255052376
154600,16734805.890026374,1.234375,16736479.370815376,1.234375,16736478.136440376,99.99999262464362
154700,16902985.054510273,1.234375,16904675.353215724,1.234375,16904674.118840724,99.99999269802599
154800,17072854.3627683,1.234375,17074561.648404576,1.234375,17074560.414029576,99.99999277067825
154900,17244430.800174277,1.234375,17246155.243454292,1.234375,17246154.009079292,99.99999284260764
155000,17417731.522799283,1.234375,17419473.296151564,1.234375,17419472.061776564,99.99999291382133
155100,17592773.859127138,1.234375,17594533.13671305,1.234375,17594531.90233805,99.9999929843265
155200,17769575.311787028,1.234375,17771352.269518208,1.234375,17771351.035143208,99.99999305413014
155300,17948153.559303682,1.234375,17949948.374859612,1.234375,17949947.140484612,99.99999312323928
155400,18128526.457865015,1.234375,18130339.3107108,1.234375,18130338.0763358,99.99999319166079
155500,18310712.043107595,1.234375,18312543.114511907,1.234375,18312541.880136907,99.99999325940153
155600,18494728.53192007,1.234375,18496578.004973263,1.234375,18496576.770598263,99.99999332646829
155700,18680594.324264616,1.234375,18682462.38389704,1.234375,18682461.14952204,99.99999339286774
155800,18868328.005016852,1.234375,18870214.838017352,1.234375,18870213.603642352,99.99999345860654
155900,19057948.3458241,1.234375,19059854.140858684,1.234375,19059852.906483684,99.99999352369126
156000,19249474.306982398,1.234375,19251399.254613094,1.234375,19251398.020238094,99.9999935881284
156100,19442925.039332353,1.234375,19444869.332036287,1.234375,19444868.097661287,99.99999365192443
156200,19638319.88617403,1.234375,19640283.718362648,1.234375,19640282.483987648,99.9999937150857
156300,19835678.38520116,1.234375,19837661.95323968,1.234375,19837660.71886468,99.99999377761853
156400,20035020.270454675,1.234375,20037023.77268172,1.234375,20037022.53830672,99.99999383952918
156500,20236365.474295955,1.234375,20238389.111043382,1.234375,20238387.876668382,99.99999390082385
156600,20439734.129399873,1.234375,20441778.10301281,1.234375,20441776.86863781,99.99999396150866
156700,20645146.570767842,1.234375,20647211.08562492,1.234375,20647209.85124992,99.99999402158967
156800,20852623.33776122,1.234375,20854708.600294996,1.234375,20854707.365919996,99.9999940810729
156900,21062185.176155016,1.234375,21064291.394872632,1.234375,21064290.160497632,99.99999413996427
157000,21273853.04021224,1.234375,21275980.425716262,1.234375,21275979.191341262,99.99999419826972
157100,21487648.09477916,1.234375,21489796.859788638,1.234375,21489795.625413638,99.99999425599503
157200,21703591.71740159,1.234375,21705762.07677333,1.234375,21705760.84239833,99.99999431314599
157300,21921705.500462484,1.234375,21923897.671212528,1.234375,21923896.436837528,99.99999436972833
157400,22142011.25334095,1.234375,22144225.454666283,1.234375,22144224.220291283,99.99999442574769
157500,22364531.004592977,1.234375,22366767.457893435,1.234375,22366766.223518435,99.99999448120967
157600,22589287.004154045,1.234375,22591545.93305446,1.234375,22591544.69867946,99.99999453611981
157700,22816301.725564055,1.234375,22818583.35593661,1.234375,22818582.12156161,99.99999459048364
157800,23045597.868214335,1.234375,23047902.428201158,1.234375,23047901.193826158,99.99999464430655
157900,23277198.35961747,1.234375,23279526.079653434,1.234375,23279524.845278434,99.99999469759395
158000,23511126.357699744,1.234375,23513477.470535513,1.234375,23513476.236160513,99.99999475035115
158100,23747405.253116813,1.234375,23749779.993842125,1.234375,23749778.759467125,99.99999480258343
158200,23986058.671592504,1.234375,23988457.277659662,1.234375,23988456.043284662,99.99999485429602
158300,24227110.476281177,1.234375,24229533.187528804,1.234375,24229531.953153804,99.99999490549409
158400,24470584.77015385,1.234375,24473031.828830864,1.234375,24473030.594455864,99.99999495618276
158500,24716505.89840824,1.234375,24718977.549198084,1.234375,24718976.314823084,99.99999500636709
158600,24964898.450903114,1.234375,24967394.940948203,1.234375,24967393.706573203,99.9999950560521
158700,25215787.264616918,1.234375,25218308.84354338,1.234375,25218307.60916838,99.99999510524276
158800,25469197.42613145,1.234375,25471744.346074063,1.234375,25471743.111699063,99.99999515394397
158900,25725154.2741401,1.234375,25727726.789767515,1.234375,25727725.555392515,99.99999520216065
159000,25983683.401981596,1.234375,25986281.770521794,1.234375,25986280.536146794,99.99999524989758
159100,26244810.66019904,1.234375,26247435.141465057,1.234375,26247433.907090057,99.99999529715954
159200,26508562.159124825,1.234375,26511213.015540738,1.234375,26511211.781165738,99.99999534395126
159300,26774964.271491308,1.234375,26777641.768118456,1.234375,26777640.533743456,99.99999539027742
159400,27044043.635067914,1.234375,27046748.03963142,1.234375,27046746.80525642,99.99999543614264
159500,27315827.155324616,1.234375,27318558.73824015,1.234375,27318557.50386515,99.99999548155152
159600,27590342.00812231,1.234375,27593101.042523123,1.234375,27593099.808148123,99.99999552650861
159700,27867615.642430086,1.234375,27870402.40419433,1.234375,27870401.16981933,99.99999557101837
159800,28147675.78306992,1.234375,28150490.550848227,1.234375,28150489.316473227,99.9999956150853
159900,28430550.433488883,1.234375,28433393.48873223,1.234375,28433392.25435723,99.99999565871376
160000,28716267.87855919,1.234375,28719139.505547047,1.234375,28719138.271172047,99.99999570190813
160100,29004856.687406503,1.234375,29007757.173275243,1.234375,29007755.938900243,99.99999574467273
160200,29296345.7162665,1.234375,29299275.35103813,1.234375,29299274.11666313,99.99999578701184
160300,29590764.111370325,1.234375,29593723.18798146,1.234375,29593721.95360646,99.9999958289297
160400,29888141.311858866,1.234375,29891130.12619005,1.234375,29891128.89181505,99.99999587043048
160500,30188507.052726462,1.234375,30191525.903631736,1.234375,30191524.669256736,99.99999591151834
160600,30491891.367794048,1.234375,30494940.55713083,1.234375,30494939.32275583,99.99999595219738
160700,30798324.592712335,1.234375,30801404.425371606,1.234375,30801403.190996606,99.9999959924717
160800,31107837.367995095,1.234375,31110948.151931893,1.234375,31110946.917556893,99.99999603234528
160900,31420460.642082866,1.234375,31423602.688347075,1.234375,31423601.453972075,99.99999607182215
161000,31736225.67443759,1.234375,31739399.297205035,1.234375,31739398.062830035,99.99999611090622
161100,32055164.038668234,1.234375,32058369.5552721,1.234375,32058368.3208971,99.99999614960144
161200,32377307.625687815,1.234375,32380545.356650382,1.234375,32380544.122275382,99.99999618791165
161300,32702688.64690236,1.234375,32705958.91596705,1.234375,32705957.68159205,99.99999622584068
161400,33031339.637431547,1.234375,33034642.771595288,1.234375,33034641.537220288,99.99999626339232
161500,33363293.45936202,1.234375,33366629.788907953,1.234375,33366628.554532953,99.99999630057033
161600,33698583.305033505,1.234375,33701953.16356401,1.234375,33701951.92918901,99.99999633737845
161700,34037242.700357385,1.234375,34040646.42482743,1.234375,34040645.19045243,99.99999637382034
161800,34379305.50816888,1.234375,34382743.4389197,1.234375,34382742.2045447,99.99999640989962
161900,34724805.93161335,1.234375,34728278.41240651,1.234375,34728277.17803151,99.99999644561996
162000,35073778.517566375,1.234375,35077285.89561813,1.234375,35077284.66124313,99.99999648098486
162100,35426258.16008794,1.234375,35429800.78610396,1.234375,35429799.55172896,99.9999965159979
162200,35782280.10391146,1.234375,35785858.33212186,1.234375,35785857.09774686,99.99999655066259
162300,36141879.94796808,1.234375,36145494.13616288,1.234375,36145492.90178788,99.99999658498237
162400,36505093.64894608,1.234375,36508744.158510976,1.234375,36508742.924135976,99.99999661896067
162500,36871957.524886414,1.234375,36875644.720838904,1.234375,36875643.486463904,99.9999966526009
162600,37242508.25881402,1.234375,37246232.50983991,1.234375,37246231.27546491,99.99999668590642
162700,37616782.90240591,1.234375,37620544.580896154,1.234375,37620543.346521154,99.99999671888057
162800,37994818.87969583,1.234375,37998618.3617838,1.234375,37998617.1274088,99.99999675152662
162900,38376653.99081645,1.234375,38380491.65641554,1.234375,38380490.42204054,99.99999678384786
163000,38762326.41577905,1.234375,38766202.64862063,1.234375,38766201.41424563,99.99999681584752
163100,39151874.71829106,1.234375,39155789.90596289,1.234375,39155788.67158789,99.9999968475288
163200,39545337.84961214,1.234375,39549292.383597106,1.234375,39549291.149222106,99.99999687889486
163300,39942755.152449004,1.234375,39946749.42816425,1.234375,39946748.19378925,99.99999690994883
163400,40344166.364889234,1.234375,40348200.78172573,1.234375,40348199.54735073,99.99999694069382
163500,40749611.624374785,1.234375,40753686.58573723,1.234375,40753685.35136223,99.99999697113292
163600,41159131.471715346,1.234375,41163247.38506252,1.234375,41163246.15068752,99.99999700126915
163700,41572766.855141975,1.234375,41576924.13202749,1.234375,41576922.89765249,99.99999703110554
163800,41990559.134401724,1.234375,41994758.19051517,1.234375,41994756.95614017,99.99999706064506
163900,42412550.08489304,1.234375,42416791.34010153,1.234375,42416790.10572653,99.99999708989068
164000,42838781.90184304,1.234375,42843065.78023323,1.234375,42843064.54585823,99.9999971188453
164100,43269297.20452661,1.234375,43273624.13444707,1.234375,43273622.90007207,99.99999714751185
164200,43704139.04052796,1.234375,43708509.45463202,1.234375,43708508.22025702,99.99999717589317
164300,44143350.89004499,1.234375,44147765.225333996,1.234375,44147763.990958996,99.99999720399211
164400,44586976.67023682,1.234375,44591435.36810385,1.234375,44591434.13372885,99.99999723181146
164500,45035060.73961529,1.234375,45039564.245889254,1.234375,45039563.011514254,99.99999725935403
164600,45487647.90248024,1.234375,45492196.667470485,1.234375,45492195.433095485,99.99999728662257
164700,45944783.41339948,1.234375,45949377.891940825,1.234375,45949376.657565825,99.99999731361979
164800,46406512.981734134,1.234375,46411153.63323231,1.234375,46411152.39885731,99.99999734034837
164900,46872882.77620885,1.234375,46877570.06468647,1.234375,46877568.83031147,99.99999736681104
165000,47343939.42952835,1.234375,47348673.8236713,1.234375,47348672.5892963,99.9999973930104
165100,47819730.04304033,1.234375,47824512.016244635,1.234375,47824510.781869635,99.99999741894909
165200,48300302.19144505,1.234375,48305132.2218642,1.234375,48305130.9874892,99.99999744462971
165300,48785703.927552484,1.234375,48790582.498145245,1.234375,48790581.263770245,99.99999747005481
165400,49275983.78708711,1.234375,49280911.38566583,1.234375,49280910.15129083,99.99999749522692
165500,49771190.79354101,1.234375,49776167.91282036,1.234375,49776166.67844536,99.9999975201486
165600,50271374.463075794,1.234375,50276401.600722104,1.234375,50276400.366347104,99.9999975448223
165700,50776584.80947376,1.234375,50781662.46815471,1.234375,50781661.23377971,99.99999756925051
165800,51286872.34913882,1.234375,51292001.03657374,1.234375,51291999.80219874,99.99999759343568
165900,51802288.106147766,1.234375,51807468.335158385,1.234375,51807467.100783385,99.9999976173802
166000,52322883.617352016,1.234375,52328115.905913755,1.234375,52328114.671538755,99.99999764108648
166100,52848710.93753092,1.234375,52853995.80882467,1.234375,52853994.57444967,99.9999976645569
166200,53379822.6445968,1.234375,53385160.62706126,1.234375,53385159.39268626,99.99999768779378
166300,53916271.84485227,1.234375,53921663.47223676,1.234375,53921662.23786176,99.99999771079948
166400,54458112.1783003,1.234375,54463557.98971813,1.234375,54463556.75534313,99.99999773357628
166500,55005397.82400777,1.234375,55010898.36399017,1.234375,55010897.12961517,99.99999775612645
166600,55558183.50552293,1.234375,55563739.324073486,1.234375,55563738.089698486,99.99999777845225
166700,56116524.49634706,1.234375,56122136.1489967,1.234375,56122134.9146217,99.99999780055592
166800,56680476.62546155,1.234375,56686144.6733241,1.234375,56686143.4389491,99.99999782243967
166900,57250096.28291022,1.234375,57255821.29273851,1.234375,57255820.05836351,99.99999784410568
167000,57825440.42543771,1.234375,57831222.96968026,1.234375,57831221.73530526,99.99999786555613
167100,58406566.58218473,1.234375,58412407.23904295,1.234375,58412406.00466795,99.99999788679314
167200,58993532.86044038,1.234375,58999432.21392643,1.234375,58999430.97955143,99.99999790781885
167300,59586397.9514524,1.234375,59592356.59144755,1.234375,59592355.35707255,99.99999792863537
167400,60185221.13629579,1.234375,60191239.65860942,1.234375,60191238.42423442,99.99999794924477
167500,60790062.29180022,1.234375,60796141.298229404,1.234375,60796140.063854404,99.9999979696491
167600,61400981.89653733,1.234375,61407121.99492698,1.234375,61407120.76055198,99.99999798985043
167700,62018041.036867954,1.234375,62024242.841171645,1.234375,62024241.606796645,99.99999800985076
167800,62641301.41305023,1.234375,62647565.54339153,1.234375,62647564.30901653,99.99999802965208
167900,63270825.34540899,1.234375,63277152.42814353,1.234375,63277151.19376853,99.9999980492564
168000,63906675.78056733,1.234375,63913066.44834539,1.234375,63913065.21397039,99.99999806866566
168100,64548916.297740646,1.234375,64555371.18957042,1.234375,64555369.95519542,99.9999980878818
168200,65197611.1150939,1.234375,65204130.87640541,1.234375,65204129.64203041,99.99999810690674
168300,65852825.09616295,1.234375,65859410.37887257,1.234375,65859409.14449757,99.99999812574241
168400,66514623.7563403,1.234375,66521275.21891594,1.234375,66521273.98454094,99.99999814439066
168500,67183073.26942596,1.234375,67189791.5769529,1.234375,67189790.3425779,99.99999816285336
168600,67858240.47424428,1.234375,67865026.2984917,1.234375,67865025.0641167,99.99999818113237
168700,68540192.88132723,1.234375,68547046.90081537,1.234375,68547045.66644037,99.9999981992295
168800,69228998.6796648,1.234375,69235921.57973278,1.234375,69235920.34535778,99.99999821714657
168900,69924726.74352318,1.234375,69931719.21639754,1.234375,69931717.98202254,99.99999823488538
169000,70627446.63933195,1.234375,70634509.3841959,1.234375,70634508.1498209,99.99999825244768
169100,71337228.63263954,1.234375,71344362.3557028,1.234375,71344361.1213278,99.99999826983526
169200,72054143.69513942,1.234375,72061349.10970894,1.234375,72061347.87533394,99.99999828704983
169300,72778263.51176675,1.234375,72785541.33831793,1.234375,72785540.10394293,99.99999830409313
169400,73509660.48786601,1.234375,73517011.45411481,1.234375,73517010.21973981,99.99999832096684
169500,74248407.75643077,1.234375,74255832.59740642,1.234375,74255831.36303142,99.99999833767266
169600,74994579.18541668,1.234375,75002078.64353523,1.234375,75002077.40916023,99.99999835421228
169700,75748249.38512723,1.234375,75755824.21026574,1.234375,75755822.97589074,99.99999837058733
169800,76509493.71567425,1.234375,76517144.66524582,1.234375,76517143.43087082,99.99999838679945
169900,77278388.2945134,1.234375,77286116.13354287,1.234375,77286114.89916787,99.99999840285027
170000,78055010.0040549,1.234375,78062815.50525531,1.234375,78062814.27088031,99.99999841874137
170100,78839436.49935128,1.234375,78847320.44320121,1.234375,78847319.20882621,99.99999843447438
170200,79631746.21586211,1.234375,79639709.3906837,1.234375,79639708.1563087,99.99999845005085
170300,80432018.37729684,1.234375,80440061.57933457,1.234375,80440060.34495957,99.99999846547233
170400,81240333.00353625,1.234375,81248457.03703661,1.234375,81248455.80266161,99.99999848074039
170500,82056770.91863418,1.234375,82064976.59592605,1.234375,82064975.36155105,99.99999849585652
170600,82881413.75889863,1.234375,82889701.90047452,1.234375,82889700.66609952,99.99999851082225
170700,83714343.98105496,1.234375,83722715.41565306,1.234375,83722714.18127806,99.99999852563907
170800,84555644.87049101,1.234375,84564100.43517807,1.234375,84564099.20080307,99.99999854030848
170900,85405400.5495843,1.234375,85413941.08983926,1.234375,85413939.85546426,99.99999855483193
171000,86263695.986114,1.234375,86272322.35591261,1.234375,86272321.12153761,99.99999856921087
171100,87130617.00175671,1.234375,87139330.0636569,1.234375,87139328.8292819,99.99999858344675
171200,88006250.28066778,1.234375,88015050.90589584,1.234375,88015049.67152084,99.99999859754101
171300,88890683.3781492,1.234375,88899572.44668701,1.234375,88899571.21231201,99.99999861149502
171400,89784004.72940406,1.234375,89792983.130077,1.234375,89792981.895702,99.99999862531018
171500,90686303.65837938,1.234375,90695372.28894521,1.234375,90695371.05457021,99.99999863898789
171600,91597670.3866976,1.234375,91606830.15393628,1.234375,91606828.91956128,99.99999865252951
171700,92518196.04267818,1.234375,92527447.86248244,1.234375,92527446.62810744,99.9999986659364
171800,93447972.67044915,1.234375,93457317.4679162,1.234375,93457316.2335412,99.9999986792099
171900,94387093.23915114,1.234375,94396531.94867505,1.234375,94396530.71430005,99.99999869235133
172000,95335651.65223292,1.234375,95345185.21759814,1.234375,95345183.98322314,99.999998705362
172100,96293742.75684161,1.234375,96303372.1313173,1.234375,96303370.8969423,99.99999871824322
172200,97261462.35330582,1.234375,97271188.49974115,1.234375,97271187.26536615,99.99999873099628
172300,98238907.20471519,1.234375,98248731.09563567,1.234375,98248729.86126067,99.99999874362246
172400,99226175.04659565,1.234375,99236097.66430031,1.234375,99236096.42992531,99.999998756123
172500,100223364.59668209,1.234375,100233386.93334176,1.234375,100233385.69896676,99.99999876849917
172600,101230575.56478941,1.234375,101240698.6225459,1.234375,101240697.3881709,99.99999878075218
172700,102247908.66278253,1.234375,102258133.45384881,1.234375,102258132.21947381,99.9999987928833
172800,103275465.61464645,1.234375,103285793.16140792,1.234375,103285791.92703292,99.99999880489372
172900,104313349.1666577,1.234375,104323780.50177437,1.234375,104323779.26739937,99.99999881678463
173000,105361663.09765841,1.234375,105372199.26416817,1.234375,105372198.02979317,99.99999882855724
173100,106420512.22943297,1.234375,106431154.28085591,1.234375,106431153.04648091,99.99999884021271
173200,107490002.4371892,1.234375,107500751.43763293,1.234375,107500750.20325793,99.99999885175221
173300,108570240.66014501,1.234375,108581097.68441103,1.234375,108581096.45003603,99.9999988631769
173400,109661334.91222122,1.234375,109672301.04591244,1.234375,109672299.81153744,99.99999887448791
173500,110763394.29284228,1.234375,110774470.63247158,1.234375,110774469.39809658,99.9999988856864
173600,111876528.99784495,1.234375,111887716.65094474,1.234375,111887715.41656974,99.99999889677345
173700,113000850.33049676,1.234375,113012150.4157298,1.234375,113012149.1813548,99.99999890775018
173800,114136470.71262555,1.234375,114147884.35989681,1.234375,114147883.12552181,99.99999891861772
173900,115283503.6958605,1.234375,115295032.0464301,1.234375,115295030.8120551,99.99999892937711
174000,116442063.97298644,1.234375,116453708.17958374,1.234375,116453706.94520874,99.99999894002946
174100,117612267.38941157,1.234375,117624028.61635052,1.234375,117624027.38197552,99.99999895057582
174200,118794230.95475179,1.234375,118806110.37804727,1.234375,118806109.14367227,99.99999896101724
174300,119988072.85452972,1.234375,120000071.66201518,1.234375,120000070.42764018,99.99999897135477
174400,121193912.46199273,1.234375,121206031.85343893,1.234375,121206030.61906393,99.99999898158947
174500,122411870.35004896,1.234375,122424111.53728397,1.234375,122424110.30290897,99.99999899172232
174600,123642068.30332349,1.234375,123654432.51035383,1.234375,123654431.27597883,99.99999900175435
174700,124884629.33033586,1.234375,124897117.7934689,1.234375,124897116.5590939,99.99999901168655
174800,126139677.67579941,1.234375,126152291.643767,1.234375,126152290.409392,99.99999902151995
174900,127407338.83304505,1.234375,127420079.56712836,1.234375,127420078.33275336,99.99999903125551
175000,128687739.55656935,1.234375,128700608.33072501,1.234375,128700607.09635001,99.9999990408942
175100,129981007.87470849,1.234375,129994005.97569597,1.234375,129994004.74132097,99.99999905043698
175200,131287273.10244042,1.234375,131300401.82995066,1.234375,131300400.59557566,99.99999905988483
175300,132606665.85431466,1.234375,132619926.52110009,1.234375,132619925.28672509,99.99999906923867
175400,133939318.05751303,1.234375,133952711.98951878,1.234375,133952710.75514378,99.99999907849943
175500,135285362.9650408,1.234375,135298891.50153732,1.234375,135298890.26716232,99.99999908766806
175600,136644935.16905108,1.234375,136658599.66276798,1.234375,136658598.42839298,99.99999909674546
175700,138018170.61430258,1.234375,138031972.431564,1.234375,138031971.197189,99.99999910573256
175800,139405206.61175284,1.234375,139419147.13261402,1.234375,139419145.89823902,99.99999911463023
175900,140806181.8522882,1.234375,140820262.4706734,1.234375,140820261.2362984,99.99999912343935
176000,142221236.42059118,1.234375,142235458.54443324,1.234375,142235457.31005824,99.99999913216084
176100,143650511.80914864,1.234375,143664876.86052954,1.234375,143664875.62615454,99.99999914079555
176200,145094150.93239877,1.234375,145108660.347692,1.234375,145108659.113317,99.99999914934436
176300,146552298.14102176,1.234375,146566953.37103587,1.234375,146566952.13666087,99.9999991578081
176400,148025099.2363731,1.234375,148039901.74649674,1.234375,148039900.51212174,99.99999916618764
176500,149512701.48506266,1.234375,149527652.75541118,1.234375,149527651.52103618,99.9999991744838
176600,151015253.6336802,1.234375,151030355.15924355,1.234375,151030353.92486855,99.99999918269741
176700,152532905.92366824,1.234375,152548159.2144606,1.234375,152548157.9800856,99.9999991908293
176800,154065810.10634524,1.234375,154081216.68755588,1.234375,154081215.45318088,99.99999919888029
176900,155614119.45807874,1.234375,155629680.87022457,1.234375,155629679.63584957,99.99999920685116
177000,157177988.79561242,1.234375,157193706.594692,1.234375,157193705.360317,99.99999921474274
177100,158757574.49154583,1.234375,158773450.24919498,1.234375,158773449.01481998,99.99999922255579
177200,160353034.48997015,1.234375,160369069.79361916,1.234375,160369068.55924416,99.99999923029111
177300,161964528.32226124,1.234375,161980724.77529347,1.234375,161980723.54091847,99.99999923794945
177400,163592217.12303153,1.234375,163608576.34494382,1.234375,163608575.11056882,99.9999992455316
177500,165236263.64624202,1.234375,165252787.27280664,1.234375,165252786.03843164,99.99999925303833
177600,166896832.2814757,1.234375,166913521.96490383,1.234375,166913520.73052883,99.99999926047035
177700,168574089.07037544,1.234375,168590946.47948247,1.234375,168590945.24510747,99.99999926782841
177800,170268201.72324663,1.234375,170285228.54361895,1.234375,170285227.30924395,99.99999927511328
177900,171979339.63582644,1.234375,171996537.56999,1.234375,171996536.335615,99.99999928232567
178000,173707673.90622205,1.234375,173725044.67381266,1.234375,173725043.43943766,99.99999928946629
178100,175453377.3520186,1.234375,175470922.6899538,1.234375,175470921.4555788,99.99999929653586
178200,177216624.52755976,1.234375,177234346.19021252,1.234375,177234344.95583752,99.9999993035351
178300,178997591.74140128,1.234375,179015491.50077543,1.234375,179015490.26640043,99.9999993104647
178400,180796457.0739405,1.234375,180814536.7198479,1.234375,180814535.4854729,99.99999931732535
178500,182613400.39522246,1.234375,182631661.73546198,1.234375,182631660.50108698,99.99999932411774
178600,184448603.38292494,1.234375,184467048.24346325,1.234375,184467047.00908825,99.99999933084254
178700,186302249.54052585,1.234375,186320879.7656799,1.234375,186320878.5313049,99.99999933750044
178800,188174524.21565023,1.234375,188193341.6682718,1.234375,188193340.4338968,99.99999934409209
178900,190065614.61860484,1.234375,190084621.1802667,1.234375,190084619.9458917,99.99999935061817
179000,191975709.84109628,1.234375,191994907.41228038,1.234375,191994906.17790538,99.9999993570793
179100,193905000.8751389,1.234375,193924391.3754264,1.234375,193924390.1410514,99.99999936347615
179200,195853680.6321523,1.234375,195873266.0004155,1.234375,195873264.7660405,99.99999936980936
179300,197821943.96225104,1.234375,197841726.15684727,1.234375,197841724.92247227,99.99999937607954
179400,199809987.67372704,1.234375,199829968.6726944,1.234375,199829967.4383194,99.99999938228736
179500,201818010.55272928,1.234375,201838192.35398456,1.234375,201838191.11960956,99.99999938843338
179600,203846213.38314018,1.234375,203866598.0046785,1.234375,203866596.7703035,99.99999939451827
179700,205894798.96665266,1.234375,205915388.44674933,1.234375,205915387.21237433,99.99999940054262
179800,207963972.14304766,1.234375,207984768.54046196,1.234375,207984767.30608696,99.99999940650703
179900,210053939.8106772,1.234375,210074945.20485827,1.234375,210074943.97048327,99.99999941241208
180000,212164910.94715133,1.234375,212186127.43844604,1.234375,212186126.20407104,99.99999941825838
180100,214297096.63023487,1.234375,214318526.3400979,1.234375,214318525.1057229,99.99999942404652
180200,216450710.05895272,1.234375,216472355.1301586,1.234375,216472353.8957836,99.99999942977708
180300,218625966.5749079,1.234375,218647829.1717654,1.234375,218647827.9373904,99.9999994354506
180400,220823083.68381363,1.234375,220845165.99238202,1.234375,220845164.75800702,99.99999944106769
180500,223042281.07724243,1.234375,223064585.30555016,1.234375,223064584.07117516,99.99999944662888
180600,225283780.65459254,1.234375,225306309.032858,1.234375,225306307.798483,99.99999945213473
180700,227547806.54527634,1.234375,227570561.32613087,1.234375,227570560.09175587,99.99999945758582
180800,229834585.13113093,1.234375,229857568.58984405,1.234375,229857567.35546905,99.99999946298266
180900,232144345.06905463,1.234375,232167559.50376153,1.234375,232167558.26938653,99.99999946832581
181000,234477317.31387007,1.234375,234500765.04580146,1.234375,234500763.81142646,99.99999947361579
181100,236833735.14141813,1.234375,236857418.51513228,1.234375,236857417.28075728,99.99999947885314
181200,239213834.17188266,1.234375,239237755.55549985,1.234375,239237754.32112485,99.99999948403838
181300,241617852.39335087,1.234375,241642014.1787902,1.234375,241642012.9444152,99.99999948917203
181400,244046030.18560994,1.234375,244070434.7888285,1.234375,244070433.5544535,99.9999994942546
181500,246498610.34418252,1.234375,246523260.20541695,1.234375,246523258.97104195,99.9999994992866
181600,248975838.10460475,1.234375,249000735.6886152,1.234375,249000734.4542402,99.99999950426853
181700,251477961.16694614,1.234375,251503108.96326283,1.234375,251503107.72888783,99.9999995092009
181800,254005229.72057873,1.234375,254030630.24375078,1.234375,254030629.00937578,99.9999995140842
181900,256557896.46919337,1.234375,256583552.2590403,1.234375,256583551.0246653,99.9999995189189
182000,259136216.6560673,1.234375,259162130.2779329,1.234375,259162129.0435579,99.99999952370548
182100,261740448.0895867,1.234375,261766622.13459566,1.234375,261766620.90022066,99.99999952844446
182200,264370851.16902465,1.234375,264397288.25434154,1.234375,264397287.01996654,99.99999953313629
182300,267027688.91057882,1.234375,267054391.6796699,1.234375,267054390.4452949,99.99999953778142
182400,269711226.97366977,1.234375,269738198.0965671,1.234375,269738196.8621921,99.99999954238035
182500,272421733.6875063,1.234375,272448975.86107504,1.234375,272448974.62670004,99.99999954693351
182600,275159480.07791764,1.234375,275186996.0261254,1.234375,275186994.7917504,99.99999955144138
182700,277924739.8944485,1.234375,277952532.3686379,1.234375,277952531.1342629,99.99999955590438
182800,280717789.6377349,1.234375,280745861.4168986,1.234375,280745860.1825236,99.99999956032299
182900,283538908.5871496,1.234375,283567262.4782083,1.234375,283567261.2438333,99.99999956469765
183000,286388378.8287296,1.234375,286417017.6668125,1.234375,286417016.4324375,99.99999956902876
183100,289266485.2833812,1.234375,289295411.93210953,1.234375,289295410.69773453,99.99999957331679
183200,292173515.7353694,1.234375,292202733.0871429,1.234375,292202731.8527679,99.99999957756212
183300,295109760.86109406,1.234375,295139271.8373801,1.234375,295139270.6030051,99.99999958176525
183400,298075514.25815415,1.234375,298105321.80977994,1.234375,298105320.57540494,99.99999958592655
183500,301071072.4747054,1.234375,301101179.58215284,1.234375,301101178.34777784,99.99999959004644
183600,304096735.0391124,1.234375,304127144.7128163,1.234375,304127143.4784413,99.99999959412534
183700,307152804.4898987,1.234375,307183519.7705476,1.234375,307183518.5361726,99.99999959816367
183800,310239586.4059976,1.234375,310270610.3648381,1.234375,310270609.1304631,99.99999960216181
183900,313357389.43730783,1.234375,313388725.17645156,1.234375,313388723.94207656,99.99999960612016
184000,316506525.33555514,1.234375,316538175.98828864,1.234375,316538174.75391364,99.99999961003914
184100,319687308.9854643,1.234375,319719277.7165628,1.234375,319719276.4821878,99.99999961391912
184200,322900058.43624556,1.234375,322932348.4422892,1.234375,322932347.2079142,99.9999996177605
184300,326145094.9333967,1.234375,326177709.44309,1.234375,326177708.208715,99.99999962156365
184400,329422742.9508226,1.234375,329455685.22531766,1.234375,329455683.99094266,99.99999962532897
184500,332733330.22328335,1.234375,332766603.5565056,1.234375,332766602.3221306,99.99999962905683
184600,336077187.77916145,1.234375,336110795.4981393,1.234375,336110794.2637643,99.99999963274759
184700,339454649.9735623,1.234375,339488595.4387596,1.234375,339488594.2043846,99.99999963640163
184800,342866054.5217483,1.234375,342900341.12740046,1.234375,342900339.89302546,99.99999964001931
184900,346311742.5329057,1.234375,346346373.70735896,1.234375,346346372.47298396,99.999999643601
185000,349792058.54425323,1.234375,349827037.7503076,1.234375,349827036.5159326,99.99999964714705
185100,353307350.5554909,1.234375,353342681.29074645,1.234375,353342680.05637145,99.99999965065783
185200,356857970.06359947,1.234375,356893655.8608058,1.234375,356893654.6264308,99.99999965413366
185300,360444272.09798497,1.234375,360480316.52539474,1.234375,360480315.29101974,99.99999965757492
185400,364066615.25597876,1.234375,364103021.91770434,1.234375,364103020.68332934,99.99999966098194
185500,367725361.73869485,1.234375,367762134.2750687,1.234375,367762133.0406937,99.99999966435506
185600,371420877.38724566,1.234375,371458019.4751843,1.234375,371458018.2408093,99.99999966769462
185700,375153531.7193235,1.234375,375191047.07269543,1.234375,375191045.83832043,99.99999967100095
185800,378923697.9661482,1.234375,378961590.3361448,1.234375,378961589.1017698,99.99999967427438
185900,382731753.10978734,1.234375,382770026.2852983,1.234375,382770025.0509233,99.99999967751523
186000,386578077.92085105,1.234375,386616735.7288431,1.234375,386616734.4944681,99.99999968072386
186100,390463056.99656546,1.234375,390502103.3024651,1.234375,390502102.0680901,99.99999968390055
186200,394387078.79922867,1.234375,394426517.50730854,1.234375,394426516.27293354,99.99999968704564
186300,398350535.69505364,1.234375,398390370.7488231,1.234375,398390369.5144481,99.99999969015943
186400,402353823.99340165,1.234375,402394059.37600094,1.234375,402394058.14162594,99.99999969324223
186500,406397343.9864086,1.234375,406437983.7210072,1.234375,406437982.4866322,99.99999969629438
186600,410481499.9890108,1.234375,410522548.1392097,1.234375,410522546.9048347,99.99999969931615
186700,414606700.37937355,1.234375,414648161.04961145,1.234375,414648159.81523645,99.99999970230785
186800,418773357.6397249,1.234375,418815234.9756889,1.234375,418815233.7413139,99.99999970526979
186900,422981888.3976,1.234375,423024186.5866397,1.234375,423024185.3522647,99.99999970820225
187000,427232713.4674988,1.234375,427275436.7390455,1.234375,427275435.5046705,99.99999971110556
187100,431526257.8929661,1.234375,431569410.51895535,1.234375,431569409.28458035,99.99999971397996
187200,435862950.98909,1.234375,435906537.2843889,1.234375,435906536.0500139,99.99999971682576
187300,440243226.38543063,1.234375,440287250.7082691,1.234375,440287249.4738941,99.99999971964326
187400,444667522.069378,1.234375,444711988.8217849,1.234375,444711987.5874099,99.9999997224327
187500,449136280.429948,1.234375,449181194.05819094,1.234375,449181192.82381594,99.99999972519443
187600,453649948.3020163,1.234375,453695313.2970465,1.234375,453695312.0626715,99.99999972792864
187700,458208977.0109985,1.234375,458254797.90889955,1.234375,458254796.67452455,99.99999973063566
187800,462813822.4179777,1.234375,462860103.80041945,1.234375,462860102.56604445,99.99999973331575
187900,467464944.96528715,1.234375,467511691.45998365,1.234375,467511690.22560865,99.99999973596917
188000,472162809.72254956,1.234375,472210026.0037218,1.234375,472210024.7693468,99.99999973859619
188100,476907886.4331804,1.234375,476955577.22202367,1.234375,476955575.98764867,99.99999974119707
188200,481700649.5613578,1.234375,481748819.6265139,1.234375,481748818.3921389,99.99999974377207
188300,486541578.3394648,1.234375,486590232.4974987,1.234375,486590231.2631237,99.99999974632145
188400,491431156.8160073,1.234375,491480299.9318889,1.234375,491480298.6975139,99.99999974884548
188500,496369873.9040155,1.234375,496419510.89160585,1.234375,496419509.65723085,99.99999975134438
188600,501358223.42993087,1.234375,501408359.25247383,1.234375,501408358.01809883,99.99999975381843
188700,506396704.18298274,1.234375,506447343.85360104,1.234375,506447342.61922604,99.99999975626785
188800,511485819.9650643,1.234375,511536968.54726076,1.234375,511536967.31288576,99.99999975869291
188900,516626079.6411072,1.234375,516677742.2492713,1.234375,516677741.0148963,99.99999976109383
189000,521817997.1899638,1.234375,521870178.98988277,1.234375,521870177.75550777,99.99999976347087
189100,527062091.7558005,1.234375,527114797.96517605,1.234375,527114796.73080105,99.99999976582426
189200,532358887.7000067,1.234375,532412123.5889767,1.234375,532412122.3546017,99.99999976815423
189300,537708914.6536285,1.234375,537762685.5452938,1.234375,537762684.3109188,99.99999977046102
189400,543112707.570327,1.234375,543167018.8412842,1.234375,543167017.6069092,99.99999977274486
189500,548570806.7798584,1.234375,548625663.8607364,1.234375,548625662.6263614,99.99999977500596
189600,554083758.0421147,1.234375,554139166.418119,1.234375,554139165.183744,99.99999977724458
189700,559652112.601691,1.234375,559708077.8131512,1.234375,559708076.5787762,99.99999977946092
189800,565276427.2430044,1.234375,565332954.8859288,1.234375,565332953.6515538,99.99999978165522
189900,570957264.3459668,1.234375,571014360.0726014,1.234375,571014358.8382264,99.99999978382768
190000,576695191.9422191,1.234375,576752861.4616134,1.234375,576752860.2272384,99.99999978597852
190100,582490783.7719271,1.234375,582549032.8505043,1.234375,582549031.6161293,99.99999978810796
190200,588344619.341152,1.234375,588403453.8032861,1.234375,588403452.5689111,99.99999979021622
190300,594257283.9797947,1.234375,594316709.7083927,1.234375,594316708.4740177,99.9999997923035
190400,600229368.9001245,1.234375,600289391.8372146,1.234375,600289390.6028396,99.99999979437001
190500,606261471.255894,1.234375,606322097.4032196,1.234375,606322096.1688446,99.99999979641596
190600,612354194.2020484,1.234375,612415429.6216687,1.234375,612415428.3872937,99.99999979844155
190700,618508146.9550365,1.234375,618569997.769932,1.234375,618569996.535557,99.99999980044699
190800,624723944.8537278,1.234375,624786417.2484132,1.234375,624786416.0140382,99.99999980243248
190900,631002209.4209385,1.234375,631065309.6420807,1.234375,631065308.4077057,99.99999980439821
191000,637343568.4255797,1.234375,637407302.7826222,1.234375,637407301.5482472,99.99999980634439
191100,643748655.9454267,1.234375,643813030.8112212,1.234375,643813029.5768462,99.9999998082712
191200,650218112.4305238,1.234375,650283134.2419668,1.234375,650283133.0075918,99.99999981017883
191300,656752584.767221,1.234375,656818260.0258977,1.234375,656818258.7915227,99.9999998120675
191400,663352726.3428572,1.234375,663419061.6156915,1.234375,663419060.3813165,99.99999981393736
191500,670019197.1110936,1.234375,670086199.0310048,1.234375,670086197.7966298,99.99999981578863
191600,676752663.6579022,1.234375,676820338.924468,1.234375,676820337.690093,99.99999981762147
191700,683553799.2682198,1.234375,683622154.6483467,1.234375,683622153.4139717,99.99999981943607
191800,690423283.9932693,1.234375,690492326.3218687,1.234375,690492325.0874937,99.99999982123262
191900,697361804.7185584,1.234375,697431540.8992304,1.234375,697431539.6648554,99.9999998230113
192000,704370055.2325604,1.234375,704440492.2382836,1.234375,704440491.0039086,99.99999982477227
192100,711448736.2960904,1.234375,711519881.16992,1.234375,711519879.935545,99.99999982651573
192200,718598555.7123718,1.234375,718670415.5681431,1.234375,718670414.3337681,99.99999982824185
192300,725820228.3978122,1.234375,725892810.4208521,1.234375,725892809.1864771,99.9999998299508
192400,733114476.4534869,1.234375,733187787.9013323,1.234375,733187786.6669573,99.99999983164273
192500,740482029.2373424,1.234375,740556077.4404662,1.234375,740556076.2060912,99.99999983331782
192600,747923623.4371274,1.234375,747998415.799671,1.234375,747998414.565296,99.99999983497625
192700,755440003.1440523,1.234375,755515547.1445667,1.234375,755515545.9101917,99.99999983661819
192800,763031919.9271935,1.234375,763108223.1193863,1.234375,763108221.8850113,99.99999983824378
192900,770700132.9086416,1.234375,770777202.9221325,1.234375,770777201.6877575,99.9999998398532
193000,778445408.8394098,1.234375,778523253.3804938,1.234375,778523252.1461188,99.99999984144661
193100,786268522.1760987,1.234375,786347149.0285163,1.234375,786347147.7941413,99.99999984302417
193200,794170255.1583358,1.234375,794249672.1840516,1.234375,794249670.9496766,99.99999984458601
193300,802151397.8869923,1.234375,802231613.0269811,1.234375,802231611.7926061,99.99999984613234
193400,810212748.403187,1.234375,810293769.6782274,1.234375,810293768.4438524,99.99999984766328
193500,818355112.7680814,1.234375,818436948.2795583,1.234375,818436947.0451833,99.99999984917898
193600,826579305.1434798,1.234375,826661963.0741942,1.234375,826661961.8398192,99.99999985067959
193700,834886147.8732382,1.234375,834969636.4882256,1.234375,834969635.2538506,99.99999985216527
193800,843276471.5654899,1.234375,843360799.2128465,1.234375,843360797.9784715,99.99999985363618
193900,851751115.175698,1.234375,851836290.2874156,1.234375,851836289.0530406,99.99999985509245
194000,860310926.0905464,1.234375,860396957.1833555,1.234375,860396955.9489805,99.99999985653425
194100,868956760.2126677,1.234375,869043655.888889,1.234375,869043654.654514,99.99999985796168
194200,877689482.0462278,1.234375,877777250.9946325,1.234375,877777249.7602575,99.99999985937491
194300,886509964.7833661,1.234375,886598615.7800444,1.234375,886598614.5456694,99.9999998607741
194400,895419090.3915087,1.234375,895508632.3007479,1.234375,895508631.0663729,99.99999986215934
194500,904417749.7015557,1.234375,904508191.4767259,1.234375,904508190.2423509,99.9999998635308
194600,913506842.4969579,1.234375,913598193.1814076,1.234375,913598191.9470326,99.99999986488864
194700,922687277.6036845,1.234375,922779546.3316449,1.234375,922779545.0972699,99.99999986623294
194800,931959972.9810985,1.234375,932053168.9785967,1.234375,932053167.7442217,99.99999986756389
194900,941325855.8137462,1.234375,941419988.3995277,1.234375,941419987.1651527,99.99999986888159
195000,950785862.6040645,1.234375,950880941.1905249,1.234375,950880939.9561499,99.99999987018616
195100,960340939.2660213,1.234375,960436973.3601478,1.234375,960436972.1257728,99.99999987147777
195200,969992041.219702,1.234375,970089040.424024,1.234375,970089039.189649,99.99999987275653
195300,979740133.4868411,1.234375,979838107.5003898,1.234375,979838106.2660148,99.99999987402256
195400,989586190.7873154,1.234375,989685149.4065942,1.234375,989685148.1722192,99.99999987527599
195500,999531197.6366066,1.234375,999631150.7565702,1.234375,999631149.5221952,99.99999987651695
195600,1009576148.4442439,1.234375,1009677106.0592884,1.234375,1009677104.8249134,99.99999987774557
195700,1019722047.613238,1.234375,1019824019.8181993,1.234375,1019824018.5838243,99.99999987896196
195800,1029969909.6405083,1.234375,1030072906.6316724,1.234375,1030072905.3972974,99.99999988016624
195900,1040320759.218327,1.234375,1040424791.2944489,1.234375,1040424790.0600739,99.99999988135856
196000,1050775631.3367771,1.234375,1050880708.9001108,1.234375,1050880707.6657358,99.999999882539
196100,1061335571.3872429,1.234375,1061441704.9445816,1.234375,1061441703.7102066,99.9999998837077
196200,1072001635.2669367,1.234375,1072108835.4306633,1.234375,1072108834.1962883,99.99999988486476
196300,1082774889.484482,1.234375,1082883166.9736304,1.234375,1082883165.7392554,99.99999988601033
196400,1093656411.2665539,1.234375,1093765776.9078805,1.234375,1093765775.6735055,99.99999988714448
196500,1104647288.6655922,1.234375,1104757753.3946588,1.234375,1104757752.1602838,99.99999988826737
196600,1115748620.6685948,1.234375,1115860195.5308616,1.234375,1115860194.2964866,99.99999988937907
196700,1126961517.3070097,1.234375,1127074213.4589405,1.234375,1127074212.2245655,99.99999989047971
196800,1138287099.7677228,1.234375,1138400928.4778996,1.234375,1138400927.2435246,99.99999989156939
196900,1149726500.5051713,1.234375,1149841473.1554217,1.234375,1149841471.9210467,99.99999989264825
197000,1161280863.3545752,1.234375,1161396991.4411106,1.234375,1161396990.2067356,99.99999989371636
197100,1172951343.646313,1.234375,1173068638.7808776,1.234375,1173068637.5465026,99.99999989477385
197200,1184739108.321445,1.234375,1184857582.2324772,1.234375,1184857580.9981022,99.9999998958208
197300,1196645336.0483923,1.234375,1196765000.5821972,1.234375,1196764999.3478222,99.99999989685736
197400,1208671217.3407955,1.234375,1208792084.4627297,1.234375,1208792083.2283547,99.9999998978836
197500,1220817954.6765585,1.234375,1220940036.4722261,1.234375,1220940035.2378511,99.99999989889962
197600,1233086762.618075,1.234375,1233210071.2945368,1.234375,1233210070.0601618,99.99999989990553
197700,1245478867.9336867,1.234375,1245603415.8206801,1.234375,1245603414.5863051,99.99999990090144
197800,1257995509.7203398,1.234375,1258121309.2715118,1.234375,1258121308.0371368,99.99999990188743
197900,1270637939.5274878,1.234375,1270765003.3216405,1.234375,1270765002.0872655,99.99999990286364
198000,1283407421.4822295,1.234375,1283535762.2245777,1.234375,1283535760.9902027,99.9999999038301
198100,1296305232.415717,1.234375,1296434862.9391584,1.234375,1296434861.7047834,99.99999990478696
198200,1309332661.9908235,1.234375,1309463595.2572227,1.234375,1309463594.0228477,99.9999999057343
198300,1322491012.8310997,1.234375,1322623261.9325829,1.234375,1322623260.6982079,99.99999990667222
198400,1335781600.651021,1.234375,1335915178.8112862,1.234375,1335915177.5769112,99.9999999076008
198500,1349205754.3875473,1.234375,1349340674.963186,1.234375,1349340673.728811,99.99999990852014
198600,1362764816.3330076,1.234375,1362901092.8148408,1.234375,1362901091.5804658,99.99999990943034
198700,1376460142.2693152,1.234375,1376597788.2837422,1.234375,1376597787.0493672,99.99999991033147
198800,1390293101.6035361,1.234375,1390432130.9138966,1.234375,1390432129.6795216,99.99999991122365
198900,1404265077.5048096,1.234375,1404405504.0127602,1.234375,1404405502.7783852,99.99999991210694
199000,1418377467.0426617,1.234375,1418519304.789566,1.234375,1418519303.555191,99.99999991298144
199100,1432631681.326692,1.234375,1432774944.4950247,1.234375,1432774943.2606497,99.99999991384725
199200,1447029145.6476758,1.234375,1447173848.5624406,1.234375,1447173847.3280656,99.99999991470445
199300,1461571299.6200814,1.234375,1461717456.7502434,1.234375,1461717455.5158684,99.9999999155531
199400,1476259597.3260114,1.234375,1476407223.285944,1.234375,1476407222.051569,99.99999991639332
199500,1491095507.4606047,1.234375,1491244617.0115507,1.234375,1491244615.7771757,99.99999991722518
199600,1506080513.47889,1.234375,1506231121.530438,1.234375,1506231120.296063,99.99999991804877
199700,1521216113.74412,1.234375,1521368235.3556943,1.234375,1521368234.1213193,99.99999991886416
199800,1536503821.6775877,1.234375,1536657472.0599556,1.234375,1536657470.8255806,99.99999991967142
199900,1551945165.9099612,1.234375,1552100360.4267523,1.234375,1552100359.1923773,99.99999992047067
200000,1567541690.4341304,1.234375,1567698444.6033738,1.234375,1567698443.3689988,99.99999992126196
200100,1583294954.759591,1.234375,1583453284.2552671,1.234375,1583453283.0208921,99.99999992204538
200200,1599206534.0683818,1.234375,1599366454.7219887,1.234375,1599366453.4876137,99.999999922821
200300,1615278019.3725913,1.234375,1615439547.1747286,1.234375,1615439545.9403536,99.99999992358892
200400,1631511017.673437,1.234375,1631674168.7754045,1.234375,1631674167.5410295,99.99999992434917
200500,1647907152.1219628,1.234375,1648071942.837375,1.234375,1648071941.603,99.99999992510187
200600,1664468062.181325,1.234375,1664634508.9877431,1.234375,1664634507.7533681,99.99999992584708
200700,1681195403.790733,1.234375,1681363523.3313122,1.234375,1681363522.0969372,99.99999992658488
200800,1698090849.5310278,1.234375,1698260658.616181,1.234375,1698260657.381806,99.99999992731534
200900,1715156088.7919216,1.234375,1715327604.4010007,1.234375,1715327603.1666257,99.99999992803853
201000,1732392827.9409213,1.234375,1732566067.2239153,1.234375,1732566065.9895403,99.99999992875452
201100,1749802790.4939504,1.234375,1749977770.7731998,1.234375,1749977769.5388248,99.99999992946339
201200,1767387717.2876878,1.234375,1767564456.0596166,1.234375,1767564454.8252416,99.9999999301652
201300,1785149366.6536305,1.234375,1785327881.5904958,1.234375,1785327880.3561208,99.99999993086004
201400,1803089514.5939121,1.234375,1803269823.5455716,1.234375,1803269822.3111966,99.99999993154796
201500,1821209954.95889,1.234375,1821392075.9545858,1.234375,1821392074.7202108,99.99999993222903
201600,1839512499.6265101,1.234375,1839696450.8766727,1.234375,1839696449.6422977,99.99999993290334
201700,1857998978.68348,1.234375,1858184778.5815485,1.234375,1858184777.3471735,99.99999993357093
201800,1876671240.6082594,1.234375,1876858907.7325203,1.234375,1876858906.4981453,99.99999993423188
201900,1895531152.4558928,1.234375,1895720705.5713384,1.234375,1895720704.3369634,99.99999993488625
202000,1914580600.0446966,1.234375,1914772058.104901,1.234375,1914772056.870526,99.9999999355341
202100,1933821488.144823,1.234375,1934014870.2938375,1.234375,1934014869.0594625,99.99999993617553
202200,1953255740.6687224,1.234375,1953451066.2429893,1.234375,1953451065.0086143,99.99999993681055
202300,1972885300.8635156,1.234375,1973082589.393802,1.234375,1973082588.159427,99.99999993743927
202400,1992712131.5052972,1.234375,1992911402.7186477,1.234375,1992911401.4842727,99.99999993806172
202500,2012738215.0954015,1.234375,2012939488.9171112,1.234375,2012939487.6827362,99.99999993867799
202600,2032965554.05863,1.234375,2033168850.6142359,1.234375,2033168849.3798609,99.99999993928812
202700,2053396170.9434774,1.234375,2053601510.5607717,1.234375,2053601509.3263967,99.99999993989218
202800,2074032108.6243668,1.234375,2074239511.8354292,1.234375,2074239510.6010542,99.99999994049024
202900,2094875430.5059173,1.234375,2095084918.0491679,1.234375,2095084916.8147929,99.99999994108234
203000,2115928220.7292724,1.234375,2116139813.5515454,1.234375,2116139812.3171704,99.99999994166855
203100,2137192584.3804839,1.234375,2137406303.639122,1.234375,2137406302.404747,99.99999994224893
203200,2158670647.7009974,1.234375,2158886514.7659674,1.234375,2158886513.5315924,99.99999994282354
203300,2180364558.3002796,1.234375,2180582594.7563095,1.234375,2180582593.5219345,99.99999994339242
203400,2202276485.3705597,1.234375,2202496713.0192966,1.234375,2202496711.7849216,99.99999994395566
203500,2224408619.903698,1.234375,2224631060.765888,1.234375,2224631059.531513,99.99999994451328
203600,2246763174.910288,1.234375,2246987851.2279787,1.234375,2246987849.9936037,99.99999994506534
203700,2269342385.640932,1.234375,2269569319.879696,1.234375,2269569318.645321,99.99999994561193
203800,2292148509.8097415,1.234375,2292377724.660922,1.234375,2292377723.426547,99.99999994615307
203900,2315183827.820093,1.234375,2315415346.203075,1.234375,2315415344.9687,99.99999994668883
204000,2338450642.992653,1.234375,2338684488.057152,1.234375,2338684486.822777,99.99999994721925
204100,2361951281.795676,1.234375,2362187476.9240556,1.234375,2362187475.6896806,99.99999994774441
204200,2385688094.0776334,1.234375,2385926662.887241,1.234375,2385926661.652866,99.99999994826435
204300,2409663453.3021884,1.234375,2409904419.6477184,1.234375,2409904418.4133434,99.99999994877908
204400,2433879756.7855062,1.234375,2434123144.7613845,1.234375,2434123143.5270095,99.99999994928872
204500,2458339425.935969,1.234375,2458585259.8787622,1.234375,2458585258.6443872,99.99999994979328
204600,2483044906.4962997,1.234375,2483293210.9871492,1.234375,2483293209.7527742,99.99999995029282
204700,2507998668.788102,1.234375,2508249468.655181,1.234375,2508249467.420806,99.99999995078738
204800,2533203207.958884,1.234375,2533456528.2798796,1.234375,2533456527.0455046,99.99999995127705
204900,2558661044.2315383,1.234375,2558916910.336161,1.234375,2558916909.101786,99.99999995176182
205000,2584374723.1563478,1.234375,2584633160.6288633,1.234375,2584633159.3944883,99.99999995224177
205100,2610346815.8655148,1.234375,2610607850.5473013,1.234375,2610607849.3129263,99.99999995271696
205200,2636579919.3302526,1.234375,2636843577.3223853,1.234375,2636843576.0880103,99.9999999531874
205300,2663076656.620462,1.234375,2663342964.2863235,1.234375,2663342963.0519485,99.99999995365317
205400,2689839677.1669993,1.234375,2690108661.134916,1.234375,2690108659.900541,99.9999999541143
205500,2716871657.0266166,1.234375,2717143344.192519,1.234375,2717143342.958144,99.99999995457085
205600,2744175299.149523,1.234375,2744449716.6796374,1.234375,2744449715.4452624,99.99999995502286
205700,2771753333.649669,1.234375,2772030508.983234,1.234375,2772030507.748859,99.99999995547036
205800,2799608518.077728,1.234375,2799888478.929735,1.234375,2799888477.69536,99.99999995591342
205900,2827743637.696824,1.234375,2828026412.0607934,1.234375,2828026410.8264184,99.99999995635207
206000,2856161505.761036,1.234375,2856447121.911812,1.234375,2856447120.677437,99.99999995678635
206100,2884864963.7966914,1.234375,2885153450.293271,1.234375,2885153449.058896,99.99999995721632
206200,2913856881.8865004,1.234375,2914148267.5748887,1.234375,2914148266.3405137,99.99999995764199
206300,2943140158.9565387,1.234375,2943434472.9726343,1.234375,2943434471.7382593,99.99999995806344
206400,2972717723.0661016,1.234375,2973014994.838608,1.234375,2973014993.604233,99.9999999584807
206500,3002592531.7004967,1.234375,3002892790.9538665,1.234375,3002892789.7194915,99.99999995889381
206600,3032767572.0667567,1.234375,3033070848.824163,1.234375,3033070847.589788,99.9999999593028
206700,3063245861.392337,1.234375,3063552185.978676,1.234375,3063552184.744301,99.99999995970772
206800,3094030447.22681,1.234375,3094339850.2717323,1.234375,3094339849.0373573,99.99999996010862
206900,3125124407.746584,1.234375,3125436920.187558,1.234375,3125436918.953183,99.99999996050552
207000,3156530852.0627127,1.234375,3156846505.1481185,1.234375,3156846503.9137435,99.99999996089848
207100,3188252920.531758,1.234375,3188571745.824011,1.234375,3188571744.589636,99.99999996128753
207200,3220293785.0698037,1.234375,3220615814.4485106,1.234375,3220615813.2141356,99.9999999616727
207300,3252656649.46962,1.234375,3252981915.134767,1.234375,3252981913.900392,99.99999996205405
207400,3285344749.721014,1.234375,3285673284.196186,1.234375,3285673282.961811,99.9999999624316
207500,3318361354.33439,1.234375,3318693190.470023,1.234375,3318693189.235648,99.99999996280539
207600,3351709764.667586,1.234375,3352044935.6442523,1.234375,3352044934.4098773,99.99999996317547
207700,3385393315.255963,1.234375,3385731854.587688,1.234375,3385731853.353313,99.99999996354185
207800,3419415374.145843,1.234375,3419757315.6834574,1.234375,3419757314.4490824,99.9999999639046
207900,3453779343.231273,1.234375,3454124721.1657963,1.234375,3454124719.9314213,99.99999996426374
208000,3488488658.594179,1.234375,3488837507.4602385,1.234375,3488837506.2258635,99.9999999646193
208100,3523546790.847958,1.234375,3523899145.5272427,1.234375,3523899144.2928677,99.99999996497134
208200,3558957245.4844937,1.234375,3559313141.209242,1.234375,3559313139.974867,99.99999996531986
208300,3594723563.2246814,1.234375,3595083035.5812035,1.234375,3595083034.3468285,99.99999996566491
208400,3630849320.3724647,1.234375,3631212405.304702,1.234375,3631212404.070327,99.99999996600654
208500,3667338129.172432,1.234375,3667704862.985549,1.234375,3667704861.751174,99.99999996634476
208600,3704193638.171013,1.234375,3704564057.53503,1.234375,3704564056.300655,99.99999996667962
208700,3741419532.5812874,1.234375,3741793674.534745,1.234375,3741793673.30037,99.99999996701115
208800,3779019534.6514926,1.234375,3779397436.6051574,1.234375,3779397435.3707824,99.99999996733936
208900,3816997404.037194,1.234375,3817379103.777797,1.234375,3817379102.543422,99.99999996766434
209000,3855356938.1772256,1.234375,3855742473.871243,1.234375,3855742472.636868,99.99999996798607
209100,3894101972.673409,1.234375,3894491382.8708763,1.234375,3894491381.6365013,99.99999996830459
209200,3933236381.6740537,1.234375,3933629705.312421,1.234375,3933629704.078046,99.99999996861995
209300,3972764078.2613606,1.234375,3973161354.6693864,1.234375,3973161353.4350114,99.99999996893217
209400,4012689014.8426805,1.234375,4013090283.7443643,1.234375,4013090282.5099893,99.99999996924129
209500,4053015183.54572,1.234375,4053420485.0642743,1.234375,4053420483.8298993,99.99999996954733
209600,4093746616.617726,1.234375,4094155991.2795873,1.234375,4094155990.0452123,99.99999996985032
209700,4134887386.828668,1.234375,4135300875.5675507,1.234375,4135300874.3331757,99.9999999701503
209800,4176441607.8784657,1.234375,4176859252.039453,1.234375,4176859250.805078,99.99999997044729
209900,4218413434.8083477,1.234375,4218835276.152028,1.234375,4218835274.917653,99.99999997074133
210000,4260807064.416295,1.234375,4261233145.1229362,1.234375,4261233143.8885612,99.99999997103245
210100,4303626735.676704,1.234375,4304057098.350472,1.234375,4304057097.116097,99.99999997132066
210200,4346876730.164251,1.234375,4347311417.837468,1.234375,4347311416.603093,99.99999997160602
210300,4390561372.48192,1.234375,4391000428.619369,1.234375,4391000427.384994,99.99999997188851
210400,4434685030.69352,1.234375,4435128499.196789,1.234375,4435128497.962414,99.99999997216823
210500,4479252116.760451,1.234375,4479700041.972327,1.234375,4479700040.737952,99.99999997244514
210600,4524267086.982816,1.234375,4524719513.691714,1.234375,4524719512.457339,99.9999999727193
210700,4569734442.445039,1.234375,4570191415.889483,1.234375,4570191414.655108,99.99999997299074
210800,4615658729.465911,1.234375,4616120295.339058,1.234375,4616120294.104683,99.99999997325946
210900,4662044540.053205,1.234375,4662510744.50741,1.234375,4662510743.273035,99.99999997352553
211000,4708896512.3628025,1.234375,4709367402.014239,1.234375,4709367400.779864,99.99999997378895
211100,4756219331.162495,1.234375,4756694953.095811,1.234375,4756694951.861436,99.99999997404973
211200,4804017728.300407,1.234375,4804498130.073438,1.234375,4804498128.839063,99.99999997430793
211300,4852296483.178133,1.234375,4852781712.826651,1.234375,4852781711.592276,99.99999997456356
211400,4901060423.228644,1.234375,4901550529.271168,1.234375,4901550528.036793,99.99999997481665
211500,4950314424.398984,1.234375,4950809455.841624,1.234375,4950809454.607249,99.99999997506721
211600,5000063411.637811,1.234375,5000563417.979175,1.234375,5000563416.7448,99.99999997531528
211700,5050312359.387842,1.234375,5050817390.623981,1.234375,5050817389.389606,99.99999997556088
211800,5101066292.083285,1.234375,5101576398.712694,1.234375,5101576397.478319,99.99999997580404
211900,5152330284.65221,1.234375,5152845517.680876,1.234375,5152845516.446501,99.99999997604479
212000,5204109463.023979,1.234375,5204629873.970482,1.234375,5204629872.736107,99.99999997628314
212100,5256409004.641832,1.234375,5256934645.542497,1.234375,5256934644.308122,99.99999997651912
212200,5309234138.9805565,1.234375,5309765062.394655,1.234375,5309765061.16028,99.99999997675275
212300,5362590148.069391,1.234375,5363126407.084398,1.234375,5363126405.850023,99.99999997698404
212400,5416482367.020198,1.234375,5417024015.2571,1.234375,5417024014.022725,99.99999997721304
212500,5470916184.560894,1.234375,5471463276.17955,1.234375,5471463274.945175,99.99999997743977
212600,5525897043.574301,1.234375,5526449633.278858,1.234375,5526449632.044483,99.99999997766423
212700,5581430441.642367,1.234375,5581988584.686731,1.234375,5581988583.452356,99.99999997788646
212800,5637521931.595884,1.234375,5638085683.789244,1.234375,5638085682.554869,99.99999997810649
212900,5694177122.069726,1.234375,5694746539.782133,1.234375,5694746538.547758,99.99999997832431
213000,5751401678.063632,1.234375,5751976818.231639,1.234375,5751976816.997264,99.99999997853999
213100,5809201321.508695,1.234375,5809782241.641046,1.234375,5809782240.406671,99.99999997875351
213200,5867581831.839463,1.234375,5868168590.022847,1.234375,5868168588.788472,99.99999997896491
213300,5926549046.571873,1.234375,5927141701.47673,1.234375,5927141700.242355,99.99999997917419
213400,5986108861.886905,1.234375,5986707472.7732935,1.234375,5986707471.5389185,99.9999999793814
213500,6046267233.220163,1.234375,6046871859.943686,1.234375,6046871858.709311,99.99999997958655
213600,6107030175.857377,1.234375,6107640878.875163,1.234375,6107640877.640788,99.99999997978965
213700,6168403765.535862,1.234375,6169020605.912616,1.234375,6169020604.678241,99.99999997999075
213800,6230394139.052048,1.234375,6231017178.466153,1.234375,6231017177.231778,99.99999998018984
213900,6293007494.875078,1.234375,6293636795.624766,1.234375,6293636794.390391,99.99999998038693
214000,6356250093.76663,1.234375,6356885718.776207,1.234375,6356885717.541832,99.99999998058207
214100,6420128259.406921,1.234375,6420770272.233063,1.234375,6420770270.998688,99.99999998077527
214200,6484648379.027008,1.234375,6485296843.865111,1.234375,6485296842.630736,99.99999998096656
214300,6549816904.047473,1.234375,6550471885.738078,1.234375,6550471884.503703,99.99999998115594
214400,6615640350.723478,1.234375,6616301914.758751,1.234375,6616301913.524376,99.99999998134344
214500,6682125300.7963705,1.234375,6682793513.326651,1.234375,6682793512.092276,99.99999998152906
214600,6749278402.151753,1.234375,6749953329.992168,1.234375,6749953328.757793,99.99999998171283
214700,6817106369.484249,1.234375,6817788080.121398,1.234375,6817788078.887023,99.99999998189479
214800,6885615984.968881,1.234375,6886304546.567577,1.234375,6886304545.333202,99.99999998207493
214900,6954814098.939244,1.234375,6955509580.349339,1.234375,6955509579.114964,99.99999998225327
215000,7024707630.572479,1.234375,7025410101.335736,1.234375,7025410100.101361,99.99999998242986
215100,7095303568.581099,1.234375,7096013098.938157,1.234375,7096013097.703782,99.99999998260466
215200,7166608971.911844,1.234375,7167325632.809236,1.234375,7167325631.574861,99.99999998277774
215300,7238630970.451455,1.234375,7239354833.5487,1.234375,7239354832.314325,99.9999999829491
215400,7311376765.739638,1.234375,7312107903.416412,1.234375,7312107902.182037,99.99999998311876
215500,7384853631.689149,1.234375,7385592117.052518,1.234375,7385592115.818143,99.99999998328671
215600,7459068915.313093,1.234375,7459814822.204824,1.234375,7459814820.970449,99.99999998345301
215700,7534030037.459588,1.234375,7534783440.463534,1.234375,7534783439.229159,99.99999998361766
215800,7609744493.553756,1.234375,7610505468.003311,1.234375,7610505466.768936,99.99999998378064
215900,7686219854.347214,1.234375,7686988476.332849,1.234375,7686988475.098474,99.99999998394202
216000,7763463766.675078,1.234375,7764240113.051946,1.234375,7764240111.817571,99.99999998410179
216100,7841483954.220578,1.234375,7842268102.6162,1.234375,7842268101.381825,99.99999998425999
216200,7920288218.287322,1.234375,7921080247.109351,1.234375,7921080245.874976,99.99999998441659
216300,7999884438.579417,1.234375,8000684427.023476,1.234375,8000684425.789101,99.99999998457163
216400,8080280573.989319,1.234375,8081088602.046918,1.234375,8081088600.812543,99.99999998472514
216500,8161484663.393665,1.234375,8162300811.860205,1.234375,8162300810.62583,99.99999998487712
216600,8243504826.457084,1.234375,8244329176.93993,1.234375,8244329175.705555,99.99999998502759
216700,8326349264.44409,1.234375,8327181899.370734,1.234375,8327181898.136359,99.99999998517656
216800,8410026261.03914,1.234375,8410867263.665443,1.234375,8410867262.431068,99.99999998532405
216900,8494544183.174916,1.234375,8495393637.593434,1.234375,8495393636.359059,99.99999998547007
217000,8579911481.868952,1.234375,8580769473.017339,1.234375,8580769471.782964,99.99999998561464
217100,8666136693.068644,1.234375,8667003306.738152,1.234375,8667003305.503777,99.99999998575775
217200,8753228438.504778,1.234375,8754103761.34883,1.234375,8754103760.114454,99.99999998589946
217300,8841195426.55363,1.234375,8842079546.096487,1.234375,8842079544.862112,99.99999998603977
217400,8930046453.107702,1.234375,8930939457.753214,1.234375,8930939456.518839,99.99999998617866
217500,9019790402.455248,1.234375,9020692381.495693,1.234375,9020692380.261318,99.99999998631618
217600,9110436248.168612,1.234375,9111347291.793629,1.234375,9111347290.559254,99.99999998645234
217700,9201993054.001518,1.234375,9202913253.30712,1.234375,9202913252.072744,99.99999998658713
217800,9294469974.795343,1.234375,9295399421.793022,1.234375,9295399420.558647,99.99999998672058
217900,9387876257.394539,1.234375,9388815045.02048,1.234375,9388815043.786104,99.9999999868527
218000,9482221241.571203,1.234375,9483169463.69556,1.234375,9483169462.461185,99.99999998698352
218100,9577514360.959005,1.234375,9578472112.395302,1.234375,9578472111.160927,99.99999998711303
218200,9673765143.99643,1.234375,9674732520.51103,1.234375,9674732519.276655,99.99999998724125
218300,9770983214.87956,1.234375,9771960313.201248,1.234375,9771960311.966873,99.9999999873682
218400,9869178294.524384,1.234375,9870165212.354036,1.234375,9870165211.119661,99.99999998749388
218500,9968360201.538818,1.234375,9969357037.559172,1.234375,9969357036.324797,99.99999998761831
218600,10068538853.204473,1.234375,10069545707.089994,1.234375,10069545705.85562,99.9999999877415
218700,10169724266.468288,1.234375,10170741238.895136,1.234375,10170741237.66076,99.99999998786348
218800,10271926558.944141,1.234375,10272953751.600237,1.234375,10272953750.365862,99.99999998798422
218900,10375155949.9245,1.234375,10376193465.519691,1.234375,10376193464.285316,99.99999998810378
219000,10479422761.402258,1.234375,10480470703.678598,1.234375,10480470702.444223,99.99999998822214
219100,10584737419.10286,1.234375,10585795892.84497,1.234375,10585795891.610596,99.99999998833933
219200,10691110453.526787,1.234375,10692179564.57234,1.234375,10692179563.337965,99.99999998845534
219300,10798552501.00247,1.234375,10799632356.25277,1.234375,10799632355.018394,99.99999998857021
219400,10907074304.749846,1.234375,10908165012.180521,1.234375,10908165010.946146,99.99999998868394
219500,11016686715.954592,1.234375,11017788384.626387,1.234375,11017788383.392012,99.99999998879653
219600,11127400694.853128,1.234375,11128513434.922813,1.234375,11128513433.688438,99.999999988908
219700,11239227311.828566,1.234375,11240351234.559948,1.234375,11240351233.325573,99.99999998901836
219800,11352177748.51759,1.234375,11353312966.29264,1.234375,11353312965.058266,99.99999998912762
219900,11466263298.928576,1.234375,11467409925.258669,1.234375,11467409924.024294,99.9999999892358
220000,11581495370.57087,1.234375,11582653520.108128,1.234375,11582653518.873753,99.9999999893429
220100,11697885485.595434,1.234375,11699055274.144194,1.234375,11699055272.909819,99.99999998944892
220200,11815445281.946936,1.234375,11816626826.47533,1.234375,11816626825.240955,99.99999998955391
220300,11934186514.527489,1.234375,11935379933.179142,1.234375,11935379931.944767,99.99999998965785
220400,12054121056.371964,1.234375,12055326468.4778,1.234375,12055326467.243425,99.99999998976075
220500,12175260899.835247,1.234375,12176478425.92543,1.234375,12176478424.691055,99.99999998986263
220600,12297618157.791317,1.234375,12298847919.607296,1.234375,12298847918.372921,99.9999999899635
220700,12421205064.844463,1.234375,12422447185.351149,1.234375,12422447184.116774,99.99999999006334
220800,12546033978.552597,1.234375,12547288581.950653,1.234375,12547288580.716278,99.99999999016221
220900,12672117380.662916,1.234375,12673384592.401182,1.234375,12673384591.166807,99.99999999026011
221000,12799467878.359957,1.234375,12800747825.147993,1.234375,12800747823.913618,99.99999999035701
221100,12928098205.526215,1.234375,12929391015.346968,1.234375,12929391014.112593,99.99999999045295
221200,13058021224.015387,1.234375,13059327026.137989,1.234375,13059327024.903614,99.99999999054793
221300,13189249924.938457,1.234375,13190568849.931152,1.234375,13190568848.696777,99.99999999064198
221400,13321797429.962702,1.234375,13323129609.705898,1.234375,13323129608.471523,99.9999999907351
221500,13455676992.62369,1.234375,13457022560.323153,1.234375,13457022559.088778,99.99999999082728
221600,13590901999.650562,1.234375,13592261089.850727,1.234375,13592261088.616352,99.99999999091854
221700,13727485972.304564,1.234375,13728858720.901995,1.234375,13728858719.66762,99.9999999910089
221800,13865442567.731033,1.234375,13866829111.988007,1.234375,13866829110.753632,99.99999999109836
221900,14004785580.325031,1.234375,14006186058.883265,1.234375,14006186057.64889,99.99999999118693
222000,14145528943.110605,1.234375,14146943496.005116,1.234375,14146943494.77074,99.9999999912746
222100,14287686729.133982,1.234375,14289115497.807095,1.234375,14289115496.57272,99.99999999136143
222200,14431273152.870768,1.234375,14432716280.186255,1.234375,14432716278.95188,99.99999999144738
222300,14576302571.647224,1.234375,14577760201.904589,1.234375,14577760200.670214,99.99999999153248
222400,14722789487.07592,1.234375,14724261766.024828,1.234375,14724261764.790453,99.99999999161673
222500,14870748546.505701,1.234375,14872235621.360552,1.234375,14872235620.126177,99.99999999170014
222600,15020194544.486324,1.234375,15021696563.940973,1.234375,15021696562.706598,99.99999999178272
222700,15171142424.247797,1.234375,15172659538.490421,1.234375,15172659537.256046,99.99999999186447
222800,15323607279.194504,1.234375,15325139639.922623,1.234375,15325139638.688248,99.99999999194542
222900,15477604354.414465,1.234375,15479152114.850107,1.234375,15479152113.615732,99.99999999202556
223000,15633149048.20367,1.234375,15634712363.10869,1.234375,15634712361.874315,99.9999999921049
223100,15790256913.6058,1.234375,15791835939.297361,1.234375,15791835938.062986,99.99999999218346
223200,15948943659.967356,1.234375,15950538554.333553,1.234375,15950538553.099178,99.99999999226124
223300,16109225154.508463,1.234375,16110836077.024115,1.234375,16110836075.78974,99.99999999233823
223400,16271117423.909449,1.234375,16272744535.65204,1.234375,16272744534.417665,99.99999999241447
223500,16434636655.91336,1.234375,16436280119.579151,1.234375,16436280118.344776,99.99999999248995
223600,16599799200.94461,1.234375,16601459180.864904,1.234375,16601459179.63053,99.99999999256465
223700,16766621573.743814,1.234375,16768298235.901388,1.234375,16768298234.667013,99.99999999263865
223800,16935120455.019184,1.234375,16936813967.064886,1.234375,16936813965.830511,99.99999999271189
223900,17105312693.114412,1.234375,17107023224.383924,1.234375,17107023223.14955,99.9999999927844
224000,17277215305.693184,1.234375,17278943027.223953,1.234375,17278943025.98958,99.99999999285619
224100,17450845481.441185,1.234375,17452590565.98953,1.234375,17452590564.755154,99.99999999292727
224200,17626220581.784584,1.234375,17627983203.84296,1.234375,17627983202.608585,99.99999999299763
224300,17803358142.625935,1.234375,17805138478.440395,1.234375,17805138477.20602,99.9999999930673
224400,17982275876.097694,1.234375,17984074103.6855,1.234375,17984074102.451126,99.99999999313629
224500,18162991672.333256,1.234375,18164807971.500687,1.234375,18164807970.26631,99.99999999320458
224600,18345523601.25585,1.234375,18347358153.616177,1.234375,18347358152.3818,99.9999999932722
224700,18529889914.385277,1.234375,18531742903.376915,1.234375,18531742902.14254,99.99999999333913
224800,18716109046.662968,1.234375,18717980657.567833,1.234375,18717980656.333458,99.99999999340541
224900,18904199618.29529,1.234375,18906090038.25732,1.234375,18906090037.022945,99.99999999347102
225000,19094180436.615356,1.234375,19096089854.659218,1.234375,19096089853.424843,99.99999999353598
225100,19286070497.963676,1.234375,19287999105.01367,1.234375,19287999103.779297,99.9999999936003
225200,19479888989.587517,1.234375,19481836978.486675,1.234375,19481836977.2523,99.99999999366396
225300,19675655291.559544,1.234375,19677622857.088898,1.234375,19677622855.854523,99.999999993727
225400,19873388978.715553,1.234375,19875376317.613625,1.234375,19875376316.37925,99.99999999378943
225500,20073109822.611862,1.234375,20075117133.594322,1.234375,20075117132.359947,99.99999999385122
225600,20274837793.502216,1.234375,20276865277.281765,1.234375,20276865276.04739,99.9999999939124
225700,20478593062.33471,1.234375,20480640921.64114,1.234375,20480640920.406765,99.99999999397296
225800,20684396002.76861,1.234375,20686464442.369083,1.234375,20686464441.13471,99.99999999403293
225900,20892267193.211586,1.234375,20894356419.931107,1.234375,20894356418.69673,99.9999999940923
226000,21102227418.877377,1.234375,21104337641.61946,1.234375,21104337640.385086,99.99999999415108
226100,21314297673.86404,1.234375,21316429103.631626,1.234375,21316429102.39725,99.99999999420928
226200,21528499163.25327,1.234375,21530652013.169792,1.234375,21530652011.935417,99.9999999942669
226300,21744853305.23066,1.234375,21747027790.561382,1.234375,21747027789.327007,99.99999999432394
226400,21963381733.227303,1.234375,21965578071.40082,1.234375,21965578070.166447,99.99999999438042
226500,22184106298.083004,1.234375,22186324708.71301,1.234375,22186324707.478634,99.99999999443632
226600,22407049070.231117,1.234375,22409289775.13834,1.234375,22409289773.903965,99.99999999449169
226700,22632232341.905376,1.234375,22634495565.139767,1.234375,22634495563.90539,99.99999999454649
226800,22859678629.368893,1.234375,22861964597.23203,1.234375,22861964595.997654,99.99999999460076
226900,23089410675.16572,1.234375,23091719616.233437,1.234375,23091719614.99906,99.99999999465446
227000,23321451450.394707,1.234375,23323783595.539944,1.234375,23323783594.30557,99.99999999470765
227100,23555824157.006504,1.234375,23558179739.4224,1.234375,23558179738.188026,99.99999999476032
227200,23792552230.123543,1.234375,23794931485.346752,1.234375,23794931484.112377,99.99999999481246
227300,24031659340.383327,1.234375,24034062506.317562,1.234375,24034062505.083187,99.99999999486407
227400,24273169396.30521,1.234375,24275596713.245037,1.234375,24275596712.010662,99.99999999491516
227500,24517106546.68114,1.234375,24519558257.336006,1.234375,24519558256.10163,99.99999999496575
227600,24763495182.990253,1.234375,24765971532.50875,1.234375,24765971531.274376,99.99999999501584
227700,25012359941.837784,1.234375,25014861177.832165,1.234375,25014861176.59779,99.99999999506544
227800,25263725707.41855,1.234375,25266252079.989487,1.234375,25266252078.75511,99.99999999511454
227900,25517617614.005146,1.234375,25520169375.766747,1.234375,25520169374.53237,99.99999999516314
228000,25774061048.461033,1.234375,25776638454.56608,1.234375,25776638453.331703,99.99999999521127
228100,26033081652.779175,1.234375,26035684960.944653,1.234375,26035684959.710278,99.99999999525892
228200,26294705326.645763,1.234375,26297334797.178627,1.234375,26297334795.944252,99.99999999530608
228300,26558958230.030186,1.234375,26561614125.853386,1.234375,26561614124.61901,99.99999999535278
228400,26825866785.800724,1.234375,26828549372.479504,1.234375,26828549371.24513,99.99999999539902
228500,27095457682.36645,1.234375,27098167228.134888,1.234375,27098167226.900513,99.9999999954448
228600,27367757876.345985,1.234375,27370494652.13382,1.234375,27370494650.899445,99.99999999549013
228700,27642794595.262825,1.234375,27645558874.72255,1.234375,27645558873.488174,99.99999999553499
228800,27920595340.267914,1.234375,27923387399.80214,1.234375,27923387398.567764,99.99999999557943
228900,28201187888.88947,1.234375,28204008007.678555,1.234375,28204008006.44418,99.9999999956234
229000,28484600297.81042,1.234375,28487448757.8404,1.234375,28487448756.606026,99.99999999566695
229100,28770860905.673973,1.234375,28773737991.76474,1.234375,28773737990.530365,99.99999999571007
229200,29059998335.917065,1.234375,29062904335.750854,1.234375,29062904334.51648,99.99999999575275
229300,29352041499.632477,1.234375,29354976703.78264,1.234375,29354976702.548264,99.99999999579501
229400,29647019598.45978,1.234375,29649984300.419827,1.234375,29649984299.18545,99.99999999583684
229500,29944962127.5051,1.234375,29947956623.71805,1.234375,29947956622.483673,99.99999999587827
229600,30245898878.290405,1.234375,30248923468.178432,1.234375,30248923466.944057,99.99999999591928
229700,30549859941.732452,1.234375,30552914927.72682,1.234375,30552914926.492447,99.99999999595988
229800,30856875711.15146,1.234375,30859961398.72277,1.234375,30859961397.488396,99.99999999600007
229900,31166976885.31034,1.234375,31170093582.99907,1.234375,31170093581.764694,99.99999999603988
230000,31480194471.48409,1.234375,31483342490.931435,1.234375,31483342489.69706,99.99999999607928
230100,31796559788.560425,1.234375,31799739444.53948,1.234375,31799739443.305103,99.99999999611828
230200,32116104470.1713,1.234375,32119316080.618515,1.234375,32119316079.38414,99.9999999961569
230300,32438860467.855938,1.234375,32442104353.90292,1.234375,32442104352.668545,99.99999999619514
230400,32764860054.25576,1.234375,32768136540.261383,1.234375,32768136539.027008,99.999999996233
230500,33094135826.341316,1.234375,33097445239.92415,1.234375,33097445238.689774,99.99999999627049
230600,33426720708.671684,1.234375,33430063380.74275,1.234375,33430063379.508373,99.9999999963076
230700,33762647956.686707,1.234375,33766024221.482574,1.234375,33766024220.2482,99.99999999634433
230800,34101951160.03205,1.234375,34105361355.14825,1.234375,34105361353.913876,99.99999999638071
230900,34444664245.91806,1.234375,34448108712.34285,1.234375,34448108711.108475,99.9999999964167
231000,34790821482.51197,1.234375,34794300564.66042,1.234375,34794300563.42605,99.99999999645236
231100,35140457482.36471,1.234375,35143971528.113144,1.234375,35143971526.87877,99.99999999648766
231200,35493607205.871475,1.234375,35497156566.59226,1.234375,35497156565.35789,99.9999999965226
231300,35850305964.76773,1.234375,35853890995.3644,1.234375,35853890994.13003,99.99999999655721
231400,36210589425.659805,1.234375,36214210484.60257,1.234375,36214210483.368195,99.99999999659146
231500,36574493613.59147,1.234375,36578151062.953026,1.234375,36578151061.71865,99.99999999662538
231600,36942054915.646,1.234375,36945749121.137764,1.234375,36945749119.90339,99.99999999665896
231700,37313310084.58462,1.234375,37317041415.59328,1.234375,37317041414.3589,99.9999999966922
231800,37688296242.52129,1.234375,37692065072.145744,1.234375,37692065070.91137,99.99999999672511
231900,38067050884.63477,1.234375,38070857589.723434,1.234375,38070857588.48906,99.9999999967577
232000,38449611882.917595,1.234375,38453456844.10609,1.234375,38453456842.87171,99.99999999678994
232100,38836017489.96304,1.234375,38839901091.712234,1.234375,38839901090.47786,99.99999999682188
232200,39226306342.79011,1.234375,39230228973.42458,1.234375,39230228972.19021,99.9999999968535
232300,39620517466.70673,1.234375,39624479518.453606,1.234375,39624479517.21923,99.99999999688481
232400,40018690279.21194,1.234375,40022692148.24006,1.234375,40022692147.005684,99.99999999691582
232500,40420864593.93738,1.234375,40424906680.39697,1.234375,40424906679.1626,99.9999999969465
232600,40827080624.628265,1.234375,40831163332.690926,1.234375,40831163331.45655,99.99999999697688
232700,41237378989.1643,1.234375,41241502727.063416,1.234375,41241502725.82904,99.99999999700697
232800,41651800713.62119,1.234375,41655965893.69276,1.234375,41655965892.45838,99.99999999703674
232900,42070387236.372856,1.234375,42074594275.096695,1.234375,42074594273.86232,99.99999999706623
233000,42493180412.23476,1.234375,42497429730.27618,1.234375,42497429729.0418,99.99999999709541
233100,42920222516.649254,1.234375,42924514538.901115,1.234375,42924514537.66674,99.9999999971243
233200,43351556249.912544,1.234375,43355891405.537735,1.234375,43355891404.30336,99.99999999715293
233300,43787224741.444336,1.234375,43791603463.91868,1.234375,43791603462.6843,99.99999999718125
233400,44227271554.10057,1.234375,44231694281.25618,1.234375,44231694280.021805,99.9999999972093
233500,44671740688.52903,1.234375,44676207862.59808,1.234375,44676207861.36371,99.99999999723707
233600,45120676587.56922,1.234375,45125188655.22818,1.234375,45125188653.993805,99.99999999726455
233700,45574124140.69615,1.234375,45578681553.11042,1.234375,45578681551.876045,99.99999999729177
233800,46032128688.50886,1.234375,46036731901.37791,1.234375,46036731900.14353,99.99999999731872
233900,46494736027.264015,1.234375,46499385500.866936,1.234375,46499385499.63256,99.99999999734538
234000,46961992413.45539,1.234375,46966688612.69694,1.234375,46966688611.46256,99.9999999973718
234100,47433944568.43871,1.234375,47438687962.89575,1.234375,47438687961.66138,99.99999999739796
234200,47910639683.103645,1.234375,47915430747.07215,1.234375,47915430745.837776,99.99999999742386
234300,48392125422.59229,1.234375,48396964635.13475,1.234375,48396964633.900375,99.99999999744948
234400,48878449931.06533,1.234375,48883337776.05863,1.234375,48883337774.82426,99.99999999747486
234500,49369661836.51599,1.234375,49374598802.699844,1.234375,49374598801.46547,99.99999999749998
234600,49865810255.632454,1.234375,49870796836.65822,1.234375,49870796835.42384,99.99999999752485
234700,50366944798.70893,1.234375,50371981493.189,1.234375,50371981491.95463,99.99999999754948
234800,50873115574.60642,1.234375,50878202886.16408,1.234375,50878202884.9297,99.99999999757387
234900,51384373195.76294,1.234375,51389511633.08271,1.234375,51389511631.848335,99.999999997598
235000,51900768783.25451,1.234375,51905958860.13303,1.234375,51905958858.89866,99.9999999976219
235100,52422353971.906586,1.234375,52427596207.30397,1.234375,52427596206.069595,99.99999999764556
235200,52949180915.45727,1.234375,52954475833.54901,1.234375,52954475832.31464,99.999999997669
235300,53481302291.772064,1.234375,53486650422.00144,1.234375,53486650420.76707,99.99999999769219
235400,54018771308.111244,1.234375,54024173185.242256,1.234375,54024173184.00788,99.99999999771514
235500,54561641706.450005,1.234375,54567097870.62085,1.234375,54567097869.386475,99.99999999773787
235600,55109967768.85228,1.234375,55115478765.629364,1.234375,55115478764.39499,99.99999999776038
235700,55663804322.898476,1.234375,55669370703.33096,1.234375,55669370702.09659,99.99999999778267
235800,56223206747.16747,1.234375,56228829067.842384,1.234375,56228829066.60801,99.99999999780474
235900,56788230976.77431,1.234375,56793909799.872185,1.234375,56793909798.63781,99.99999999782658
236000,57358933508.96302,1.234375,57364669402.31412,1.234375,57364669401.07974,99.99999999784819
236100,57935371408.75575,1.234375,57941164945.89683,1.234375,57941164944.66245,99.99999999786961
236200,58517602314.65893,1.234375,58523454074.890594,1.234375,58523454073.65622,99.9999999978908
236300,59105684444.42646,1.234375,59111595012.8711,1.234375,59111595011.63673,99.99999999791179
236400,59699676600.88103,1.234375,59705646568.54131,1.234375,59705646567.30694,99.99999999793256
236500,60299638177.79374,1.234375,60305668141.61172,1.234375,60305668140.37734,99.99999999795314
236600,60905629165.823135,1.234375,60911719728.739914,1.234375,60911719727.50554,99.9999999979735
236700,61517710158.5136,1.234375,61523861929.529655,1.234375,61523861928.29528,99.99999999799365
236800,62135942358.35402,1.234375,62142155952.59005,1.234375,62142155951.355675,99.99999999801362
236900,62760387582.89778,1.234375,62766663621.656265,1.234375,62766663620.42189,99.99999999803339
237000,63391108270.94374,1.234375,63397447381.771034,1.234375,63397447380.53666,99.99999999805296
237100,64028167488.77951,1.234375,64034570305.52859,1.234375,64034570304.29421,99.99999999807233
237200,64671628936.487724,1.234375,64678096099.38157,1.234375,64678096098.147194,99.99999999809151
237300,65321556954.3152,1.234375,65328089110.01083,1.234375,65328089108.77646,99.9999999981105
237400,65978016529.10651,1.234375,65984614330.75961,1.234375,65984614329.52524,99.9999999981293
237500,66641073300.8021,1.234375,66647737408.13238,1.234375,66647737406.898,99.99999999814791
237600,67310793569.00167,1.234375,67317524648.35877,1.234375,67317524647.1244,99.99999999816634
237700,67987244299.59338,1.234375,67994043024.023544,1.234375,67994043022.78917,99.99999999818459
237800,68670493131.45002,1.234375,68677360180.76336,1.234375,68677360179.528984,99.99999999820265
237900,69360608383.1921,1.234375,69367544444.03061,1.234375,69367544442.79623,99.99999999822053
238000,70057659060.01936,1.234375,70064664825.92557,1.234375,70064664824.6912,99.99999999823824
238100,70761714860.61044,1.234375,70768791032.0967,1.234375,70768791030.86232,99.99999999825576
238200,71472846184.09196,1.234375,71479993468.71057,1.234375,71479993467.4762,99.99999999827311
238300,72191124137.07806,1.234375,72198343249.49197,1.234375,72198343248.2576,99.9999999982903
238400,72916620540.78047,1.234375,72923912202.83475,1.234375,72923912201.60037,99.99999999830732
238500,73649407938.18968,1.234375,73656772878.9837,1.234375,73656772877.74933,99.99999999832416
238600,74389559601.32874,1.234375,74396998557.28906,1.234375,74396998556.05469,99.99999999834083
238700,75137149538.57983,1.234375,75144663253.53389,1.234375,75144663252.29951,99.99999999835734
238800,75892252502.08437,1.234375,75899841727.33478,1.234375,75899841726.1004,99.99999999837368
238900,76654943995.21748,1.234375,76662609489.6172,1.234375,76662609488.38283,99.99999999838987
239000,77425300280.13759,1.234375,77433042810.1658,1.234375,77433042808.93143,99.99999999840588
239100,78203398385.41234,1.234375,78211218725.25108,1.234375,78211218724.01671,99.99999999842174
239200,78989316113.7202,1.234375,78997215045.33177,1.234375,78997215044.0974,99.99999999843745
239300,79783132049.63031,1.234375,79791110362.83546,1.234375,79791110361.60109,99.99999999845299
239400,80584925567.4602,1.234375,80592984060.01715,1.234375,80592984058.78278,99.99999999846838
239500,81394776839.21263,1.234375,81402916316.89674,1.234375,81402916315.66237,99.99999999848363
239600,82212766842.59167,1.234375,82220988119.27614,1.234375,82220988118.04176,99.99999999849871
239700,83038977369.1,1.234375,83047281266.83711,1.234375,83047281265.60274,99.99999999851364
239800,83873491032.21729,1.234375,83881878381.32071,1.234375,83881878380.08633,99.99999999852844
239900,84716391275.66087,1.234375,84724862914.78864,1.234375,84724862913.55426,99.99999999854307
240000,85567762381.72905,1.234375,85576319157.96742,1.234375,85576319156.73305,99.99999999855757
240100,86427689479.7289,1.234375,86436332248.67706,1.234375,86436332247.44269,99.99999999857194
240200,87296258554.48808,1.234375,87304988180.34373,1.234375,87304988179.10936,99.99999999858613
240300,88173556454.9529,1.234375,88182373810.59859,1.234375,88182373809.36421,99.9999999986002
240400,89059670902.87216,1.234375,89068576869.96265,1.234375,89068576868.72827,99.99999999861413
240500,89954690501.56862,1.234375,89963685970.61897,1.234375,89963685969.3846,99.99999999862791
240600,90858704744.7985,1.234375,90867790615.27316,1.234375,90867790614.03879,99.99999999864157
240700,91771804025.69997,1.234375,91780981206.10274,1.234375,91780981204.86836,99.99999999865508
240800,92694079645.83174,1.234375,92703349053.79652,1.234375,92703349052.56215,99.99999999866847
240900,93625623824.30232,1.234375,93634986386.68495,1.234375,93634986385.45058,99.99999999868172
241000,94566529706.99124,1.234375,94575986359.96214,1.234375,94575986358.72777,99.99999999869483
241100,95516891375.86232,1.234375,95526443065.0001,1.234375,95526443063.76573,99.99999999870782
241200,96476803858.37157,1.234375,96486451538.7576,1.234375,96486451537.52322,99.99999999872068
241300,97446363136.9687,1.234375,97456107773.2826,1.234375,97456107772.04822,99.9999999987334
241400,98425666158.69484,1.234375,98435508725.31091,1.234375,98435508724.07654,99.999999998746
241500,99414810844.87578,1.234375,99424752325.96046,1.234375,99424752324.72609,99.99999999875848
241600,100413896100.91385,1.234375,100423937490.52414,1.234375,100423937489.28976,99.99999999877083
241700,101423021826.17714,1.234375,101433164128.35995,1.234375,101433164127.12558,99.99999999878307
241800,102442288923.98854,1.234375,102452533152.88113,1.234375,102452533151.64676,99.99999999879518
241900,103471799311.71532,1.234375,103482146491.64668,1.234375,103482146490.41231,99.99999999880717
242000,104511655930.95973,1.234375,104522107096.55302,1.234375,104522107095.31865,99.99999999881904
242100,105561962757.85268,1.234375,105572518954.12866,1.234375,105572518952.89429,99.99999999883077
242200,106622824813.44978,1.234375,106633487095.93132,1.234375,106633487094.69695,99.99999999884241
242300,107694348174.23279,1.234375,107705117609.05042,1.234375,107705117607.81604,99.99999999885392
242400,108776639982.71628,1.234375,108787517646.71475,1.234375,108787517645.48038,99.99999999886533
242500,109869808458.16092,1.234375,109880795439.00693,1.234375,109880795437.77255,99.99999999887662
242600,110973962907.39432,1.234375,110985060303.68526,1.234375,110985060302.45088,99.9999999988878
242700,112089213735.74083,1.234375,112100422657.1146,1.234375,112100422655.88022,99.99999999889887
242800,113215672458.06108,1.234375,113226994025.30708,1.234375,113226994024.07271,99.99999999890983
242900,114353451709.9022,1.234375,114364887055.0734,1.234375,114364887053.83902,99.99999999892067
243000,115502665258.76068,1.234375,115514215525.28676,1.234375,115514215524.05238,99.99999999893141
243100,116663428015.45763,1.234375,116675094358.25937,1.234375,116675094357.025,99.99999999894203
243200,117835856045.62946,1.234375,117847639631.23422,1.234375,117847639629.99985,99.99999999895257
243300,119020066581.33269,1.234375,119031968587.99101,1.234375,119031968586.75664,99.99999999896299
243400,120216178032.7666,1.234375,120228199650.57007,1.234375,120228199649.3357,99.99999999897331
243500,121424310000.1128,1.234375,121436452431.113,1.234375,121436452429.87863,99.99999999898353
243600,122644583285.49438,1.234375,122656847743.82314,1.234375,122656847742.58876,99.99999999899364
243700,123877119905.05511,1.234375,123889507617.04582,1.234375,123889507615.81145,99.99999999900365
243800,125122043101.15959,1.234375,125134555305.46991,1.234375,125134555304.23553,99.99999999901357
243900,126379477354.7164,1.234375,126392115302.45207,1.234375,126392115301.2177,99.99999999902339
244000,127649548397.62546,1.234375,127662313352.46542,1.234375,127662313351.23105,99.9999999990331
244100,128932383225.34962,1.234375,128945276463.67236,1.234375,128945276462.43799,99.99999999904271
244200,130228110109.6135,1.234375,130241132920.62465,1.234375,130241132919.39027,99.99999999905224
244300,131536858611.2288,1.234375,131550012297.09012,1.234375,131550012295.85574,99.99999999906167
244400,132858759593.0499,1.234375,132872045469.0094,1.234375,132872045467.77502,99.99999999907101
244500,134193945233.0586,1.234375,134207364627.58209,1.234375,134207364626.34772,99.99999999908025
244600,135542549037.58064,1.234375,135556103292.4846,1.234375,135556103291.25023,99.9999999990894
244700,136904705854.6353,1.234375,136918396325.22096,1.234375,136918396323.98659,99.99999999909845
244800,138280551887.41968,1.234375,138294379942.60864,1.234375,138294379941.37427,99.99999999910743
244900,139670224707.92606,1.234375,139684191730.39706,1.234375,139684191729.1627,99.99999999911631
245000,141073863270.69806,1.234375,141087970657.02533,1.234375,141087970655.79095,99.9999999991251
245100,142491607926.72656,1.234375,142505857087.51944,1.234375,142505857086.28506,99.9999999991338
245200,143923600437.48206,1.234375,143937992797.526,1.234375,143937992796.29163,99.99999999914243
245300,145369983989.0901,1.234375,145384520987.4892,1.234375,145384520986.25482,99.99999999915096
245400,146830903206.64868,1.234375,146845586296.96954,1.234375,146845586295.73517,99.9999999991594
245500,148306504168.68875,1.234375,148321334819.10583,1.234375,148321334817.87146,99.99999999916777
245600,149796934421.7812,1.234375,149811914115.22357,1.234375,149811914113.9892,99.99999999917605
245700,151302342995.2902,1.234375,151317473229.58994,1.234375,151317473228.35556,99.99999999918425
245800,152822880416.27466,1.234375,152838162704.3165,1.234375,152838162703.08212,99.99999999919237
245900,154358698724.5395,1.234375,154374134594.41217,1.234375,154374134593.1778,99.9999999992004
246000,155909951487.8385,1.234375,155925542482.9875,1.234375,155925542481.7531,99.99999999920836
246100,157476793817.22922,1.234375,157492541496.61115,1.234375,157492541495.37677,99.99999999921624
246200,159059382382.5832,1.234375,159075288320.82166,1.234375,159075288319.58728,99.99999999922403
246300,160657875428.25113,1.234375,160673941215.79416,1.234375,160673941214.55978,99.99999999923175
246400,162272432788.8857,1.234375,162288660032.16483,1.234375,162288660030.93045,99.99999999923939
246500,163903215905.42435,1.234375,163919606227.0151,1.234375,163919606225.78073,99.99999999924695
246600,165550387841.23108,1.234375,165566942880.0154,1.234375,165566942878.78104,99.99999999925446
246700,167214113298.4012,1.234375,167230834709.73126,1.234375,167230834708.4969,99.99999999926187
246800,168894558634.2314,1.234375,168911448090.09506,1.234375,168911448088.8607,99.99999999926922
246900,170591891877.85217,1.234375,170608951067.04016,1.234375,170608951065.8058,99.9999999992765
247000,172306282747.03046,1.234375,172323513375.30536,1.234375,172323513374.07098,99.99999999928369
247100,174037902665.13907,1.234375,174055306455.4058,1.234375,174055306454.17142,99.99999999929081
247200,175786924778.29794,1.234375,175804503470.77597,1.234375,175804503469.5416,99.99999999929787
247300,177553523972.687,1.234375,177571279325.0845,1.234375,177571279323.85013,99.99999999930486
247400,179337876892.03302,1.234375,179355810679.72244,1.234375,179355810678.48807,99.99999999931177
247500,181140161955.27325,1.234375,181158275971.469,1.234375,181158275970.23462,99.99999999931862
247600,182960559374.3937,1.234375,182978855430.33136,1.234375,182978855429.097,99.9999999993254
247700,184799251172.45126,1.234375,184817731097.56873,1.234375,184817731096.33435,99.99999999933212
247800,186656421201.7724,1.234375,186675086843.8928,1.234375,186675086842.65842,99.99999999933877
247900,188532255162.33698,1.234375,188551108387.85342,1.234375,188551108386.61905,99.99999999934533
248000,190426940620.34766,1.234375,190445983314.4099,1.234375,190445983313.17554,99.99999999935186
248100,192340667026.98364,1.234375,192359901093.68655,1.234375,192359901092.45218,99.99999999935831
248200,194273625737.34457,1.234375,194293053099.91852,1.234375,194293053098.68414,99.99999999936469
248300,196226010029.584,1.234375,196245632630.5872,1.234375,196245632629.3528,99.999999999371
248400,198198015124.23605,1.234375,198217834925.7487,1.234375,198217834924.5143,99.99999999937727
248500,200189838203.7348,1.234375,200209857187.5554,1.234375,200209857186.321,99.99999999938346
248600,202201678432.1312,1.234375,202221898599.9746,1.234375,202221898598.74023,99.99999999938959
248700,204233736975.0078,1.234375,204254160348.70554,1.234375,204254160347.47116,99.99999999939567
248800,206286217019.59326,1.234375,206306845641.29544,1.234375,206306845640.06107,99.99999999940168
248900,208359323795.0792,1.234375,208380159727.45892,1.234375,208380159726.22455,99.99999999940763
249000,210453264593.14114,1.234375,210474309919.60068,1.234375,210474309918.3663,99.99999999941352
249100,212568248788.6662,1.234375,212589505613.5453,1.234375,212589505612.3109,99.99999999941936
249200,214704487860.68802,1.234375,214725958309.4743,1.234375,214725958308.23993,99.99999999942514
249300,216862195413.53326,1.234375,216883881633.07483,1.234375,216883881631.84045,99.99999999943086
249400,219041587198.17975,1.234375,219063491356.89978,1.234375,219063491355.6654,99.99999999943651
249500,221242881133.83005,1.234375,221265005421.94363,1.234375,221265005420.70926,99.99999999944212
249600,223466297329.70062,1.234375,223488643959.4338,1.234375,223488643958.19943,99.99999999944768
249700,225712058107.0316,1.234375,225734629312.8425,1.234375,225734629311.60812,99.99999999945317
249800,227980388021.31647,1.234375,228003186060.1188,1.234375,228003186058.88443,99.99999999945861
249900,230271513884.75476,1.234375,230294541036.14343,1.234375,230294541034.90906,99.99999999946401
250000,232585664788.93286,1.234375,232608923355.41196,1.234375,232608923354.17758,99.99999999946934
250100,234923072127.72983,1.234375,234946564434.9428,1.234375,234946564433.70844,99.99999999947461
250200,237283969620.4553,1.234375,237307698017.41754,1.234375,237307698016.18317,99.99999999947984
250300,239668593335.21838,1.234375,239692560194.55212,1.234375,239692560193.31775,99.99999999948501
250400,242077181712.5335,1.234375,242101389430.705,1.234375,242101389429.4706,99.99999999949014
250500,244509975589.1616,1.234375,244534426586.7207,1.234375,244534426585.48633,99.99999999949522
250600,246967218222.1913,1.234375,246991914944.01373,1.234375,246991914942.77936,99.99999999950023
250700,249449155313.36325,1.234375,249474100228.8948,1.234375,249474100227.66043,99.9999999995052
250800,251956035033.63715,1.234375,251981230637.14072,1.234375,251981230635.90634,99.99999999951014
250900,254488108048.0074,1.234375,254513556858.8124,1.234375,254513556857.57803,99.99999999951501
251000,257045627540.56665,1.234375,257071332103.32092,1.234375,257071332102.08655,99.99999999951983
251100,259628849239.8218,1.234375,259654812124.746,1.234375,259654812123.51163,99.99999999952462
251200,262238031444.26544,1.234375,262264255247.41006,1.234375,262264255246.1757,99.99999999952934
251300,264873435048.20242,1.234375,264899922391.70746,1.234375,264899922390.47308,99.99999999953401
251400,267535323567.83752,1.234375,267562077100.19452,1.234375,267562077098.96014,99.99999999953866
251500,270223963167.62372,1.234375,270250985563.9407,1.234375,270250985562.70633,99.99999999954325
251600,272939622686.87747,1.234375,272966916649.14636,1.234375,272966916647.912,99.9999999995478
251700,275682573666.6579,1.234375,275710141924.0247,1.234375,275710141922.79034,99.99999999955229
251800,278453090376.92065,1.234375,278480935685.9585,1.234375,278480935684.7241,99.99999999955675
251900,281251449843.9435,1.234375,281279574988.92804,1.234375,281279574987.69366,99.99999999956117
252000,284077931878.02496,1.234375,284106339671.21295,1.234375,284106339669.9786,99.99999999956553
252100,286932819101.4603,1.234375,286961512383.37067,1.234375,286961512382.1363,99.99999999956984
252200,289816396976.805,1.234375,289845378616.50287,1.234375,289845378615.2685,99.99999999957413
252300,292728953835.41516,1.234375,292758226730.7989,1.234375,292758226729.5645,99.99999999957836
252400,295670780906.2802,1.234375,295700347984.37103,1.234375,295700347983.13666,99.99999999958256
252500,298642172345.1435,1.234375,298672036562.3782,1.234375,298672036561.1438,99.9999999995867
252600,301643425263.9128,1.234375,301673589606.43933,1.234375,301673589605.20496,99.99999999959083
252700,304674839760.37103,1.234375,304705307244.3472,1.234375,304705307243.11285,99.99999999959489
252800,307736718948.1821,1.234375,307767492620.07715,1.234375,307767492618.8428,99.99999999959893
252900,310829368987.20044,1.234375,310860451924.09937,1.234375,310860451922.865,99.99999999960292
253000,313953099114.0817,1.234375,313984494423.9933,1.234375,313984494422.7589,99.99999999960687
253100,317108221673.2077,1.234375,317139932495.3752,1.234375,317139932494.1408,99.99999999961078
253200,320295052147.91486,1.234375,320327081653.1298,1.234375,320327081651.89545,99.99999999961466
253300,323513909192.0399,1.234375,323546260582.9593,1.234375,323546260581.7249,99.99999999961848
253400,326765114661.7836,1.234375,326797791173.25,1.234375,326797791172.0156,99.99999999962228
253500,330048993647.8928,1.234375,330081998547.2578,1.234375,330081998546.02344,99.99999999962604
253600,333365874508.1661,1.234375,333399211095.61707,1.234375,333399211094.3827,99.99999999962976
253700,336716088900.2871,1.234375,336749760509.1773,1.234375,336749760507.94293,99.99999999963345
253800,340099971814.9879,1.234375,340133981812.1696,1.234375,340133981810.93524,99.99999999963708
253900,343517861609.54346,1.234375,343552213395.7046,1.234375,343552213394.4702,99.99999999964069
254000,346970100041.60504,1.234375,347004797051.6094,1.234375,347004797050.375,99.99999999964427
254100,350457032303.3725,1.234375,350492078006.603,1.234375,350492078005.36865,99.99999999964781
254200,353979007056.112,1.234375,354014404956.8178,1.234375,354014404955.58344,99.99999999965132
254300,357536376465.0161,1.234375,357572130102.6628,1.234375,357572130101.4284,99.99999999965479
254400,361129496234.41895,1.234375,361165609184.04254,1.234375,361165609182.80817,99.99999999965823
254500,364758725643.3632,1.234375,364795201515.92773,1.234375,364795201514.69336,99.99999999966163
254600,368424427581.5252,1.234375,368461270024.28357,1.234375,368461270023.0492,99.999999999665
254700,372126968585.499,1.234375,372164181282.3577,1.234375,372164181281.12335,99.99999999966832
254800,375866718875.4476,1.234375,375904305547.33527,1.234375,375904305546.1009,99.99999999967163
254900,379644052392.1217,1.234375,379682016797.3611,1.234375,379682016796.1267,99.9999999996749
255000,383459346834.25085,1.234375,383497692768.93445,1.234375,383497692767.7001,99.99999999967812
255100,387312983696.30835,1.234375,387351714994.67816,1.234375,387351714993.4438,99.99999999968134
255200,391205348306.6577,1.234375,391244468841.4886,1.234375,391244468840.2542,99.99999999968449
255300,395136829866.0837,1.234375,395176343549.0705,1.234375,395176343547.8361,99.99999999968765
255400,399107821486.70636,1.234375,399147732268.8552,1.234375,399147732267.62085,99.99999999969074
255500,403118720231.2898,1.234375,403159032103.3131,1.234375,403159032102.07874,99.99999999969383
255600,407169927152.9451,1.234375,407210644145.6606,1.234375,407210644144.4262,99.99999999969688
255700,411261847335.23145,1.234375,411302973519.96515,1.234375,411302973518.7308,99.99999999969988
255800,415394889932.6605,1.234375,415436429421.654,1.234375,415436429420.4196,99.99999999970287
255900,419569468211.60925,1.234375,419611425158.4306,1.234375,419611425157.1962,99.99999999970582
256000,423785999591.6417,1.234375,423828378191.6011,1.234375,423828378190.3667,99.99999999970875
256100,428044905687.24774,1.234375,428087710177.81665,1.234375,428087710176.5823,99.99999999971165
256200,432346612350.0,1.234375,432389847011.23517,1.234375,432389847010.0008,99.99999999971452
256300,436691549711.1352,1.234375,436735218866.1065,1.234375,436735218864.87213,99.99999999971736
256400,441080152224.5648,1.234375,441124260239.7875,1.234375,441124260238.5531,99.99999999972017
256500,445512858710.31433,1.234375,445557409996.18555,1.234375,445557409994.9512,99.99999999972296
256600,449990112398.40247,1.234375,450035111409.64246,1.234375,450035111408.4081,99.99999999972572
256700,454512360973.1599,1.234375,454557812209.2574,1.234375,454557812208.023,99.99999999972844
256800,459080056617.9937,1.234375,459125964623.6557,1.234375,459125964622.4213,99.99999999973114
256900,463693656060.6008,1.234375,463740025426.2071,1.234375,463740025424.9727,99.99999999973383
257000,468353620618.6385,1.234375,468400455980.7005,1.234375,468400455979.4661,99.99999999973646
257100,473060416245.84875,1.234375,473107722287.4735,1.234375,473107722286.23914,99.9999999997391
257200,477814513578.6531,1.234375,477862295030.0111,1.234375,477862295028.77673,99.99999999974169
257300,482616387983.20905,1.234375,482664649622.00757,1.234375,482664649620.7732,99.99999999974426
257400,487466519602.94275,1.234375,487515266254.9032,1.234375,487515266253.6688,99.9999999997468
257500,492365393406.56067,1.234375,492414629945.9015,1.234375,492414629944.6671,99.99999999974932
257600,497313499236.5407,1.234375,497363230586.46454,1.234375,497363230585.23016,99.99999999975182
257700,502311331858.11176,1.234375,502361562991.2977,1.234375,502361562990.06335,99.99999999975428
257800,507359391008.72644,1.234375,507410126947.8275,1.234375,507410126946.59314,99.99999999975672
257900,512458181448.02954,1.234375,512509427266.1745,1.234375,512509427264.9401,99.99999999975915
258000,517608213008.32983,1.234375,517659973829.63086,1.234375,517659973828.3965,99.99999999976154
258100,522810000645.5793,1.234375,522862281645.64404,1.234375,522862281644.40967,99.99999999976393
258200,528064064490.86163,1.234375,528116870897.3109,1.234375,528116870896.07654,99.99999999976626
258300,533370929902.40393,1.234375,533424266995.39435,1.234375,533424266994.16,99.99999999976859
258400,538731127518.1044,1.234375,538785000630.8564,1.234375,538785000629.622,99.99999999977089
258500,544145193308.5934,1.234375,544199607827.92444,1.234375,544199607826.69006,99.99999999977318
258600,549613668630.8254,1.234375,549668629997.68866,1.234375,549668629996.4543,99.99999999977544
258700,555137100282.2153,1.234375,555192613992.2438,1.234375,555192613991.0094,99.99999999977767
258800,560716040555.2944,1.234375,560772112159.3502,1.234375,560772112158.1158,99.99999999977987
258900,566351047292.9547,1.234375,566407682397.6842,1.234375,566407682396.4498,99.99999999978208
259000,572042683944.2192,1.234375,572099888212.6139,1.234375,572099888211.3795,99.99999999978424
259100,577791519620.5851,1.234375,577849298772.5474,1.234375,577849298771.313,99.99999999978638
259200,583598129152.925,1.234375,583656488965.8406,1.234375,583656488964.6062,99.99999999978851
259300,589463093148.971,1.234375,589522039458.2861,1.234375,589522039457.0518,99.99999999979062
259400,595386998051.3635,1.234375,595446536751.169,1.234375,595446536749.9346,99.99999999979269
259500,601370436196.2957,1.234375,601430573239.9155,1.234375,601430573238.6812,99.99999999979477
259600,607414005872.7382,1.234375,607474747273.3257,1.234375,607474747272.0913,99.99999999979681
259700,613518311382.2633,1.234375,613579663213.4017,1.234375,613579663212.1674,99.99999999979883
259800,619683963099.4711,1.234375,619745931495.7812,1.234375,619745931494.5469,99.99999999980082
259900,625911577533.0194,1.234375,625974168690.773,1.234375,625974168689.5386,99.9999999998028
260000,632201777387.2698,1.234375,632264997565.0088,1.234375,632264997563.7744,99.99999999980477
260100,638555191624.5518,1.234375,638619047143.7145,1.234375,638619047142.4801,99.9999999998067
260200,644972455528.0549,1.234375,645036952773.608,1.234375,645036952772.3737,99.99999999980864
260300,651454210765.3486,1.234375,651519356186.4254,1.234375,651519356185.191,99.99999999981054
260400,658001105452.546,1.234375,658066905563.0916,1.234375,658066905561.8572,99.99999999981243
260500,664613794219.107,1.234375,664680255598.5292,1.234375,664680255597.2948,99.99999999981429
260600,671292938273.298,1.234375,671360067567.1255,1.234375,671360067565.8911,99.99999999981614
260700,678039205468.3027,1.234375,678107009388.8499,1.234375,678107009387.6155,99.99999999981797
260800,684853270369.0057,1.234375,684921755696.0428,1.234375,684921755694.8085,99.99999999981978
260900,691735814319.4392,1.234375,691804987900.8713,1.234375,691804987899.637,99.99999999982158
261000,698687525510.9141,1.234375,698757394263.4653,1.234375,698757394262.231,99.99999999982336
261100,705709099050.8309,1.234375,705779669960.7362,1.234375,705779669959.5018,99.9999999998251
261200,712801237032.1835,1.234375,712872517155.887,1.234375,712872517154.6526,99.99999999982685
261300,719964648603.765,1.234375,720036645068.6256,1.234375,720036645067.3912,99.99999999982857
261400,727200050041.0734,1.234375,727272770046.0778,1.234375,727272770044.8434,99.99999999983027
261500,734508164817.9337,1.234375,734581615634.4158,1.234375,734581615633.1814,99.99999999983196
261600,741889723678.8372,1.234375,741963912651.2053,1.234375,741963912649.971,99.99999999983363
261700,749345464712.0107,1.234375,749420399258.4822,1.234375,749420399257.2478,99.99999999983528
261800,756876133423.2192,1.234375,756951821036.5618,1.234375,756951821035.3274,99.99999999983693
261900,764482482810.3096,1.234375,764558931058.5908,1.234375,764558931057.3564,99.99999999983855
262000,772165273438.5006,1.234375,772242489965.8447,1.234375,772242489964.6104,99.99999999984016
262100,779925273516.4347,1.234375,780003266043.7866,1.234375,780003266042.5522,99.99999999984175
262200,787763258972.9929,1.234375,787842035298.8905,1.234375,787842035297.6561,99.99999999984333
262300,795680013534.8779,1.234375,795759581536.2317,1.234375,795759581534.9973,99.99999999984487
262400,803676328804.9832,1.234375,803756696437.8639,1.234375,803756696436.6295,99.99999999984642
262500,811753004341.5404,1.234375,811834179641.9749,1.234375,811834179640.7405,99.99999999984796
262600,819910847738.074,1.234375,819992838822.848,1.234375,819992838821.6136,99.99999999984946
262700,828150674704.1493,1.234375,828233489771.62,1.234375,828233489770.3856,99.99999999985096
262800,836473309146.9379,1.234375,836556956477.8528,1.234375,836556956476.6184,99.99999999985243
262900,844879583253.5984,1.234375,844964071211.924,1.234375,844964071210.6896,99.99999999985391
263000,853370337574.4908,1.234375,853455674608.2485,1.234375,853455674607.0142,99.99999999985538
263100,861946421107.2222,1.234375,862032615749.3331,1.234375,862032615748.0988,99.9999999998568
263200,870608691381.5381,1.234375,870695752250.6765,1.234375,870695752249.4421,99.99999999985823
263300,879358014545.0681,1.234375,879445950346.5228,1.234375,879445950345.2885,99.99999999985964
263400,888195265449.9321,1.234375,888284084976.4774,1.234375,888284084975.243,99.99999999986103
263500,897121327740.2206,1.234375,897211039872.9949,1.234375,897211039871.7605,99.99999999986242
263600,906137093940.346,1.234375,906227707649.7402,1.234375,906227707648.5059,99.99999999986379
263700,915243465544.2911,1.234375,915334989890.8458,1.234375,915334989889.6115,99.99999999986514
263800,924441353105.7487,1.234375,924533797241.0594,1.234375,924533797239.8251,99.99999999986649
263900,933731676329.166,1.234375,933825049496.7992,1.234375,933825049495.5648,99.99999999986781
264000,943115364161.7131,1.234375,943209675698.1295,1.234375,943209675696.8951,99.99999999986913
264100,952593354886.1624,1.234375,952688614221.6512,1.234375,952688614220.4169,99.99999999987044
264200,962166596214.7114,1.234375,962262812874.3331,1.234375,962262812873.0988,99.99999999987172
264300,971836045383.7461,1.234375,971933228988.2847,1.234375,971933228987.0503,99.999999999873
264400,981602669249.5533,1.234375,981700829516.4785,1.234375,981700829515.2441,99.99999999987426
264500,991467444385.0001,1.234375,991566591129.4388,1.234375,991566591128.2045,99.99999999987551
264600,1001431357177.1805,1.234375,1001531500312.8984,1.234375,1001531500311.6641,99.99999999987675
264700,1011495403926.0453,1.234375,1011596553466.4381,1.234375,1011596553465.2037,99.99999999987797
264800,1021660590944.0227,1.234375,1021762757003.1173,1.234375,1021762757001.8829,99.9999999998792
264900,1031927934656.6417,1.234375,1032031127450.1077,1.234375,1032031127448.8733,99.9999999998804
265000,1042298461704.1644,1.234375,1042402691550.3351,1.234375,1042402691549.1007,99.99999999988158
265100,1052773209044.2399,1.234375,1052878486365.1445,1.234375,1052878486363.9102,99.99999999988276
265200,1063353224055.591,1.234375,1063459559377.9967,1.234375,1063459559376.7623,99.99999999988393
265300,1074039564642.7434,1.234375,1074146968599.2079,1.234375,1074146968597.9735,99.99999999988508
265400,1084833299341.8069,1.234375,1084941782671.7413,1.234375,1084941782670.507,99.99999999988623
265500,1095735507427.3158,1.234375,1095845080978.0587,1.234375,1095845080976.8243,99.99999999988735
265600,1106747279020.1511,1.234375,1106857953748.0535,1.234375,1106857953746.819,99.99999999988847
265700,1117869715196.5376,1.234375,1117981502168.0574,1.234375,1117981502166.823,99.99999999988958
265800,1129103928098.1458,1.234375,1129216838490.9558,1.234375,1129216838489.7214,99.99999999989069
265900,1140451041043.2954,1.234375,1140565086147.4,1.234375,1140565086146.1655,99.99999999989177
266000,1151912188639.274,1.234375,1152027379858.1382,1.234375,1152027379856.9038,99.99999999989285
266100,1163488516895.788,1.234375,1163604865747.4778,1.234375,1163604865746.2434,99.99999999989392
266200,1175181183339.5562,1.234375,1175298701457.8904,1.234375,1175298701456.656,99.99999999989497
266300,1186991357130.048,1.234375,1187110056265.7612,1.234375,1187110056264.5269,99.99999999989602
266400,1198920219176.3943,1.234375,1199040111198.3123,1.234375,1199040111197.078,99.99999999989704
266500,1210968962255.458,1.234375,1211090059151.6838,1.234375,1211090059150.4495,99.99999999989808
266600,1223138791131.108,1.234375,1223261105010.2212,1.234375,1223261105008.9868,99.99999999989909
266700,1235430922674.6873,1.234375,1235554465766.9548,1.234375,1235554465765.7205,99.9999999999001
266800,1247846585986.6816,1.234375,1247971370645.2805,1.234375,1247971370644.0461,99.99999999990109
266900,1260387022519.6216,1.234375,1260513061221.8738,1.234375,1260513061220.6394,99.99999999990207
267000,1273053486202.2136,1.234375,1273180791550.834,1.234375,1273180791549.5996,99.99999999990304
267100,1285847243564.7266,1.234375,1285975828289.0833,1.234375,1285975828287.8489,99.999999999904
267200,1298769573865.6316,1.234375,1298899450823.0183,1.234375,1298899450821.784,99.99999999990496
267300,1311821769219.5132,1.234375,1311952951396.4353,1.234375,1311952951395.201,99.99999999990591
267400,1325005134726.2717,1.234375,1325137635239.7446,1.234375,1325137635238.5103,99.99999999990685
267500,1338320988601.62,1.234375,1338454820700.4805,1.234375,1338454820699.246,99.99999999990777
267600,1351770662308.8936,1.234375,1351905839375.1248,1.234375,1351905839373.8904,99.9999999999087
267700,1365355500692.1858,1.234375,1365492036242.2551,1.234375,1365492036241.0208,99.9999999999096
267800,1379076862110.8162,1.234375,1379214769797.0276,1.234375,1379214769795.7932,99.9999999999105
267900,1392936118575.1577,1.234375,1393075412187.0154,1.234375,1393075412185.781,99.9999999999114
268000,1406934655883.8252,1.234375,1407075349349.4138,1.234375,1407075349348.1794,99.99999999991228
268100,1421073873762.2373,1.234375,1421215981149.6138,1.234375,1421215981148.3794,99.99999999991314
268200,1435355186002.585,1.234375,1435498721521.1855,1.234375,1435498721519.9512,99.99999999991401
268300,1449780020605.192,1.234375,1449924998607.2527,1.234375,1449924998606.0183,99.99999999991486
268400,1464349819921.2993,1.234375,1464496254903.2917,1.234375,1464496254902.0574,99.99999999991572
268500,1479066040797.2961,1.234375,1479213947401.3762,1.234375,1479213947400.1418,99.99999999991655
268600,1493930154720.3816,1.234375,1494079547735.8538,1.234375,1494079547734.6194,99.99999999991738
268700,1508943647965.702,1.234375,1509094542330.4988,1.234375,1509094542329.2644,99.9999999999182
268800,1524108021744.973,1.234375,1524260432547.1477,1.234375,1524260432545.9133,99.99999999991903
268900,1539424792356.5754,1.234375,1539578734835.8113,1.234375,1539578734834.577,99.99999999991982
269000,1554895491337.179,1.234375,1555050980886.313,1.234375,1555050980885.0786,99.99999999992062
269100,1570521665614.8782,1.234375,1570678717781.44,1.234375,1570678717780.2056,99.99999999992141
269200,1586304877663.8723,1.234375,1586463508151.639,1.234375,1586463508150.4045,99.9999999999222
269300,1602246705660.699,1.234375,1602406930331.2654,1.234375,1602406930330.031,99.99999999992298
269400,1618348743642.0369,1.234375,1618510578516.4014,1.234375,1618510578515.167,99.99999999992374
269500,1634612601664.094,1.234375,1634776062924.2607,1.234375,1634776062923.0264,99.9999999999245
269600,1651039905963.5986,1.234375,1651205009954.1953,1.234375,1651205009952.961,99.99999999992525
269700,1667632299120.4097,1.234375,1667799062350.322,1.234375,1667799062349.0876,99.99999999992599
269800,1684391440221.7583,1.234375,1684559879365.7808,1.234375,1684559879364.5464,99.99999999992673
269900,1701319005028.1445,1.234375,1701489136928.6475,1.234375,1701489136927.413,99.99999999992745
270000,1718416686140.8906,1.234375,1718588527809.505,1.234375,1718588527808.2705,99.99999999992818
270100,1735686193171.3901,1.234375,1735859761790.7075,1.234375,1735859761789.4731,99.99999999992889
270200,1753129252912.056,1.234375,1753304565837.3474,1.234375,1753304565836.113,99.9999999999296
270300,1770747609508.9802,1.234375,1770924684269.9314,1.234375,1770924684268.697,99.9999999999303
270400,1788543024636.336,1.234375,1788721878938.7998,1.234375,1788721878937.5654,99.99999999993099
270500,1806517277672.526,1.234375,1806697929400.2935,1.234375,1806697929399.059,99.99999999993167
270600,1824672165878.1016,1.234375,1824854633094.6897,1.234375,1824854633093.4553,99.99999999993236
270700,1843009504575.475,1.234375,1843193805525.9329,1.234375,1843193805524.6985,99.99999999993304
270800,1861531127330.4407,1.234375,1861717280443.1738,1.234375,1861717280441.9395,99.99999999993369
270900,1880238886135.5054,1.234375,1880426910024.1191,1.234375,1880426910022.8848,99.99999999993435
271000,1899134651595.0764,1.234375,1899324565060.236,1.234375,1899324565059.0017,99.99999999993501
271100,1918220313112.5027,1.234375,1918412135143.8142,1.234375,1918412135142.5798,99.99999999993565
271200,1937497779078.997,1.234375,1937691528856.9053,1.234375,1937691528855.671,99.99999999993629
271300,1956968977064.4622,1.234375,1957164673962.169,1.234375,1957164673960.9346,99.99999999993693
271400,1976635854010.2236,1.234375,1976833517595.6248,1.234375,1976833517594.3904,99.99999999993756
271500,1996500376423.7131,1.234375,1996700026461.3557,1.234375,1996700026460.1213,99.99999999993818
271600,2016564530575.094,1.234375,2016766187028.1516,1.234375,2016766187026.9172,99.9999999999388
271700,2036830322695.877,1.234375,2037034005728.1467,1.234375,2037034005726.9124,99.9999999999394
271800,2057299779179.5178,1.234375,2057505509157.436,1.234375,2057505509156.2017,99.99999999994
271900,2077974946784.043,1.234375,2078182744278.7217,1.234375,2078182744277.4873,99.9999999999406
272000,2098857892836.7078,1.234375,2099067778625.9917,1.234375,2099067778624.7573,99.9999999999412
272100,2119950705440.7053,1.234375,2120162700511.2495,1.234375,2120162700510.0151,99.99999999994178
272200,2141255493683.961,1.234375,2141469619233.3296,1.234375,2141469619232.0952,99.99999999994236
272300,2162774387850.0215,1.234375,2162990665288.8066,1.234375,2162990665287.5723,99.99999999994293
272400,2184509539631.0627,1.234375,2184727990585.0261,1.234375,2184727990583.7917,99.9999999999435
272500,2206463122343.0347,1.234375,2206683768655.269,1.234375,2206683768654.0347,99.99999999994407
272600,2228637331142.9727,1.234375,2228860194876.087,1.234375,2228860194874.8525,99.99999999994462
272700,2251034383248.5293,1.234375,2251259486686.854,1.234375,2251259486685.6196,99.99999999994516
272800,2273656518159.6216,1.234375,2273883883811.4375,1.234375,2273883883810.203,99.99999999994571
272900,2296505997882.391,1.234375,2296735648482.179,1.234375,2296735648480.945,99.99999999994625
273000,2319585107155.3706,1.234375,2319817065666.086,1.234375,2319817065664.8516,99.99999999994678
273100,2342896153677.9463,1.234375,2343130443293.314,1.234375,2343130443292.0796,99.99999999994732
273200,2366441468341.105,1.234375,2366678112487.939,1.234375,2366678112486.7046,99.99999999994785
273300,2390223405460.501,1.234375,2390462427801.047,1.234375,2390462427799.8125,99.99999999994836
273400,2414244343011.8613,1.234375,2414485767446.1626,1.234375,2414485767444.928,99.99999999994887
273500,2438506682868.766,1.234375,2438750533537.0527,1.234375,2438750533535.8184,99.99999999994938
273600,2463012851042.814,1.234375,2463259152327.9185,1.234375,2463259152326.684,99.99999999994988
273700,2487765297926.2046,1.234375,2488014074455.997,1.234375,2488014074454.7627,99.99999999995039
273800,2512766498536.7466,1.234375,2513017775186.6,1.234375,2513017775185.3657,99.99999999995089
273900,2538018952765.3374,1.234375,2538272754660.614,1.234375,2538272754659.3794,99.99999999995137
274000,2563525185625.942,1.234375,2563781538144.5044,1.234375,2563781538143.27,99.99999999995185
274100,2589287747508.0576,1.234375,2589546676282.8086,1.234375,2589546676281.574,99.99999999995232
274200,2615309214431.739,1.234375,2615570745353.182,1.234375,2615570745351.9478,99.9999999999528
274300,2641592188305.1626,1.234375,2641856347523.993,1.234375,2641856347522.759,99.99999999995327
274400,2668139297184.8086,1.234375,2668406111114.527,1.234375,2668406111113.2925,99.99999999995374
274500,2694953195538.2383,1.234375,2695222690857.792,1.234375,2695222690856.5576,99.9999999999542
274600,2722036564509.5127,1.234375,2722308768165.9634,1.234375,2722308768164.729,99.99999999995465
274700,2749392112187.286,1.234375,2749667051398.505,1.234375,2749667051397.2705,99.99999999995511
274800,2777022573875.584,1.234375,2777300276132.9717,1.234375,2777300276131.7373,99.99999999995556
274900,2804930712367.3228,1.234375,2805211205438.5596,1.234375,2805211205437.325,99.999999999956
275000,2833119318220.544,1.234375,2833402630152.366,1.234375,2833402630151.132,99.99999999995643
275100,2861591210037.457,1.234375,2861877369158.461,1.234375,2861877369157.2266,99.99999999995687
275200,2890349234746.2764,1.234375,2890638269669.751,1.234375,2890638269668.5166,99.9999999999573
275300,2919396267885.8784,1.234375,2919688207512.667,1.234375,2919688207511.4326,99.99999999995772
275400,2948735213893.3345,1.234375,2949030087414.7236,1.234375,2949030087413.4893,99.99999999995815
275500,2978369006394.3247,1.234375,2978666843294.964,1.234375,2978666843293.7295,99.99999999995856
275600,3008300608496.48,1.234375,3008601438557.3296,1.234375,3008601438556.095,99.99999999995897
275700,3038533013085.6577,1.234375,3038836866386.9663,1.234375,3038836866385.732,99.99999999995937
275800,3069069243125.217,1.234375,3069376150049.5293,1.234375,3069376150048.295,99.99999999995978
275900,3099912351958.263,1.234375,3100222343193.459,1.234375,3100222343192.2246,99.99999999996018
276000,3131065423612.9727,1.234375,3131378530155.334,1.234375,3131378530154.0996,99.99999999996058
276100,3162531573110.9688,1.234375,3162847826268.28,1.234375,3162847826267.0454,99.99999999996098
276200,3194313946778.783,1.234375,3194633378173.461,1.234375,3194633378172.2266,99.99999999996136
276300,3226415722562.468,1.234375,3226738364134.724,1.234375,3226738364133.4897,99.99999999996174
276400,3258840110345.3604,1.234375,3259165994356.395,1.234375,3259165994355.1606,99.99999999996213
276500,3291590352269.0405,1.234375,3291919511304.2676,1.234375,3291919511303.033,99.99999999996251
276600,3324669723057.513,1.234375,3325002190029.819,1.234375,3325002190028.5845,99.99999999996288
276700,3358081530344.6567,1.234375,3358417338497.6914,1.234375,3358417338496.457,99.99999999996324
276800,3391829115004.9463,1.234375,3392168297916.447,1.234375,3392168297915.2124,99.9999999999636
276900,3425915851487.5225,1.234375,3426258443072.6714,1.234375,3426258443071.437,99.99999999996398
277000,3460345148153.5977,1.234375,3460691182668.413,1.234375,3460691182667.1787,99.99999999996433
277100,3495120447617.2627,1.234375,3495469959662.0244,1.234375,3495469959660.79,99.99999999996469
277200,3530245227089.7153,1.234375,3530598251612.4243,1.234375,3530598251611.19,99.99999999996504
277300,3565722998726.953,1.234375,3566079571026.8257,1.234375,3566079571025.5913,99.99999999996538
277400,3601557309980.9526,1.234375,3601917465711.9507,1.234375,3601917465710.7163,99.99999999996572
277500,3637751743954.389,1.234375,3638115519128.7847,1.234375,3638115519127.5503,99.99999999996606
277600,3674309919758.899,1.234375,3674677350750.875,1.234375,3674677350749.6406,99.9999999999664
277700,3711235492876.9766,1.234375,3711606616426.264,1.234375,3711606616425.03,99.99999999996673
277800,3748532155527.474,1.234375,3748907008743.027,1.234375,3748907008741.7925,99.99999999996707
277900,3786203637034.8003,1.234375,3786582257398.504,1.234375,3786582257397.2695,99.9999999999674
278000,3824253704201.817,1.234375,3824636129572.237,1.234375,3824636129571.0024,99.99999999996773
278100,3862686161686.4683,1.234375,3863072430302.6367,1.234375,3863072430301.4023,99.99999999996805
278200,3901504852382.2427,1.234375,3901895002867.481,1.234375,3901895002866.2466,99.99999999996837
278300,3940713657802.3955,1.234375,3941107729168.176,1.234375,3941107729166.9414,99.99999999996868
278400,3980316498468.0894,1.234375,3980714530117.936,1.234375,3980714530116.7017,99.99999999996899
278500,4020317334300.3906,1.234375,4020719366033.821,1.234375,4020719366032.5864,99.9999999999693
278600,4060720165016.2383,1.234375,4061126237032.7397,1.234375,4061126237031.5054,99.9999999999696
278700,4101529030528.3774,1.234375,4101939183431.43,1.234375,4101939183430.196,99.99999999996992
278800,4142748011349.3047,1.234375,4143162286150.4395,1.234375,4143162286149.205,99.9999999999702
278900,4184381228999.2983,1.234375,4184799667122.198,1.234375,4184799667120.964,99.9999999999705
279000,4226432846418.5127,1.234375,4226855489703.1543,1.234375,4226855489701.92,99.9999999999708
279100,4268907068383.2485,1.234375,4269333959090.087,1.234375,4269333959088.8525,99.9999999999711
279200,4311808141926.3896,1.234375,4312239322740.582,1.234375,4312239322739.3477,99.99999999997138
279300,4355140356762.06,1.234375,4355575870797.7363,1.234375,4355575870796.502,99.99999999997165
279400,4398908045714.565,1.234375,4399347936519.137,1.234375,4399347936517.902,99.99999999997195
279500,4443115585151.628,1.234375,4443559896710.143,1.234375,4443559896708.908,99.99999999997222
279600,4487767395421.992,1.234375,4488216172161.534,1.234375,4488216172160.3,99.9999999999725
279700,4532867941297.402,1.234375,4533321228091.532,1.234375,4533321228090.298,99.99999999997277
279800,4578421732419.065,1.234375,4578879574592.308,1.234375,4578879574591.073,99.99999999997304
279900,4624433323748.557,1.234375,4624895767080.932,1.234375,4624895767079.697,99.99999999997331
280000,4670907316023.265,1.234375,4671374406754.867,1.234375,4671374406753.633,99.99999999997358
280100,4717848356216.44,1.234375,4718320141052.0625,1.234375,4718320141050.828,99.99999999997384
280200,4765261138001.845,1.234375,4765737664115.645,1.234375,4765737664114.41,99.9999999999741
280300,4813150402223.072,1.234375,4813631717263.295,1.234375,4813631717262.061,99.99999999997435
280400,4861520937367.606,1.234375,4862007089461.343,1.234375,4862007089460.108,99.9999999999746
280500,4910377580045.591,1.234375,4910868617803.596,1.234375,4910868617802.361,99.99999999997486
280600,4959725215473.481,1.234375,4960221187995.028,1.234375,4960221187993.794,99.99999999997512
280700,5009568777962.503,1.234375,5010069734840.299,1.234375,5010069734839.064,99.99999999997536
280800,5059913251412.049,1.234375,5060419242737.19,1.234375,5060419242735.956,99.99999999997561
280900,5110763669808.005,1.234375,5111274746174.985,1.234375,5111274746173.751,99.99999999997586
281000,5162125117726.126,1.234375,5162641330237.898,1.234375,5162641330236.664,99.99999999997608
281100,5214002730840.414,1.234375,5214524131113.498,1.234375,5214524131112.264,99.99999999997632
281200,5266401696436.685,1.234375,5266928336606.328,1.234375,5266928336605.094,99.99999999997657
281300,5319327253931.221,1.234375,5319859186656.613,1.234375,5319859186655.379,99.9999999999768
281400,5372784695394.652,1.234375,5373321973864.191,1.234375,5373321973862.957,99.99999999997704
281500,5426779366081.141,1.234375,5427322044017.749,1.234375,5427322044016.515,99.99999999997725
281600,5481316664962.849,1.234375,5481864796629.345,1.234375,5481864796628.11,99.99999999997749
281700,5536402045269.772,1.234375,5536955685474.3,1.234375,5536955685473.065,99.9999999999777
281800,5592041015035.042,1.234375,5592600219136.546,1.234375,5592600219135.312,99.99999999997793
281900,5648239137645.6455,1.234375,5648803961559.41,1.234375,5648803961558.176,99.99999999997814
282000,5705002032398.737,1.234375,5705572532601.978,1.234375,5705572532600.743,99.99999999997836
282100,5762335375063.509,1.234375,5762911608601.015,1.234375,5762911608599.78,99.99999999997858
282200,5820244898448.725,1.234375,5820826922938.569,1.234375,5820826922937.335,99.9999999999788
282300,5878736392975.915,1.234375,5879324266615.213,1.234375,5879324266613.979,99.99999999997901
282400,5937815707258.416,1.234375,5938409488829.142,1.234375,5938409488827.907,99.99999999997922
282500,5997488748686.128,1.234375,5998088497560.996,1.234375,5998088497559.762,99.99999999997942
282600,6057761484016.245,1.234375,6058367260164.646,1.234375,6058367260163.412,99.99999999997962
282700,6118639939969.847,1.234375,6119251803963.844,1.234375,6119251803962.609,99.99999999997982
282800,6180130203834.517,1.234375,6180748216854.9,1.234375,6180748216853.666,99.99999999998003
282900,6242238424073.036,1.234375,6242862647915.443,1.234375,6242862647914.209,99.99999999998023
283000,6304970810938.13,1.234375,6305601308019.224,1.234375,6305601308017.989,99.99999999998043
283100,6368333637093.501,1.234375,6368970470457.21,1.234375,6368970470455.976,99.99999999998062
283200,6432333238240.985,1.234375,6432976471564.81,1.234375,6432976471563.575,99.99999999998082
283300,6496976013754.075,1.234375,6497625711355.45,1.234375,6497625711354.216,99.999999999981
283400,6562268427317.818,1.234375,6562924654160.55,1.234375,6562924654159.315,99.9999999999812
283500,6628217007575.1045,1.234375,6628879829275.862,1.234375,6628879829274.628,99.99999999998138
283600,6694828348779.49,1.234375,6695497831614.368,1.234375,6695497831613.134,99.99999999998155
283700,6762109111454.527,1.234375,6762785322365.673,1.234375,6762785322364.438,99.99999999998175
283800,6830066023059.801,1.234375,6830749029662.106,1.234375,6830749029660.872,99.99999999998192
283900,6898705878663.582,1.234375,6899395749251.448,1.234375,6899395749250.214,99.99999999998211
284000,6968035541622.283,1.234375,6968732345176.445,1.234375,6968732345175.211,99.9999999999823
284100,7038061944266.731,1.234375,7038765750461.158,1.234375,7038765750459.924,99.99999999998246
284200,7108792088595.338,1.234375,7109502967804.197,1.234375,7109502967802.963,99.99999999998263
284300,7180233046974.228,1.234375,7180951070278.925,1.234375,7180951070277.69,99.99999999998282
284400,7252391962844.42,1.234375,7253117202040.704,1.234375,7253117202039.47,99.99999999998298
284500,7325276051436.094,1.234375,7326008579041.237,1.234375,7326008579040.003,99.99999999998315
284600,7398892600490.065,1.234375,7399632489750.114,1.234375,7399632489748.88,99.99999999998332
284700,7473248970986.465,1.234375,7473996295883.563,1.234375,7473996295882.329,99.99999999998349
284800,7548352597880.805,1.234375,7549107433140.593,1.234375,7549107433139.358,99.99999999998364
284900,7624210990847.386,1.234375,7624973411946.471,1.234375,7624973411945.236,99.99999999998381
285000,7700831735030.1875,1.234375,7701601818203.69,1.234375,7701601818202.456,99.99999999998397
285100,7778222491801.331,1.234375,7779000314050.511,1.234375,7779000314049.276,99.99999999998414
285200,7856390999527.138,1.234375,7857176638627.09,1.234375,7857176638625.855,99.9999999999843
285300,7935345074341.893,1.234375,7936138608849.327,1.234375,7936138608848.093,99.99999999998444
285400,8015092610929.395,1.234375,8015894120190.487,1.234375,8015894120189.253,99.9999999999846
285500,8095641583312.335,1.234375,8096451147470.666,1.234375,8096451147469.432,99.99999999998475
285600,8177000045649.653,1.234375,8177817745654.218,1.234375,8177817745652.983,99.99999999998491
285700,8259176133041.858,1.234375,8260002050655.162,1.234375,8260002050653.928,99.99999999998505
285800,8342178062344.473,1.234375,8343012280150.707,1.234375,8343012280149.473,99.9999999999852
285900,8426014132989.63,1.234375,8426856734402.929,1.234375,8426856734401.694,99.99999999998536
286000,8510692727815.975,1.234375,8511543797088.756,1.234375,8511543797087.521,99.9999999999855
286100,8596222313906.819,1.234375,8597081936138.21,1.234375,8597081936136.976,99.99999999998565
286200,8682611443436.821,1.234375,8683479704581.165,1.234375,8683479704579.931,99.99999999998579
286300,8769868754527.096,1.234375,8770745741402.548,1.234375,8770745741401.313,99.99999999998592
286400,8858002972108.96,1.234375,8858888772406.172,1.234375,8858888772404.938,99.99999999998607
286500,8947022908796.354,1.234375,8947917611087.232,1.234375,8947917611085.998,99.9999999999862
286600,9036937465766.973,1.234375,9037841159513.549,1.234375,9037841159512.314,99.99999999998634
286700,9127755633652.377,1.234375,9128668409215.742,1.234375,9128668409214.508,99.99999999998647
286800,9219486493436.922,1.234375,9220408442086.266,1.234375,9220408442085.031,99.99999999998661
286900,9312139217365.799,1.234375,9313070431287.535,1.234375,9313070431286.3,99.99999999998674
287000,9405723069862.13,1.234375,9406663642169.117,1.234375,9406663642167.883,99.99999999998688
287100,9500247408453.41,1.234375,9501197433194.256,1.234375,9501197433193.021,99.99999999998701
287200,9595721684707.084,1.234375,9596681256875.555,1.234375,9596681256874.32,99.99999999998714
287300,9692155445175.674,1.234375,9693124660720.191,1.234375,9693124660718.957,99.99999999998727
287400,9789558332351.3,1.234375,9790537288184.535,1.234375,9790537288183.3,99.99999999998738
287500,9887940085629.934,1.234375,9888928879638.496,1.234375,9888928879637.262,99.99999999998752
287600,9987310542285.104,1.234375,9988309273339.332,1.234375,9988309273338.098,99.99999999998764
287700,10087679638451.678,1.234375,10088688406415.523,1.234375,10088688406414.29,99.99999999998776
287800,10189057410119.299,1.234375,10190076315860.31,1.234375,10190076315859.076,99.99999999998789
287900,10291453994135.912,1.234375,10292483139535.326,1.234375,10292483139534.092,99.999999999988
288000,10394879629221.346,1.234375,10395919117184.268,1.234375,10395919117183.033,99.99999999998813
288100,10499344656991.129,1.234375,10500394591456.828,1.234375,10500394591455.594,99.99999999998825
288200,10604859522990.527,1.234375,10605920008942.826,1.234375,10605920008941.592,99.99999999998836
288300,10711434777739.0,1.234375,10712505921216.773,1.234375,10712505921215.54,99.99999999998847
288400,10819081077785.156,1.234375,10820162985892.936,1.234375,10820162985891.701,99.99999999998859
288500,10927809186772.316,1.234375,10928901967690.994,1.234375,10928901967689.76,99.9999999999887
288600,11037629976514.805,1.234375,11038733739512.455,1.234375,11038733739511.22,99.99999999998882
288700,11148554428084.969,1.234375,11149669283527.777,1.234375,11149669283526.543,99.99999999998893
288800,11260593632911.262,1.234375,11261719692274.553,1.234375,11261719692273.318,99.99999999998904
288900,11373758793887.207,1.234375,11374896169766.596,1.234375,11374896169765.361,99.99999999998916
289000,11488061226491.648,1.234375,11489210032614.297,1.234375,11489210032613.062,99.99999999998926
289100,11603512359920.15,1.234375,11604672711156.143,1.234375,11604672711154.908,99.99999999998937
289200,11720123738227.846,1.234375,11721295750601.668,1.234375,11721295750600.434,99.99999999998947
289300,11837907021483.729,1.234375,11839090812185.877,1.234375,11839090812184.643,99.99999999998957
289400,11956873986936.523,1.234375,11958069674335.217,1.234375,11958069674333.982,99.99999999998967
289500,12077036530192.324,1.234375,12078244233845.344,1.234375,12078244233844.11,99.99999999998977
289600,12198406666404.078,1.234375,12199626507070.719,1.234375,12199626507069.484,99.99999999998988
289700,12320996531472.912,1.234375,12322228631126.059,1.234375,12322228631124.824,99.99999999998998
289800,12444818383261.701,1.234375,12446062865100.027,1.234375,12446062865098.793,99.99999999999008
289900,12569884602820.686,1.234375,12571141591280.967,1.234375,12571141591279.732,99.99999999999018
290000,12696207695625.467,1.234375,12697477316395.03,1.234375,12697477316393.795,99.99999999999028
290100,12823800292827.455,1.234375,12825082672856.738,1.234375,12825082672855.504,99.99999999999038
290200,12952675152516.889,1.234375,12953970420032.14,1.234375,12953970420030.906,99.99999999999048
290300,13082845160998.467,1.234375,13084153445514.566,1.234375,13084153445513.332,99.99999999999056
290400,13214323334079.924,1.234375,13215644766413.332,1.234375,13215644766412.098,99.99999999999066
290500,13347122818373.428,1.234375,13348457530655.266,1.234375,13348457530654.031,99.99999999999075
290600,13481256892610.193,1.234375,13482605018299.455,1.234375,13482605018298.22,99.99999999999083
290700,13616738968968.178,1.234375,13618100642865.074,1.234375,13618100642863.84,99.99999999999093
290800,13753582594413.191,1.234375,13754957952672.633,1.234375,13754957952671.398,99.99999999999103
290900,13891801452053.496,1.234375,13893190632198.701,1.234375,13893190632197.467,99.99999999999112
291000,14031409362507.947,1.234375,14032812503444.197,1.234375,14032812503442.963,99.9999999999912
291100,14172420285287.96,1.234375,14173837527316.49,1.234375,14173837527315.256,99.9999999999913
291200,14314848320193.318,1.234375,14316279805025.338,1.234375,14316279805024.104,99.99999999999137
291300,14458707708722.027,1.234375,14460153579492.898,1.234375,14460153579491.664,99.99999999999146
291400,14604012835494.34,1.234375,14605473236777.889,1.234375,14605473236776.654,99.99999999999154
291500,14750778229691.084,1.234375,14752253307514.053,1.234375,14752253307512.818,99.99999999999163
291600,14899018566506.434,1.234375,14900508468363.084,1.234375,14900508468361.85,99.99999999999172
291700,15048748668615.293,1.234375,15050253543482.154,1.234375,15050253543480.92,99.9999999999918
291800,15199983507655.484,1.234375,15201503506006.25,1.234375,15201503506005.016,99.99999999999189
291900,15352738205724.697,1.234375,15354273479545.27,1.234375,15354273479544.035,99.99999999999196
292000,15507028036892.605,1.234375,15508578739696.295,1.234375,15508578739695.06,99.99999999999204
292100,15662868428728.125,1.234375,15664434715570.998,1.234375,15664434715569.764,99.99999999999211
292200,15820274963842.006,1.234375,15821856991338.39,1.234375,15821856991337.156,99.9999999999922
292300,15979263381444.986,1.234375,15980861307783.13,1.234375,15980861307781.896,99.99999999999227
292400,16139849578921.564,1.234375,16141463563879.457,1.234375,16141463563878.223,99.99999999999235
292500,16302049613419.562,1.234375,16303679818380.904,1.234375,16303679818379.67,99.99999999999243
292600,16465879703455.719,1.234375,16467526291426.064,1.234375,16467526291424.83,99.99999999999251
292700,16631356230537.39,1.234375,16633019366160.443,1.234375,16633019366159.209,99.99999999999258
292800,16798495740800.533,1.234375,16800175590374.613,1.234375,16800175590373.379,99.99999999999265
292900,16967314946664.178,1.234375,16969011678158.844,1.234375,16969011678157.61,99.99999999999272
293000,17137830728501.547,1.234375,17139544511574.396,1.234375,17139544511573.162,99.9999999999928
293100,17310060136327.883,1.234375,17311791142341.516,1.234375,17311791142340.281,99.99999999999287
293200,17484020391505.328,1.234375,17485768793544.479,1.234375,17485768793543.244,99.99999999999294
293300,17659728888464.902,1.234375,17661494861353.75,1.234375,17661494861352.516,99.99999999999301
293400,17837203196445.785,1.234375,17838986916765.43,1.234375,17838986916764.195,99.99999999999308
293500,18016461061252.02,1.234375,18018262707358.145,1.234375,18018262707356.91,99.99999999999315
293600,18197520407027.055,1.234375,18199340159067.758,1.234375,18199340159066.523,99.99999999999322
293700,18380399338045.887,1.234375,18382237377979.69,1.234375,18382237377978.457,99.99999999999328
293800,18565116140525.348,1.234375,18566972652139.4,1.234375,18566972652138.164,99.99999999999335
293900,18751689284452.62,1.234375,18753564453381.066,1.234375,18753564453379.832,99.99999999999342
294000,18940137425431.957,1.234375,18942031439174.5,1.234375,18942031439173.266,99.99999999999348
294100,19130479406550.156,1.234375,19132392454490.812,1.234375,19132392454489.58,99.99999999999355
294200,19322734260260.7,1.234375,19324666533686.727,1.234375,19324666533685.492,99.99999999999362
294300,19516921210286.73,1.234375,19518872902407.758,1.234375,19518872902406.523,99.99999999999368
294400,19713059673543.38,1.234375,19715030979510.734,1.234375,19715030979509.5,99.99999999999373
294500,19911169262079.17,1.234375,19913160379005.38,1.234375,19913160379004.145,99.9999999999938
294600,20111269785037.105,1.234375,20113280912015.61,1.234375,20113280912014.375,99.99999999999386
294700,20313381250635.395,1.234375,20315412588760.457,1.234375,20315412588759.223,99.99999999999393
294800,20517523868168.04,1.234375,20519575620554.855,1.234375,20519575620553.62,99.99999999999399
294900,20723718050025.637,1.234375,20725790421830.64,1.234375,20725790421829.406,99.99999999999405
295000,20931984413736.414,1.234375,20934077612177.79,1.234375,20934077612176.555,99.9999999999941
295100,21142343784027.797,1.234375,21144458018406.2,1.234375,21144458018404.965,99.99999999999416
295200,21354817194908.68,1.234375,21356952676628.17,1.234375,21356952676626.938,99.99999999999422
295300,21569425891772.637,1.234375,21571582834361.812,1.234375,21571582834360.58,99.99999999999429
295400,21786191333522.27,1.234375,21788369952655.62,1.234375,21788369952654.387,99.99999999999434
295500,22005135194714.89,1.234375,22007335708234.363,1.234375,22007335708233.13,99.99999999999439
295600,22226279367729.816,1.234375,22228501995666.59,1.234375,22228501995665.355,99.99999999999444
295700,22449645964957.348,1.234375,22451890929553.844,1.234375,22451890929552.61,99.9999999999945
295800,22675257321009.84,1.234375,22677524846741.94,1.234375,22677524846740.707,99.99999999999456
295900,22903135994954.99,1.234375,22905426308554.484,1.234375,22905426308553.25,99.99999999999461
296000,23133304772571.445,1.234375,23135618103048.703,1.234375,23135618103047.47,99.99999999999466
296100,23365786668627.293,1.234375,23368123247294.156,1.234375,23368123247292.92,99.99999999999471
296200,23600604929181.23,1.234375,23602964989674.15,1.234375,23602964989672.914,99.99999999999477
296300,23837783033906.953,1.234375,23840166812210.344,1.234375,23840166812209.11,99.99999999999483
296400,24077344698441.008,1.234375,24079752432910.85,1.234375,24079752432909.617,99.99999999999487
296500,24319313876754.02,1.234375,24321745808141.695,1.234375,24321745808140.46,99.99999999999493
296600,24563714763545.992,1.234375,24566171135022.348,1.234375,24566171135021.113,99.99999999999497
296700,24810571796665.42,1.234375,24813052853845.09,1.234375,24813052853843.855,99.99999999999503
296800,25059909659552.934,1.234375,25062415650518.887,1.234375,25062415650517.652,99.99999999999507
296900,25311753283709.42,1.234375,25314284459037.793,1.234375,25314284459036.56,99.99999999999513
297000,25566127851188.906,1.234375,25568684463974.023,1.234375,25568684463972.79,99.99999999999517
297100,25823058797116.61,1.234375,25825641102996.32,1.234375,25825641102995.086,99.99999999999521
297200,26082571812232.105,1.234375,26085180069413.33,1.234375,26085180069412.094,99.99999999999527
297300,26344692845458.2,1.234375,26347327314742.746,1.234375,26347327314741.51,99.99999999999531
297400,26609448106495.637,1.234375,26612109051306.285,1.234375,26612109051305.05,99.99999999999535
297500,26876864068443.83,1.234375,26879551754850.67,1.234375,26879551754849.438,99.99999999999541
297600,27146967470447.812,1.234375,27149682167194.855,1.234375,27149682167193.62,99.99999999999545
297700,27419785320372.09,1.234375,27422527298904.125,1.234375,27422527298902.89,99.99999999999551
297800,27695344897501.01,1.234375,27698114431990.76,1.234375,27698114431989.527,99.99999999999555
297900,27973673755266.547,1.234375,27976471122642.074,1.234375,27976471122640.84,99.9999999999956
298000,28254799724003.324,1.234375,28257625203975.723,1.234375,28257625203974.49,99.99999999999564
298100,28538750913731.438,1.234375,28541604788822.81,1.234375,28541604788821.574,99.99999999999567
298200,28825555716967.152,1.234375,28828438272538.848,1.234375,28828438272537.613,99.99999999999571
298300,29115242811562.027,1.234375,29118154335843.184,1.234375,29118154335841.95,99.99999999999577
298400,29407841163570.242,1.234375,29410781947686.598,1.234375,29410781947685.363,99.99999999999581
298500,29703380030145.066,1.234375,29706350368148.082,1.234375,29706350368146.848,99.99999999999585
298600,30001888962464.31,1.234375,30004889151360.555,1.234375,30004889151359.32,99.99999999999588
298700,30303397808685.04,1.234375,30306428148465.906,1.234375,30306428148464.67,99.99999999999592
298800,30607936716928.293,1.234375,30610997510599.984,1.234375,30610997510598.75,99.99999999999596
298900,30915536138293.535,1.234375,30918627691907.363,1.234375,30918627691906.13,99.999999999996
299000,31226226829903.47,1.234375,31229349452586.457,1.234375,31229349452585.223,99.99999999999605
299100,31540039857979.47,1.234375,31543193861965.266,1.234375,31543193861964.03,99.99999999999609
299200,31857006600947.965,1.234375,31860192301608.06,1.234375,31860192301606.824,99.99999999999612
299300,32177158752578.01,1.234375,32180376468453.27,1.234375,32180376468452.035,99.99999999999616
299400,32500528325150.23,1.234375,32503778377982.746,1.234375,32503778377981.51,99.9999999999962
299500,32827147652657.93,1.234375,32830430367423.195,1.234375,32830430367421.96,99.99999999999623
299600,33157049394040.06,1.234375,33160365098979.46,1.234375,33160365098978.227,99.99999999999628
299700,33490266536446.95,1.234375,33493615563100.594,1.234375,33493615563099.36,99.99999999999632
299800,33826832398538.574,1.234375,33830215081778.426,1.234375,33830215081777.19,99.99999999999635
299900,34166780633816.22,1.234375,34170197311879.6,1.234375,34170197311878.367,99.99999999999639
300000,34510145233987.47,1.234375,34513596248510.867,1.234375,34513596248509.633,99.99999999999642
300100,34856960532365.105,1.234375,34860446228418.34,1.234375,34860446228417.105,99.99999999999646
300200,35207261207300.05,1.234375,35210781933420.77,1.234375,35210781933419.54,99.99999999999649
300300,35561082285648.99,1.234375,35564638393877.555,1.234375,35564638393876.32,99.99999999999652
300400,35918459146276.7,1.234375,35922050992191.33,1.234375,35922050992190.09,99.99999999999656
300500,36279427523593.555,1.234375,36283055466345.914,1.234375,36283055466344.68,99.9999999999966
300600,36644023511128.62,1.234375,36647687913479.73,1.234375,36647687913478.49,99.99999999999663
300700,37012283565138.84,1.234375,37015984793495.36,1.234375,37015984793494.125,99.99999999999667
300800,37384244508254.195,1.234375,37387982932705.02,1.234375,37387982932703.79,99.9999999999967
300900,37759943533159.586,1.234375,37763719527512.9,1.234375,37763719527511.664,99.99999999999673
301000,38139418206313.91,1.234375,38143232148134.54,1.234375,38143232148133.305,99.99999999999677
301100,38522706471706.22,1.234375,38526558742353.39,1.234375,38526558742352.16,99.99999999999679
301200,38909846654649.89,1.234375,38913737639315.35,1.234375,38913737639314.12,99.99999999999683
301300,39300877465614.71,1.234375,39304807553361.27,1.234375,39304807553360.04,99.99999999999686
301400,39695838004097.664,1.234375,39699807587898.07,1.234375,39699807587896.836,99.99999999999689
301500,40094767762532.34,1.234375,40098777239308.59,1.234375,40098777239307.36,99.99999999999693
301600,40497706630238.07,1.234375,40501756400901.09,1.234375,40501756400899.86,99.99999999999694
301700,40904694897408.35,1.234375,40908785366898.09,1.234375,40908785366896.86,99.99999999999699
301800,41315773259139.47,1.234375,41319904836465.38,1.234375,41319904836464.15,99.99999999999702
301900,41730982819499.664,1.234375,41735155917781.62,1.234375,41735155917780.38,99.99999999999704
302000,42150365095639.234,1.234375,42154580132148.8,1.234375,42154580132147.56,99.99999999999707
302100,42573962021941.74,1.234375,42578219418143.94,1.234375,42578219418142.7,99.9999999999971
302200,43001815954217.16,1.234375,43006116135812.58,1.234375,43006116135811.34,99.99999999999713
302300,43433969673937.04,1.234375,43438313070904.43,1.234375,43438313070903.195,99.99999999999716
302400,43870466392512.32,1.234375,43874853439151.57,1.234375,43874853439150.336,99.99999999999719
302500,44311349755613.91,1.234375,44315780890589.47,1.234375,44315780890588.234,99.99999999999721
302600,44756663847537.04,1.234375,44761139513921.79,1.234375,44761139513920.555,99.99999999999724
302700,45206453195609.17,1.234375,45210973840928.734,1.234375,45210973840927.5,99.99999999999727
302800,45660762774642.44,1.234375,45665328850919.9,1.234375,45665328850918.664,99.9999999999973
302900,46119638011430.516,1.234375,46124249975231.66,1.234375,46124249975230.42,99.99999999999733
303000,46583124789291.19,1.234375,46587783101770.12,1.234375,46587783101768.88,99.99999999999734
303100,47051269452653.82,1.234375,47055974579599.086,1.234375,47055974579597.85,99.99999999999739
303200,47524118811693.8,1.234375,47528871223574.97,1.234375,47528871223573.734,99.9999999999974
303300,48001720147013.0,1.234375,48006520319027.7,1.234375,48006520319026.47,99.99999999999743
303400,48484121214367.25,1.234375,48488969626488.69,1.234375,48488969626487.45,99.99999999999746
303500,48971370249441.69,1.234375,48976267386466.63,1.234375,48976267386465.4,99.99999999999748
303600,49463515972673.664,1.234375,49468462324270.93,1.234375,49468462324269.695,99.9999999999975
303700,49960607594124.586,1.234375,49965603654884.0,1.234375,49965603654882.766,99.99999999999753
303800,50462694818400.23,1.234375,50467741087882.06,1.234375,50467741087880.83,99.99999999999756
303900,50969827849621.07,1.234375,50974924832406.03,1.234375,50974924832404.8,99.99999999999758
304000,51482057396441.79,1.234375,51487205602181.43,1.234375,51487205602180.195,99.9999999999976
304100,51999434677122.055,1.234375,52004634620589.766,1.234375,52004634620588.53,99.99999999999763
304200,52522011424647.664,1.234375,52527263625790.125,1.234375,52527263625788.89,99.99999999999764
304300,53049839891903.51,1.234375,53055144875892.695,1.234375,53055144875891.46,99.99999999999767
304400,53582972856898.28,1.234375,53588331154183.97,1.234375,53588331154182.734,99.9999999999977
304500,54121463628041.83,1.234375,54126875774404.63,1.234375,54126875774403.4,99.99999999999773
304600,54665366049475.46,1.234375,54670832586080.41,1.234375,54670832586079.17,99.99999999999774
304700,55214734506456.02,1.234375,55220255979906.67,1.234375,55220255979905.44,99.99999999999777
304800,55769623930793.71,1.234375,55775200893186.79,1.234375,55775200893185.555,99.9999999999978
304900,56330089806344.914,1.234375,56335722815325.55,1.234375,56335722815324.31,99.99999999999781
305000,56896188174559.97,1.234375,56901877793377.42,1.234375,56901877793376.19,99.99999999999784
305100,57467975640086.945,1.234375,57473722437650.95,1.234375,57473722437649.72,99.99999999999785
305200,58045509376431.42,1.234375,58051313927369.06,1.234375,58051313927367.83,99.99999999999787
305300,58628847131673.39,1.234375,58634710016386.555,1.234375,58634710016385.32,99.9999999999979
305400,59218047234241.56,1.234375,59223969038964.984,1.234375,59223969038963.75,99.99999999999791
305500,59813168598745.62,1.234375,59819149915605.49,1.234375,59819149915604.26,99.99999999999794
305600,60414270731867.21,1.234375,60420312158940.4,1.234375,60420312158939.164,99.99999999999795
305700,61021413738309.98,1.234375,61027515879683.805,1.234375,61027515879682.57,99.99999999999798
305800,61634658326809.516,1.234375,61640821792642.195,1.234375,61640821792640.96,99.999999999998
305900,62254065816203.78,1.234375,62260291222785.4,1.234375,62260291222784.164,99.99999999999801
306000,62879698141564.27,1.234375,62885986111378.43,1.234375,62885986111377.195,99.99999999999804
306100,63511617860388.97,1.234375,63517969022175.01,1.234375,63517969022173.77,99.99999999999805
306200,64149888158857.71,1.234375,64156303147673.59,1.234375,64156303147672.36,99.99999999999808
306300,64794572858149.99,1.234375,64801052315435.805,1.234375,64801052315434.57,99.9999999999981
306400,65445736420826.62,1.234375,65452280994468.695,1.234375,65452280994467.46,99.99999999999811
306500,66103443957275.36,1.234375,66110054301671.086,1.234375,66110054301669.85,99.99999999999814
306600,66767761232221.29,1.234375,66774438008344.51,1.234375,66774438008343.27,99.99999999999815
306700,67438754671302.93,1.234375,67445498546770.06,1.234375,67445498546768.83,99.99999999999817
306800,68116491367713.85,1.234375,68123303016850.625,1.234375,68123303016849.39,99.9999999999982
306900,68801039088911.65,1.234375,68807919192820.54,1.234375,68807919192819.305,99.9999999999982
307000,69492466283393.91,1.234375,69499415530022.24,1.234375,69499415530021.01,99.99999999999822
307100,70190842087542.555,1.234375,70197861171751.305,1.234375,70197861171750.07,99.99999999999825
307200,70896236332536.7,1.234375,70903325956169.95,1.234375,70903325956168.72,99.99999999999825
307300,71608719551335.3,1.234375,71615880423290.42,1.234375,71615880423289.19,99.99999999999828
307400,72328362985729.56,1.234375,72335595822028.14,1.234375,72335595822026.9,99.9999999999983
307500,73055238593466.94,1.234375,73062544117326.28,1.234375,73062544117325.05,99.99999999999831
307600,73789419055445.7,1.234375,73796797997351.25,1.234375,73796797997350.02,99.99999999999832
307700,74530977782982.53,1.234375,74538430880760.83,1.234375,74538430880759.6,99.99999999999835
307800,75279988925153.12,1.234375,75287516924045.64,1.234375,75287516924044.4,99.99999999999835
307900,76036527376206.28,1.234375,76044131028943.9,1.234375,76044131028942.67,99.99999999999838
308000,76800668783052.78,1.234375,76808348849931.08,1.234375,76808348849929.84,99.9999999999984
308100,77572489552829.3,1.234375,77580246801784.58,1.234375,77580246801783.34,99.99999999999841
308200,78352066860538.33,1.234375,78359902067224.38,1.234375,78359902067223.14,99.99999999999842
308300,79139478656765.16,1.234375,79147392604630.83,1.234375,79147392604629.6,99.99999999999845
308400,79934803675472.06,1.234375,79942797155839.61,1.234375,79942797155838.38,99.99999999999845
308500,80738121441870.97,1.234375,80746195254015.16,1.234375,80746195254013.92,99.99999999999847
308600,81549512280375.28,1.234375,81557667231603.31,1.234375,81557667231602.08,99.9999999999985
308700,82369057322631.84,1.234375,82377294228364.11,1.234375,82377294228362.88,99.99999999999851
308800,83196838515632.98,1.234375,83205158199484.55,1.234375,83205158199483.31,99.99999999999851
308900,84032938629910.64,1.234375,84041341923773.62,1.234375,84041341923772.39,99.99999999999854
309000,84877441267812.52,1.234375,84885929011939.3,1.234375,84885929011938.06,99.99999999999855
309100,85730430871861.9,1.234375,85739003914949.1,1.234375,85739003914947.86,99.99999999999855
309200,86591992733200.83,1.234375,86600651932474.14,1.234375,86600651932472.9,99.99999999999858
309300,87462213000118.28,1.234375,87470959221418.3,1.234375,87470959221417.06,99.9999999999986
309400,88341178686664.58,1.234375,88350012804533.25,1.234375,88350012804532.02,99.99999999999861
309500,89228977681351.86,1.234375,89237900579120.0,1.234375,89237900579118.77,99.99999999999861
309600,90125698755942.17,1.234375,90134711325817.77,1.234375,90134711325816.53,99.99999999999864
309700,91031431574323.66,1.234375,91040534717481.1,1.234375,91040534717479.86,99.99999999999865
309800,91946266701476.39,1.234375,91955461328146.53,1.234375,91955461328145.3,99.99999999999865
309900,92870295612527.62,1.234375,92879582642088.88,1.234375,92879582642087.64,99.99999999999866
310000,93803610701899.03,1.234375,93812991062969.22,1.234375,93812991062967.98,99.99999999999868
310100,94746305292544.7,1.234375,94755779923073.95,1.234375,94755779923072.72,99.9999999999987
310200,95698473645283.22,1.234375,95708043492647.75,1.234375,95708043492646.52,99.9999999999987
310300,96660210968222.27,1.234375,96669876989319.1,1.234375,96669876989317.86,99.99999999999872
310400,97631613426279.03,1.234375,97641376587621.66,1.234375,97641376587620.42,99.99999999999874
310500,98612778150795.5,1.234375,98622639428610.58,1.234375,98622639428609.34,99.99999999999875
310600,99603803249250.72,1.234375,99613763629575.64,1.234375,99613763629574.4,99.99999999999875
310700,100604787815070.98,1.234375,100614848293852.48,1.234375,100614848293851.25,99.99999999999876
310800,101615831937537.88,1.234375,101625993520731.62,1.234375,101625993520730.39,99.99999999999879
310900,102637036711796.48,1.234375,102647300415467.66,1.234375,102647300415466.42,99.9999999999988
311000,103668504248964.11,1.234375,103678871099389.0,1.234375,103678871099387.77,99.9999999999988
311100,104710337686340.06,1.234375,104720808720108.7,1.234375,104720808720107.47,99.99999999999882
311200,105762641197718.62,1.234375,105773217461838.39,1.234375,105773217461837.16,99.99999999999883
311300,106825520003805.84,1.234375,106836202555806.22,1.234375,106836202555804.98,99.99999999999885
311400,107899080382739.75,1.234375,107909870290778.02,1.234375,107909870290776.78,99.99999999999886
311500,108983429680718.16,1.234375,108994328023686.23,1.234375,108994328023685.0,99.99999999999886
311600,110078676322732.02,1.234375,110089684190364.28,1.234375,110089684190363.05,99.99999999999888
311700,111184929823406.48,1.234375,111196048316388.83,1.234375,111196048316387.6,99.99999999999889
311800,112302300797951.88,1.234375,112313531028031.67,1.234375,112313531028030.44,99.9999999999989
311900,113430900973223.67,1.234375,113442244063321.0,1.234375,113442244063319.77,99.9999999999989
312000,114570843198894.97,1.234375,114582300283214.86,1.234375,114582300283213.62,99.99999999999892
312100,115722241458739.67,1.234375,115733813682885.55,1.234375,115733813682884.31,99.99999999999893
312200,116885210882030.19,1.234375,116896899403118.39,1.234375,116896899403117.16,99.99999999999895
312300,118059867755049.06,1.234375,118071673741824.56,1.234375,118071673741823.33,99.99999999999896
312400,119246329532716.97,1.234375,119258254165670.23,1.234375,119258254165669.0,99.99999999999896
312500,120444714850336.48,1.234375,120456759321821.52,1.234375,120456759321820.28,99.99999999999898
312600,121655143535455.1,1.234375,121667309049808.64,1.234375,121667309049807.4,99.99999999999899
312700,122877736619846.66,1.234375,122890024393508.64,1.234375,122890024393507.4,99.999999999999
312800,124112616351613.48,1.234375,124125027613248.64,1.234375,124125027613247.4,99.999999999999
312900,125359906207409.97,1.234375,125372442198030.7,1.234375,125372442198029.47,99.999999999999
313000,126619730904789.02,1.234375,126632392877879.5,1.234375,126632392877878.27,99.99999999999902
313100,127892216414672.94,1.234375,127905005636314.4,1.234375,127905005636313.17,99.99999999999903
313200,129177489973949.39,1.234375,129190407722946.78,1.234375,129190407722945.55,99.99999999999905
313300,130475680098193.4,1.234375,130488727666203.22,1.234375,130488727666201.98,99.99999999999906
313400,131786916594518.36,1.234375,131800095286177.81,1.234375,131800095286176.58,99.99999999999906
313500,133111330574555.23,1.234375,133124641707612.69,1.234375,133124641707611.45,99.99999999999906
313600,134449054467562.61,1.234375,134462499373009.36,1.234375,134462499373008.12,99.99999999999908
313700,135800222033668.27,1.234375,135813802055871.62,1.234375,135813802055870.39,99.99999999999909
313800,137164968377244.08,1.234375,137178684874081.8,1.234375,137178684874080.56,99.9999999999991
313900,138543429960415.3,1.234375,138557284303411.34,1.234375,138557284303410.11,99.99999999999912
314000,139935744616705.48,1.234375,139949738191167.16,1.234375,139949738191165.92,99.99999999999912
314100,141342051564818.28,1.234375,141356185769974.75,1.234375,141356185769973.5,99.99999999999912
314200,142762491422558.44,1.234375,142776767671700.7,1.234375,142776767671699.44,99.99999999999912
314300,144197206220892.2,1.234375,144211625941514.28,1.234375,144211625941513.06,99.99999999999916
314400,145646339418148.9,1.234375,145660904052090.72,1.234375,145660904052089.5,99.99999999999916
314500,147110035914365.5,1.234375,147124746917956.94,1.234375,147124746917955.7,99.99999999999915
314600,148588442065775.75,1.234375,148603300909982.3,1.234375,148603300909981.06,99.99999999999916
314700,150081705699443.47,1.234375,150096713870013.4,1.234375,150096713870012.2,99.99999999999919
314800,151589976128045.2,1.234375,151605135125658.0,1.234375,151605135125656.75,99.99999999999918
314900,153113404164798.9,1.234375,153128715505215.38,1.234375,153128715505214.12,99.99999999999918
315000,154652142138545.03,1.234375,154667607352758.88,1.234375,154667607352757.62,99.99999999999919
315100,156206343908976.66,1.234375,156221964543367.56,1.234375,156221964543366.3,99.9999999999992
315200,157776164882025.34,1.234375,157791942498513.53,1.234375,157791942498512.3,99.99999999999922
315300,159361762025399.5,1.234375,159377698201602.03,1.234375,159377698201600.8,99.99999999999923
315400,160963293884279.88,1.234375,160979390213668.3,1.234375,160979390213667.06,99.99999999999922
315500,162580920597173.16,1.234375,162597178689232.88,1.234375,162597178689231.62,99.99999999999923
315600,164214803911923.38,1.234375,164231225392314.56,1.234375,164231225392313.3,99.99999999999923
315700,165865107201886.06,1.234375,165881693712606.25,1.234375,165881693712605.0,99.99999999999925
315800,167531995482263.38,1.234375,167548748681811.6,1.234375,167548748681810.38,99.99999999999926
315900,169215635426605.2,1.234375,169232556990147.84,1.234375,169232556990146.62,99.99999999999928
316000,170916195383473.75,1.234375,170933287003012.1,1.234375,170933287003010.88,99.99999999999929
316100,172633845393277.56,1.234375,172651108777816.88,1.234375,172651108777815.62,99.99999999999928
316200,174368757205273.7,1.234375,174386194080994.22,1.234375,174386194080993.0,99.9999999999993
316300,176121104294741.38,1.234375,176138716405170.84,1.234375,176138716405169.62,99.99999999999932
316400,177891061880327.56,1.234375,177908850986515.6,1.234375,177908850986514.38,99.99999999999932
316500,179678806941567.62,1.234375,179696774822261.78,1.234375,179696774822260.56,99.99999999999932
316600,181484518236581.47,1.234375,181502666688405.12,1.234375,181502666688403.88,99.99999999999932
316700,183308376319947.56,1.234375,183326707157579.56,1.234375,183326707157578.3,99.99999999999932
316800,185150563560756.56,1.234375,185169078617112.62,1.234375,185169078617111.38,99.99999999999932
316900,187011264160847.62,1.234375,187029965287263.72,1.234375,187029965287262.5,99.99999999999935
317000,188890664173225.8,1.234375,188909553239643.12,1.234375,188909553239641.88,99.99999999999933
317100,190788951520665.34,1.234375,190808030415817.4,1.234375,190808030415816.2,99.99999999999936
317200,192706316014501.97,1.234375,192725586646103.4,1.234375,192725586646102.2,99.99999999999936
317300,194642949373610.44,1.234375,194662413668547.78,1.234375,194662413668546.56,99.99999999999937
317400,196599045243575.97,1.234375,196618705148100.3,1.234375,196618705148099.06,99.99999999999936
317500,198574799216055.72,1.234375,198594656695977.3,1.234375,198594656695976.06,99.99999999999936
317600,200570408848337.72,1.234375,200590465889222.56,1.234375,200590465889221.3,99.99999999999937
317700,202586073683093.47,1.234375,202606332290461.78,1.234375,202606332290460.56,99.9999999999994
317800,204621995268331.0,1.234375,204642457467857.84,1.234375,204642457467856.62,99.9999999999994
317900,206678377177547.72,1.234375,206699045015265.47,1.234375,206699045015264.25,99.99999999999942
318000,208755425030086.06,1.234375,208776300572589.06,1.234375,208776300572587.8,99.9999999999994
318100,210853346511693.0,1.234375,210874431846344.16,1.234375,210874431846342.94,99.99999999999942
318200,212972351395287.56,1.234375,212993648630427.1,1.234375,212993648630425.88,99.99999999999942
318300,215112651561935.38,1.234375,215134162827091.56,1.234375,215134162827090.3,99.99999999999942
318400,217274461022035.28,1.234375,217296188468137.47,1.234375,217296188468136.25,99.99999999999943
318500,219457995936718.22,1.234375,219479941736311.88,1.234375,219479941736310.62,99.99999999999943
318600,221663474639461.9,1.234375,221685640986925.84,1.234375,221685640986924.62,99.99999999999945
318700,223891117657921.1,1.234375,223913506769686.88,1.234375,223913506769685.62,99.99999999999945
318800,226141147735979.47,1.234375,226163761850753.06,1.234375,226163761850751.8,99.99999999999945
318900,228413789856020.97,1.234375,228436631235006.56,1.234375,228436631235005.3,99.99999999999946
319000,230709271261427.06,1.234375,230732342188553.2,1.234375,230732342188551.94,99.99999999999946
319100,233027821479297.88,1.234375,233051124261445.8,1.234375,233051124261444.56,99.99999999999946
319200,235369672343403.72,1.234375,235393209310638.06,1.234375,235393209310636.8,99.99999999999946
319300,237735058017365.8,1.234375,237758831523167.53,1.234375,237758831523166.3,99.99999999999949
319400,240124215018070.34,1.234375,240148227439572.16,1.234375,240148227439570.94,99.99999999999949
319500,242537382239319.12,1.234375,242561635977543.06,1.234375,242561635977541.8,99.99999999999949
319600,244974800975714.94,1.234375,244999298455812.5,1.234375,244999298455811.25,99.99999999999949
319700,247436714946790.4,1.234375,247461458618285.1,1.234375,247461458618283.88,99.99999999999952
319800,249923370321376.8,1.234375,249948362658408.94,1.234375,249948362658407.7,99.9999999999995
319900,252435015742219.12,1.234375,252460259243793.34,1.234375,252460259243792.12,99.99999999999952
320000,254971902350838.1,1.234375,254997399541073.2,1.234375,254997399541071.94,99.99999999999952
320100,257534283812641.72,1.234375,257560037241022.97,1.234375,257560037241021.75,99.99999999999952
320200,260122416342289.5,1.234375,260148428583923.72,1.234375,260148428583922.5,99.99999999999953
320300,262736558729311.78,1.234375,262762832385184.72,1.234375,262762832385183.5,99.99999999999953
320400,265376972363986.44,1.234375,265403510061222.84,1.234375,265403510061221.62,99.99999999999955
320500,268043921263474.97,1.234375,268070725655601.3,1.234375,268070725655600.06,99.99999999999953
320600,270737672098222.16,1.234375,270764745865431.97,1.234375,270764745865430.75,99.99999999999955
320700,273458494218620.97,1.234375,273485840068042.8,1.234375,273485840068041.56,99.99999999999955
320800,276206659681944.66,1.234375,276234280347912.84,1.234375,276234280347911.62,99.99999999999956
320900,278982443279550.28,1.234375,279010341523878.22,1.234375,279010341523877.0,99.99999999999957
321000,281786122564354.44,1.234375,281814301176610.9,1.234375,281814301176609.6,99.99999999999956
321100,284617977878588.2,1.234375,284646439676376.06,1.234375,284646439676374.8,99.99999999999956
321200,287478292381825.6,1.234375,287507040211063.8,1.234375,287507040211062.56,99.99999999999957
321300,290367352079299.75,1.234375,290396388814507.7,1.234375,290396388814506.44,99.99999999999957
321400,293285445850500.0,1.234375,293314774395085.06,1.234375,293314774395083.8,99.99999999999957
321500,296232865478056.0,1.234375,296262488764603.8,1.234375,296262488764602.56,99.99999999999957
321600,299209905676914.5,1.234375,299239826667482.2,1.234375,299239826667480.94,99.99999999999957
321700,302216864123808.44,1.234375,302247085810220.8,1.234375,302247085810219.56,99.99999999999959
321800,305254041487021.06,1.234375,305284566891169.75,1.234375,305284566891168.5,99.99999999999959
321900,308321741456450.3,1.234375,308352573630595.94,1.234375,308352573630594.7,99.99999999999959
322000,311420270773974.3,1.234375,311451412801051.7,1.234375,311451412801050.44,99.9999999999996
322100,314549939264124.44,1.234375,314581394258050.9,1.234375,314581394258049.6,99.9999999999996
322200,317711059865062.9,1.234375,317742830971049.4,1.234375,317742830971048.1,99.99999999999962
322300,320903948659876.2,1.234375,320936039054742.2,1.234375,320936039054740.94,99.99999999999962
322400,324128924908177.8,1.234375,324161337800668.6,1.234375,324161337800667.4,99.99999999999962
322500,327386311078032.06,1.234375,327419049709139.9,1.234375,327419049709138.6,99.99999999999962
322600,330676432878199.25,1.234375,330709500521487.06,1.234375,330709500521485.8,99.99999999999962
322700,333999619290702.44,1.234375,334033019252631.5,1.234375,334033019252630.25,99.99999999999962
322800,337356202603723.06,1.234375,337389938223983.44,1.234375,337389938223982.2,99.99999999999963
322900,340746518444826.0,1.234375,340780593096670.5,1.234375,340780593096669.25,99.99999999999963
323000,344170905814520.1,1.234375,344205322905101.56,1.234375,344205322905100.3,99.99999999999963
323100,347629707120155.3,1.234375,347664470090867.3,1.234375,347664470090866.06,99.99999999999964
323200,351123268210158.06,1.234375,351158380536979.06,1.234375,351158380536977.8,99.99999999999964
323300,354651938408616.1,1.234375,354687403602457.0,1.234375,354687403602455.75,99.99999999999964
323400,358216070550205.94,1.234375,358251892157260.94,1.234375,358251892157259.7,99.99999999999966
323500,361816021015473.06,1.234375,361852202617574.6,1.234375,361852202617573.4,99.99999999999966
323600,365452149766467.4,1.234375,365488694981444.0,1.234375,365488694981442.75,99.99999999999966
323700,369124820382735.25,1.234375,369161732864773.5,1.234375,369161732864772.25,99.99999999999967
323800,372834400097675.25,1.234375,372871683537685.0,1.234375,372871683537683.75,99.99999999999967
323900,376581259835257.1,1.234375,376618917961240.6,1.234375,376618917961239.4,99.99999999999967
324000,380365774247111.25,1.234375,380403810824535.94,1.234375,380403810824534.7,99.99999999999967
324100,384188321749989.6,1.234375,384226740582164.6,1.234375,384226740582163.4,99.99999999999967
324200,388049284563605.8,1.234375,388088089492062.2,1.234375,388088089492060.94,99.99999999999967
324300,391949048748852.1,1.234375,391988243653727.0,1.234375,391988243653725.75,99.99999999999967
324400,395888004246402.0,1.234375,395927593046826.6,1.234375,395927593046825.4,99.99999999999969
324500,399866544915700.9,1.234375,399906531570192.44,1.234375,399906531570191.2,99.99999999999969
324600,403885068574349.25,1.234375,403925457081206.7,1.234375,403925457081205.44,99.99999999999969
324700,407943977037879.2,1.234375,407984771435583.0,1.234375,407984771435581.75,99.99999999999969
324800,412043676159933.6,1.234375,412084880527549.6,1.234375,412084880527548.4,99.9999999999997
324900,416184575872847.0,1.234375,416226194330434.25,1.234375,416226194330433.0,99.9999999999997
325000,420367090228635.9,1.234375,420409126937658.75,1.234375,420409126937657.5,99.9999999999997
325100,424591637440398.6,1.234375,424634096604142.7,1.234375,424634096604141.44,99.9999999999997
325200,428858639924135.44,1.234375,428901525788127.9,1.234375,428901525788126.6,99.99999999999972
325300,433168524340983.2,1.234375,433211841193417.25,1.234375,433211841193416.0,99.99999999999972
325400,437521721639879.56,1.234375,437565473812043.56,1.234375,437565473812042.3,99.99999999999972
325500,441918667100653.8,1.234375,441962858967363.9,1.234375,441962858967362.6,99.99999999999972
325600,446359800377549.44,1.234375,446404436357587.2,1.234375,446404436357585.94,99.99999999999972
325700,450845565543187.0,1.234375,450890650099741.3,1.234375,450890650099740.06,99.99999999999972
325800,455376411132967.25,1.234375,455421948774080.56,1.234375,455421948774079.3,99.99999999999972
325900,459952790189920.2,1.234375,459998785468939.2,1.234375,459998785468937.94,99.99999999999973
326000,464575160310004.1,1.234375,464621617826035.1,1.234375,464621617826033.9,99.99999999999973
326100,469243983687863.1,1.234375,469290908086231.9,1.234375,469290908086230.6,99.99999999999973
326200,473959727163040.9,1.234375,474007123135757.2,1.234375,474007123135755.94,99.99999999999973
326300,478722862266660.56,1.234375,478770734552887.25,1.234375,478770734552886.0,99.99999999999973
326400,483533865268574.6,1.234375,483582218655101.5,1.234375,483582218655100.25,99.99999999999974
326500,488393217224985.75,1.234375,488442056546708.25,1.234375,488442056546707.0,99.99999999999974
326600,493301404026549.4,1.234375,493350734166952.0,1.234375,493350734166950.75,99.99999999999974
326700,498258916446957.3,1.234375,498308742338602.0,1.234375,498308742338600.75,99.99999999999974
326800,503266250192011.4,1.234375,503316576817030.56,1.234375,503316576817029.3,99.99999999999976
326900,508323905949189.44,1.234375,508374738339784.4,1.234375,508374738339783.1,99.99999999999976
327000,513432389437709.6,1.234375,513483732676653.4,1.234375,513483732676652.1,99.99999999999976
327100,518592211459096.1,1.234375,518644070680242.0,1.234375,518644070680240.75,99.99999999999976
327200,523803887948257.1,1.234375,523856268337051.94,1.234375,523856268337050.7,99.99999999999977
327300,529067940025071.44,1.234375,529120846819073.94,1.234375,529120846819072.7,99.99999999999977
327400,534384894046497.0,1.234375,534438332535901.6,1.234375,534438332535900.4,99.99999999999977
327500,539755281659201.6,1.234375,539809257187367.56,1.234375,539809257187366.3,99.99999999999977
327600,545179639852721.8,1.234375,545234157816707.06,1.234375,545234157816705.8,99.99999999999977
327700,550658511013157.0,1.234375,550713576864258.3,1.234375,550713576864257.06,99.99999999999977
327800,556192442977405.25,1.234375,556248062221703.0,1.234375,556248062221701.75,99.99999999999977
327900,561781989087939.3,1.234375,561838167286848.1,1.234375,561838167286846.9,99.99999999999977
328000,567427708248136.8,1.234375,567484451018961.5,1.234375,567484451018960.2,99.99999999999977
328100,573130164978165.2,1.234375,573187477994663.0,1.234375,573187477994661.8,99.99999999999977
328200,578889929471429.2,1.234375,578947818464376.4,1.234375,578947818464375.1,99.99999999999979
328300,584707577651586.0,1.234375,584766048409351.1,1.234375,584766048409349.9,99.99999999999979
328400,590583691230128.1,1.234375,590642749599251.1,1.234375,590642749599249.9,99.99999999999979
328500,596518857764554.1,1.234375,596578509650330.6,1.234375,596578509650329.4,99.99999999999979
328600,602513670717116.1,1.234375,602573922084187.9,1.234375,602573922084186.6,99.99999999999979
328700,608568729514160.9,1.234375,608629586387112.2,1.234375,608629586387111.0,99.9999999999998
328800,614684639606068.5,1.234375,614746108070029.1,1.234375,614746108070027.9,99.9999999999998
328900,620862012527790.5,1.234375,620924098729043.2,1.234375,620924098729042.0,99.9999999999998
329000,627101465959997.2,1.234375,627164176106593.2,1.234375,627164176106592.0,99.9999999999998
329100,633403623790841.9,1.234375,633466964153221.0,1.234375,633466964153219.8,99.9999999999998
329200,639769116178343.1,1.234375,639833093089961.0,1.234375,639833093089959.8,99.9999999999998
329300,646198579613393.4,1.234375,646263199471354.8,1.234375,646263199471353.5,99.99999999999982
329400,652692656983403.5,1.234375,652757926249101.9,1.234375,652757926249100.6,99.99999999999982
329500,659251997636588.1,1.234375,659317922836351.8,1.234375,659317922836350.5,99.99999999999982
329600,665877257446888.9,1.234375,665943845172633.5,1.234375,665943845172632.2,99.99999999999982
329700,672569098879561.1,1.234375,672636355789449.1,1.234375,672636355789447.9,99.99999999999982
329800,679328191057411.0,1.234375,679396123876516.8,1.234375,679396123876515.5,99.99999999999982
329900,686155209827702.2,1.234375,686223825348685.0,1.234375,686223825348683.8,99.99999999999983
330000,693050837829737.1,1.234375,693120142913520.1,1.234375,693120142913518.9,99.99999999999983
330100,700015764563110.2,1.234375,700085766139566.5,1.234375,700085766139565.2,99.99999999999983
330200,707050686456655.2,1.234375,707121391525300.9,1.234375,707121391525299.6,99.99999999999983
330300,714156306938080.9,1.234375,714227722568774.6,1.234375,714227722568773.4,99.99999999999983
330400,721333336504304.5,1.234375,721405469837954.9,1.234375,721405469837953.6,99.99999999999983
330500,728582492792499.0,1.234375,728655351041778.2,1.234375,728655351041777.0,99.99999999999983
330600,735904500651848.2,1.234375,735978091101913.4,1.234375,735978091101912.1,99.99999999999983
330700,743300092216025.1,1.234375,743374422225246.8,1.234375,743374422225245.5,99.99999999999983
330800,750770006976399.2,1.234375,750845083977096.9,1.234375,750845083977095.6,99.99999999999983
330900,758314991855978.2,1.234375,758390823355163.9,1.234375,758390823355162.6,99.99999999999983
331000,765935801284092.5,1.234375,766012394864220.9,1.234375,766012394864219.6,99.99999999999983
331100,773633197271833.4,1.234375,773710560591560.5,1.234375,773710560591559.2,99.99999999999983
331200,781407949488246.4,1.234375,781486090283195.2,1.234375,781486090283194.0,99.99999999999984
331300,789260835337289.8,1.234375,789339761420823.5,1.234375,789339761420822.2,99.99999999999984
331400,797192640035570.1,1.234375,797272359299573.6,1.234375,797272359299572.4,99.99999999999984
331500,805204156690854.2,1.234375,805284677106523.4,1.234375,805284677106522.1,99.99999999999984
331600,813296186381376.4,1.234375,813377516000014.5,1.234375,813377516000013.2,99.99999999999984
331700,821469538235933.5,1.234375,821551685189757.1,1.234375,821551685189755.9,99.99999999999984
331800,829725029514795.2,1.234375,829808002017746.8,1.234375,829808002017745.5,99.99999999999984
331900,838063485691420.0,1.234375,838147292039989.1,1.234375,838147292039987.9,99.99999999999986
332000,846485740534995.6,1.234375,846570389109049.1,1.234375,846570389109047.9,99.99999999999986
332100,854992636193809.8,1.234375,855078135457429.1,1.234375,855078135457427.9,99.99999999999986
332200,863585023279454.5,1.234375,863671381781782.4,1.234375,863671381781781.1,99.99999999999986
332300,872263760951881.0,1.234375,872350987327976.1,1.234375,872350987327974.9,99.99999999999986
332400,881029717005308.0,1.234375,881117819977008.5,1.234375,881117819977007.2,99.99999999999986
332500,889883767954992.8,1.234375,889972756331788.2,1.234375,889972756331787.0,99.99999999999986
332600,898826799124875.0,1.234375,898916681804787.5,1.234375,898916681804786.2,99.99999999999986
332700,907859704736101.0,1.234375,907950490706574.6,1.234375,907950490706573.4,99.99999999999987
332800,916983387996436.6,1.234375,917075086335236.2,1.234375,917075086335235.0,99.99999999999987
332900,926198761190581.1,1.234375,926291381066700.1,1.234375,926291381066698.9,99.99999999999987
333000,935506745771385.5,1.234375,935600296445962.6,1.234375,935600296445961.4,99.99999999999987
333100,944908272451993.6,1.234375,945002763279238.9,1.234375,945002763279237.6,99.99999999999987
333200,954404281298898.8,1.234375,954499721727028.6,1.234375,954499721727027.4,99.99999999999987
333300,963995721825946.5,1.234375,964092121398129.1,1.234375,964092121398127.9,99.99999999999987
333400,973683553089274.9,1.234375,973780921444583.8,1.234375,973780921444582.5,99.99999999999987
333500,983468743783212.9,1.234375,983567090657591.1,1.234375,983567090657589.9,99.99999999999987
333600,993352272337138.9,1.234375,993451607564372.6,1.234375,993451607564371.4,99.99999999999987
333700,1003335127013317.1,1.234375,1003435460526018.5,1.234375,1003435460526017.2,99.99999999999987
333800,1013418306005713.6,1.234375,1013519647836314.1,1.234375,1013519647836312.9,99.99999999999987
333900,1023602817539804.8,1.234375,1023705177821558.8,1.234375,1023705177821557.5,99.99999999999987
334000,1033889679973395.4,1.234375,1033993068941392.8,1.234375,1033993068941391.5,99.99999999999987
334100,1044279921898439.0,1.234375,1044384349890628.9,1.234375,1044384349890627.6,99.99999999999987
334200,1054774582243891.8,1.234375,1054880059702116.1,1.234375,1054880059702114.9,99.99999999999987
334300,1065374710379596.4,1.234375,1065481247850634.4,1.234375,1065481247850633.1,99.99999999999987
334400,1076081366221206.2,1.234375,1076188974357828.4,1.234375,1076188974357827.1,99.99999999999989
334500,1086895620336168.8,1.234375,1087004309898202.4,1.234375,1087004309898201.1,99.99999999999989
334600,1097818554050773.1,1.234375,1097928335906178.2,1.234375,1097928335906177.0,99.99999999999989
334700,1108851259558272.9,1.234375,1108962144684228.8,1.234375,1108962144684227.5,99.99999999999989
334800,1119994840028092.2,1.234375,1120106839512095.0,1.234375,1120106839512093.8,99.99999999999989
334900,1131250409716139.2,1.234375,1131363534757110.8,1.234375,1131363534757109.5,99.99999999999989
335000,1142619094076214.2,1.234375,1142733355985621.8,1.234375,1142733355985620.5,99.99999999999989
335100,1154102029872546.2,1.234375,1154217440075533.5,1.234375,1154217440075532.2,99.99999999999989
335200,1165700365293466.8,1.234375,1165816935329996.0,1.234375,1165816935329994.8,99.99999999999989
335300,1177415260066207.2,1.234375,1177533001592213.8,1.234375,1177533001592212.5,99.99999999999989
335400,1189247885572866.8,1.234375,1189366810361424.0,1.234375,1189366810361422.8,99.9999999999999
335500,1201199424967542.0,1.234375,1201319544910038.8,1.234375,1201319544910037.5,99.9999999999999
335600,1213271073294622.5,1.234375,1213392400401952.0,1.234375,1213392400401950.8,99.9999999999999
335700,1225464037608292.8,1.234375,1225586584012053.5,1.234375,1225586584012052.2,99.9999999999999
335800,1237779537093227.5,1.234375,1237903315046936.8,1.234375,1237903315046935.5,99.9999999999999
335900,1250218803186490.8,1.234375,1250343825066809.5,1.234375,1250343825066808.2,99.9999999999999
336000,1262783079700673.5,1.234375,1262909358008643.5,1.234375,1262909358008642.2,99.9999999999999
336100,1275473622948265.5,1.234375,1275601170310560.2,1.234375,1275601170310559.0,99.9999999999999
336200,1288291701867270.8,1.234375,1288420531037457.5,1.234375,1288420531037456.2,99.9999999999999
336300,1301238598148093.2,1.234375,1301368722007908.0,1.234375,1301368722007906.8,99.9999999999999
336400,1314315606361689.8,1.234375,1314447037922326.0,1.234375,1314447037922324.8,99.9999999999999
336500,1327524034089017.0,1.234375,1327656786492426.0,1.234375,1327656786492424.8,99.99999999999991
336600,1340865202051782.5,1.234375,1340999288571987.8,1.234375,1340999288571986.5,99.99999999999991
336700,1354340444244497.5,1.234375,1354475878288922.0,1.234375,1354475878288920.8,99.99999999999991
336800,1367951108067870.2,1.234375,1368087903178677.0,1.234375,1368087903178675.8,99.99999999999991
336900,1381698554463526.5,1.234375,1381836724318972.8,1.234375,1381836724318971.5,99.99999999999991
337000,1395584158050098.5,1.234375,1395723716465903.5,1.234375,1395723716465902.2,99.99999999999991
337100,1409609307260671.5,1.234375,1409750268191397.5,1.234375,1409750268191396.2,99.99999999999991
337200,1423775404481612.2,1.234375,1423917782022060.5,1.234375,1423917782022059.2,99.99999999999991
337300,1438083866192800.0,1.234375,1438227674579419.2,1.234375,1438227674579418.0,99.99999999999991
337400,1452536123109253.8,1.234375,1452681376721564.8,1.234375,1452681376721563.5,99.99999999999991
337500,1467133620324198.5,1.234375,1467280333686231.0,1.234375,1467280333686229.8,99.99999999999991
337600,1481877817453552.8,1.234375,1482026005235298.0,1.234375,1482026005235296.8,99.99999999999991
337700,1496770188781888.2,1.234375,1496919865800766.5,1.234375,1496919865800765.2,99.99999999999991
337800,1511812223409836.5,1.234375,1511963404632177.5,1.234375,1511963404632176.2,99.99999999999993
337900,1527005425402984.5,1.234375,1527158125945524.8,1.234375,1527158125945523.5,99.99999999999993
338000,1542351313942271.8,1.234375,1542505549073666.0,1.234375,1542505549073664.8,99.99999999999993
338100,1557851423475893.5,1.234375,1558007208618241.0,1.234375,1558007208618239.8,99.99999999999993
338200,1573507303872731.2,1.234375,1573664654603118.5,1.234375,1573664654603117.2,99.99999999999993
338300,1589320520577324.2,1.234375,1589479452629382.0,1.234375,1589479452629380.8,99.99999999999993
338400,1605292654766399.5,1.234375,1605453184031876.0,1.234375,1605453184031874.8,99.99999999999993
338500,1621425303506976.5,1.234375,1621587446037327.2,1.234375,1621587446037326.0,99.99999999999993
338600,1637720079916060.8,1.234375,1637883851924052.2,1.234375,1637883851924051.0,99.99999999999993
338700,1654178613321933.5,1.234375,1654344031183265.8,1.234375,1654344031183264.5,99.99999999999993
338800,1670802549427081.8,1.234375,1670969629682024.5,1.234375,1670969629682023.2,99.99999999999993
338900,1687593550472738.5,1.234375,1687762309827785.8,1.234375,1687762309827784.5,99.99999999999993
339000,1704553295405105.5,1.234375,1704723750734646.0,1.234375,1704723750734644.8,99.99999999999993
339100,1721683480043223.2,1.234375,1721855648391227.5,1.234375,1721855648391226.2,99.99999999999993
339200,1738985817248542.0,1.234375,1739159715830266.8,1.234375,1739159715830265.5,99.99999999999993
339300,1756462037096192.2,1.234375,1756637683299901.8,1.234375,1756637683299900.5,99.99999999999993
339400,1774113887047971.5,1.234375,1774291298436676.2,1.234375,1774291298436675.0,99.99999999999993
339500,1791943132127082.5,1.234375,1792122326440295.2,1.234375,1792122326440294.0,99.99999999999993
339600,1809951555094609.2,1.234375,1810132550250118.8,1.234375,1810132550250117.5,99.99999999999993
339700,1828140956627784.0,1.234375,1828323770723446.8,1.234375,1828323770723445.5,99.99999999999993
339800,1846513155500038.5,1.234375,1846697806815588.5,1.234375,1846697806815587.2,99.99999999999993
339900,1865069988762862.8,1.234375,1865256495761739.0,1.234375,1865256495761737.8,99.99999999999993
340000,1883813311929493.2,1.234375,1884001693260686.2,1.234375,1884001693260685.0,99.99999999999993
340100,1902744999160445.5,1.234375,1902935273660361.5,1.234375,1902935273660360.2,99.99999999999993
340200,1921866943450918.2,1.234375,1922059130145263.2,1.234375,1922059130145262.0,99.99999999999993
340300,1941181056820068.0,1.234375,1941375174925750.0,1.234375,1941375174925748.8,99.99999999999993
340400,1960689270502201.0,1.234375,1960885339429251.2,1.234375,1960885339429250.0,99.99999999999993
340500,1980393535139874.8,1.234375,1980591574493388.8,1.234375,1980591574493387.5,99.99999999999993
340600,2000295820978946.5,1.234375,2000495850561044.2,1.234375,2000495850561043.0,99.99999999999993
340700,2020398118065575.5,1.234375,2020600157877382.0,1.234375,2020600157877380.8,99.99999999999993
340800,2040702436445218.0,1.234375,2040906506688862.5,1.234375,2040906506688861.2,99.99999999999993
340900,2061210806363600.5,1.234375,2061416927444236.8,1.234375,2061416927444235.5,99.99999999999994
341000,2081925278469737.8,1.234375,2082133470997584.8,1.234375,2082133470997583.5,99.99999999999994
341100,2102847924020974.8,1.234375,2103058208813376.8,1.234375,2103058208813375.5,99.99999999999994
341200,2123980835090091.2,1.234375,2124193233173600.2,1.234375,2124193233173599.0,99.99999999999994
341300,2145326124774489.0,1.234375,2145540657386966.5,1.234375,2145540657386965.2,99.99999999999994
341400,2166885927407491.0,1.234375,2167102616000231.8,1.234375,2167102616000230.5,99.99999999999994
341500,2188662398771744.0,1.234375,2188881265011621.2,1.234375,2188881265011620.0,99.99999999999994
341600,2210657716314782.8,1.234375,2210878782086414.2,1.234375,2210878782086413.0,99.99999999999994
341700,2232874079366753.5,1.234375,2233097366774690.2,1.234375,2233097366774689.0,99.99999999999994
341800,2255313709360331.5,1.234375,2255539240731267.5,1.234375,2255539240731266.5,99.99999999999996
341900,2277978850052829.5,1.234375,2278206647937835.0,1.234375,2278206647937834.0,99.99999999999996
342000,2300871767750576.5,1.234375,2301101854927351.5,1.234375,2301101854927350.5,99.99999999999996
342100,2323994751535508.5,1.234375,2324227151010662.0,1.234375,2324227151010661.0,99.99999999999996
342200,2347350113494056.5,1.234375,2347584848505406.0,1.234375,2347584848505405.0,99.99999999999996
342300,2370940188948344.5,1.234375,2371177282967239.5,1.234375,2371177282967238.5,99.99999999999996
342400,2394767336689691.5,1.234375,2395006813423360.5,1.234375,2395006813423359.5,99.99999999999996
342500,2418833939214479.5,1.234375,2419075822608401.0,1.234375,2419075822608400.0,99.99999999999996
342600,2443142402962366.5,1.234375,2443386717202662.5,1.234375,2443386717202661.5,99.99999999999996
342700,2467695158556911.5,1.234375,2467941928072767.0,1.234375,2467941928072766.0,99.99999999999996
342800,2492494661048633.0,1.234375,2492743910514738.0,1.234375,2492743910514737.0,99.99999999999996
342900,2517543390160467.5,1.234375,2517795144499483.5,1.234375,2517795144499482.5,99.99999999999996
343000,2542843850535734.5,1.234375,2543098134920788.0,1.234375,2543098134920787.0,99.99999999999996
343100,2568398571988567.5,1.234375,2568655411845766.5,1.234375,2568655411845765.5,99.99999999999996
343200,2594210109756877.0,1.234375,2594469530767852.5,1.234375,2594469530767851.5,99.99999999999997
343300,2620281044757857.5,1.234375,2620543072862333.5,1.234375,2620543072862332.5,99.99999999999997
343400,2646613983846039.5,1.234375,2646878645244424.0,1.234375,2646878645244423.0,99.99999999999997
343500,2673211560073970.0,1.234375,2673478881229977.5,1.234375,2673478881229976.5,99.99999999999997
343600,2700076432955482.5,1.234375,2700346440598778.0,1.234375,2700346440598777.0,99.99999999999997
343700,2727211288731622.0,1.234375,2727484009860495.0,1.234375,2727484009860494.0,99.99999999999997
343800,2754618840639249.5,1.234375,2754894302523313.5,1.234375,2754894302523312.5,99.99999999999997
343900,2782301829182342.0,1.234375,2782580059365260.0,1.234375,2782580059365259.0,99.99999999999997
344000,2810263022406015.0,1.234375,2810544048708255.5,1.234375,2810544048708254.5,99.99999999999997
344100,2838505216173300.0,1.234375,2838789066694917.5,1.234375,2838789066694916.5,99.99999999999997
344200,2867031234444708.0,1.234375,2867317937568152.5,1.234375,2867317937568151.5,99.99999999999997
344300,2895843929560598.0,1.234375,2896133513953554.0,1.234375,2896133513953553.0,99.99999999999997
344400,2924946182526385.0,1.234375,2925238677144637.5,1.234375,2925238677144636.5,99.99999999999997
344500,2954340903300620.5,1.234375,2954636337390950.5,1.234375,2954636337390949.5,99.99999999999997
344600,2984031031085953.5,1.234375,2984329434189062.0,1.234375,2984329434189061.0,99.99999999999997
344700,3014019534623022.0,1.234375,3014320936576484.5,1.234375,3014320936576483.5,99.99999999999997
344800,3044309412487308.5,1.234375,3044613843428557.0,1.234375,3044613843428556.0,99.99999999999997
344900,3074903693388967.0,1.234375,3075211183758306.0,1.234375,3075211183758305.0,99.99999999999997
345000,3105805436475662.0,1.234375,3106116017019309.5,1.234375,3106116017019308.5,99.99999999999997
345100,3137017731638459.0,1.234375,3137331433411623.0,1.234375,3137331433411622.0,99.99999999999997
345200,3168543699820783.0,1.234375,3168860554190765.0,1.234375,3168860554190764.0,99.99999999999997
345300,3200386493330490.0,1.234375,3200706531979823.0,1.234375,3200706531979822.0,99.99999999999997
345400,3232549296155062.5,1.234375,3232872551084678.0,1.234375,3232872551084677.0,99.99999999999997
345500,3265035324279981.0,1.234375,3265361827812409.0,1.234375,3265361827812408.0,99.99999999999997
345600,3297847826010296.5,1.234375,3298177610792897.5,1.234375,3298177610792896.5,99.99999999999997
345700,3330990082295423.0,1.234375,3331323181303652.5,1.234375,3331323181303651.5,99.99999999999997
345800,3364465407057207.5,1.234375,3364801853597913.0,1.234375,3364801853597912.0,99.99999999999997
345900,3398277147521300.0,1.234375,3398616975236052.0,1.234375,3398616975236051.0,99.99999999999997
346000,3432428684551830.0,1.234375,3432771927420285.0,1.234375,3432771927420284.0,99.99999999999997
346100,3466923432989468.5,1.234375,3467270125332767.5,1.234375,3467270125332766.5,99.99999999999997
346200,3501764841992885.5,1.234375,3502115018477084.5,1.234375,3502115018477083.5,99.99999999999997
346300,3536956395383624.0,1.234375,3537310091023162.5,1.234375,3537310091023161.5,99.99999999999997
346400,3572501611994464.5,1.234375,3572858862155664.0,1.234375,3572858862155663.0,99.99999999999997
346500,3608404046021262.5,1.234375,3608764886425864.5,1.234375,3608764886425863.5,99.99999999999997
346600,3644667287378339.5,1.234375,3645031754107077.5,1.234375,3645031754107076.5,99.99999999999997
346700,3681294962057449.0,1.234375,3681663091553654.5,1.234375,3681663091553653.5,99.99999999999997
346800,3718290732490333.0,1.234375,3718662561563582.0,1.234375,3718662561563581.0,99.99999999999997
346900,3755658297914933.5,1.234375,3756033863744725.0,1.234375,3756033863744724.0,99.99999999999997
347000,3793401394745282.5,1.234375,3793780734884757.0,1.234375,3793780734884756.0,99.99999999999997
347100,3831523796945116.0,1.234375,3831906949324810.5,1.234375,3831906949324809.5,99.99999999999997
347200,3870029316405225.5,1.234375,3870416319336866.0,1.234375,3870416319336865.0,99.99999999999997
347300,3908921803324620.5,1.234375,3909312695504953.0,1.234375,3909312695504952.0,99.99999999999997
347400,3948205146595508.5,1.234375,3948599967110168.0,1.234375,3948599967110167.0,99.99999999999997
347500,3987883274192146.5,1.234375,3988282062519565.5,1.234375,3988282062519564.5,99.99999999999997
347600,4027960153563607.0,1.234375,4028362949578963.5,1.234375,4028362949578962.5,99.99999999999997
347700,4068439792030487.5,1.234375,4068846636009690.5,1.234375,4068846636009689.5,99.99999999999997
347800,4109326237185603.0,1.234375,4109737169809321.5,1.234375,4109737169809320.5,99.99999999999997
347900,4150623577298704.5,1.234375,4151038639656434.5,1.234375,4151038639656433.5,99.99999999999997
348000,4192335941725279.0,1.234375,4192755175319451.5,1.234375,4192755175319450.5,99.99999999999997
348100,4234467501319435.5,1.234375,4234890948069567.5,1.234375,4234890948069566.5,99.99999999999997
348200,4277022468850958.5,1.234375,4277450171097843.5,1.234375,4277450171097842.5,99.99999999999997
348300,4320005099426548.5,1.234375,4320437099936491.0,1.234375,4320437099936490.0,99.99999999999997
348400,4363419690915283.0,1.234375,4363856032884374.5,1.234375,4363856032884373.5,99.99999999999997
348500,4407270584378380.5,1.234375,4407711311436818.5,1.234375,4407711311436817.5,99.99999999999997
348600,4451562164503253.0,1.234375,4452007320719703.5,1.234375,4452007320719702.5,99.99999999999997
348700,4496298860041939.0,1.234375,4496748489927943.0,1.234375,4496748489927942.0,99.99999999999997
348800,4541485144253940.0,1.234375,4541939292768365.0,1.234375,4541939292768364.0,99.99999999999997
348900,4587125535353508.0,1.234375,4587584247907043.0,1.234375,4587584247907042.0,99.99999999999997
349000,4633224596961408.0,1.234375,4633687919421104.0,1.234375,4633687919421103.0,99.99999999999997
349100,4679786938561270.0,1.234375,4680254917255126.0,1.234375,4680254917255125.0,99.99999999999997
349200,4726817215960461.0,1.234375,4727289897682057.0,1.234375,4727289897682056.0,99.99999999999997
349300,4774320131755658.0,1.234375,4774797563768834.0,1.234375,4774797563768833.0,99.99999999999997
349400,4822300435803015.0,1.234375,4822782665846595.0,1.234375,4822782665846594.0,99.99999999999997
349500,4870762925693160.0,1.234375,4871250001985729.0,1.234375,4871250001985728.0,99.99999999999997
349600,4919712447230884.0,1.234375,4920204418475607.0,1.234375,4920204418475606.0,99.99999999999997
349700,4969153894919669.0,1.234375,4969650810309161.0,1.234375,4969650810309160.0,99.99999999999997
349800,5019092212451105.0,1.234375,5019594121672350.0,1.234375,5019594121672349.0,99.99999999999997
349900,5069532393199217.0,1.234375,5070039346438537.0,1.234375,5070039346438536.0,99.99999999999997
350000,5120479480719757.0,1.234375,5120991528667829.0,1.234375,5120991528667828.0,99.99999999999997
350100,5171938569254496.0,1.234375,5172455763111421.0,1.234375,5172455763111420.0,99.99999999999997
350200,5223914804240612.0,1.234375,5224437195721036.0,1.234375,5224437195721035.0,99.99999999999997
350300,5276413382825200.0,1.234375,5276941024163482.0,1.234375,5276941024163481.0,99.99999999999997
350400,5329439554384919.0,1.234375,5329972498340357.0,1.234375,5329972498340356.0,99.99999999999997
350500,5382998621050887.0,1.234375,5383536920912992.0,1.234375,5383536920912991.0,99.99999999999997
350600,5437095938238862.0,1.234375,5437639647832686.0,1.234375,5437639647832685.0,99.99999999999997
350700,5491736915184704.0,1.234375,5492286088876222.0,1.234375,5492286088876221.0,99.99999999999997
350800,5546927015485282.0,1.234375,5547481708186830.0,1.234375,5547481708186829.0,99.99999999999997
350900,5602671757644754.0,1.234375,5603232024820518.0,1.234375,5603232024820517.0,99.99999999999997
351000,5658976715626379.0,1.234375,5659542613297942.0,1.234375,5659542613297941.0,99.99999999999997
351100,5715847519409876.0,1.234375,5716419104161817.0,1.234375,5716419104161816.0,99.99999999999997
351200,5773289855554350.0,1.234375,5773867184539905.0,1.234375,5773867184539904.0,99.99999999999997
351300,5831309467766897.0,1.234375,5831892598713674.0,1.234375,5831892598713673.0,99.99999999999997
351400,5889912157476936.0,1.234375,5890501148692684.0,1.234375,5890501148692683.0,99.99999999999997
351500,5949103784416302.0,1.234375,5949698694794744.0,1.234375,5949698694794743.0,99.99999999999997
351600,6008890267205130.0,1.234375,6009491156231850.0,1.234375,6009491156231849.0,99.99999999999999
351700,6069277583943710.0,1.234375,6069884511702104.0,1.234375,6069884511702103.0,99.99999999999999
351800,6130271772810200.0,1.234375,6130884799987481.0,1.234375,6130884799987480.0,99.99999999999999
351900,6191878932664435.0,1.234375,6192498120557701.0,1.234375,6192498120557700.0,99.99999999999999
352000,6254105223657708.0,1.234375,6254730634180074.0,1.234375,6254730634180073.0,99.99999999999999
352100,6316956867848752.0,1.234375,6317588563535537.0,1.234375,6317588563535536.0,99.99999999999999
352200,6380440149825901.0,1.234375,6381078193840884.0,1.234375,6381078193840883.0,99.99999999999999
352300,6444561417335463.0,1.234375,6445205873477196.0,1.234375,6445205873477195.0,99.99999999999999
352400,6509327081916465.0,1.234375,6509978014624657.0,1.234375,6509978014624656.0,99.99999999999999
352500,6574743619541731.0,1.234375,6575401093903685.0,1.234375,6575401093903684.0,99.99999999999999
352600,6640817571265421.0,1.234375,6641481653022547.0,1.234375,6641481653022546.0,99.99999999999999
352700,6707555543877067.0,1.234375,6708226299431455.0,1.234375,6708226299431454.0,99.99999999999999
352800,6774964210562232.0,1.234375,6775641706983288.0,1.234375,6775641706983287.0,99.99999999999999
352900,6843050311569705.0,1.234375,6843734616600862.0,1.234375,6843734616600861.0,99.99999999999999
353000,6911820654885525.0,1.234375,6912511836951013.0,1.234375,6912511836951012.0,99.99999999999999
353100,6981282116913678.0,1.234375,6981980245125369.0,1.234375,6981980245125368.0,99.99999999999999
353200,7051441643163699.0,1.234375,7052146787328015.0,1.234375,7052146787328014.0,99.99999999999999
353300,7122306248945122.0,1.234375,7123018479570016.0,1.234375,7123018479570015.0,99.99999999999999
353400,7193883020068998.0,1.234375,7194602408371005.0,1.234375,7194602408371004.0,99.99999999999999
353500,7266179113556371.0,1.234375,7266905731467727.0,1.234375,7266905731467726.0,99.99999999999999
353600,7339201758353919.0,1.234375,7339935678529754.0,1.234375,7339935678529753.0,99.99999999999999
353700,7412958256056812.0,1.234375,7413699551882418.0,1.234375,7413699551882417.0,99.99999999999999
353800,7487455981638781.0,1.234375,7488204727236945.0,1.234375,7488204727236944.0,99.99999999999999
353900,7562702384189524.0,1.234375,7563458654427943.0,1.234375,7563458654427942.0,99.99999999999999
354000,7638704987659614.0,1.234375,7639468858158380.0,1.234375,7639468858158379.0,99.99999999999999
354100,7715471391612757.0,1.234375,7716242938751918.0,1.234375,7716242938751917.0,99.99999999999999
354200,7793009271985716.0,1.234375,7793788572912914.0,1.234375,7793788572912913.0,99.99999999999999
354300,7871326381855821.0,1.234375,7872113514494006.0,1.234375,7872113514494005.0,99.99999999999999
354400,7950430552216210.0,1.234375,7951225595271432.0,1.234375,7951225595271431.0,99.99999999999999
354500,8030329692758856.0,1.234375,8031132725728132.0,1.234375,8031132725728131.0,99.99999999999999
354600,8111031792665465.0,1.234375,8111842895844731.0,1.234375,8111842895844730.0,99.99999999999999
354700,8192544921406322.0,1.234375,8193364175898463.0,1.234375,8193364175898462.0,99.99999999999999
354800,8274877229547160.0,1.234375,8275704717270115.0,1.234375,8275704717270114.0,99.99999999999999
354900,8358036949564135.0,1.234375,8358872753259091.0,1.234375,8358872753259090.0,99.99999999999999
355000,8442032396667022.0,1.234375,8442876599906689.0,1.234375,8442876599906688.0,99.99999999999999
355100,8526871969630632.0,1.234375,8527724656827595.0,1.234375,8527724656827594.0,99.99999999999999
355200,8612564151634630.0,1.234375,8613425408049793.0,1.234375,8613425408049792.0,99.99999999999999
355300,8699117511111773.0,1.234375,8699987422862884.0,1.234375,8699987422862883.0,99.99999999999999
355400,8786540702604663.0,1.234375,8787419356674923.0,1.234375,8787419356674922.0,99.99999999999999
355500,8874842467631135.0,1.234375,8875729951877898.0,1.234375,8875729951877897.0,99.99999999999999
355600,8964031635558331.0,1.234375,8964928038721887.0,1.234375,8964928038721886.0,99.99999999999999
355700,9054117124485532.0,1.234375,9055022536197980.0,1.234375,9055022536197978.0,99.99999999999997
355800,9145107942135932.0,1.234375,9146022452930146.0,1.234375,9146022452930144.0,99.99999999999997
355900,9237013186757268.0,1.234375,9237936888075944.0,1.234375,9237936888075942.0,99.99999999999997
356000,9329842048031612.0,1.234375,9330775032236416.0,1.234375,9330775032236414.0,99.99999999999997
356100,9423603807994240.0,1.234375,9424546168375040.0,1.234375,9424546168375038.0,99.99999999999997
356200,9518307841961716.0,1.234375,9519259672745912.0,1.234375,9519259672745910.0,99.99999999999997
356300,9613963619469398.0,1.234375,9614925015831344.0,1.234375,9614925015831342.0,99.99999999999997
356400,9710580705218272.0,1.234375,9711551763288794.0,1.234375,9711551763288792.0,99.99999999999997
356500,9808168760031300.0,1.234375,9809149576907304.0,1.234375,9809149576907302.0,99.99999999999997
356600,9906737541819512.0,1.234375,9907728215573694.0,1.234375,9907728215573692.0,99.99999999999997
356700,1.0006296906557608e+16,1.234375,1.0007297536248264e+16,1.234375,1.0007297536248262e+16,99.99999999999997
356800,1.0106856809269498e+16,1.234375,1.0107867494950424e+16,1.234375,1.0107867494950422e+16,99.99999999999997
356900,1.0208427305023724e+16,1.234375,1.0209448147754226e+16,1.234375,1.0209448147754224e+16,99.99999999999997
357000,1.0311018549938888e+16,1.234375,1.0312049651793882e+16,1.234375,1.031204965179388e+16,99.99999999999997
357100,1.0414640802199134e+16,1.234375,1.0415682266279354e+16,1.234375,1.0415682266279352e+16,99.99999999999997
357200,1.0519304423079904e+16,1.234375,1.0520356353522212e+16,1.234375,1.052035635352221e+16,99.99999999999997
357300,1.0625019877983952e+16,1.234375,1.062608237997175e+16,1.234375,1.0626082379971748e+16,99.99999999999997
357400,1.073179773748777e+16,1.234375,1.0732870917261518e+16,1.234375,1.0732870917261516e+16,99.99999999999997
357500,1.0839648678398608e+16,1.234375,1.0840732643266448e+16,1.234375,1.0840732643266446e+16,99.99999999999997
357600,1.0948583484821982e+16,1.234375,1.0949678343170464e+16,1.234375,1.0949678343170462e+16,99.99999999999997
357700,1.1058613049240072e+16,1.234375,1.1059718910544996e+16,1.234375,1.1059718910544994e+16,99.99999999999997
357800,1.1169748373600794e+16,1.234375,1.1170865348438154e+16,1.234375,1.1170865348438152e+16,99.99999999999997
357900,1.1282000570417928e+16,1.234375,1.128312877047497e+16,1.234375,1.1283128770474968e+16,99.99999999999997
358000,1.1395380863882264e+16,1.234375,1.1396520401968652e+16,1.234375,1.139652040196865e+16,99.99999999999997
358100,1.150990059098391e+16,1.234375,1.1511051581043008e+16,1.234375,1.1511051581043006e+16,99.99999999999997
358200,1.1625571202645894e+16,1.234375,1.1626733759766158e+16,1.234375,1.1626733759766156e+16,99.99999999999997
358300,1.1742404264869146e+16,1.234375,1.1743578505295632e+16,1.234375,1.174357850529563e+16,99.99999999999997
358400,1.1860411459889016e+16,1.234375,1.1861597501035004e+16,1.234375,1.1861597501035002e+16,99.99999999999997
358500,1.1979604587343368e+16,1.234375,1.1980802547802102e+16,1.234375,1.19808025478021e+16,99.99999999999997
358600,1.209999556545243e+16,1.234375,1.2101205565008976e+16,1.234375,1.2101205565008974e+16,99.99999999999999
358700,1.2221596432210518e+16,1.234375,1.2222818591853738e+16,1.234375,1.2222818591853736e+16,99.99999999999999
358800,1.2344419346589724e+16,1.234375,1.2345653788524382e+16,1.234375,1.234565378852438e+16,99.99999999999999
358900,1.2468476589755696e+16,1.234375,1.2469723437414672e+16,1.234375,1.246972343741467e+16,99.99999999999999
359000,1.2593780566295674e+16,1.234375,1.2595039944352304e+16,1.234375,1.2595039944352302e+16,99.99999999999999
359100,1.272034380545877e+16,1.234375,1.2721615839839316e+16,1.234375,1.2721615839839314e+16,99.99999999999999
359200,1.284817896240883e+16,1.234375,1.284946378030507e+16,1.234375,1.2849463780305068e+16,99.99999999999999
359300,1.2977298819489838e+16,1.234375,1.2978596549371786e+16,1.234375,1.2978596549371784e+16,99.99999999999999
359400,1.310771628750397e+16,1.234375,1.310902705913272e+16,1.234375,1.3109027059132718e+16,99.99999999999999
359500,1.323944440700267e+16,1.234375,1.324076835144337e+16,1.234375,1.3240768351443368e+16,99.99999999999999
359600,1.3372496349590466e+16,1.234375,1.3373833599225424e+16,1.234375,1.3373833599225422e+16,99.99999999999999
359700,1.3506885419242072e+16,1.234375,1.3508236107783996e+16,1.234375,1.3508236107783994e+16,99.99999999999999
359800,1.3642625053632642e+16,1.234375,1.3643989316138006e+16,1.234375,1.3643989316138004e+16,99.99999999999999
359900,1.3779728825481448e+16,1.234375,1.3781106798363996e+16,1.234375,1.3781106798363994e+16,99.99999999999999
360000,1.3918210443908994e+16,1.234375,1.3919602264953384e+16,1.234375,1.3919602264953382e+16,99.99999999999999
360100,1.405808375580781e+16,1.234375,1.405948956418339e+16,1.234375,1.4059489564183388e+16,99.99999999999999
360200,1.4199362747227022e+16,1.234375,1.4200782683501744e+16,1.234375,1.4200782683501742e+16,99.99999999999999
360300,1.4342061544770816e+16,1.234375,1.4343495750925292e+16,1.234375,1.434349575092529e+16,99.99999999999999
360400,1.4486194417010988e+16,1.234375,1.4487643036452688e+16,1.234375,1.4487643036452686e+16,99.99999999999999
360500,1.4631775775913646e+16,1.234375,1.4633238953491238e+16,1.234375,1.4633238953491236e+16,99.99999999999999
360600,1.4778820178280298e+16,1.234375,1.4780298060298126e+16,1.234375,1.4780298060298124e+16,99.99999999999999
360700,1.492734232720339e+16,1.234375,1.492883506143611e+16,1.234375,1.4928835061436108e+16,99.99999999999999
360800,1.5077357073536458e+16,1.234375,1.5078864809243812e+16,1.234375,1.507886480924381e+16,99.99999999999999
360900,1.5228879417379132e+16,1.234375,1.523040230532087e+16,1.234375,1.5230402305320868e+16,99.99999999999999
361000,1.5381924509576928e+16,1.234375,1.5383462702027886e+16,1.234375,1.5383462702027884e+16,99.99999999999999
361100,1.55365076532363e+16,1.234375,1.5538061304001624e+16,1.234375,1.5538061304001622e+16,99.99999999999999
361200,1.5692644305254692e+16,1.234375,1.5694213569685218e+16,1.234375,1.5694213569685216e+16,99.99999999999999
361300,1.5850350077866186e+16,1.234375,1.5851935112873972e+16,1.234375,1.585193511287397e+16,99.99999999999999
361400,1.6009640740202524e+16,1.234375,1.6011241704276544e+16,1.234375,1.6011241704276542e+16,99.99999999999999
361500,1.617053221986989e+16,1.234375,1.6172149273091876e+16,1.234375,1.6172149273091874e+16,99.99999999999999
361600,1.6333040604541544e+16,1.234375,1.6334673908601998e+16,1.234375,1.6334673908601996e+16,99.99999999999999
361700,1.64971821435664e+16,1.234375,1.6498831861780756e+16,1.234375,1.6498831861780754e+16,99.99999999999999
361800,1.6662973249593866e+16,1.234375,1.6664639546918826e+16,1.234375,1.6664639546918824e+16,99.99999999999999
361900,1.6830430500214914e+16,1.234375,1.6832113543264936e+16,1.234375,1.6832113543264934e+16,99.99999999999999
362000,1.6999570639619702e+16,1.234375,1.7001270596683664e+16,1.234375,1.7001270596683662e+16,99.99999999999999
362100,1.7170410580271844e+16,1.234375,1.717212762132987e+16,1.234375,1.7172127621329868e+16,99.99999999999999
362200,1.7342967404599512e+16,1.234375,1.7344701701339972e+16,1.234375,1.734470170133997e+16,99.99999999999999
362300,1.7517258366703494e+16,1.234375,1.7519010092540164e+16,1.234375,1.7519010092540162e+16,99.99999999999999
362400,1.769330089408246e+16,1.234375,1.7695070224171868e+16,1.234375,1.7695070224171866e+16,99.99999999999999
362500,1.7871112589375562e+16,1.234375,1.78728997006345e+16,1.234375,1.7872899700634498e+16,99.99999999999999
362600,1.80507112321225e+16,1.234375,1.805251630324571e+16,1.234375,1.805251630324571e+16,100.0
362700,1.823211478054141e+16,1.234375,1.823393799201946e+16,1.234375,1.823393799201946e+16,100.0
362800,1.8415341373324332e+16,1.234375,1.8417182907461664e+16,1.234375,1.8417182907461664e+16,100.0
362900,1.860040933145118e+16,1.234375,1.8602269372384324e+16,1.234375,1.8602269372384324e+16,100.0
363000,1.8787337160021452e+16,1.234375,1.8789215893737452e+16,1.234375,1.8789215893737452e+16,100.0
363100,1.89761435501046e+16,1.234375,1.8978041164459612e+16,1.234375,1.8978041164459612e+16,100.0
363200,1.916684738060905e+16,1.234375,1.9168764065347108e+16,1.234375,1.9168764065347108e+16,100.0
363300,1.9359467720169908e+16,1.234375,1.9361403666941924e+16,1.234375,1.9361403666941924e+16,100.0
363400,1.9554023829055572e+16,1.234375,1.9555979231438476e+16,1.234375,1.9555979231438476e+16,100.0
363500,1.975053516109361e+16,1.234375,1.9752510214609716e+16,1.234375,1.9752510214609716e+16,100.0
363600,1.9949021365616044e+16,1.234375,1.9951016267752604e+16,1.234375,1.9951016267752604e+16,100.0
363700,2.014950228942405e+16,1.234375,2.015151723965299e+16,1.234375,2.015151723965299e+16,100.0
363800,2.035199797877238e+16,1.234375,2.0354033178570256e+16,1.234375,2.0354033178570256e+16,100.0
363900,2.0556528681373924e+16,1.234375,2.055858433424206e+16,1.234375,2.055858433424206e+16,100.0
364000,2.0763114848424236e+16,1.234375,2.076519115990908e+16,1.234375,2.076519115990908e+16,100.0
364100,2.0971777136646452e+16,1.234375,2.0973874314360116e+16,1.234375,2.0973874314360116e+16,100.0
364200,2.1182536410356856e+16,1.234375,2.1184654663997892e+16,1.234375,2.1184654663997892e+16,100.0
364300,2.1395413743550972e+16,1.234375,2.139755328492533e+16,1.234375,2.139755328492533e+16,100.0
364400,2.1610430422010916e+16,1.234375,2.1612591465053116e+16,1.234375,2.1612591465053116e+16,100.0
364500,2.1827607945433716e+16,1.234375,2.182979070622826e+16,1.234375,2.182979070622826e+16,100.0
364600,2.2046968029581116e+16,1.234375,2.204917272638407e+16,1.234375,2.204917272638407e+16,100.0
364700,2.2268532608450828e+16,1.234375,2.227075946171167e+16,1.234375,2.227075946171167e+16,100.0
364800,2.2492323836469924e+16,1.234375,2.2494573068853572e+16,1.234375,2.2494573068853572e+16,100.0
364900,2.271836409070998e+16,1.234375,2.2720635927119052e+16,1.234375,2.2720635927119052e+16,100.0
365000,2.2946675973124524e+16,1.234375,2.2948970640721836e+16,1.234375,2.2948970640721836e+16,100.0
365100,2.3177282312809116e+16,1.234375,2.3179600041040396e+16,1.234375,2.3179600041040396e+16,100.0
365200,2.341020616828403e+16,1.234375,2.341254718890086e+16,1.234375,2.341254718890086e+16,100.0
365300,2.364547082979984e+16,1.234375,2.364783537688282e+16,1.234375,2.364783537688282e+16,100.0
365400,2.3883099821666264e+16,1.234375,2.388548813164843e+16,1.234375,2.388548813164843e+16,100.0
365500,2.4123116904604424e+16,1.234375,2.4125529216294884e+16,1.234375,2.4125529216294884e+16,100.0
365600,2.4365546078122628e+16,1.234375,2.436798263273044e+16,1.234375,2.436798263273044e+16,100.0
365700,2.4610411582916136e+16,1.234375,2.4612872624074428e+16,1.234375,2.4612872624074428e+16,100.0
365800,2.4857737903291028e+16,1.234375,2.4860223677081356e+16,1.234375,2.4860223677081356e+16,100.0
365900,2.5107549769612364e+16,1.234375,2.5110060524589324e+16,1.234375,2.5110060524589324e+16,100.0
366000,2.535987216077703e+16,1.234375,2.5362408147993108e+16,1.234375,2.5362408147993108e+16,100.0
366100,2.561473030671137e+16,1.234375,2.561729177974204e+16,1.234375,2.561729177974204e+16,100.0
366200,2.587214969089394e+16,1.234375,2.5874736905863028e+16,1.234375,2.5874736905863028e+16,100.0
366300,2.6132156052903716e+16,1.234375,2.613476926850901e+16,1.234375,2.613476926850901e+16,100.0
366400,2.63947753909937e+16,1.234375,2.63974148685328e+16,1.234375,2.63974148685328e+16,100.0
366500,2.666003396469053e+16,1.234375,2.6662699968086996e+16,1.234375,2.6662699968086996e+16,100.0
366600,2.6927958297420228e+16,1.234375,2.693065109324997e+16,1.234375,2.693065109324997e+16,100.0
366700,2.719857517916033e+16,1.234375,2.7201295036678244e+16,1.234375,2.7201295036678244e+16,100.0
366800,2.7471911669118564e+16,1.234375,2.7474658860285476e+16,1.234375,2.7474658860285476e+16,100.0
366900,2.774799509843853e+16,1.234375,2.7750769897948372e+16,1.234375,2.7750769897948372e+16,100.0
367000,2.802685307293261e+16,1.234375,2.80296557582399e+16,1.234375,2.80296557582399e+16,100.0
367100,2.830851347584226e+16,1.234375,2.8311344327189844e+16,1.234375,2.8311344327189844e+16,100.0
367200,2.859300447062608e+16,1.234375,2.8595863771073144e+16,1.234375,2.8595863771073144e+16,100.0
367300,2.8880354503775936e+16,1.234375,2.888324253922631e+16,1.234375,2.888324253922631e+16,100.0
367400,2.9170592307661364e+16,1.234375,2.917350936689213e+16,1.234375,2.917350936689213e+16,100.0
367500,2.9463746903402404e+16,1.234375,2.9466693278092744e+16,1.234375,2.9466693278092744e+16,100.0
367600,2.975984760377159e+16,1.234375,2.976282358853197e+16,1.234375,2.976282358853197e+16,100.0
367700,3.0058924016124976e+16,1.234375,3.0061929908526588e+16,1.234375,3.0061929908526588e+16,100.0
367800,3.036100604536245e+16,1.234375,3.0364042145966984e+16,1.234375,3.0364042145966984e+16,100.0
367900,3.0666123896918092e+16,1.234375,3.0669190509307784e+16,1.234375,3.0669190509307784e+16,100.0
368000,3.0974308079780384e+16,1.234375,3.097740551058836e+16,1.234375,3.097740551058836e+16,100.0
368100,3.1285589409542812e+16,1.234375,3.1288717968483764e+16,1.234375,3.1288717968483764e+16,100.0
368200,3.159999901148517e+16,1.234375,3.1603159011386316e+16,1.234375,3.1603159011386316e+16,100.0
368300,3.1917568323685772e+16,1.234375,3.192076008051814e+16,1.234375,3.192076008051814e+16,100.0
368400,3.2238329100165084e+16,1.234375,3.22415529330751e+16,1.234375,3.22415529330751e+16,100.0
368500,3.2562313414060652e+16,1.234375,3.2565569645402056e+16,1.234375,3.2565569645402056e+16,100.0
368600,3.2889553660834256e+16,1.234375,3.289284261620034e+16,1.234375,3.289284261620034e+16,100.0
368700,3.322008256151114e+16,1.234375,3.3223404569767292e+16,1.234375,3.3223404569767292e+16,100.0
368800,3.3553933165951748e+16,1.234375,3.3557288559268344e+16,1.234375,3.3557288559268344e+16,100.0
368900,3.3891138856156504e+16,1.234375,3.389452797004212e+16,1.234375,3.389452797004212e+16,100.0
369000,3.4231733349603616e+16,1.234375,3.4235156522938576e+16,1.234375,3.4235156522938576e+16,100.0
369100,3.457575070262053e+16,1.234375,3.4579208277690788e+16,1.234375,3.4579208277690788e+16,100.0
369200,3.4923225313789376e+16,1.234375,3.4926717636320756e+16,1.234375,3.4926717636320756e+16,100.0
369300,3.5274191927386316e+16,1.234375,3.5277719346579056e+16,1.234375,3.5277719346579056e+16,100.0
369400,3.5628685636855784e+16,1.234375,3.5632248505419468e+16,1.234375,3.5632248505419468e+16,100.0
369500,3.5986741888319476e+16,1.234375,3.5990340562508308e+16,1.234375,3.5990340562508308e+16,100.0
369600,3.634839648412058e+16,1.234375,3.6352031323768984e+16,1.234375,3.6352031323768984e+16,100.0
369700,3.671368558640383e+16,1.234375,3.671735695496247e+16,1.234375,3.671735695496247e+16,100.0
369800,3.708264572073128e+16,1.234375,3.708635398530335e+16,1.234375,3.708635398530335e+16,100.0
369900,3.745531377973449e+16,1.234375,3.745905931111246e+16,1.234375,3.745905931111246e+16,100.0
370000,3.783172702680348e+16,1.234375,3.783551019950616e+16,1.234375,3.783551019950616e+16,100.0
370100,3.821192309981275e+16,1.234375,3.821574429212274e+16,1.234375,3.821574429212274e+16,100.0
370200,3.85959400148848e+16,1.234375,3.859979960888629e+16,1.234375,3.859979960888629e+16,100.0
370300,3.8983816170191304e+16,1.234375,3.898771455180832e+16,1.234375,3.898771455180832e+16,100.0
370400,3.93755903497925e+16,1.234375,3.937952790882747e+16,1.234375,3.937952790882747e+16,100.0
370500,3.9771301727515384e+16,1.234375,3.9775278857688136e+16,1.234375,3.9775278857688136e+16,100.0
370600,4.0170989870870696e+16,1.234375,4.0175006969857784e+16,1.234375,4.0175006969857784e+16,100.0
370700,4.057469474500923e+16,1.234375,4.0578752214483736e+16,1.234375,4.0578752214483736e+16,100.0
370800,4.098245671671815e+16,1.234375,4.098655496238982e+16,1.234375,4.098655496238982e+16,100.0
370900,4.1394316558457064e+16,1.234375,4.139845599011291e+16,1.234375,4.139845599011291e+16,100.0
371000,4.1810315452435096e+16,1.234375,4.181449648398034e+16,1.234375,4.181449648398034e+16,100.0
371100,4.223049499472857e+16,1.234375,4.223471804422804e+16,1.234375,4.223471804422804e+16,100.0
371200,4.2654897199440456e+16,1.234375,4.26591626891604e+16,1.234375,4.26591626891604e+16,100.0
371300,4.3083564502901224e+16,1.234375,4.308787285935151e+16,1.234375,4.308787285935151e+16,100.0
371400,4.351653976791203e+16,1.234375,4.3520891421888824e+16,1.234375,4.3520891421888824e+16,100.0
371500,4.395386628803071e+16,1.234375,4.395826167465951e+16,1.234375,4.395826167465951e+16,100.0
371600,4.439558779190085e+16,1.234375,4.440002735068004e+16,1.234375,4.440002735068004e+16,100.0
371700,4.484174844762402e+16,1.234375,4.4846232622468776e+16,1.234375,4.4846232622468776e+16,100.0
371800,4.5292392867176376e+16,1.234375,4.5296922106463096e+16,1.234375,4.5296922106463096e+16,100.0
371900,4.5747566110869256e+16,1.234375,4.5752140867480344e+16,1.234375,4.5752140867480344e+16,100.0
372000,4.620731369185496e+16,1.234375,4.621193442322414e+16,1.234375,4.621193442322414e+16,100.0
372100,4.66716815806776e+16,1.234375,4.667634874883566e+16,1.234375,4.667634874883566e+16,100.0
372200,4.714071620986966e+16,1.234375,4.714543028149065e+16,1.234375,4.714543028149065e+16,100.0
372300,4.761446447859497e+16,1.234375,4.7619225925042824e+16,1.234375,4.7619225925042824e+16,100.0
372400,4.809297375733808e+16,1.234375,4.8097783054713816e+16,1.234375,4.8097783054713816e+16,100.0
372500,4.8576291892640856e+16,1.234375,4.858114952183012e+16,1.234375,4.858114952183012e+16,100.0
372600,4.906446721188679e+16,1.234375,4.906937365860798e+16,1.234375,4.906937365860798e+16,100.0
372700,4.95575485281332e+16,1.234375,4.956250428298602e+16,1.234375,4.956250428298602e+16,100.0
372800,5.005558514499222e+16,1.234375,5.006059070350672e+16,1.234375,5.006059070350672e+16,100.0
372900,5.055862686156054e+16,1.234375,5.0563682724246696e+16,1.234375,5.0563682724246696e+16,100.0
373000,5.1066723977399e+16,1.234375,5.107183064979674e+16,1.234375,5.107183064979674e+16,100.0
373100,5.1579927297561976e+16,1.234375,5.158508529029173e+16,1.234375,5.158508529029173e+16,100.0
373200,5.209828813767754e+16,1.234375,5.2103497966491304e+16,1.234375,5.2103497966491304e+16,100.0
373300,5.2621858329078456e+16,1.234375,5.262712051491136e+16,1.234375,5.262712051491136e+16,100.0
373400,5.315069022398488e+16,1.234375,5.315600529300728e+16,1.234375,5.315600529300728e+16,100.0
373500,5.368483670073902e+16,1.234375,5.3690205184409096e+16,1.234375,5.3690205184409096e+16,100.0
373600,5.422435116909267e+16,1.234375,5.422977360420958e+16,1.234375,5.422977360420958e+16,100.0
373700,5.476928757554746e+16,1.234375,5.477476450430501e+16,1.234375,5.477476450430501e+16,100.0
373800,5.531970040874925e+16,1.234375,5.532523237879012e+16,1.234375,5.532523237879012e+16,100.0
373900,5.587564470493627e+16,1.234375,5.588123226940677e+16,1.234375,5.588123226940677e+16,100.0
374000,5.643717605344252e+16,1.234375,5.6442819771047864e+16,1.234375,5.6442819771047864e+16,100.0
374100,5.700435060225578e+16,1.234375,5.7010051037316e+16,1.234375,5.7010051037316e+16,100.0
374200,5.757722506363223e+16,1.234375,5.758298278613859e+16,1.234375,5.758298278613859e+16,100.0
374300,5.815585671976716e+16,1.234375,5.816167230543914e+16,1.234375,5.816167230543914e+16,100.0
374400,5.874030342852246e+16,1.234375,5.874617745886531e+16,1.234375,5.874617745886531e+16,100.0
374500,5.9330623629212104e+16,1.234375,5.933655669157502e+16,1.234375,5.933655669157502e+16,100.0
374600,5.992687634844523e+16,1.234375,5.993286903608007e+16,1.234375,5.993286903608007e+16,100.0
374700,6.0529121206028616e+16,1.234375,6.053517411814922e+16,1.234375,6.053517411814922e+16,100.0
374800,6.1137418420927864e+16,1.234375,6.114353216276996e+16,1.234375,6.114353216276996e+16,100.0
374900,6.1751828817288904e+16,1.234375,6.175800400017063e+16,1.234375,6.175800400017063e+16,100.0
375000,6.2372413830519704e+16,1.234375,6.237865107190275e+16,1.234375,6.237865107190275e+16,100.0
375100,6.299923551343341e+16,1.234375,6.300553543698475e+16,1.234375,6.300553543698475e+16,100.0
375200,6.363235654245293e+16,1.234375,6.3638719778107176e+16,1.234375,6.3638719778107176e+16,100.0
375300,6.427184022387795e+16,1.234375,6.427826740790034e+16,1.234375,6.427826740790034e+16,100.0
375400,6.49177505002152e+16,1.234375,6.4924242275265224e+16,1.234375,6.4924242275265224e+16,100.0
375500,6.557015195657197e+16,1.234375,6.5576708971767624e+16,1.234375,6.5576708971767624e+16,100.0
375600,6.6229109827114056e+16,1.234375,6.623573273809677e+16,1.234375,6.623573273809677e+16,100.0
375700,6.689469000158847e+16,1.234375,6.690137947058863e+16,1.234375,6.690137947058863e+16,100.0
375800,6.756695903191208e+16,1.234375,6.757371572781527e+16,1.234375,6.757371572781527e+16,100.0
375900,6.824598413882597e+16,1.234375,6.825280873723985e+16,1.234375,6.825280873723985e+16,100.0
376000,6.893183321861686e+16,1.234375,6.893872640193873e+16,1.234375,6.893872640193873e+16,100.0
376100,6.962457484990641e+16,1.234375,6.96315373073914e+16,1.234375,6.96315373073914e+16,100.0
376200,7.0324278300508104e+16,1.234375,7.033131072833815e+16,1.234375,7.033131072833815e+16,100.0
376300,7.1031013534353544e+16,1.234375,7.103811663570698e+16,1.234375,7.103811663570698e+16,100.0
376400,7.174485121848829e+16,1.234375,7.1752025703610136e+16,1.234375,7.1752025703610136e+16,100.0
376500,7.246586273013768e+16,1.234375,7.247310931641069e+16,1.234375,7.247310931641069e+16,100.0
376600,7.319412016384437e+16,1.234375,7.320143957586075e+16,1.234375,7.320143957586075e+16,100.0
376700,7.392969633867634e+16,1.234375,7.39370893083102e+16,1.234375,7.39370893083102e+16,100.0
376800,7.467266480550891e+16,1.234375,7.468013207198946e+16,1.234375,7.468013207198946e+16,100.0
376900,7.542309985437885e+16,1.234375,7.543064216436429e+16,1.234375,7.543064216436429e+16,100.0
377000,7.618107652191254e+16,1.234375,7.618869462956474e+16,1.234375,7.618869462956474e+16,100.0
377100,7.694667059882926e+16,1.234375,7.695436526588915e+16,1.234375,7.695436526588915e+16,100.0
377200,7.771995863751936e+16,1.234375,7.77277306333831e+16,1.234375,7.77277306333831e+16,100.0
377300,7.850101795969867e+16,1.234375,7.850886806149464e+16,1.234375,7.850886806149464e+16,100.0
377400,7.928992666414035e+16,1.234375,7.929785565680677e+16,1.234375,7.929785565680677e+16,100.0
377500,8.008676363448378e+16,1.234375,8.009477231084722e+16,1.234375,8.009477231084722e+16,100.0
377600,8.089160854712227e+16,1.234375,8.089969770797698e+16,1.234375,8.089969770797698e+16,100.0
377700,8.170454187917008e+16,1.234375,8.1712712333358e+16,1.234375,8.1712712333358e+16,100.0
377800,8.252564491650894e+16,1.234375,8.253389748100059e+16,1.234375,8.253389748100059e+16,100.0
377900,8.33549997619165e+16,1.234375,8.336333526189269e+16,1.234375,8.336333526189269e+16,100.0
378000,8.419268934327544e+16,1.234375,8.420110861220976e+16,1.234375,8.420110861220976e+16,100.0
378100,8.503879742186581e+16,1.234375,8.5047301301608e+16,1.234375,8.5047301301608e+16,100.0
378200,8.589340860073997e+16,1.234375,8.590199794160005e+16,1.234375,8.590199794160005e+16,100.0
378300,8.675660833318275e+16,1.234375,8.676528399401606e+16,1.234375,8.676528399401606e+16,100.0
378400,8.762848293125522e+16,1.234375,8.763724577954834e+16,1.234375,8.763724577954834e+16,100.0
378500,8.850911957442563e+16,1.234375,8.851797048638307e+16,1.234375,8.851797048638307e+16,100.0
378600,8.939860631828656e+16,1.234375,8.940754617891838e+16,1.234375,8.940754617891838e+16,100.0
378700,9.029703210335933e+16,1.234375,9.030606180656966e+16,1.234375,9.030606180656966e+16,100.0
378800,9.12044867639876e+16,1.234375,9.1213607212664e+16,1.234375,9.1213607212664e+16,100.0
378900,9.212106103731987e+16,1.234375,9.21302731434236e+16,1.234375,9.21302731434236e+16,100.0
379000,9.304684657238208e+16,1.234375,9.305615125703931e+16,1.234375,9.305615125703931e+16,100.0
379100,9.398193593924216e+16,1.234375,9.399133413283608e+16,1.234375,9.399133413283608e+16,100.0
379200,9.492642263826581e+16,1.234375,9.493591528052963e+16,1.234375,9.493591528052963e+16,100.0
379300,9.58804011094659e+16,1.234375,9.588998914957685e+16,1.234375,9.588998914957685e+16,100.0
379400,9.684396674194538e+16,1.234375,9.685365113861957e+16,1.234375,9.685365113861957e+16,100.0
379500,9.781721588343562e+16,1.234375,9.782699760502395e+16,1.234375,9.782699760502395e+16,100.0
379600,9.880024584992998e+16,1.234375,9.881012587451498e+16,1.234375,9.881012587451498e+16,100.0
379700,9.979315493541472e+16,1.234375,9.980313425090826e+16,1.234375,9.980313425090826e+16,100.0
379800,1.0079604242169757e+17,1.234375,1.0080612202593974e+17,1.234375,1.0080612202593974e+17,100.0
379900,1.0180900858833478e+17,1.234375,1.0181918948919362e+17,1.234375,1.0181918948919362e+17,100.0
380000,1.0283215472265829e+17,1.234375,1.0284243793813056e+17,1.234375,1.0284243793813056e+17,100.0
380100,1.0386558312990333e+17,1.234375,1.0387596968821632e+17,1.234375,1.0387596968821632e+17,100.0
380200,1.0490939714343832e+17,1.234375,1.0491988808315266e+17,1.234375,1.0491988808315266e+17,100.0
380300,1.0596370113509714e+17,1.234375,1.0597429750521064e+17,1.234375,1.0597429750521064e+17,100.0
380400,1.0702860052561525e+17,1.234375,1.070393033856678e+17,1.234375,1.070393033856678e+17,100.0
380500,1.081042017951711e+17,1.234375,1.0811501221535062e+17,1.234375,1.0811501221535062e+17,100.0
380600,1.0919061249403258e+17,1.234375,1.0920153155528198e+17,1.234375,1.0920153155528198e+17,100.0
380700,1.1028794125331171e+17,1.234375,1.1029897004743704e+17,1.234375,1.1029897004743704e+17,100.0
380800,1.1139629779582648e+17,1.234375,1.1140743742560606e+17,1.234375,1.1140743742560606e+17,100.0
380900,1.1251579294707192e+17,1.234375,1.1252704452636662e+17,1.234375,1.1252704452636662e+17,100.0
381000,1.1364653864630198e+17,1.234375,1.1365790330016661e+17,1.234375,1.1365790330016661e+17,100.0
381100,1.1478864795772224e+17,1.234375,1.1480012682251802e+17,1.234375,1.1480012682251802e+17,100.0
381200,1.1594223508179538e+17,1.234375,1.1595382930530355e+17,1.234375,1.1595382930530355e+17,100.0
381300,1.1710741536666016e+17,1.234375,1.1711912610819683e+17,1.234375,1.1711912610819683e+17,100.0
381400,1.1828430531966515e+17,1.234375,1.1829613375019712e+17,1.234375,1.1829613375019712e+17,100.0
381500,1.194730226190183e+17,1.234375,1.1948496992128021e+17,1.234375,1.1948496992128021e+17,100.0
381600,1.2067368612555387e+17,1.234375,1.2068575349416643e+17,1.234375,1.2068575349416643e+17,100.0
381700,1.2188641589461733e+17,1.234375,1.2189860453620678e+17,1.234375,1.2189860453620678e+17,100.0
381800,1.2311133318807e+17,1.234375,1.231236443213888e+17,1.234375,1.231236443213888e+17,100.0
381900,1.2434856048641349e+17,1.234375,1.2436099534246213e+17,1.234375,1.2436099534246213e+17,100.0
382000,1.2559822150103739e+17,1.234375,1.2561078132318749e+17,1.234375,1.2561078132318749e+17,100.0
382100,1.2686044118658894e+17,1.234375,1.268731272307076e+17,1.234375,1.268731272307076e+17,100.0
382200,1.2813534575346723e+17,1.234375,1.2814815928804258e+17,1.234375,1.2814815928804258e+17,100.0
382300,1.2942306268044338e+17,1.234375,1.2943600498671142e+17,1.234375,1.2943600498671142e+17,100.0
382400,1.3072372072740691e+17,1.234375,1.3073679309947965e+17,1.234375,1.3073679309947965e+17,100.0
382500,1.3203744994824082e+17,1.234375,1.3205065369323563e+17,1.234375,1.3205065369323563e+17,100.0
382600,1.333643817038256e+17,1.234375,1.3337771814199598e+17,1.234375,1.3337771814199598e+17,100.0
382700,1.3470464867517434e+17,1.234375,1.3471811914004186e+17,1.234375,1.3471811914004186e+17,100.0
382800,1.360583848766994e+17,1.234375,1.3607199071518706e+17,1.234375,1.3607199071518706e+17,100.0
382900,1.3742572566961269e+17,1.234375,1.3743946824217965e+17,1.234375,1.3743946824217965e+17,100.0
383000,1.3880680777546053e+17,1.234375,1.3882068845623808e+17,1.234375,1.3882068845623808e+17,100.0
383100,1.4020176928979458e+17,1.234375,1.4021578946672355e+17,1.234375,1.4021578946672355e+17,100.0
383200,1.4161074969598026e+17,1.234375,1.4162491077094986e+17,1.234375,1.4162491077094986e+17,100.0
383300,1.4303388987914363e+17,1.234375,1.4304819326813155e+17,1.234375,1.4304819326813155e+17,100.0
383400,1.4447133214025862e+17,1.234375,1.4448577927347264e+17,1.234375,1.4448577927347264e+17,100.0
383500,1.459232202103757e+17,1.234375,1.4593781253239674e+17,1.234375,1.4593781253239674e+17,100.0
383600,1.4738969926499434e+17,1.234375,1.4740443823492083e+17,1.234375,1.4740443823492083e+17,100.0
383700,1.4887091593857805e+17,1.234375,1.488858030301719e+17,1.234375,1.488858030301719e+17,100.0
383800,1.503670183392175e+17,1.234375,1.5038205504105142e+17,1.234375,1.5038205504105142e+17,100.0
383900,1.5187815606343987e+17,1.234375,1.518933438790462e+17,1.234375,1.518933438790462e+17,100.0
384000,1.5340448021116643e+17,1.234375,1.5341982065918755e+17,1.234375,1.5341982065918755e+17,100.0
384100,1.549461434008219e+17,1.234375,1.54961638015162e+17,1.234375,1.54961638015162e+17,100.0
384200,1.565032997845944e+17,1.234375,1.5651895011457286e+17,1.234375,1.5651895011457286e+17,100.0
384300,1.580761050638497e+17,1.234375,1.5809191267435606e+17,1.234375,1.5809191267435606e+17,100.0
384400,1.5966471650469933e+17,1.234375,1.596806829763498e+17,1.234375,1.596806829763498e+17,100.0
384500,1.612692929537264e+17,1.234375,1.6128541988302176e+17,1.234375,1.6128541988302176e+17,100.0
384600,1.6288999485386826e+17,1.234375,1.6290628385335363e+17,1.234375,1.6290628385335363e+17,100.0
384700,1.6452698426045974e+17,1.234375,1.645434369588858e+17,1.234375,1.645434369588858e+17,100.0
384800,1.6618042485743734e+17,1.234375,1.6619704289992307e+17,1.234375,1.6619704289992307e+17,100.0
384900,1.6785048197370515e+17,1.234375,1.6786726702190253e+17,1.234375,1.6786726702190253e+17,100.0
385000,1.6953732259966717e+17,1.234375,1.6955427633192714e+17,1.234375,1.6955427633192714e+17,100.0
385100,1.7124111540392474e+17,1.234375,1.7125823951546512e+17,1.234375,1.7125823951546512e+17,100.0
385200,1.7296203075014122e+17,1.234375,1.7297932695321622e+17,1.234375,1.7297932695321622e+17,100.0
385300,1.7470024071407786e+17,1.234375,1.7471771073814925e+17,1.234375,1.7471771073814925e+17,100.0
385400,1.764559191007984e+17,1.234375,1.7647356469270848e+17,1.234375,1.7647356469270848e+17,100.0
385500,1.782292414620491e+17,1.234375,1.782470643861953e+17,1.234375,1.782470643861953e+17,100.0
385600,1.8002038511381216e+17,1.234375,1.8003838715232355e+17,1.234375,1.8003838715232355e+17,100.0
385700,1.8182952915403526e+17,1.234375,1.8184771210695066e+17,1.234375,1.8184771210695066e+17,100.0
385800,1.8365685448053997e+17,1.234375,1.8367522016598803e+17,1.234375,1.8367522016598803e+17,100.0
385900,1.855025438091097e+17,1.234375,1.855210940634906e+17,1.234375,1.855210940634906e+17,100.0
386000,1.8736678169175994e+17,1.234375,1.8738551836992912e+17,1.234375,1.8738551836992912e+17,100.0
386100,1.892497545351918e+17,1.234375,1.892686795106453e+17,1.234375,1.892686795106453e+17,100.0
386200,1.9115165061943018e+17,1.234375,1.9117076578449213e+17,1.234375,1.9117076578449213e+17,100.0
386300,1.9307266011665088e+17,1.234375,1.9309196738266253e+17,1.234375,1.9309196738266253e+17,100.0
386400,1.9501297511019587e+17,1.234375,1.9503247640770688e+17,1.234375,1.9503247640770688e+17,100.0
386500,1.9697278961377965e+17,1.234375,1.9699248689274102e+17,1.234375,1.9699248689274102e+17,100.0
386600,1.9895229959088918e+17,1.234375,1.9897219482084826e+17,1.234375,1.9897219482084826e+17,100.0
386700,2.0095170297437818e+17,1.234375,2.0097179814467562e+17,1.234375,2.0097179814467562e+17,100.0
386800,2.0297119968625862e+17,1.234375,2.0299149680622723e+17,1.234375,2.0299149680622723e+17,100.0
386900,2.0501099165769098e+17,1.234375,2.0503149275685674e+17,1.234375,2.0503149275685674e+17,100.0
387000,2.07071282849176e+17,1.234375,2.0709198997746093e+17,1.234375,2.0709198997746093e+17,100.0
387100,2.0915227927094854e+17,1.234375,2.0917319449887565e+17,1.234375,2.0917319449887565e+17,100.0
387200,2.112541890035762e+17,1.234375,2.1127531442247654e+17,1.234375,2.1127531442247654e+17,100.0
387300,2.1337722221876653e+17,1.234375,2.133985599409884e+17,1.234375,2.133985599409884e+17,100.0
387400,2.155215912003815e+17,1.234375,2.1554314335950154e+17,1.234375,2.1554314335950154e+17,100.0
387500,2.1768751036566432e+17,1.234375,2.177092791167009e+17,1.234375,2.177092791167009e+17,100.0
387600,2.1987519628667856e+17,1.234375,2.1989718380630723e+17,1.234375,2.1989718380630723e+17,100.0
387700,2.2208486771196445e+17,1.234375,2.2210707619873565e+17,1.234375,2.2210707619873565e+17,100.0
387800,2.243167455884107e+17,1.234375,2.2433917726296954e+17,1.234375,2.2433917726296954e+17,100.0
387900,2.2657105308334774e+17,1.234375,2.2659371018865606e+17,1.234375,2.2659371018865606e+17,100.0
388000,2.2884801560686237e+17,1.234375,2.2887090040842304e+17,1.234375,2.2887090040842304e+17,100.0
388100,2.311478608343364e+17,1.234375,2.311709756204198e+17,1.234375,2.311709756204198e+17,100.0
388200,2.334708187292125e+17,1.234375,2.3349416581108544e+17,1.234375,2.3349416581108544e+17,100.0
388300,2.358171215659881e+17,1.234375,2.358407032781447e+17,1.234375,2.358407032781447e+17,100.0
388400,2.3818700395344083e+17,1.234375,2.3821082265383616e+17,1.234375,2.3821082265383616e+17,100.0
388500,2.405807028580873e+17,1.234375,2.406047609283731e+17,1.234375,2.406047609283731e+17,100.0
388600,2.429984576278776e+17,1.234375,2.430227574736404e+17,1.234375,2.430227574736404e+17,100.0
388700,2.454405100161277e+17,1.234375,2.454650540671293e+17,1.234375,2.454650540671293e+17,100.0
388800,2.479071042056929e+17,1.234375,2.4793189491611347e+17,1.234375,2.4793189491611347e+17,100.0
388900,2.5039848683338346e+17,1.234375,2.5042352668206678e+17,1.234375,2.5042352668206678e+17,100.0
389000,2.5291490701462618e+17,1.234375,2.5294019850532765e+17,1.234375,2.5294019850532765e+17,100.0
389100,2.5545661636837418e+17,1.234375,2.55482162030011e+17,1.234375,2.55482162030011e+17,100.0
389200,2.5802386904226573e+17,1.234375,2.5804967142916995e+17,1.234375,2.5804967142916995e+17,100.0
389300,2.606169217380369e+17,1.234375,2.606429834302107e+17,1.234375,2.606429834302107e+17,100.0
389400,2.6323603373718944e+17,1.234375,2.6326235734056317e+17,1.234375,2.6326235734056317e+17,100.0
389500,2.6588146692691696e+17,1.234375,2.6590805507360966e+17,1.234375,2.6590805507360966e+17,100.0
389600,2.685534858262906e+17,1.234375,2.685803411748732e+17,1.234375,2.685803411748732e+17,100.0
389700,2.7125235761270858e+17,1.234375,2.7127948284846986e+17,1.234375,2.7127948284846986e+17,100.0
389800,2.739783521486122e+17,1.234375,2.7400574998382704e+17,1.234375,2.7400574998382704e+17,100.0
389900,2.7673174200846848e+17,1.234375,2.767594151826693e+17,1.234375,2.767594151826693e+17,100.0
390000,2.7951280250602637e+17,1.234375,2.7954075378627696e+17,1.234375,2.7954075378627696e+17,100.0
390100,2.8232181172184454e+17,1.234375,2.8235004390301674e+17,1.234375,2.8235004390301674e+17,100.0
390200,2.8515905053109757e+17,1.234375,2.851875664361507e+17,1.234375,2.851875664361507e+17,100.0
390300,2.880248026316604e+17,1.234375,2.880536051119236e+17,1.234375,2.880536051119236e+17,100.0
390400,2.909193545724757e+17,1.234375,2.909484465079329e+17,1.234375,2.909484465079329e+17,100.0
390500,2.938429957822069e+17,1.234375,2.9387238008178515e+17,1.234375,2.9387238008178515e+17,100.0
390600,2.967960185981764e+17,1.234375,2.968256982000362e+17,1.234375,2.968256982000362e+17,100.0
390700,2.997787182955987e+17,1.234375,2.998086961674283e+17,1.234375,2.998086961674283e+17,100.0
390800,3.02791393117105e+17,1.234375,3.028216722564167e+17,1.234375,3.028216722564167e+17,100.0
390900,3.058343443025629e+17,1.234375,3.0586492773699315e+17,1.234375,3.0586492773699315e+17,100.0
391000,3.0890787611919994e+17,1.234375,3.0893876690681184e+17,1.234375,3.0893876690681184e+17,100.0
391100,3.120122958920257e+17,1.234375,3.120434971216149e+17,1.234375,3.120434971216149e+17,100.0
391200,3.1514791403456275e+17,1.234375,3.151794288259662e+17,1.234375,3.151794288259662e+17,100.0
391300,3.183150440798844e+17,1.234375,3.183468755842924e+17,1.234375,3.183468755842924e+17,100.0
391400,3.215140027119661e+17,1.234375,3.2154615411223725e+17,1.234375,3.2154615411223725e+17,100.0
391500,3.2474510979734925e+17,1.234375,3.2477758430832896e+17,1.234375,3.2477758430832896e+17,100.0
391600,3.280086884171263e+17,1.234375,3.28041489285968e+17,1.234375,3.28041489285968e+17,100.0
391700,3.3130506489924576e+17,1.234375,3.313381954057357e+17,1.234375,3.313381954057357e+17,100.0
391800,3.346345688511415e+17,1.234375,3.346680323080266e+17,1.234375,3.346680323080266e+17,100.0
391900,3.379975331926903e+17,1.234375,3.380313329460096e+17,1.234375,3.380313329460096e+17,100.0
392000,3.4139429418950246e+17,1.234375,3.414284336189214e+17,1.234375,3.414284336189214e+17,100.0
392100,3.4482519148654304e+17,1.234375,3.448596740056917e+17,1.234375,3.448596740056917e+17,100.0
392200,3.482905681420939e+17,1.234375,3.483253971989081e+17,1.234375,3.483253971989081e+17,100.0
392300,3.517907706620579e+17,1.234375,3.518259497391241e+17,1.234375,3.518259497391241e+17,100.0
392400,3.5532614903460384e+17,1.234375,3.553616816495073e+17,1.234375,3.553616816495073e+17,100.0
392500,3.5889705676516454e+17,1.234375,3.589329464708411e+17,1.234375,3.589329464708411e+17,100.0
392600,3.625038509117821e+17,1.234375,3.625401012968733e+17,1.234375,3.625401012968733e+17,100.0
392700,3.6614689212081146e+17,1.234375,3.6618350681002355e+17,1.234375,3.6618350681002355e+17,100.0
392800,3.698265446629819e+17,1.234375,3.698635273174482e+17,1.234375,3.698635273174482e+17,100.0
392900,3.735431764698207e+17,1.234375,3.7358053078746765e+17,1.234375,3.7358053078746765e+17,100.0
393000,3.7729715917044166e+17,1.234375,3.773348888863587e+17,1.234375,3.773348888863587e+17,100.0
393100,3.8108886812870656e+17,1.234375,3.811269770155194e+17,1.234375,3.811269770155194e+17,100.0
393200,3.8491868248075654e+17,1.234375,3.849571743490046e+17,1.234375,3.849571743490046e+17,100.0
393300,3.8878698517292314e+17,1.234375,3.8882586387144045e+17,1.234375,3.8882586387144045e+17,100.0
393400,3.926941630000187e+17,1.234375,3.9273343241631866e+17,1.234375,3.9273343241631866e+17,100.0
393500,3.966406066440134e+17,1.234375,3.9668027070467776e+17,1.234375,3.9668027070467776e+17,100.0
393600,4.006267107130984e+17,1.234375,4.0066677338416966e+17,1.234375,4.0066677338416966e+17,100.0
393700,4.046528737811452e+17,1.234375,4.046933390685233e+17,1.234375,4.046933390685233e+17,100.0
393800,4.0871949842755654e+17,1.234375,4.087603703773993e+17,1.234375,4.087603703773993e+17,100.0
393900,4.12826991277523e+17,1.234375,4.1286827397665075e+17,1.234375,4.1286827397665075e+17,100.0
394000,4.169757630426808e+17,1.234375,4.170174606189851e+17,1.234375,4.170174606189851e+17,100.0
394100,4.211662285621783e+17,1.234375,4.212083451850345e+17,1.234375,4.212083451850345e+17,100.0
394200,4.2539880684415917e+17,1.234375,4.254413467248436e+17,1.234375,4.254413467248436e+17,100.0
394300,4.2967392110765523e+17,1.234375,4.29716888499766e+17,1.234375,4.29716888499766e+17,100.0
394400,4.339919988249081e+17,1.234375,4.340353980247906e+17,1.234375,4.340353980247906e+17,100.0
394500,4.383534717641103e+17,1.234375,4.3839730711128666e+17,1.234375,4.3839730711128666e+17,100.0
394600,4.4275877603257824e+17,1.234375,4.428030519101815e+17,1.234375,4.428030519101815e+17,100.0
394700,4.47208352120361e+17,1.234375,4.4725307295557306e+17,1.234375,4.4725307295557306e+17,100.0
394800,4.5170264494428243e+17,1.234375,4.517478152087768e+17,1.234375,4.517478152087768e+17,100.0
394900,4.5624210389243085e+17,1.234375,4.562877281028201e+17,1.234375,4.562877281028201e+17,100.0
395000,4.608271828690925e+17,1.234375,4.608732655873794e+17,1.234375,4.608732655873794e+17,100.0
395100,4.654583403401383e+17,1.234375,4.655048861741723e+17,1.234375,4.655048861741723e+17,100.0
395200,4.7013603937886746e+17,1.234375,4.701830529828053e+17,1.234375,4.701830529828053e+17,100.0
395300,4.74860747712308e+17,1.234375,4.749082337870792e+17,1.234375,4.749082337870792e+17,100.0
395400,4.7963293776798675e+17,1.234375,4.796809010617635e+17,1.234375,4.796809010617635e+17,100.0
395500,4.844530867211683e+17,1.234375,4.8450153202984045e+17,1.234375,4.8450153202984045e+17,100.0
395600,4.893216765425667e+17,1.234375,4.89370608710221e+17,1.234375,4.89370608710221e+17,100.0
395700,4.9423919404653875e+17,1.234375,4.942886179659434e+17,1.234375,4.942886179659434e+17,100.0
395800,4.992061309397618e+17,1.234375,4.9925605155285574e+17,1.234375,4.9925605155285574e+17,100.0
395900,5.04222983870398e+17,1.234375,5.04273406168785e+17,1.234375,5.04273406168785e+17,100.0
396000,5.092902544777568e+17,1.234375,5.0934118350320454e+17,1.234375,5.0934118350320454e+17,100.0
396100,5.1440844944245286e+17,1.234375,5.144598902873971e+17,1.234375,5.144598902873971e+17,100.0
396200,5.1957808053707e+17,1.234375,5.196300383451237e+17,1.234375,5.196300383451237e+17,100.0
396300,5.247996646773324e+17,1.234375,5.248521446438001e+17,1.234375,5.248521446438001e+17,100.0
396400,5.3007372397379386e+17,1.234375,5.301267313461912e+17,1.234375,5.301267313461912e+17,100.0
396500,5.354007857840425e+17,1.234375,5.3545432586262086e+17,1.234375,5.3545432586262086e+17,100.0
396600,5.407813827654321e+17,1.234375,5.408354609037087e+17,1.234375,5.408354609037087e+17,100.0
396700,5.4621605292834285e+17,1.234375,5.4627067453363565e+17,1.234375,5.4627067453363565e+17,100.0
396800,5.517053396899771e+17,1.234375,5.5176051022394605e+17,1.234375,5.5176051022394605e+17,100.0
396900,5.572497919286962e+17,1.234375,5.57305516907889e+17,1.234375,5.57305516907889e+17,100.0
397000,5.628499640389045e+17,1.234375,5.629062490353084e+17,1.234375,5.629062490353084e+17,100.0
397100,5.685064159864831e+17,1.234375,5.685632666280817e+17,1.234375,5.685632666280817e+17,100.0
397200,5.742197133647788e+17,1.234375,5.7427713533611526e+17,1.234375,5.7427713533611526e+17,100.0
397300,5.799904274511625e+17,1.234375,5.800484264939076e+17,1.234375,5.800484264939076e+17,100.0
397400,5.858191352641496e+17,1.234375,5.85877717177676e+17,1.234375,5.85877717177676e+17,100.0
397500,5.917064196210944e+17,1.234375,5.917655902630565e+17,1.234375,5.917655902630565e+17,100.0
397600,5.97652869196472e+17,1.234375,5.977126344833917e+17,1.234375,5.977126344833917e+17,100.0
397700,6.036590785807338e+17,1.234375,6.037194444885919e+17,1.234375,6.037194444885919e+17,100.0
397800,6.09725648339767e+17,1.234375,6.09786620904601e+17,1.234375,6.09786620904601e+17,100.0
397900,6.158531850749416e+17,1.234375,6.159147703934491e+17,1.234375,6.159147703934491e+17,100.0
398000,6.220423014837663e+17,1.234375,6.221045057139146e+17,1.234375,6.221045057139146e+17,100.0
398100,6.282936164211525e+17,1.234375,6.283564457827946e+17,1.234375,6.283564457827946e+17,100.0
398200,6.346077549612959e+17,1.234375,6.346712157367919e+17,1.234375,6.346712157367919e+17,100.0
398300,6.409853484601754e+17,1.234375,6.410494469950213e+17,1.234375,6.410494469950213e+17,100.0
398400,6.474270346186847e+17,1.234375,6.474917773221466e+17,1.234375,6.474917773221466e+17,100.0
398500,6.539334575463946e+17,1.234375,6.539988508921492e+17,1.234375,6.539988508921492e+17,100.0
398600,6.605052678259617e+17,1.234375,6.605713183527443e+17,1.234375,6.605713183527443e+17,100.0
398700,6.671431225781768e+17,1.234375,6.672098368904346e+17,1.234375,6.672098368904346e+17,100.0
398800,6.738476855276731e+17,1.234375,6.739150702962258e+17,1.234375,6.739150702962258e+17,100.0
398900,6.806196270692923e+17,1.234375,6.806876890319992e+17,1.234375,6.806876890319992e+17,100.0
399000,6.874596243351176e+17,1.234375,6.875283702975511e+17,1.234375,6.875283702975511e+17,100.0
399100,6.943683612621805e+17,1.234375,6.944377980983067e+17,1.234375,6.944377980983067e+17,100.0
399200,7.013465286608489e+17,1.234375,7.01416663313715e+17,1.234375,7.01416663313715e+17,100.0
399300,7.083948242839016e+17,1.234375,7.0846566376633e+17,1.234375,7.0846566376633e+17,100.0
399400,7.155139528962967e+17,1.234375,7.155855042915863e+17,1.234375,7.155855042915863e+17,100.0
399500,7.227046263456425e+17,1.234375,7.22776896808277e+17,1.234375,7.22776896808277e+17,100.0
399600,7.299675636333734e+17,1.234375,7.300405603897368e+17,1.234375,7.300405603897368e+17,100.0
399700,7.373034909866483e+17,1.234375,7.37377221335747e+17,1.234375,7.37377221335747e+17,100.0
399800,7.447131419309615e+17,1.234375,7.447876132451546e+17,1.234375,7.447876132451546e+17,100.0
399900,7.521972573634913e+17,1.234375,7.522724770892276e+17,1.234375,7.522724770892276e+17,100.0
400000,7.597565856271822e+17,1.234375,7.598325612857449e+17,1.234375,7.598325612857449e+17,100.0
400100,7.673918825855724e+17,1.234375,7.674686217738309e+17,1.234375,7.674686217738309e+17,100.0
400200,7.751039116983731e+17,1.234375,7.751814220895429e+17,1.234375,7.751814220895429e+17,100.0
400300,7.828934440978083e+17,1.234375,7.82971733442218e+17,1.234375,7.82971733442218e+17,100.0
400400,7.907612586657181e+17,1.234375,7.908403347915848e+17,1.234375,7.908403347915848e+17,100.0
400500,7.987081421114456e+17,1.234375,7.987880129256567e+17,1.234375,7.987880129256567e+17,100.0
400600,8.06734889050495e+17,1.234375,8.068155625394001e+17,1.234375,8.068155625394001e+17,100.0
400700,8.148423020839859e+17,1.234375,8.149237863141943e+17,1.234375,8.149237863141943e+17,100.0
400800,8.230311918789105e+17,1.234375,8.231134949980983e+17,1.234375,8.231134949980983e+17,100.0
400900,8.313023772491896e+17,1.234375,8.313855074869146e+17,1.234375,8.313855074869146e+17,100.0
401000,8.396566852375478e+17,1.234375,8.397406509060716e+17,1.234375,8.397406509060716e+17,100.0
401100,8.480949511982089e+17,1.234375,8.481797606933288e+17,1.234375,8.481797606933288e+17,100.0
401200,8.566180188804244e+17,1.234375,8.567036806823124e+17,1.234375,8.567036806823124e+17,100.0
401300,8.652267405128413e+17,1.234375,8.653132631868927e+17,1.234375,8.653132631868927e+17,100.0
401400,8.73921976888715e+17,1.234375,8.740093690864038e+17,1.234375,8.740093690864038e+17,100.0
401500,8.827045974519839e+17,1.234375,8.82792867911729e+17,1.234375,8.82792867911729e+17,100.0
401600,8.915754803842044e+17,1.234375,8.916646379322428e+17,1.234375,8.916646379322428e+17,100.0
401700,9.005355126923583e+17,1.234375,9.006255662436275e+17,1.234375,9.006255662436275e+17,100.0
401800,9.095855902975514e+17,1.234375,9.096765488565811e+17,1.234375,9.096765488565811e+17,100.0
401900,9.187266181245906e+17,1.234375,9.188184907864031e+17,1.234375,9.188184907864031e+17,100.0
402000,9.279595101924724e+17,1.234375,9.280523061434917e+17,1.234375,9.280523061434917e+17,100.0
402100,9.372851897057769e+17,1.234375,9.373789182247475e+17,1.234375,9.373789182247475e+17,100.0
402200,9.467045891469765e+17,1.234375,9.467992596058912e+17,1.234375,9.467992596058912e+17,100.0
402300,9.562186503696783e+17,1.234375,9.563142722347153e+17,1.234375,9.563142722347153e+17,100.0
402400,9.658283246927983e+17,1.234375,9.659249075252676e+17,1.234375,9.659249075252676e+17,100.0
402500,9.75534572995689e+17,1.234375,9.756321264529885e+17,1.234375,9.756321264529885e+17,100.0
402600,9.853383658142136e+17,1.234375,9.85436899650795e+17,1.234375,9.85436899650795e+17,100.0
402700,9.95240683437792e+17,1.234375,9.953402075061358e+17,1.234375,9.953402075061358e+17,100.0
402800,1.0052425160074241e+18,1.234375,1.0053430402590249e+18,1.234375,1.0053430402590249e+18,100.0
402900,1.0153448636146913e+18,1.234375,1.0154463981010528e+18,1.234375,1.0154463981010528e+18,100.0
403000,1.0255487364017555e+18,1.234375,1.0256512912753957e+18,1.234375,1.0256512912753957e+18,100.0
403100,1.0358551546623683e+18,1.234375,1.0359587401778345e+18,1.234375,1.0359587401778345e+18,100.0
403200,1.0462651489438881e+18,1.234375,1.0463697754587825e+18,1.234375,1.0463697754587825e+18,100.0
403300,1.0567797601503263e+18,1.234375,1.0568854381263412e+18,1.234375,1.0568854381263412e+18,100.0
403400,1.0674000396464265e+18,1.234375,1.0675067796503912e+18,1.234375,1.0675067796503912e+18,100.0
403500,1.0781270493627946e+18,1.234375,1.078234862067731e+18,1.234375,1.078234862067731e+18,100.0
403600,1.0889618619020792e+18,1.234375,1.0890707580882694e+18,1.234375,1.0890707580882694e+18,100.0
403700,1.0999055606462239e+18,1.234375,1.1000155512022885e+18,1.234375,1.1000155512022885e+18,100.0
403800,1.1109592398647939e+18,1.234375,1.1110703357887803e+18,1.234375,1.1110703357887803e+18,100.0
403900,1.1221240048243928e+18,1.234375,1.1222362172248753e+18,1.234375,1.1222362172248753e+18,100.0
404000,1.1334009718991825e+18,1.234375,1.1335143119963724e+18,1.234375,1.1335143119963724e+18,100.0
404100,1.1447912686825056e+18,1.234375,1.1449057478093738e+18,1.234375,1.1449057478093738e+18,100.0
404200,1.1562960340996385e+18,1.234375,1.1564116637030484e+18,1.234375,1.1564116637030484e+18,100.0
404300,1.167916418521671e+18,1.234375,1.168033210163523e+18,1.234375,1.168033210163523e+18,100.0
404400,1.179653583880535e+18,1.234375,1.179771549238923e+18,1.234375,1.179771549238923e+18,100.0
404500,1.191508703785184e+18,1.234375,1.1916278546555625e+18,1.234375,1.1916278546555625e+18,100.0
404600,1.203482963638946e+18,1.234375,1.2036033119353098e+18,1.234375,1.2036033119353098e+18,100.0
404700,1.2155775607580493e+18,1.234375,1.215699118514125e+18,1.234375,1.215699118514125e+18,100.0
404800,1.2277937044913487e+18,1.234375,1.227916483861798e+18,1.234375,1.227916483861798e+18,100.0
404900,1.240132616341245e+18,1.234375,1.240256629602879e+18,1.234375,1.240256629602879e+18,100.0
405000,1.252595530085828e+18,1.234375,1.2527207896388367e+18,1.234375,1.2527207896388367e+18,100.0
405100,1.2651836919022382e+18,1.234375,1.2653102102714284e+18,1.234375,1.2653102102714284e+18,100.0
405200,1.277898360491273e+18,1.234375,1.278026150327322e+18,1.234375,1.278026150327322e+18,100.0
405300,1.2907408072032497e+18,1.234375,1.29086988128397e+18,1.234375,1.29086988128397e+18,100.0
405400,1.3037123161651284e+18,1.234375,1.303842687396745e+18,1.234375,1.303842687396745e+18,100.0
405500,1.316814184408907e+18,1.234375,1.316945865827348e+18,1.234375,1.316945865827348e+18,100.0
405600,1.330047722001323e+18,1.234375,1.3301807267735232e+18,1.234375,1.3301807267735232e+18,100.0
405700,1.3434142521748357e+18,1.234375,1.3435485936000532e+18,1.234375,1.3435485936000532e+18,100.0
405800,1.3569151114599455e+18,1.234375,1.3570508029710915e+18,1.234375,1.3570508029710915e+18,100.0
405900,1.3705516498188347e+18,1.234375,1.3706887049838164e+18,1.234375,1.3706887049838164e+18,100.0
406000,1.3843252307803471e+18,1.234375,1.3844636633034253e+18,1.234375,1.3844636633034253e+18,100.0
406100,1.3982372315763318e+18,1.234375,1.3983770552994893e+18,1.234375,1.3983770552994893e+18,100.0
406200,1.4122890432793516e+18,1.234375,1.4124302721836795e+18,1.234375,1.4124302721836795e+18,100.0
406300,1.426482070941779e+18,1.234375,1.4266247191488732e+18,1.234375,1.4266247191488732e+18,100.0
406400,1.4408177337362883e+18,1.234375,1.440961815509662e+18,1.234375,1.440961815509662e+18,100.0
406500,1.45529746509776e+18,1.234375,1.4554429948442698e+18,1.234375,1.4554429948442698e+18,100.0
406600,1.4699227128666097e+18,1.234375,1.4700697051378962e+18,1.234375,1.4700697051378962e+18,100.0
406700,1.48469493943356e+18,1.234375,1.4848434089275034e+18,1.234375,1.4848434089275034e+18,100.0
406800,1.4996156218858696e+18,1.234375,1.499765583448058e+18,1.234375,1.499765583448058e+18,100.0
406900,1.5146862521550193e+18,1.234375,1.5148377207802348e+18,1.234375,1.5148377207802348e+18,100.0
407000,1.5299083371659003e+18,1.234375,1.5300613279996168e+18,1.234375,1.5300613279996168e+18,100.0
407100,1.5452833989874906e+18,1.234375,1.5454379273273892e+18,1.234375,1.5454379273273892e+18,100.0
407200,1.5608129749850447e+18,1.234375,1.560969056282543e+18,1.234375,1.560969056282543e+18,100.0
407300,1.5764986179738194e+18,1.234375,1.5766562678356168e+18,1.234375,1.5766562678356168e+18,100.0
407400,1.5923418963743406e+18,1.234375,1.592501130563978e+18,1.234375,1.592501130563978e+18,100.0
407500,1.6083443943692298e+18,1.234375,1.6085052288086666e+18,1.234375,1.6085052288086666e+18,100.0
407600,1.6245077120616108e+18,1.234375,1.624670162832817e+18,1.234375,1.624670162832817e+18,100.0
407700,1.640833465635101e+18,1.234375,1.6409975489816645e+18,1.234375,1.6409975489816645e+18,100.0
407800,1.6573232875154173e+18,1.234375,1.657489019844169e+18,1.234375,1.657489019844169e+18,100.0
407900,1.6739788265336003e+18,1.234375,1.6741462244162537e+18,1.234375,1.6741462244162537e+18,100.0
408000,1.6908017480908915e+18,1.234375,1.6909708282657006e+18,1.234375,1.6909708282657006e+18,100.0
408100,1.7077937343252472e+18,1.234375,1.7079645136986798e+18,1.234375,1.7079645136986798e+18,100.0
408200,1.7249564842795459e+18,1.234375,1.725128979927974e+18,1.234375,1.725128979927974e+18,100.0
408300,1.742291714071471e+18,1.234375,1.7424659432428782e+18,1.234375,1.7424659432428782e+18,100.0
408400,1.7598011570651064e+18,1.234375,1.7599771371808128e+18,1.234375,1.7599771371808128e+18,100.0
408500,1.777486564044263e+18,1.234375,1.7776643127006674e+18,1.234375,1.7776643127006674e+18,100.0
408600,1.7953497033875328e+18,1.234375,1.7955292383578716e+18,1.234375,1.7955292383578716e+18,100.0
408700,1.8133923612451215e+18,1.234375,1.813573700481246e+18,1.234375,1.813573700481246e+18,100.0
408800,1.8316163417174377e+18,1.234375,1.8317995033516093e+18,1.234375,1.8317995033516093e+18,100.0
408900,1.8500234670354867e+18,1.234375,1.8502084693821903e+18,1.234375,1.8502084693821903e+18,100.0
409000,1.8686155777430825e+18,1.234375,1.8688024393008568e+18,1.234375,1.8688024393008568e+18,100.0
409100,1.8873945328808837e+18,1.234375,1.887583272334172e+18,1.234375,1.887583272334172e+18,100.0
409200,1.9063622101722767e+18,1.234375,1.9065528463932938e+18,1.234375,1.9065528463932938e+18,100.0
409300,1.925520506211135e+18,1.234375,1.9257130582617562e+18,1.234375,1.9257130582617562e+18,100.0
409400,1.9448713366514583e+18,1.234375,1.9450658237851233e+18,1.234375,1.9450658237851233e+18,100.0
409500,1.9644166363989225e+18,1.234375,1.9646130780625623e+18,1.234375,1.9646130780625623e+18,100.0
409600,1.9841583598043538e+18,1.234375,1.984356775640334e+18,1.234375,1.984356775640334e+18,100.0
409700,2.0040984808591424e+18,1.234375,2.0042988907072284e+18,1.234375,2.0042988907072284e+18,100.0
409800,2.0242389933926216e+18,1.234375,2.0244414172919608e+18,1.234375,2.0244414172919608e+18,100.0
409900,2.0445819112714401e+18,1.234375,2.0447863694625672e+18,1.234375,2.0447863694625672e+18,100.0
410000,2.065129268600923e+18,1.234375,2.065335781527783e+18,1.234375,2.065335781527783e+18,100.0
410100,2.08588311992847e+18,1.234375,2.0860917082404628e+18,1.234375,2.0860917082404628e+18,100.0
410200,2.1068455404489833e+18,1.234375,2.1070562250030282e+18,1.234375,2.1070562250030282e+18,100.0
410300,2.128018626212378e+18,1.234375,2.1282314280749993e+18,1.234375,2.1282314280749993e+18,100.0
410400,2.149404494333157e+18,1.234375,2.1496194347825905e+18,1.234375,2.1496194347825905e+18,100.0
410500,2.1710052832021128e+18,1.234375,2.171222383730433e+18,1.234375,2.171222383730433e+18,100.0
410600,2.192823152700141e+18,1.234375,2.193042435015411e+18,1.234375,2.193042435015411e+18,100.0
410700,2.21486028441421e+18,1.234375,2.2150817704426514e+18,1.234375,2.2150817704426514e+18,100.0
410800,2.2371188818555034e+18,1.234375,2.237342593743689e+18,1.234375,2.237342593743689e+18,100.0
410900,2.2596011706797417e+18,1.234375,2.2598271307968097e+18,1.234375,2.2598271307968097e+18,100.0
411000,2.282309398909739e+18,1.234375,2.28253762984963e+18,1.234375,2.28253762984963e+18,100.0
411100,2.3052458371601759e+18,1.234375,2.305476361743892e+18,1.234375,2.305476361743892e+18,100.0
411200,2.328412778864643e+18,1.234375,2.3286456201425295e+18,1.234375,2.3286456201425295e+18,100.0
411300,2.3518125405049687e+18,1.234375,2.352047721759019e+18,1.234375,2.352047721759019e+18,100.0
411400,2.375447461842831e+18,1.234375,2.375685006589015e+18,1.234375,2.375685006589015e+18,100.0
411500,2.399319906153731e+18,1.234375,2.3995598381443466e+18,1.234375,2.3995598381443466e+18,100.0
411600,2.4234322604632837e+18,1.234375,2.42367460368933e+18,1.234375,2.42367460368933e+18,100.0
411700,2.447786935785911e+18,1.234375,2.4480317144794895e+18,1.234375,2.4480317144794895e+18,100.0
411800,2.4723863673659156e+18,1.234375,2.472633606002652e+18,1.234375,2.472633606002652e+18,100.0
411900,2.497233014920973e+18,1.234375,2.497482738222465e+18,1.234375,2.497482738222465e+18,100.0
412000,2.522329362888102e+18,1.234375,2.5225815958243907e+18,1.234375,2.5225815958243907e+18,100.0
412100,2.547677920672065e+18,1.234375,2.547932688464132e+18,1.234375,2.547932688464132e+18,100.0
412200,2.5732812228962995e+18,1.234375,2.573538551018589e+18,1.234375,2.573538551018589e+18,100.0
412300,2.599141829656349e+18,1.234375,2.599401743839315e+18,1.234375,2.599401743839315e+18,100.0
412400,2.625262326775853e+18,1.234375,2.6255248530085304e+18,1.234375,2.6255248530085304e+18,100.0
412500,2.651645326065108e+18,1.234375,2.6519104905977144e+18,1.234375,2.6519104905977144e+18,100.0
412600,2.678293465582215e+18,1.234375,2.678561294928773e+18,1.234375,2.678561294928773e+18,100.0
412700,2.7052094098968714e+18,1.234375,2.705479930837861e+18,1.234375,2.705479930837861e+18,100.0
412800,2.732395850356802e+18,1.234375,2.732669089941838e+18,1.234375,2.732669089941838e+18,100.0
412900,2.759855505356862e+18,1.234375,2.7601314909073976e+18,1.234375,2.7601314909073976e+18,100.0
413000,2.787591120610859e+18,1.234375,2.78786987972292e+18,1.234375,2.78786987972292e+18,100.0
413100,2.815605469426097e+18,1.234375,2.8158870299730396e+18,1.234375,2.8158870299730396e+18,100.0
413200,2.843901352980683e+18,1.234375,2.844185743115981e+18,1.234375,2.844185743115981e+18,100.0
413300,2.872481600603606e+18,1.234375,2.8727688487636664e+18,1.234375,2.8727688487636664e+18,100.0
413400,2.901349070057672e+18,1.234375,2.901639204964678e+18,1.234375,2.901639204964678e+18,100.0
413500,2.93050664782523e+18,1.234375,2.930799698490012e+18,1.234375,2.930799698490012e+18,100.0
413600,2.959957249396797e+18,1.234375,2.9602532451217367e+18,1.234375,2.9602532451217367e+18,100.0
413700,2.989703819562594e+18,1.234375,2.99000278994455e+18,1.234375,2.99000278994455e+18,100.0
413800,3.0197493327069737e+18,1.234375,3.020051307640244e+18,1.234375,3.020051307640244e+18,100.0
413900,3.050096793105864e+18,1.234375,3.0504018027851745e+18,1.234375,3.0504018027851745e+18,100.0
414000,3.0807492352271375e+18,1.234375,3.08105731015066e+18,1.234375,3.08105731015066e+18,100.0
414100,3.1117097240340547e+18,1.234375,3.112020895006458e+18,1.234375,3.112020895006458e+18,100.0
414200,3.1429813552917115e+18,1.234375,3.1432956534272404e+18,1.234375,3.1432956534272404e+18,100.0
414300,3.1745672558766013e+18,1.234375,3.174884712602189e+18,1.234375,3.174884712602189e+18,100.0
414400,3.2064705840892677e+18,1.234375,3.2067912311476767e+18,1.234375,3.2067912311476767e+18,100.0
414500,3.2386945299701084e+18,1.234375,3.2390183994231055e+18,1.234375,3.2390183994231055e+18,100.0
414600,3.2712423156183516e+18,1.234375,3.2715694398499133e+18,1.234375,3.2715694398499133e+18,100.0
414700,3.3041171955142323e+18,1.234375,3.304447607233784e+18,1.234375,3.304447607233784e+18,100.0
414800,3.3373224568444083e+18,1.234375,3.3376561890900925e+18,1.234375,3.3376561890900925e+18,100.0
414900,3.370861419830659e+18,1.234375,3.3711985059726423e+18,1.234375,3.3711985059726423e+18,100.0
415000,3.404737438061868e+18,1.234375,3.405077911805674e+18,1.234375,3.405077911805674e+18,100.0
415100,3.438953898829354e+18,1.234375,3.439297794219237e+18,1.234375,3.439297794219237e+18,100.0
415200,3.473514223465566e+18,1.234375,3.473861574887913e+18,1.234375,3.473861574887913e+18,100.0
415300,3.50842186768619e+18,1.234375,3.5087727098729585e+18,1.234375,3.5087727098729585e+18,100.0
415400,3.54368032193569e+18,1.234375,3.544034689967884e+18,1.234375,3.544034689967884e+18,100.0
415500,3.579293111736317e+18,1.234375,3.5796510410474906e+18,1.234375,3.5796510410474906e+18,100.0
415600,3.6152637980406246e+18,1.234375,3.615625324420429e+18,1.234375,3.615625324420429e+18,100.0
415700,3.651595977587539e+18,1.234375,3.6519611371852974e+18,1.234375,3.6519611371852974e+18,100.0
415800,3.6882932832619955e+18,1.234375,3.6886621125903217e+18,1.234375,3.6886621125903217e+18,100.0
415900,3.7253593844581965e+18,1.234375,3.7257319203966423e+18,1.234375,3.7257319203966423e+18,100.0
416000,3.7627979874465244e+18,1.234375,3.763174267245269e+18,1.234375,3.763174267245269e+18,100.0
416100,3.800612835744115e+18,1.234375,3.8009928970276895e+18,1.234375,3.8009928970276895e+18,100.0
416200,3.838807710489189e+18,1.234375,3.839191591260238e+18,1.234375,3.839191591260238e+18,100.0
416300,3.8773864308191304e+18,1.234375,3.877774169462212e+18,1.234375,3.877774169462212e+18,100.0
416400,3.916352854252364e+18,1.234375,3.916744489537789e+18,1.234375,3.916744489537789e+18,100.0
416500,3.955710877074071e+18,1.234375,3.956106448161778e+18,1.234375,3.956106448161778e+18,100.0
416600,3.995464434725777e+18,1.234375,3.9958639811692493e+18,1.234375,3.9958639811692493e+18,100.0
416700,4.0356175021988716e+18,1.234375,4.0360210639490913e+18,1.234375,4.0360210639490913e+18,100.0
416800,4.0761740944320655e+18,1.234375,4.076581711841509e+18,1.234375,4.076581711841509e+18,100.0
416900,4.117138266712839e+18,1.234375,4.1175499805395103e+18,1.234375,4.1175499805395103e+18,100.0
417000,4.1585141150829486e+18,1.234375,4.158929966494457e+18,1.234375,4.158929966494457e+18,100.0
417100,4.2003057767479864e+18,1.234375,4.200725807325661e+18,1.234375,4.200725807325661e+18,100.0
417200,4.2425174304910546e+18,1.234375,4.242941682234104e+18,1.234375,4.242941682234104e+18,100.0
417300,4.2851532970906255e+18,1.234375,4.2855818124203346e+18,1.234375,4.2855818124203346e+18,100.0
417400,4.3282176397425577e+18,1.234375,4.328650461506532e+18,1.234375,4.328650461506532e+18,100.0
417500,4.3717147644863923e+18,1.234375,4.372151935962841e+18,1.234375,4.372151935962841e+18,100.0
417600,4.4156490206359127e+18,1.234375,4.4160905855379763e+18,1.234375,4.4160905855379763e+18,100.0
417700,4.460024801214039e+18,1.234375,4.4604708036941604e+18,1.234375,4.4604708036941604e+18,100.0
417800,4.504846543392085e+18,1.234375,4.505297028046424e+18,1.234375,4.505297028046424e+18,100.0
417900,4.550118728933432e+18,1.234375,4.550573740806325e+18,1.234375,4.550573740806325e+18,100.0
418000,4.5958458846416763e+18,1.234375,4.5963054692301404e+18,1.234375,4.5963054692301404e+18,100.0
418100,4.642032582813255e+18,1.234375,4.642496786071536e+18,1.234375,4.642496786071536e+18,100.0
418200,4.688683441694646e+18,1.234375,4.689152310038816e+18,1.234375,4.689152310038816e+18,100.0
418300,4.73580312594414e+18,1.234375,4.736276706256734e+18,1.234375,4.736276706256734e+18,100.0
418400,4.783396347098254e+18,1.234375,4.783874686732964e+18,1.234375,4.783874686732964e+18,100.0
418500,4.831467864042885e+18,1.234375,4.831951010829289e+18,1.234375,4.831951010829289e+18,100.0
418600,4.8800224834891e+18,1.234375,4.880510485737448e+18,1.234375,4.880510485737448e+18,100.0
418700,4.929065060453801e+18,1.234375,4.929557966959846e+18,1.234375,4.929557966959846e+18,100.0
418800,4.978600498745158e+18,1.234375,4.979098358795033e+18,1.234375,4.979098358795033e+18,100.0
418900,5.02863375145297e+18,1.234375,5.029136614828115e+18,1.234375,5.029136614828115e+18,100.0
419000,5.0791698214439e+18,1.234375,5.079677738426044e+18,1.234375,5.079677738426044e+18,100.0
419100,5.130213761861738e+18,1.234375,5.130726783237925e+18,1.234375,5.130726783237925e+18,100.0
419200,5.181770676632674e+18,1.234375,5.182288853700338e+18,1.234375,5.182288853700338e+18,100.0
419300,5.233845720975604e+18,1.234375,5.234369105547701e+18,1.234375,5.234369105547701e+18,100.0
419400,5.286444101917654e+18,1.234375,5.286972746327846e+18,1.234375,5.286972746327846e+18,100.0
419500,5.339571078814799e+18,1.234375,5.34010503592268e+18,1.234375,5.34010503592268e+18,100.0
419600,5.393231963877784e+18,1.234375,5.393771287074171e+18,1.234375,5.393771287074171e+18,100.0
419700,5.447432122703249e+18,1.234375,5.44797686591552e+18,1.234375,5.44797686591552e+18,100.0
419800,5.502176974810294e+18,1.234375,5.502727192507775e+18,1.234375,5.502727192507775e+18,100.0
419900,5.557471994182337e+18,1.234375,5.558027741381755e+18,1.234375,5.558027741381755e+18,100.0
420000,5.613322709814485e+18,1.234375,5.613884042085466e+18,1.234375,5.613884042085466e+18,100.0
420100,5.66973470626638e+18,1.234375,5.670301679737007e+18,1.234375,5.670301679737007e+18,100.0
420200,5.726713624220606e+18,1.234375,5.727286295583028e+18,1.234375,5.727286295583028e+18,100.0
420300,5.784265161046693e+18,1.234375,5.784843587562797e+18,1.234375,5.784843587562797e+18,100.0
420400,5.842395071370801e+18,1.234375,5.842979310877938e+18,1.234375,5.842979310877938e+18,100.0
420500,5.901109167651162e+18,1.234375,5.901699278567927e+18,1.234375,5.901699278567927e+18,100.0
420600,5.960413320759225e+18,1.234375,5.961009362091301e+18,1.234375,5.961009362091301e+18,100.0
420700,6.020313460566726e+18,1.234375,6.020915491912782e+18,1.234375,6.020915491912782e+18,100.0
420800,6.080815576538612e+18,1.234375,6.081423658096265e+18,1.234375,6.081423658096265e+18,100.0
420900,6.141925718331918e+18,1.234375,6.142539910903752e+18,1.234375,6.142539910903752e+18,100.0
421000,6.203649996400693e+18,1.234375,6.204270361400333e+18,1.234375,6.204270361400333e+18,100.0
421100,6.265994582606987e+18,1.234375,6.266621182065248e+18,1.234375,6.266621182065248e+18,100.0
421200,6.328965710837972e+18,1.234375,6.329598607409056e+18,1.234375,6.329598607409056e+18,100.0
421300,6.392569677629292e+18,1.234375,6.393208934597054e+18,1.234375,6.393208934597054e+18,100.0
421400,6.45681284279463e+18,1.234375,6.457458524078909e+18,1.234375,6.457458524078909e+18,100.0
421500,6.521701630061651e+18,1.234375,6.522353800224657e+18,1.234375,6.522353800224657e+18,100.0
421600,6.587242527714326e+18,1.234375,6.587901251967097e+18,1.234375,6.587901251967097e+18,100.0
421700,6.653442089241672e+18,1.234375,6.654107433450595e+18,1.234375,6.654107433450595e+18,100.0
421800,6.720306933993068e+18,1.234375,6.720978964686467e+18,1.234375,6.720978964686467e+18,100.0
421900,6.787843747840104e+18,1.234375,6.788522532214888e+18,1.234375,6.788522532214888e+18,100.0
422000,6.856059283845135e+18,1.234375,6.85674488977352e+18,1.234375,6.85674488977352e+18,100.0
422100,6.924960362936504e+18,1.234375,6.925652858972798e+18,1.234375,6.925652858972798e+18,100.0
422200,6.994553874590578e+18,1.234375,6.995253329978036e+18,1.234375,6.995253329978036e+18,100.0
422300,7.064846777520622e+18,1.234375,7.065553262198373e+18,1.234375,7.065553262198373e+18,100.0
422400,7.135846100372645e+18,1.234375,7.136559684982682e+18,1.234375,7.136559684982682e+18,100.0
422500,7.207558942428154e+18,1.234375,7.208279698322396e+18,1.234375,7.208279698322396e+18,100.0
422600,7.279992474314039e+18,1.234375,7.280720473561471e+18,1.234375,7.280720473561471e+18,100.0
422700,7.353153938719567e+18,1.234375,7.353889254113439e+18,1.234375,7.353889254113439e+18,100.0
422800,7.427050651120594e+18,1.234375,7.427793356185705e+18,1.234375,7.427793356185705e+18,100.0
422900,7.501690000511031e+18,1.234375,7.502440169511082e+18,1.234375,7.502440169511082e+18,100.0
423000,7.577079450141669e+18,1.234375,7.577837158086684e+18,1.234375,7.577837158086684e+18,100.0
423100,7.653226538266461e+18,1.234375,7.653991860920288e+18,1.234375,7.653991860920288e+18,100.0
423200,7.730138878896264e+18,1.234375,7.730911892784154e+18,1.234375,7.730911892784154e+18,100.0
423300,7.807824162560172e+18,1.234375,7.808604944976428e+18,1.234375,7.808604944976428e+18,100.0
423400,7.886290157074487e+18,1.234375,7.887078786090195e+18,1.234375,7.887078786090195e+18,100.0
423500,7.965544708319456e+18,1.234375,7.966341262790288e+18,1.234375,7.966341262790288e+18,100.0
423600,8.045595741023763e+18,1.234375,8.046400300597865e+18,1.234375,8.046400300597865e+18,100.0
423700,8.126451259556931e+18,1.234375,8.127263904682886e+18,1.234375,8.127263904682886e+18,100.0
423800,8.208119348729702e+18,1.234375,8.208940160664575e+18,1.234375,8.208940160664575e+18,100.0
423900,8.290608174602431e+18,1.234375,8.291437235419892e+18,1.234375,8.291437235419892e+18,100.0
424000,8.373925985301615e+18,1.234375,8.374763377900145e+18,1.234375,8.374763377900145e+18,100.0
424100,8.458081111844645e+18,1.234375,8.458926919955829e+18,1.234375,8.458926919955829e+18,100.0
424200,8.543081968972812e+18,1.234375,8.543936277169709e+18,1.234375,8.543936277169709e+18,100.0
424300,8.628937055992729e+18,1.234375,8.629799949698328e+18,1.234375,8.629799949698328e+18,100.0
424400,8.715654957626147e+18,1.234375,8.71652652312191e+18,1.234375,8.71652652312191e+18,100.0
424500,8.803244344868379e+18,1.234375,8.804124669302865e+18,1.234375,8.804124669302865e+18,100.0
424600,8.891713975855325e+18,1.234375,8.892603147252911e+18,1.234375,8.892603147252911e+18,100.0
424700,8.981072696739166e+18,1.234375,8.98197080400884e+18,1.234375,8.98197080400884e+18,100.0
424800,9.071329442572944e+18,1.234375,9.072236575517201e+18,1.234375,9.072236575517201e+18,100.0
424900,9.162493238203955e+18,1.234375,9.163409487527775e+18,1.234375,9.163409487527775e+18,100.0
425000,9.25457319917616e+18,1.234375,9.255498656496077e+18,1.234375,9.255498656496077e+18,100.0
425100,9.347578532641663e+18,1.234375,9.348513290494927e+18,1.234375,9.348513290494927e+18,100.0
425200,9.44151853828133e+18,1.234375,9.442462690135159e+18,1.234375,9.442462690135159e+18,100.0
425300,9.536402609234676e+18,1.234375,9.5373562494956e+18,1.234375,9.5373562494956e+18,100.0
425400,9.632240233039098e+18,1.234375,9.633203457062402e+18,1.234375,9.633203457062402e+18,100.0
425500,9.729040992578537e+18,1.234375,9.730013896677796e+18,1.234375,9.730013896677796e+18,100.0
425600,9.826814567041692e+18,1.234375,9.827797248498395e+18,1.234375,9.827797248498395e+18,100.0
425700,9.92557073288981e+18,1.234375,9.9265632899631e+18,1.234375,9.9265632899631e+18,100.0
425800,1.0025319364834296e+19,1.234375,1.002632189677078e+19,1.234375,1.002632189677078e+19,100.0
425900,1.0126070436824046e+19,1.234375,1.0127083043867728e+19,1.234375,1.0127083043867728e+19,100.0
426000,1.0227834023042785e+19,1.234375,1.0228856806445089e+19,1.234375,1.0228856806445089e+19,100.0
426100,1.0330620298916385e+19,1.234375,1.0331653360946276e+19,1.234375,1.0331653360946276e+19,100.0
426200,1.0434439542130285e+19,1.234375,1.0435482986084497e+19,1.234375,1.0435482986084497e+19,100.0
426300,1.0539302133657231e+19,1.234375,1.0540356063870597e+19,1.234375,1.0540356063870597e+19,100.0
426400,1.0645218558795205e+19,1.234375,1.0646283080651084e+19,1.234375,1.0646283080651084e+19,100.0
426500,1.0752199408215894e+19,1.234375,1.0753274628156715e+19,1.234375,1.0753274628156715e+19,100.0
426600,1.0860255379023684e+19,1.234375,1.0861341404561586e+19,1.234375,1.0861341404561586e+19,100.0
426700,1.0969397275825201e+19,1.234375,1.0970494215552784e+19,1.234375,1.0970494215552784e+19,100.0
426800,1.1079636011809757e+19,1.234375,1.1080743975410938e+19,1.234375,1.1080743975410938e+19,100.0
426900,1.119098260984049e+19,1.234375,1.1192101708101474e+19,1.234375,1.1192101708101474e+19,100.0
427000,1.130344820355663e+19,1.234375,1.1304578548376986e+19,1.234375,1.1304578548376986e+19,100.0
427100,1.141704403848669e+19,1.234375,1.141818574289054e+19,1.234375,1.141818574289054e+19,100.0
427200,1.1531781473172961e+19,1.234375,1.153293465132028e+19,1.234375,1.153293465132028e+19,100.0
427300,1.1647671980307229e+19,1.234375,1.1648836747505258e+19,1.234375,1.1648836747505258e+19,100.0
427400,1.1764727147877968e+19,1.234375,1.1765903620592755e+19,1.234375,1.1765903620592755e+19,100.0
427500,1.1882958680329021e+19,1.234375,1.1884146976197054e+19,1.234375,1.1884146976197054e+19,100.0
427600,1.2002378399729922e+19,1.234375,1.2003578637569894e+19,1.234375,1.2003578637569894e+19,100.0
427700,1.2122998246958025e+19,1.234375,1.212421054678272e+19,1.234375,1.212421054678272e+19,100.0
427800,1.2244830282892472e+19,1.234375,1.2246054765920762e+19,1.234375,1.2246054765920762e+19,100.0
427900,1.236788668962015e+19,1.234375,1.2369123478289113e+19,1.234375,1.2369123478289113e+19,100.0
428000,1.2492179771653804e+19,1.234375,1.249342898963097e+19,1.234375,1.249342898963097e+19,100.0
428100,1.261772195716238e+19,1.234375,1.2618983729358096e+19,1.234375,1.2618983729358096e+19,100.0
428200,1.2744525799213715e+19,1.234375,1.2745800251793637e+19,1.234375,1.2745800251793637e+19,100.0
428300,1.2872603977029743e+19,1.234375,1.2873891237427446e+19,1.234375,1.2873891237427446e+19,100.0
428400,1.3001969297254306e+19,1.234375,1.300326949418403e+19,1.234375,1.300326949418403e+19,100.0
428500,1.313263469523366e+19,1.234375,1.3133947958703184e+19,1.234375,1.3133947958703184e+19,100.0
428600,1.3264613236309934e+19,1.234375,1.3265939697633565e+19,1.234375,1.3265939697633565e+19,100.0
428700,1.3397918117127526e+19,1.234375,1.339925790893924e+19,1.234375,1.339925790893924e+19,100.0
428800,1.3532562666952667e+19,1.234375,1.3533915923219362e+19,1.234375,1.3533915923219362e+19,100.0
428900,1.3668560349006205e+19,1.234375,1.3669927205041105e+19,1.234375,1.3669927205041105e+19,100.0
429000,1.3805924761809787e+19,1.234375,1.3807305354285967e+19,1.234375,1.3807305354285967e+19,100.0
429100,1.3944669640545638e+19,1.234375,1.3946064107509692e+19,1.234375,1.3946064107509692e+19,100.0
429200,1.4084808858429907e+19,1.234375,1.4086217339315749e+19,1.234375,1.4086217339315749e+19,100.0
429300,1.422635642809986e+19,1.234375,1.422777906374267e+19,1.234375,1.422777906374267e+19,100.0
429400,1.4369326503015066e+19,1.234375,1.4370763435665367e+19,1.234375,1.4370763435665367e+19,100.0
429500,1.4513733378872566e+19,1.234375,1.4515184752210452e+19,1.234375,1.4515184752210452e+19,100.0
429600,1.4659591495036326e+19,1.234375,1.4661057454185828e+19,1.234375,1.4661057454185828e+19,100.0
429700,1.4806915435981023e+19,1.234375,1.480839612752462e+19,1.234375,1.480839612752462e+19,100.0
429800,1.495571993275041e+19,1.234375,1.4957215504743684e+19,1.234375,1.4957215504743684e+19,100.0
429900,1.5106019864430232e+19,1.234375,1.5107530466416675e+19,1.234375,1.5107530466416675e+19,100.0
430000,1.5257830259636027e+19,1.234375,1.525935604266199e+19,1.234375,1.525935604266199e+19,100.0
430100,1.5411166298015814e+19,1.234375,1.5412707414645615e+19,1.234375,1.5412707414645615e+19,100.0
430200,1.5566043311767982e+19,1.234375,1.5567599916099158e+19,1.234375,1.5567599916099158e+19,100.0
430300,1.5722476787174308e+19,1.234375,1.5724049034853026e+19,1.234375,1.5724049034853026e+19,100.0
430400,1.5880482366148483e+19,1.234375,1.5882070414385099e+19,1.234375,1.5882070414385099e+19,100.0
430500,1.6040075847800154e+19,1.234375,1.6041679855384934e+19,1.234375,1.6041679855384934e+19,100.0
430600,1.6201273190014632e+19,1.234375,1.6202893317333633e+19,1.234375,1.6202893317333633e+19,100.0
430700,1.6364090511048634e+19,1.234375,1.636572692009974e+19,1.234375,1.636572692009974e+19,100.0
430800,1.6528544091141906e+19,1.234375,1.653019694555102e+19,1.234375,1.653019694555102e+19,100.0
430900,1.6694650374145077e+19,1.234375,1.6696319839182492e+19,1.234375,1.6696319839182492e+19,100.0
431000,1.6862425969163936e+19,1.234375,1.686411221176085e+19,1.234375,1.686411221176085e+19,100.0
431100,1.7031887652220154e+19,1.234375,1.7033590840985375e+19,1.234375,1.7033590840985375e+19,100.0
431200,1.7203052367928777e+19,1.234375,1.720477267316557e+19,1.234375,1.720477267316557e+19,100.0
431300,1.7375937231192515e+19,1.234375,1.7377674824915634e+19,1.234375,1.7377674824915634e+19,100.0
431400,1.7550559528913017e+19,1.234375,1.7552314584865909e+19,1.234375,1.7552314584865909e+19,100.0
431500,1.772693672171948e+19,1.234375,1.7728709415391652e+19,1.234375,1.7728709415391652e+19,100.0
431600,1.7905086445714545e+19,1.234375,1.7906876954359116e+19,1.234375,1.7906876954359116e+19,100.0
431700,1.8085026514237714e+19,1.234375,1.8086835016889137e+19,1.234375,1.8086835016889137e+19,100.0
431800,1.8266774919646503e+19,1.234375,1.8268601597138467e+19,1.234375,1.8268601597138467e+19,100.0
431900,1.845034983511556e+19,1.234375,1.845219487009907e+19,1.234375,1.845219487009907e+19,100.0
432000,1.863576961645383e+19,1.234375,1.8637633193415475e+19,1.234375,1.8637633193415475e+19,100.0
432100,1.882305280393986e+19,1.234375,1.8824935109220254e+19,1.234375,1.8824935109220254e+19,100.0
432200,1.901221812417582e+19,1.234375,1.9014119345988235e+19,1.234375,1.9014119345988235e+19,100.0
432300,1.920328449195983e+19,1.234375,1.9205204820409025e+19,1.234375,1.9205204820409025e+19,100.0
432400,1.93962710121774e+19,1.234375,1.9398210639278617e+19,1.234375,1.9398210639278617e+19,100.0
432500,1.9591196981711614e+19,1.234375,1.9593156101409784e+19,1.234375,1.9593156101409784e+19,100.0
432600,1.9788081891372777e+19,1.234375,1.9790060699561914e+19,1.234375,1.9790060699561914e+19,100.0
432700,1.998694542784722e+19,1.234375,1.9988944122390004e+19,1.234375,1.9988944122390004e+19,100.0
432800,2.018780747566583e+19,1.234375,2.0189826256413397e+19,1.234375,2.0189826256413397e+19,100.0
432900,2.0390688119192297e+19,1.234375,2.0392727188004217e+19,1.234375,2.0392727188004217e+19,100.0
433000,2.0595607644631392e+19,1.234375,2.0597667205395853e+19,1.234375,2.0597667205395853e+19,100.0
433100,2.0802586542057374e+19,1.234375,2.0804666800711578e+19,1.234375,2.0804666800711578e+19,100.0
433200,2.101164550746285e+19,1.234375,2.1013746672013595e+19,1.234375,2.1013746672013595e+19,100.0
433300,2.122280544482813e+19,1.234375,2.1224927725372613e+19,1.234375,2.1224927725372613e+19,100.0
433400,2.1436087468211507e+19,1.234375,2.1438231076958327e+19,1.234375,2.1438231076958327e+19,100.0
433500,2.1651512903860343e+19,1.234375,2.1653678055150727e+19,1.234375,2.1653678055150727e+19,100.0
433600,2.186910329234367e+19,1.234375,2.1871290202672902e+19,1.234375,2.1871290202672902e+19,100.0
433700,2.20888803907059e+19,1.234375,2.2091089278744973e+19,1.234375,2.2091089278744973e+19,100.0
433800,2.2310866174642414e+19,1.234375,2.231309726125988e+19,1.234375,2.231309726125988e+19,100.0
433900,2.2535082840696947e+19,1.234375,2.2537336348981015e+19,1.234375,2.2537336348981015e+19,100.0
434000,2.276155280848092e+19,1.234375,2.2763828963761766e+19,1.234375,2.2763828963761766e+19,100.0
434100,2.299029872291528e+19,1.234375,2.299259775278757e+19,1.234375,2.299259775278757e+19,100.0
434200,2.322134345649482e+19,1.234375,2.322366559084047e+19,1.234375,2.322366559084047e+19,100.0
434300,2.34547101115752e+19,1.234375,2.3457055582586356e+19,1.234375,2.3457055582586356e+19,100.0
434400,2.36904220226829e+19,1.234375,2.3692791064885166e+19,1.234375,2.3692791064885166e+19,100.0
434500,2.392850275884846e+19,1.234375,2.3930895609124344e+19,1.234375,2.3930895609124344e+19,100.0
434600,2.4168976125963325e+19,1.234375,2.417139302357592e+19,1.234375,2.417139302357592e+19,100.0
434700,2.4411866169160032e+19,1.234375,2.4414307355776946e+19,1.234375,2.4414307355776946e+19,100.0
434800,2.4657197175216595e+19,1.234375,2.4659662894934114e+19,1.234375,2.4659662894934114e+19,100.0
434900,2.4904993674984907e+19,1.234375,2.4907484174352404e+19,1.234375,2.4907484174352404e+19,100.0
435000,2.515528044584372e+19,1.234375,2.5157795973888303e+19,1.234375,2.5157795973888303e+19,100.0
435100,2.5408082514175955e+19,1.234375,2.541062332242737e+19,1.234375,2.541062332242737e+19,100.0
435200,2.5663425157871346e+19,1.234375,2.566599150038713e+19,1.234375,2.566599150038713e+19,100.0
435300,2.592133390885377e+19,1.234375,2.5923926042244653e+19,1.234375,2.5923926042244653e+19,100.0
435400,2.6181834555634352e+19,1.234375,2.6184452739089916e+19,1.234375,2.6184452739089916e+19,100.0
435500,2.6444953145890038e+19,1.234375,2.6447597641204625e+19,1.234375,2.6447597641204625e+19,100.0
435600,2.6710715989068145e+19,1.234375,2.671338706066705e+19,1.234375,2.671338706066705e+19,100.0
435700,2.697914965901704e+19,1.234375,2.698184757398294e+19,1.234375,2.698184757398294e+19,100.0
435800,2.725028099664327e+19,1.234375,2.7253006024742937e+19,1.234375,2.7253006024742937e+19,100.0
435900,2.7524137112595444e+19,1.234375,2.75268895263067e+19,1.234375,2.75268895263067e+19,100.0
436000,2.7800745389975e+19,1.234375,2.7803525464513995e+19,1.234375,2.7803525464513995e+19,100.0
436100,2.80801334870743e+19,1.234375,2.808294150042301e+19,1.234375,2.808294150042301e+19,100.0
436200,2.8362329340142244e+19,1.234375,2.836516557307626e+19,1.234375,2.836516557307626e+19,100.0
436300,2.864736116617753e+19,1.234375,2.8650225902294147e+19,1.234375,2.8650225902294147e+19,100.0
436400,2.893525746575017e+19,1.234375,2.8938150991496745e+19,1.234375,2.8938150991496745e+19,100.0
436500,2.922604702585131e+19,1.234375,2.9228969630553895e+19,1.234375,2.9228969630553895e+19,100.0
436600,2.951975892277159e+19,1.234375,2.9522710898663866e+19,1.234375,2.9522710898663866e+19,100.0
436700,2.9816422525008593e+19,1.234375,2.9819404167261094e+19,1.234375,2.9819404167261094e+19,100.0
436800,3.0116067496203334e+19,1.234375,3.011907910295295e+19,1.234375,3.011907910295295e+19,100.0
436900,3.0418723798106395e+19,1.234375,3.0421765670486204e+19,1.234375,3.0421765670486204e+19,100.0
437000,3.072442169357385e+19,1.234375,3.0727494135743205e+19,1.234375,3.0727494135743205e+19,100.0
437100,3.103319174959329e+19,1.234375,3.1036295068768248e+19,1.234375,3.1036295068768248e+19,100.0
437200,3.134506484034012e+19,1.234375,3.1348199346824155e+19,1.234375,3.1348199346824155e+19,100.0
437300,3.1660072150264807e+19,1.234375,3.1663238157479834e+19,1.234375,3.1663238157479834e+19,100.0
437400,3.197824517721103e+19,1.234375,3.1981443001728754e+19,1.234375,3.1981443001728754e+19,100.0
437500,3.2299615735565124e+19,1.234375,3.230284569713868e+19,1.234375,3.230284569713868e+19,100.0
437600,3.2624215959437275e+19,1.234375,3.262747838103322e+19,1.234375,3.262747838103322e+19,100.0
437700,3.2952078305874612e+19,1.234375,3.2955373513705198e+19,1.234375,3.2955373513705198e+19,100.0
437800,3.32832355581066e+19,1.234375,3.328656388166241e+19,1.234375,3.328656388166241e+19,100.0
437900,3.3617720828823142e+19,1.234375,3.3621082600906023e+19,1.234375,3.3621082600906023e+19,100.0
438000,3.3955567563485434e+19,1.234375,3.3958963120241783e+19,1.234375,3.3958963120241783e+19,100.0
438100,3.429680954367026e+19,1.234375,3.4300239224624628e+19,1.234375,3.4300239224624628e+19,100.0
438200,3.4641480890447847e+19,1.234375,3.4644945038536892e+19,1.234375,3.4644945038536892e+19,100.0
438300,3.498961606779365e+19,1.234375,3.499311502940043e+19,1.234375,3.499311502940043e+19,100.0
438400,3.5341249886034403e+19,1.234375,3.5344784011023008e+19,1.234375,3.5344784011023008e+19,100.0
438500,3.5696417505328906e+19,1.234375,3.569998714707944e+19,1.234375,3.569998714707944e+19,100.0
438600,3.6055154439183667e+19,1.234375,3.6058759954627584e+19,1.234375,3.6058759954627584e+19,100.0
438700,3.6417496558003913e+19,1.234375,3.6421138307659715e+19,1.234375,3.6421138307659715e+19,100.0
438800,3.6783480092680315e+19,1.234375,3.6787158440689582e+19,1.234375,3.6787158440689582e+19,100.0
438900,3.7153141638211764e+19,1.234375,3.715685695237558e+19,1.234375,3.715685695237558e+19,100.0
439000,3.752651815736451e+19,1.234375,3.753027080918025e+19,1.234375,3.753027080918025e+19,100.0
439100,3.790364698436819e+19,1.234375,3.790743734906663e+19,1.234375,3.790743734906663e+19,100.0
439200,3.828456582864876e+19,1.234375,3.828839428523163e+19,1.234375,3.828839428523163e+19,100.0
439300,3.866931277859918e+19,1.234375,3.8673179709877035e+19,1.234375,3.8673179709877035e+19,100.0
439400,3.905792630538783e+19,1.234375,3.906183209801837e+19,1.234375,3.906183209801837e+19,100.0
439500,3.945044526680542e+19,1.234375,3.945439031133209e+19,1.234375,3.945439031133209e+19,100.0
439600,3.984690891115025e+19,1.234375,3.9850893602041364e+19,1.234375,3.9850893602041364e+19,100.0
439700,4.0247356881152885e+19,1.234375,4.0251381616841e+19,1.234375,4.0251381616841e+19,100.0
439800,4.065182921793984e+19,1.234375,4.0655894400861635e+19,1.234375,4.0655894400861635e+19,100.0
439900,4.106036636503736e+19,1.234375,4.106447240167386e+19,1.234375,4.106447240167386e+19,100.0
440000,4.14730091724157e+19,1.234375,4.147715647333294e+19,1.234375,4.147715647333294e+19,100.0
440100,4.188979890057321e+19,1.234375,4.189398788046326e+19,1.234375,4.189398788046326e+19,100.0
440200,4.231077722466249e+19,1.234375,4.2315008302384955e+19,1.234375,4.2315008302384955e+19,100.0
440300,4.273598623865729e+19,1.234375,4.274025983728116e+19,1.234375,4.274025983728116e+19,100.0
440400,4.316546845956157e+19,1.234375,4.3169785006407524e+19,1.234375,4.3169785006407524e+19,100.0
440500,4.359926683166081e+19,1.234375,4.3603626758343975e+19,1.234375,4.3603626758343975e+19,100.0
440600,4.4037424730816094e+19,1.234375,4.404182847328918e+19,1.234375,4.404182847328918e+19,100.0
440700,4.447998596880128e+19,1.234375,4.448443396739817e+19,1.234375,4.448443396739817e+19,100.0
440800,4.492699479768361e+19,1.234375,4.493148749716338e+19,1.234375,4.493148749716338e+19,100.0
440900,4.537849591424873e+19,1.234375,4.5383033763840156e+19,1.234375,4.5383033763840156e+19,100.0
441000,4.58345344644698e+19,1.234375,4.583911791791625e+19,1.234375,4.583911791791625e+19,100.0
441100,4.629515604802193e+19,1.234375,4.629978556362673e+19,1.234375,4.629978556362673e+19,100.0
441200,4.6760406722841485e+19,1.234375,4.6765082763513766e+19,1.234375,4.6765082763513766e+19,100.0
441300,4.723033300973148e+19,1.234375,4.723505604303245e+19,1.234375,4.723505604303245e+19,100.0
441400,4.7704981897013305e+19,1.234375,4.7709752395203e+19,1.234375,4.7709752395203e+19,100.0
441500,4.818440084522504e+19,1.234375,4.818921928530956e+19,1.234375,4.818921928530956e+19,100.0
441600,4.866863779186719e+19,1.234375,4.867350465564638e+19,1.234375,4.867350465564638e+19,100.0
441700,4.9157741156196024e+19,1.234375,4.916265693031164e+19,1.234375,4.916265693031164e+19,100.0
441800,4.965175984406483e+19,1.234375,4.965672502004924e+19,1.234375,4.965672502004924e+19,100.0
441900,5.0150743252814316e+19,1.234375,5.01557583271396e+19,1.234375,5.01557583271396e+19,100.0
442000,5.065474127621169e+19,1.234375,5.065980675033931e+19,1.234375,5.065980675033931e+19,100.0
442100,5.116380430943965e+19,1.234375,5.116892068987059e+19,1.234375,5.116892068987059e+19,100.0
442200,5.167798325413552e+19,1.234375,5.168315105246093e+19,1.234375,5.168315105246093e+19,100.0
442300,5.219732952348089e+19,1.234375,5.220254925643324e+19,1.234375,5.220254925643324e+19,100.0
442400,5.272189504734234e+19,1.234375,5.2727167236847075e+19,1.234375,5.2727167236847075e+19,100.0
442500,5.325173227746417e+19,1.234375,5.325705745069192e+19,1.234375,5.325705745069192e+19,100.0
442600,5.3786894192712974e+19,1.234375,5.379227288213225e+19,1.234375,5.379227288213225e+19,100.0
442700,5.4327434304374964e+19,1.234375,5.43328670478054e+19,1.234375,5.43328670478054e+19,100.0
442800,5.487340666150687e+19,1.234375,5.487889400217302e+19,1.234375,5.487889400217302e+19,100.0
442900,5.542486585633996e+19,1.234375,5.543040834292559e+19,1.234375,5.543040834292559e+19,100.0
443000,5.598186702973912e+19,1.234375,5.598746521644209e+19,1.234375,5.598746521644209e+19,100.0
443100,5.654446587671625e+19,1.234375,5.655012032330392e+19,1.234375,5.655012032330392e+19,100.0
443200,5.711271865199942e+19,1.234375,5.711842992386462e+19,1.234375,5.711842992386462e+19,100.0
443300,5.768668217565748e+19,1.234375,5.769245084387504e+19,1.234375,5.769245084387504e+19,100.0
443400,5.8266413838781874e+19,1.234375,5.827224048016575e+19,1.234375,5.827224048016575e+19,100.0
443500,5.885197160922531e+19,1.234375,5.885785680638623e+19,1.234375,5.885785680638623e+19,100.0
443600,5.944341403739752e+19,1.234375,5.944935837880126e+19,1.234375,5.944935837880126e+19,100.0
443700,6.004080026212024e+19,1.234375,6.004680434214646e+19,1.234375,6.004680434214646e+19,100.0
443800,6.0644190016540385e+19,1.234375,6.065025443554204e+19,1.234375,6.065025443554204e+19,100.0
443900,6.1253643634102755e+19,1.234375,6.125976899846617e+19,1.234375,6.125976899846617e+19,100.0
444000,6.186922205458289e+19,1.234375,6.187540897678834e+19,1.234375,6.187540897678834e+19,100.0
444100,6.249098683018053e+19,1.234375,6.249723592886355e+19,1.234375,6.249723592886355e+19,100.0
444200,6.311900013167419e+19,1.234375,6.312531203168736e+19,1.234375,6.312531203168736e+19,100.0
444300,6.375332475463771e+19,1.234375,6.375970008711317e+19,1.234375,6.375970008711317e+19,100.0
444400,6.439402412571915e+19,1.234375,6.440046352813172e+19,1.234375,6.440046352813172e+19,100.0
444500,6.504116230898307e+19,1.234375,6.504766642521397e+19,1.234375,6.504766642521397e+19,100.0
444600,6.569480401231624e+19,1.234375,6.570137349271747e+19,1.234375,6.570137349271747e+19,100.0
444700,6.635501459389769e+19,1.234375,6.636165009535708e+19,1.234375,6.636165009535708e+19,100.0
444800,6.702186006873424e+19,1.234375,6.702856225474111e+19,1.234375,6.702856225474111e+19,100.0
444900,6.769540711526103e+19,1.234375,6.770217665597255e+19,1.234375,6.770217665597255e+19,100.0
445000,6.837572308200906e+19,1.234375,6.838256065431726e+19,1.234375,6.838256065431726e+19,100.0
445100,6.906287599433928e+19,1.234375,6.9069782281938715e+19,1.234375,6.9069782281938715e+19,100.0
445200,6.975693456124455e+19,1.234375,6.9763910254700675e+19,1.234375,6.9763910254700675e+19,100.0
445300,7.045796818221988e+19,1.234375,7.0465013979038106e+19,1.234375,7.0465013979038106e+19,100.0
445400,7.116604695420173e+19,1.234375,7.117316355889715e+19,1.234375,7.117316355889715e+19,100.0
445500,7.188124167857719e+19,1.234375,7.1888429802745045e+19,1.234375,7.1888429802745045e+19,100.0
445600,7.260362386826323e+19,1.234375,7.261088423065005e+19,1.234375,7.261088423065005e+19,100.0
445700,7.333326575485754e+19,1.234375,7.334059908143302e+19,1.234375,7.334059908143302e+19,100.0
445800,7.40702402958609e+19,1.234375,7.407764731989048e+19,1.234375,7.407764731989048e+19,100.0
445900,7.481462118197241e+19,1.234375,7.482210264409062e+19,1.234375,7.482210264409062e+19,100.0
446000,7.556648284445771e+19,1.234375,7.557403949274215e+19,1.234375,7.557403949274215e+19,100.0
446100,7.632590046259151e+19,1.234375,7.633353305263777e+19,1.234375,7.633353305263777e+19,100.0
446200,7.709294997117503e+19,1.234375,7.710065926617214e+19,1.234375,7.710065926617214e+19,100.0
446300,7.786770806812833e+19,1.234375,7.787549483893514e+19,1.234375,7.787549483893514e+19,100.0
446400,7.865025222215965e+19,1.234375,7.865811724738186e+19,1.234375,7.865811724738186e+19,100.0
446500,7.944066068051178e+19,1.234375,7.944860474657984e+19,1.234375,7.944860474657984e+19,100.0
446600,8.023901247678575e+19,1.234375,8.024703637803344e+19,1.234375,8.024703637803344e+19,100.0
446700,8.104538743884345e+19,1.234375,8.105349197758733e+19,1.234375,8.105349197758733e+19,100.0
446800,8.185986619678994e+19,1.234375,8.18680521834096e+19,1.234375,8.18680521834096e+19,100.0
446900,8.268253019103576e+19,1.234375,8.269079844405486e+19,1.234375,8.269079844405486e+19,100.0
447000,8.351346168043959e+19,1.234375,8.352181302660763e+19,1.234375,8.352181302660763e+19,100.0
447100,8.435274375053423e+19,1.234375,8.436117902490929e+19,1.234375,8.436117902490929e+19,100.0
447200,8.520046032183407e+19,1.234375,8.520898036786625e+19,1.234375,8.520898036786625e+19,100.0
447300,8.605669615822594e+19,1.234375,8.606530182784177e+19,1.234375,8.606530182784177e+19,100.0
447400,8.692153687544535e+19,1.234375,8.69302290291329e+19,1.234375,8.69302290291329e+19,100.0
447500,8.779506894963692e+19,1.234375,8.780384845653189e+19,1.234375,8.780384845653189e+19,100.0
447600,8.86773797260016e+19,1.234375,8.86862474639742e+19,1.234375,8.86862474639742e+19,100.0
447700,8.956855742752948e+19,1.234375,8.957751428327224e+19,1.234375,8.957751428327224e+19,100.0
447800,9.046869116382244e+19,1.234375,9.047773803293883e+19,1.234375,9.047773803293883e+19,100.0
447900,9.137787094000365e+19,1.234375,9.138700872709764e+19,1.234375,9.138700872709764e+19,100.0
448000,9.229618766571705e+19,1.234375,9.230541728448363e+19,1.234375,9.230541728448363e+19,100.0
448100,9.322373316421812e+19,1.234375,9.323305553753455e+19,1.234375,9.323305553753455e+19,100.0
448200,9.416060018155494e+19,1.234375,9.417001624157309e+19,1.234375,9.417001624157309e+19,100.0
448300,9.510688239584177e+19,1.234375,9.511639308408136e+19,1.234375,9.511639308408136e+19,100.0
448400,9.606267442662682e+19,1.234375,9.607228069406948e+19,1.234375,9.607228069406948e+19,100.0
448500,9.702807184435241e+19,1.234375,9.703777465153685e+19,1.234375,9.703777465153685e+19,100.0
448600,9.800317117991146e+19,1.234375,9.801297149702945e+19,1.234375,9.801297149702945e+19,100.0
448700,9.898806993429992e+19,1.234375,9.899796874129336e+19,1.234375,9.899796874129336e+19,100.0
448800,9.998286658836557e+19,1.234375,9.99928648750244e+19,1.234375,9.99928648750244e+19,100.0
448900,1.0098766061265566e+20,1.234375,1.0099775937871692e+20,1.234375,1.0099775937871692e+20,100.0
449000,1.0200255247736288e+20,1.234375,1.0201275273261061e+20,1.234375,1.0201275273261061e+20,100.0
449100,1.0302764366237118e+20,1.234375,1.0303794642673741e+20,1.234375,1.0303794642673741e+20,100.0
449200,1.0406303666740324e+20,1.234375,1.0407344297106997e+20,1.234375,1.0407344297106997e+20,100.0
449300,1.0510883502226919e+20,1.234375,1.0511934590577141e+20,1.234375,1.0511934590577141e+20,100.0
449400,1.0616514329721876e+20,1.234375,1.0617575981154848e+20,1.234375,1.0617575981154848e+20,100.0
449500,1.0723206711339744e+20,1.234375,1.0724279032010878e+20,1.234375,1.0724279032010878e+20,100.0
449600,1.083097131534077e+20,1.234375,1.0832054412472304e+20,1.234375,1.0832054412472304e+20,100.0
449700,1.093981891719758e+20,1.234375,1.09409128990893e+20,1.234375,1.09409128990893e+20,100.0
449800,1.1049760400672657e+20,1.234375,1.1050865376712724e+20,1.234375,1.1050865376712724e+20,100.0
449900,1.116080675890665e+20,1.234375,1.1161922839582541e+20,1.234375,1.1161922839582541e+20,100.0
450000,1.1272969095517541e+20,1.234375,1.1274096392427092e+20,1.234375,1.1274096392427092e+20,100.0
450100,1.1386258625710922e+20,1.234375,1.1387397251573493e+20,1.234375,1.1387397251573493e+20,100.0
450200,1.1500686677401407e+20,1.234375,1.1501836746069146e+20,1.234375,1.1501836746069146e+20,100.0
450300,1.1616264692345327e+20,1.234375,1.1617426318814562e+20,1.234375,1.1617426318814562e+20,100.0
450400,1.1733004227284807e+20,1.234375,1.1734177527707535e+20,1.234375,1.1734177527707535e+20,100.0
450500,1.1850916955103293e+20,1.234375,1.1852102046798802e+20,1.234375,1.1852102046798802e+20,100.0
450600,1.197001466599281e+20,1.234375,1.197121166745941e+20,1.234375,1.197121166745941e+20,100.0
450700,1.2090309268632797e+20,1.234375,1.209151829955966e+20,1.234375,1.209151829955966e+20,100.0
450800,1.2211812791380918e+20,1.234375,1.2213033972660057e+20,1.234375,1.2213033972660057e+20,100.0
450900,1.233453738347575e+20,1.234375,1.2335770837214098e+20,1.234375,1.2335770837214098e+20,100.0
451000,1.245849531625162e+20,1.234375,1.2459741165783245e+20,1.234375,1.2459741165783245e+20,100.0
451100,1.258369898436561e+20,1.234375,1.2584957354264047e+20,1.234375,1.2584957354264047e+20,100.0
451200,1.271016090703694e+20,1.234375,1.2711431923127645e+20,1.234375,1.2711431923127645e+20,100.0
451300,1.283789372929874e+20,1.234375,1.283917751867167e+20,1.234375,1.283917751867167e+20,100.0
451400,1.2966910223262446e+20,1.234375,1.2968206914284772e+20,1.234375,1.2968206914284772e+20,100.0
451500,1.3097223289394885e+20,1.234375,1.3098533011723824e+20,1.234375,1.3098533011723824e+20,100.0
451600,1.3228845957808243e+20,1.234375,1.3230168842404024e+20,1.234375,1.3230168842404024e+20,100.0
451700,1.3361791389562913e+20,1.234375,1.336312756870187e+20,1.234375,1.336312756870187e+20,100.0
451800,1.3496072877983508e+20,1.234375,1.3497422485271306e+20,1.234375,1.3497422485271306e+20,100.0
451900,1.3631703849988063e+20,1.234375,1.3633067020373062e+20,1.234375,1.3633067020373062e+20,100.0
452000,1.3768697867430594e+20,1.234375,1.3770074737217338e+20,1.234375,1.3770074737217338e+20,100.0
452100,1.390706862845716e+20,1.234375,1.3908459335320006e+20,1.234375,1.3908459335320006e+20,100.0
452200,1.4046829968875589e+20,1.234375,1.4048234651872476e+20,1.234375,1.4048234651872476e+20,100.0
452300,1.4187995863538862e+20,1.234375,1.4189414663125215e+20,1.234375,1.4189414663125215e+20,100.0
452400,1.4330580427742549e+20,1.234375,1.4332013485785322e+20,1.234375,1.4332013485785322e+20,100.0
452500,1.4474597918636142e+20,1.234375,1.4476045378428006e+20,1.234375,1.4476045378428006e+20,100.0
452600,1.462006273664867e+20,1.234375,1.4621524742922335e+20,1.234375,1.4621524742922335e+20,100.0
452700,1.476698942692863e+20,1.234375,1.476846612587132e+20,1.234375,1.476846612587132e+20,100.0
452800,1.491539268079832e+20,1.234375,1.4916884220066398e+20,1.234375,1.4916884220066398e+20,100.0
452900,1.506528733722288e+20,1.234375,1.5066793865956603e+20,1.234375,1.5066793865956603e+20,100.0
453000,1.521668838429404e+20,1.234375,1.5218210053132468e+20,1.234375,1.5218210053132468e+20,100.0
453100,1.536961096072877e+20,1.234375,1.5371147921824842e+20,1.234375,1.5371147921824842e+20,100.0
453200,1.552407035738306e+20,1.234375,1.5525622764418797e+20,1.234375,1.5525622764418797e+20,100.0
453300,1.568008201878078e+20,1.234375,1.5681650026982657e+20,1.234375,1.5681650026982657e+20,100.0
453400,1.583766154465809e+20,1.234375,1.5839245310812553e+20,1.234375,1.5839245310812553e+20,100.0
453500,1.5996824691523224e+20,1.234375,1.5998424373992374e+20,1.234375,1.5998424373992374e+20,100.0
453600,1.6157587374231994e+20,1.234375,1.615920313296942e+20,1.234375,1.615920313296942e+20,100.0
453700,1.631996566757914e+20,1.234375,1.63215976641459e+20,1.234375,1.63215976641459e+20,100.0
453800,1.6483975807905638e+20,1.234375,1.6485624205486427e+20,1.234375,1.6485624205486427e+20,100.0
453900,1.6649634194722216e+20,1.234375,1.6651299158141688e+20,1.234375,1.6651299158141688e+20,100.0
454000,1.681695739234915e+20,1.234375,1.6818639088088387e+20,1.234375,1.6818639088088387e+20,100.0
454100,1.6985962131572546e+20,1.234375,1.69876607277857e+20,1.234375,1.69876607277857e+20,100.0
454200,1.715666531131722e+20,1.234375,1.7158380977848353e+20,1.234375,1.7158380977848353e+20,100.0
454300,1.7329084000336518e+20,1.234375,1.733081690873655e+20,1.234375,1.733081690873655e+20,100.0
454400,1.7503235438918956e+20,1.234375,1.7504985762462846e+20,1.234375,1.7504985762462846e+20,100.0
454500,1.767913704061213e+20,1.234375,1.768090495431619e+20,1.234375,1.768090495431619e+20,100.0
454600,1.7856806393963928e+20,1.234375,1.7858592074603325e+20,1.234375,1.7858592074603325e+20,100.0
454700,1.8036261264281167e+20,1.234375,1.8038064890407597e+20,1.234375,1.8038064890407597e+20,100.0
454800,1.821751959540602e+20,1.234375,1.821934134736556e+20,1.234375,1.821934134736556e+20,100.0
454900,1.8400599511510178e+20,1.234375,1.8402439571461328e+20,1.234375,1.8402439571461328e+20,100.0
455000,1.8585519318907188e+20,1.234375,1.8587377870839077e+20,1.234375,1.8587377870839077e+20,100.0
455100,1.8772297507882808e+20,1.234375,1.8774174737633595e+20,1.234375,1.8774174737633595e+20,100.0
455200,1.8960952754543932e+20,1.234375,1.8962848849819386e+20,1.234375,1.8962848849819386e+20,100.0
455300,1.9151503922686083e+20,1.234375,1.9153419073078352e+20,1.234375,1.9153419073078352e+20,100.0
455400,1.9343970065679457e+20,1.234375,1.9345904462686024e+20,1.234375,1.9345904462686024e+20,100.0
455500,1.9538370428374227e+20,1.234375,1.9540324265417064e+20,1.234375,1.9540324265417064e+20,100.0
455600,1.9734724449024813e+20,1.234375,1.9736697921469714e+20,1.234375,1.9736697921469714e+20,100.0
455700,1.9933051761233524e+20,1.234375,1.9935045066409646e+20,1.234375,1.9935045066409646e+20,100.0
455800,2.0133372195913705e+20,1.234375,2.0135385533133295e+20,1.234375,2.0135385533133295e+20,100.0
455900,2.0335705783272728e+20,1.234375,2.0337739353851055e+20,1.234375,2.0337739353851055e+20,100.0
456000,2.0540072754814756e+20,1.234375,2.0542126762090237e+20,1.234375,2.0542126762090237e+20,100.0
456100,2.0746493545363728e+20,1.234375,2.0748568194718263e+20,1.234375,2.0748568194718263e+20,100.0
456200,2.0954988795106653e+20,1.234375,2.0957084293986163e+20,1.234375,2.0957084293986163e+20,100.0
456300,2.116557935165746e+20,1.234375,2.1167695909592626e+20,1.234375,2.1167695909592626e+20,100.0
456400,2.1378286272141564e+20,1.234375,2.138042410076878e+20,1.234375,2.138042410076878e+20,100.0
456500,2.159313082530133e+20,1.234375,2.159529013838386e+20,1.234375,2.159529013838386e+20,100.0
456600,2.1810134493622845e+20,1.234375,2.1812315507072208e+20,1.234375,2.1812315507072208e+20,100.0
456700,2.2029318975483917e+20,1.234375,2.2031521907381466e+20,1.234375,2.2031521907381466e+20,100.0
456800,2.22507061873237e+20,1.234375,2.2252931257942432e+20,1.234375,2.2252931257942432e+20,100.0
456900,2.2474318265834163e+20,1.234375,2.2476565697660748e+20,1.234375,2.2476565697660748e+20,100.0
457000,2.2700177570173528e+20,1.234375,2.2702447587930545e+20,1.234375,2.2702447587930545e+20,100.0
457100,2.2928306684202022e+20,1.234375,2.293059951487044e+20,1.234375,2.293059951487044e+20,100.0
457200,2.315872841874005e+20,1.234375,2.3161044291581923e+20,1.234375,2.3161044291581923e+20,100.0
457300,2.339146581384907e+20,1.234375,2.3393804960430454e+20,1.234375,2.3393804960430454e+20,100.0
457400,2.3626542141135303e+20,1.234375,2.3628904795349418e+20,1.234375,2.3628904795349418e+20,100.0
457500,2.386398090607679e+20,1.234375,2.3866367304167398e+20,1.234375,2.3866367304167398e+20,100.0
457600,2.410380585037371e+20,1.234375,2.410621623095875e+20,1.234375,2.410621623095875e+20,100.0
457700,2.4346040954322226e+20,1.234375,2.434847555841766e+20,1.234375,2.434847555841766e+20,100.0
457800,2.4590710439212483e+20,1.234375,2.4593169510256404e+20,1.234375,2.4593169510256404e+20,100.0
457900,2.4837838769750317e+20,1.234375,2.4840322553627292e+20,1.234375,2.4840322553627292e+20,100.0
458000,2.5087450656503608e+20,1.234375,2.508995940156926e+20,1.234375,2.508995940156926e+20,100.0
458100,2.5339571058373152e+20,1.234375,2.534210501547899e+20,1.234375,2.534210501547899e+20,100.0
458200,2.5594225185088202e+20,1.234375,2.5596784607606712e+20,1.234375,2.5596784607606712e+20,100.0
458300,2.5851438499727314e+20,1.234375,2.5854023643577287e+20,1.234375,2.5854023643577287e+20,100.0
458400,2.6111236721264325e+20,1.234375,2.611384784493645e+20,1.234375,2.611384784493645e+20,100.0
458500,2.6373645827140105e+20,1.234375,2.637628319172282e+20,1.234375,2.637628319172282e+20,100.0
458600,2.663869205586004e+20,1.234375,2.6641355925065623e+20,1.234375,2.6641355925065623e+20,100.0
458700,2.6906401909617587e+20,1.234375,2.6909092549808547e+20,1.234375,2.6909092549808547e+20,100.0
458800,2.717680215694434e+20,1.234375,2.7179519837160033e+20,1.234375,2.7179519837160033e+20,100.0
458900,2.7449919835386567e+20,1.234375,2.7452664827370104e+20,1.234375,2.7452664827370104e+20,100.0
459000,2.7725782254208723e+20,1.234375,2.772855483243414e+20,1.234375,2.772855483243414e+20,100.0
459100,2.8004416997124175e+20,1.234375,2.8007217438823888e+20,1.234375,2.8007217438823888e+20,100.0
459200,2.828585192505325e+20,1.234375,2.8288680510245755e+20,1.234375,2.8288680510245755e+20,100.0
459300,2.8570115178909145e+20,1.234375,2.8572972190427038e+20,1.234375,2.8572972190427038e+20,100.0
459400,2.8857235182411724e+20,1.234375,2.8860120905929966e+20,1.234375,2.8860120905929966e+20,100.0
459500,2.9147240644929595e+20,1.234375,2.915015536899409e+20,1.234375,2.915015536899409e+20,100.0
459600,2.944016056435085e+20,1.234375,2.9443104580407286e+20,1.234375,2.9443104580407286e+20,100.0
459700,2.973602422998254e+20,1.234375,2.973899783240554e+20,1.234375,2.973899783240554e+20,100.0
459800,3.003486122547943e+20,1.234375,3.003786471160198e+20,1.234375,3.003786471160198e+20,100.0
459900,3.0336701431801885e+20,1.234375,3.0339735101945066e+20,1.234375,3.0339735101945066e+20,100.0
460000,3.064157503020397e+20,1.234375,3.064463918770699e+20,1.234375,3.064463918770699e+20,100.0
460100,3.094951250525102e+20,1.234375,3.0952607456501544e+20,1.234375,3.0952607456501544e+20,100.0
460200,3.1260544647867983e+20,1.234375,3.126367070233277e+20,1.234375,3.126367070233277e+20,100.0
460300,3.1574702558418285e+20,1.234375,3.1577860028674127e+20,1.234375,3.1577860028674127e+20,100.0
460400,3.1892017649813455e+20,1.234375,3.1895206851578436e+20,1.234375,3.1895206851578436e+20,100.0
460500,3.2212521650654065e+20,1.234375,3.221574290281913e+20,1.234375,3.221574290281913e+20,100.0
460600,3.2536246608402547e+20,1.234375,3.2539500233063386e+20,1.234375,3.2539500233063386e+20,100.0
460700,3.286322489258748e+20,1.234375,3.286651121507674e+20,1.234375,3.286651121507674e+20,100.0
460800,3.319348919804015e+20,1.234375,3.319680854695995e+20,1.234375,3.319680854695995e+20,100.0
460900,3.3527072548163964e+20,1.234375,3.3530425255418783e+20,1.234375,3.3530425255418783e+20,100.0
461000,3.386400829823636e+20,1.234375,3.386739469906618e+20,1.234375,3.386739469906618e+20,100.0
461100,3.420433013874396e+20,1.234375,3.420775057175783e+20,1.234375,3.420775057175783e+20,100.0
461200,3.454807209875149e+20,1.234375,3.455152690596137e+20,1.234375,3.455152690596137e+20,100.0
461300,3.489526854930425e+20,1.234375,3.489875807615918e+20,1.234375,3.489875807615918e+20,100.0
461400,3.5245954206864907e+20,1.234375,3.524947880228559e+20,1.234375,3.524947880228559e+20,100.0
461500,3.56001641367849e+20,1.234375,3.560372415319858e+20,1.234375,3.560372415319858e+20,100.0
461600,3.595793375681046e+20,1.234375,3.596152955018614e+20,1.234375,3.596152955018614e+20,100.0
461700,3.6319298840624405e+20,1.234375,3.632293077050847e+20,1.234375,3.632293077050847e+20,100.0
461800,3.668429552142283e+20,1.234375,3.668796395097497e+20,1.234375,3.668796395097497e+20,100.0
461900,3.7052960295528294e+20,1.234375,3.705666559155785e+20,1.234375,3.705666559155785e+20,100.0
462000,3.742533002603908e+20,1.234375,3.742907255904169e+20,1.234375,3.742907255904169e+20,100.0
462100,3.7801441946515105e+20,1.234375,3.7805222090709755e+20,1.234375,3.7805222090709755e+20,100.0
462200,3.8181333664701e+20,1.234375,3.8185151798067475e+20,1.234375,3.8185151798067475e+20,100.0
462300,3.8565043166286565e+20,1.234375,3.8568899670603196e+20,1.234375,3.8568899670603196e+20,100.0
462400,3.8952608818704876e+20,1.234375,3.895650407958675e+20,1.234375,3.895650407958675e+20,100.0
462500,3.934406937496884e+20,1.234375,3.9348003781906334e+20,1.234375,3.9348003781906334e+20,100.0
462600,3.973946397754591e+20,1.234375,3.9743437923943665e+20,1.234375,3.9743437923943665e+20,100.0
462700,4.013883216227224e+20,1.234375,4.014284604548847e+20,1.234375,4.014284604548847e+20,100.0
462800,4.0542213862305694e+20,1.234375,4.0546268083691926e+20,1.234375,4.0546268083691926e+20,100.0
462900,4.094964941211895e+20,1.234375,4.0953744377060164e+20,1.234375,4.0953744377060164e+20,100.0
463000,4.136117955153246e+20,1.234375,4.1365315669487616e+20,1.234375,4.1365315669487616e+20,100.0
463100,4.1776845429788135e+20,1.234375,4.1781023114331115e+20,1.234375,4.1781023114331115e+20,100.0
463200,4.2196688609663805e+20,1.234375,4.220090827852477e+20,1.234375,4.220090827852477e+20,100.0
463300,4.262075107162922e+20,1.234375,4.262501314673638e+20,1.234375,4.262501314673638e+20,100.0
463400,4.304907521804362e+20,1.234375,4.3053380125565426e+20,1.234375,4.3053380125565426e+20,100.0
463500,4.348170387739576e+20,1.234375,4.34860520477835e+20,1.234375,4.34860520477835e+20,100.0
463600,4.391868030858604e+20,1.234375,4.39230721766169e+20,1.234375,4.39230721766169e+20,100.0
463700,4.436004820525233e+20,1.234375,4.436448421007285e+20,1.234375,4.436448421007285e+20,100.0
463800,4.480585170013879e+20,1.234375,4.4810332285308803e+20,1.234375,4.4810332285308803e+20,100.0
463900,4.525613536950865e+20,1.234375,4.52606609830456e+20,1.234375,4.52606609830456e+20,100.0
464000,4.571094423760163e+20,1.234375,4.571551533202539e+20,1.234375,4.571551533202539e+20,100.0
464100,4.617032378113579e+20,1.234375,4.6174940813513903e+20,1.234375,4.6174940813513903e+20,100.0
464200,4.663431993385486e+20,1.234375,4.663898336584825e+20,1.234375,4.663898336584825e+20,100.0
464300,4.710297909112115e+20,1.234375,4.7107689389030264e+20,1.234375,4.7107689389030264e+20,100.0
464400,4.7576348114554696e+20,1.234375,4.758110574936615e+20,1.234375,4.758110574936615e+20,100.0
464500,4.805447433671897e+20,1.234375,4.805927978415264e+20,1.234375,4.805927978415264e+20,100.0
464600,4.853740556585373e+20,1.234375,4.854225930641031e+20,1.234375,4.854225930641031e+20,100.0
464700,4.902519009065541e+20,1.234375,4.903009260966448e+20,1.234375,4.903009260966448e+20,100.0
464800,4.9517876685105516e+20,1.234375,4.952282847277403e+20,1.234375,4.952282847277403e+20,100.0
464900,5.0015514613347464e+20,1.234375,5.0020516164808796e+20,1.234375,5.0020516164808796e+20,100.0
465000,5.0518153634612865e+20,1.234375,5.052320544997632e+20,1.234375,5.052320544997632e+20,100.0
465100,5.102584400819668e+20,1.234375,5.10309465925975e+20,1.234375,5.10309465925975e+20,100.0
465200,5.153863649848283e+20,1.234375,5.1543790362132677e+20,1.234375,5.1543790362132677e+20,100.0
465300,5.205658238002008e+20,1.234375,5.206178803825808e+20,1.234375,5.206178803825808e+20,100.0
465400,5.2579733442649214e+20,1.234375,5.258499141599348e+20,1.234375,5.258499141599348e+20,100.0
465500,5.310814199668133e+20,1.234375,5.3113452810881e+20,1.234375,5.3113452810881e+20,100.0
465600,5.3641860878128434e+20,1.234375,5.3647225064216245e+20,1.234375,5.3647225064216245e+20,100.0
465700,5.4180943453986685e+20,1.234375,5.4186361548332086e+20,1.234375,5.4186361548332086e+20,100.0
465800,5.472544362757242e+20,1.234375,5.473091617193518e+20,1.234375,5.473091617193518e+20,100.0
465900,5.5275415843912267e+20,1.234375,5.5280943385496656e+20,1.234375,5.5280943385496656e+20,100.0
466000,5.5830915095186755e+20,1.234375,5.5836498186696275e+20,1.234375,5.5836498186696275e+20,100.0
466100,5.639199692622941e+20,1.234375,5.639763612592203e+20,1.234375,5.639763612592203e+20,100.0
466200,5.695871744008045e+20,1.234375,5.696441331182446e+20,1.234375,5.696441331182446e+20,100.0
466300,5.7531133303596823e+20,1.234375,5.753688641692718e+20,1.234375,5.753688641692718e+20,100.0
466400,5.8109301753118156e+20,1.234375,5.811511268329347e+20,1.234375,5.811511268329347e+20,100.0
466500,5.869328060018997e+20,1.234375,5.869914992824998e+20,1.234375,5.869914992824998e+20,100.0
466600,5.928312823734423e+20,1.234375,5.928905655016796e+20,1.234375,5.928905655016796e+20,100.0
466700,5.987890364393815e+20,1.234375,5.988489153430254e+20,1.234375,5.988489153430254e+20,100.0
466800,6.048066639205155e+20,1.234375,6.048671445869076e+20,1.234375,6.048671445869076e+20,100.0
466900,6.108847665244364e+20,1.234375,6.109458550010888e+20,1.234375,6.109458550010888e+20,100.0
467000,6.170239520056927e+20,1.234375,6.170856544008932e+20,1.234375,6.170856544008932e+20,100.0
467100,6.232248342265611e+20,1.234375,6.232871567099838e+20,1.234375,6.232871567099838e+20,100.0
467200,6.294880332184264e+20,1.234375,6.295509820217482e+20,1.234375,6.295509820217482e+20,100.0
467300,6.358141752437801e+20,1.234375,6.358777566613045e+20,1.234375,6.358777566613045e+20,100.0
467400,6.422038928588399e+20,1.234375,6.422681132481257e+20,1.234375,6.422681132481257e+20,100.0
467500,6.486578249768003e+20,1.234375,6.48722690759298e+20,1.234375,6.48722690759298e+20,100.0
467600,6.551766169317166e+20,1.234375,6.552421345934098e+20,1.234375,6.552421345934098e+20,100.0
467700,6.617609205430337e+20,1.234375,6.61827096635088e+20,1.234375,6.61827096635088e+20,100.0
467800,6.684113941807618e+20,1.234375,6.684782353201799e+20,1.234375,6.684782353201799e+20,100.0
467900,6.751287028313066e+20,1.234375,6.751962157015897e+20,1.234375,6.751962157015897e+20,100.0
468000,6.819135181639628e+20,1.234375,6.819817095157792e+20,1.234375,6.819817095157792e+20,100.0
468100,6.887665185980744e+20,1.234375,6.888353952499342e+20,1.234375,6.888353952499342e+20,100.0
468200,6.956883893708705e+20,1.234375,6.957579582098076e+20,1.234375,6.957579582098076e+20,100.0
468300,7.026798226059847e+20,1.234375,7.027500905882453e+20,1.234375,7.027500905882453e+20,100.0
468400,7.097415173826561e+20,1.234375,7.098124915343943e+20,1.234375,7.098124915343943e+20,100.0
468500,7.168741798056369e+20,1.234375,7.169458672236174e+20,1.234375,7.169458672236174e+20,100.0
468600,7.240785230757902e+20,1.234375,7.241509309280978e+20,1.234375,7.241509309280978e+20,100.0
468700,7.313552675614103e+20,1.234375,7.314284030881664e+20,1.234375,7.314284030881664e+20,100.0
468800,7.387051408702468e+20,1.234375,7.387790113843338e+20,1.234375,7.387790113843338e+20,100.0
468900,7.461288779222628e+20,1.234375,7.462034908100551e+20,1.234375,7.462034908100551e+20,100.0
469000,7.536272210231171e+20,1.234375,7.537025837452194e+20,1.234375,7.537025837452194e+20,100.0
469100,7.612009199383924e+20,1.234375,7.612770400303862e+20,1.234375,7.612770400303862e+20,100.0
469200,7.688507319685589e+20,1.234375,7.689276170417558e+20,1.234375,7.689276170417558e+20,100.0
469300,7.76577422024703e+20,1.234375,7.766550797669055e+20,1.234375,7.766550797669055e+20,100.0
469400,7.843817627050076e+20,1.234375,7.84460200881278e+20,1.234375,7.84460200881278e+20,100.0
469500,7.922645343720066e+20,1.234375,7.923437608254438e+20,1.234375,7.923437608254438e+20,100.0
469600,8.002265252306147e+20,1.234375,8.003065478831377e+20,1.234375,8.003065478831377e+20,100.0
469700,8.082685314069377e+20,1.234375,8.083493582600784e+20,1.234375,8.083493582600784e+20,100.0
469800,8.163913570278824e+20,1.234375,8.164729961635852e+20,1.234375,8.164729961635852e+20,100.0
469900,8.245958143015564e+20,1.234375,8.246782738829865e+20,1.234375,8.246782738829865e+20,100.0
470000,8.328827235984862e+20,1.234375,8.32966011870846e+20,1.234375,8.32966011870846e+20,100.0
470100,8.41252913533645e+20,1.234375,8.413370388249983e+20,1.234375,8.413370388249983e+20,100.0
470200,8.497072210493048e+20,1.234375,8.497921917714098e+20,1.234375,8.497921917714098e+20,100.0
470300,8.582464914987262e+20,1.234375,8.58332316147876e+20,1.234375,8.58332316147876e+20,100.0
470400,8.66871578730684e+20,1.234375,8.66958265888557e+20,1.234375,8.66958265888557e+20,100.0
470500,8.755833451748452e+20,1.234375,8.756709035093627e+20,1.234375,8.756709035093627e+20,100.0
470600,8.843826619280016e+20,1.234375,8.844711001941945e+20,1.234375,8.844711001941945e+20,100.0
470700,8.932704088411762e+20,1.234375,8.933597358820603e+20,1.234375,8.933597358820603e+20,100.0
470800,9.02247474607595e+20,1.234375,9.023376993550558e+20,1.234375,9.023376993550558e+20,100.0
470900,9.113147568515516e+20,1.234375,9.114058883272367e+20,1.234375,9.114058883272367e+20,100.0
471000,9.204731622181612e+20,1.234375,9.20565209534383e+20,1.234375,9.20565209534383e+20,100.0
471100,9.297236064640145e+20,1.234375,9.298165788246608e+20,1.234375,9.298165788246608e+20,100.0
471200,9.390670145487465e+20,1.234375,9.391609212502013e+20,1.234375,9.391609212502013e+20,100.0
471300,9.485043207275268e+20,1.234375,9.485991711595995e+20,1.234375,9.485991711595995e+20,100.0
471400,9.58036468644471e+20,1.234375,9.581322722913354e+20,1.234375,9.581322722913354e+20,100.0
471500,9.676644114269996e+20,1.234375,9.677611778681424e+20,1.234375,9.677611778681424e+20,100.0
471600,9.773891117811418e+20,1.234375,9.7748685069232e+20,1.234375,9.7748685069232e+20,100.0
471700,9.872115420877972e+20,1.234375,9.87310263242006e+20,1.234375,9.87310263242006e+20,100.0
471800,9.971326844999661e+20,1.234375,9.97232397768416e+20,1.234375,9.97232397768416e+20,100.0
471900,1.0071535310409522e+21,1.234375,1.0072542463940563e+21,1.234375,1.0072542463940563e+21,100.0
472000,1.0172750837035595e+21,1.234375,1.0173768112119298e+21,1.234375,1.0173768112119298e+21,100.0
472100,1.0274983545502816e+21,1.234375,1.0276011043857366e+21,1.234375,1.0276011043857366e+21,100.0
472200,1.0378243658144975e+21,1.234375,1.037928148251079e+21,1.234375,1.037928148251079e+21,100.0
472300,1.0482541500026859e+21,1.234375,1.0483589754176862e+21,1.234375,1.0483589754176862e+21,100.0
472400,1.0587887499976671e+21,1.234375,1.0588946288726669e+21,1.234375,1.0588946288726669e+21,100.0
472500,1.0694292191628814e+21,1.234375,1.0695361620847977e+21,1.234375,1.0695361620847977e+21,100.0
472600,1.0801766214477157e+21,1.234375,1.0802846391098606e+21,1.234375,1.0802846391098606e+21,100.0
472700,1.091032031493889e+21,1.234375,1.0911411346970385e+21,1.234375,1.0911411346970385e+21,100.0
472800,1.1019965347429063e+21,1.234375,1.1021067343963805e+21,1.234375,1.1021067343963805e+21,100.0
472900,1.113071227544592e+21,1.234375,1.1131825346673465e+21,1.234375,1.1131825346673465e+21,100.0
473000,1.1242572172667173e+21,1.234375,1.1243696429884439e+21,1.234375,1.1243696429884439e+21,100.0
473100,1.1355556224057243e+21,1.234375,1.1356691779679648e+21,1.234375,1.1356691779679648e+21,100.0
473200,1.1469675726985666e+21,1.234375,1.1470822694558365e+21,1.234375,1.1470822694558365e+21,100.0
473300,1.1584942092356725e+21,1.234375,1.1586100586565961e+21,1.234375,1.1586100586565961e+21,100.0
473400,1.1701366845750437e+21,1.234375,1.1702536982435012e+21,1.234375,1.1702536982435012e+21,100.0
473500,1.1818961628575005e+21,1.234375,1.1820143524737862e+21,1.234375,1.1820143524737862e+21,100.0
473600,1.1937738199230836e+21,1.234375,1.1938931973050757e+21,1.234375,1.1938931973050757e+21,100.0
473700,1.205770843428632e+21,1.234375,1.2058914205129748e+21,1.234375,1.2058914205129748e+21,100.0
473800,1.217888432966532e+21,1.234375,1.2180102218098286e+21,1.234375,1.2180102218098286e+21,100.0
473900,1.2301278001846658e+21,1.234375,1.2302508129646842e+21,1.234375,1.2302508129646842e+21,100.0
474000,1.2424901689075743e+21,1.234375,1.242614417924465e+21,1.234375,1.242614417924465e+21,100.0
474100,1.2549767752588145e+21,1.234375,1.2551022729363404e+21,1.234375,1.2551022729363404e+21,100.0
474200,1.2675888677845732e+21,1.234375,1.2677156266713515e+21,1.234375,1.2677156266713515e+21,100.0
474300,1.2803277075784993e+21,1.234375,1.280455740349257e+21,1.234375,1.280455740349257e+21,100.0
474400,1.2931945684078082e+21,1.234375,1.293323887864649e+21,1.234375,1.293323887864649e+21,100.0
474500,1.3061907368406478e+21,1.234375,1.3063213559143318e+21,1.234375,1.3063213559143318e+21,100.0
474600,1.3193175123747395e+21,1.234375,1.319449444125977e+21,1.234375,1.319449444125977e+21,100.0
474700,1.332576207567319e+21,1.234375,1.3327094651880756e+21,1.234375,1.3327094651880756e+21,100.0
474800,1.3459681481663764e+21,1.234375,1.346102744981193e+21,1.234375,1.346102744981193e+21,100.0
474900,1.3594946732432218e+21,1.234375,1.359630622710546e+21,1.234375,1.359630622710546e+21,100.0
475000,1.37315713532638e+21,1.234375,1.3732944510399126e+21,1.234375,1.3732944510399126e+21,100.0
475100,1.3869569005368312e+21,1.234375,1.387095596226885e+21,1.234375,1.387095596226885e+21,100.0
475200,1.4008953487246077e+21,1.234375,1.4010354382594803e+21,1.234375,1.4010354382594803e+21,100.0
475300,1.4149738736067708e+21,1.234375,1.4151153709941315e+21,1.234375,1.4151153709941315e+21,100.0
475400,1.4291938829067658e+21,1.234375,1.4293368022950564e+21,1.234375,1.4293368022950564e+21,100.0
475500,1.4435567984951839e+21,1.234375,1.4437011541750333e+21,1.234375,1.4437011541750333e+21,100.0
475600,1.458064056531933e+21,1.234375,1.4582098629375862e+21,1.234375,1.4582098629375862e+21,100.0
475700,1.4727171076098472e+21,1.234375,1.4728643793206082e+21,1.234375,1.4728643793206082e+21,100.0
475800,1.4875174168997231e+21,1.234375,1.4876661686414132e+21,1.234375,1.4876661686414132e+21,100.0
475900,1.5024664642968329e+21,1.234375,1.5026167109432626e+21,1.234375,1.5026167109432626e+21,100.0
476000,1.517565744568892e+21,1.234375,1.517717501143349e+21,1.234375,1.517717501143349e+21,100.0
476100,1.5328167675055317e+21,1.234375,1.5329700491822823e+21,1.234375,1.5329700491822823e+21,100.0
476200,1.5482210580692562e+21,1.234375,1.5483758801750631e+21,1.234375,1.5483758801750631e+21,100.0
476300,1.5637801565479276e+21,1.234375,1.5639365345635824e+21,1.234375,1.5639365345635824e+21,100.0
476400,1.5794956187087788e+21,1.234375,1.5796535682706495e+21,1.234375,1.5796535682706495e+21,100.0
476500,1.5953690159539786e+21,1.234375,1.595528552855574e+21,1.234375,1.595528552855574e+21,100.0
476600,1.6114019354777598e+21,1.234375,1.6115630756713076e+21,1.234375,1.6115630756713076e+21,100.0
476700,1.6275959804251176e+21,1.234375,1.62775874002316e+21,1.234375,1.62775874002316e+21,100.0
476800,1.6439527700521125e+21,1.234375,1.6441171653291176e+21,1.234375,1.6441171653291176e+21,100.0
476900,1.660473939887782e+21,1.234375,1.6606399872817708e+21,1.234375,1.6606399872817708e+21,100.0
477000,1.6771611418976786e+21,1.234375,1.6773288580118683e+21,1.234375,1.6773288580118683e+21,100.0
477100,1.6940160446490518e+21,1.234375,1.6941854462535168e+21,1.234375,1.6941854462535168e+21,100.0
477200,1.7110403334776837e+21,1.234375,1.7112114375110314e+21,1.234375,1.7112114375110314e+21,100.0
477300,1.7282357106564158e+21,1.234375,1.7284085342274815e+21,1.234375,1.7284085342274815e+21,100.0
477400,1.7456038955653535e+21,1.234375,1.74577845595491e+21,1.234375,1.74577845595491e+21,100.0
477500,1.7631466248637925e+21,1.234375,1.7633229395262788e+21,1.234375,1.7633229395262788e+21,100.0
477600,1.7808656526638674e+21,1.234375,1.7810437392291337e+21,1.234375,1.7810437392291337e+21,100.0
477700,1.7987627507059463e+21,1.234375,1.798942626981017e+21,1.234375,1.798942626981017e+21,100.0
477800,1.8168397085357923e+21,1.234375,1.817021392506646e+21,1.234375,1.817021392506646e+21,100.0
477900,1.835098333683495e+21,1.234375,1.8352818435168632e+21,1.234375,1.8352818435168632e+21,100.0
478000,1.853540451844213e+21,1.234375,1.8537258058893972e+21,1.234375,1.8537258058893972e+21,100.0
478100,1.8721679070607222e+21,1.234375,1.872355123851428e+21,1.234375,1.872355123851428e+21,100.0
478200,1.8909825619078081e+21,1.234375,1.8911716601639988e+21,1.234375,1.8911716601639988e+21,100.0
478300,1.9099862976785002e+21,1.234375,1.910177296308268e+21,1.234375,1.910177296308268e+21,100.0
478400,1.9291810145721901e+21,1.234375,1.9293739326736472e+21,1.234375,1.9293739326736472e+21,100.0
478500,1.9485686318846318e+21,1.234375,1.9487634887478202e+21,1.234375,1.9487634887478202e+21,100.0
478600,1.9681510881998492e+21,1.234375,1.968347903308669e+21,1.234375,1.968347903308669e+21,100.0
478700,1.987930341583981e+21,1.234375,1.9881291346181394e+21,1.234375,1.9881291346181394e+21,100.0
478800,2.0079083697810747e+21,1.234375,2.0081091606180528e+21,1.234375,2.0081091606180528e+21,100.0
478900,2.028087170410832e+21,1.234375,2.028289979127873e+21,1.234375,2.028289979127873e+21,100.0
479000,2.0484687611683558e+21,1.234375,2.0486736080444727e+21,1.234375,2.0486736080444727e+21,100.0
479100,2.0690551800259082e+21,1.234375,2.0692620855439107e+21,1.234375,2.0692620855439107e+21,100.0
479200,2.0898484854366837e+21,1.234375,2.0900574702852272e+21,1.234375,2.0900574702852272e+21,100.0
479300,2.110850756540631e+21,1.234375,2.1110618416162852e+21,1.234375,2.1110618416162852e+21,100.0
479400,2.132064093372356e+21,1.234375,2.132277299781693e+21,1.234375,2.132277299781693e+21,100.0
479500,2.153490617071101e+21,1.234375,2.153705966132808e+21,1.234375,2.153705966132808e+21,100.0
479600,2.1751324700928437e+21,1.234375,2.1753499833398529e+21,1.234375,2.1753499833398529e+21,100.0
479700,2.1969918164245186e+21,1.234375,2.197211515606161e+21,1.234375,2.197211515606161e+21,100.0
479800,2.219070841800396e+21,1.234375,2.219292748884576e+21,1.234375,2.219292748884576e+21,100.0
479900,2.2413717539206416e+21,1.234375,2.2415958910960337e+21,1.234375,2.2415958910960337e+21,100.0
480000,2.263896782672059e+21,1.234375,2.2641231723503262e+21,1.234375,2.2641231723503262e+21,100.0
480100,2.2866481803510607e+21,1.234375,2.2868768451690957e+21,1.234375,2.2868768451690957e+21,100.0
480200,2.309628221888877e+21,1.234375,2.309859184711066e+21,1.234375,2.309859184711066e+21,100.0
480300,2.3328392050790278e+21,1.234375,2.3330724889995358e+21,1.234375,2.3330724889995358e+21,100.0
480400,2.3562834508070846e+21,1.234375,2.3565190791521653e+21,1.234375,2.3565190791521653e+21,100.0
480500,2.3799633032827303e+21,1.234375,2.3802012996130586e+21,1.234375,2.3802012996130586e+21,100.0
480600,2.4038811302741646e+21,1.234375,2.404121518387192e+21,1.234375,2.404121518387192e+21,100.0
480700,2.428039323344855e+21,1.234375,2.42828212727719e+21,1.234375,2.42828212727719e+21,100.0
480800,2.452440298092683e+21,1.234375,2.4526855421224923e+21,1.234375,2.4526855421224923e+21,100.0
480900,2.4770864943914654e+21,1.234375,2.477334203040905e+21,1.234375,2.477334203040905e+21,100.0
481000,2.5019803766349255e+21,1.234375,2.502230574672589e+21,1.234375,2.502230574672589e+21,100.0
481100,2.52712443398311e+21,1.234375,2.527377146426508e+21,1.234375,2.527377146426508e+21,100.0
481200,2.5525211806112893e+21,1.234375,2.55277643272935e+21,1.234375,2.55277643272935e+21,100.0
481300,2.5781731559613404e+21,1.234375,2.5784309732769367e+21,1.234375,2.5784309732769367e+21,100.0
481400,2.6040829249956736e+21,1.234375,2.604343333288173e+21,1.234375,2.604343333288173e+21,100.0
481500,2.630253078453705e+21,1.234375,2.6305161037615506e+21,1.234375,2.6305161037615506e+21,100.0
481600,2.6566862331109116e+21,1.234375,2.656951901734223e+21,1.234375,2.656951901734223e+21,100.0
481700,2.6833850320404716e+21,1.234375,2.6836533705436755e+21,1.234375,2.6836533705436755e+21,100.0
481800,2.7103521448775595e+21,1.234375,2.710623180092047e+21,1.234375,2.710623180092047e+21,100.0
481900,2.73759026808628e+21,1.234375,2.7378640271130886e+21,1.234375,2.7378640271130886e+21,100.0
482000,2.765102125229293e+21,1.234375,2.7653786354418157e+21,1.234375,2.7653786354418157e+21,100.0
482100,2.79289046724014e+21,1.234375,2.7931697562868635e+21,1.234375,2.7931697562868635e+21,100.0
482200,2.8209580726983176e+21,1.234375,2.8212401685055873e+21,1.234375,2.8212401685055873e+21,100.0
482300,2.849307748107104e+21,1.234375,2.8495926788819145e+21,1.234375,2.8495926788819145e+21,100.0
482400,2.877942328174193e+21,1.234375,2.8782301224070105e+21,1.234375,2.8782301224070105e+21,100.0
482500,2.9068646760951285e+21,1.234375,2.907155362562738e+21,1.234375,2.907155362562738e+21,100.0
482600,2.9360776838396007e+21,1.234375,2.9363712916079845e+21,1.234375,2.9363712916079845e+21,100.0
482700,2.965584272440621e+21,1.234375,2.965880830867865e+21,1.234375,2.965880830867865e+21,100.0
482800,2.9953873922865963e+21,1.234375,2.995686931025825e+21,1.234375,2.995686931025825e+21,100.0
482900,3.025490023416337e+21,1.234375,3.0257925724186786e+21,1.234375,3.0257925724186786e+21,100.0
483000,3.0558951758170355e+21,1.234375,3.056200765334617e+21,1.234375,3.056200765334617e+21,100.0
483100,3.086605889725243e+21,1.234375,3.0869145503142154e+21,1.234375,3.0869145503142154e+21,100.0
483200,3.117625235930858e+21,1.234375,3.117936998454451e+21,1.234375,3.117936998454451e+21,100.0
483300,3.1489563160841825e+21,1.234375,3.149271211715791e+21,1.234375,3.149271211715791e+21,100.0
483400,3.180602263006055e+21,1.234375,3.1809203232323556e+21,1.234375,3.1809203232323556e+21,100.0
483500,3.212566241001101e+21,1.234375,3.212887497625201e+21,1.234375,3.212887497625201e+21,100.0
483600,3.244851446174139e+21,1.234375,3.245175931318756e+21,1.234375,3.245175931318756e+21,100.0
483700,3.2774611067497664e+21,1.234375,3.277788852860441e+21,1.234375,3.277788852860441e+21,100.0
483800,3.310398483395141e+21,1.234375,3.310729523243481e+21,1.234375,3.310729523243481e+21,100.0
483900,3.343666869546031e+21,1.234375,3.3440012362329856e+21,1.234375,3.3440012362329856e+21,100.0
484000,3.3772695917361134e+21,1.234375,3.377607318695287e+21,1.234375,3.377607318695287e+21,100.0
484100,3.4112100099296047e+21,1.234375,3.4115511309305973e+21,1.234375,3.4115511309305973e+21,100.0
484200,3.445491517857233e+21,1.234375,3.4458360670090187e+21,1.234375,3.4458360670090187e+21,100.0
484300,3.480117543355567e+21,1.234375,3.480465555109903e+21,1.234375,3.480465555109903e+21,100.0
484400,3.5150915487097794e+21,1.234375,3.51544305786465e+21,1.234375,3.51544305786465e+21,100.0
484500,3.5504170309998346e+21,1.234375,3.5507720727029345e+21,1.234375,3.5507720727029345e+21,100.0
484600,3.586097522450173e+21,1.234375,3.586456132202418e+21,1.234375,3.586456132202418e+21,100.0
484700,3.622136590782896e+21,1.234375,3.622498804441974e+21,1.234375,3.622498804441974e+21,100.0
484800,3.6585378395745047e+21,1.234375,3.658903693358462e+21,1.234375,3.658903693358462e+21,100.0
484900,3.6953049086162266e+21,1.234375,3.695674439107088e+21,1.234375,3.695674439107088e+21,100.0
485000,3.7324414742779637e+21,1.234375,3.7328147184253917e+21,1.234375,3.7328147184253917e+21,100.0
485100,3.7699512498758893e+21,1.234375,3.770328245000877e+21,1.234375,3.770328245000877e+21,100.0
485200,3.807837986043754e+21,1.234375,3.8082187698423585e+21,1.234375,3.8082187698423585e+21,100.0
485300,3.846105471107908e+21,1.234375,3.846490081655019e+21,1.234375,3.846490081655019e+21,100.0
485400,3.8847575314661025e+21,1.234375,3.885146007219249e+21,1.234375,3.885146007219249e+21,100.0
485500,3.9237980319700914e+21,1.234375,3.9241904117732884e+21,1.234375,3.9241904117732884e+21,100.0
485600,3.9632308763120805e+21,1.234375,3.9636271993997115e+21,1.234375,3.9636271993997115e+21,100.0
485700,4.0030600074150674e+21,1.234375,4.003460313415809e+21,1.234375,4.003460313415809e+21,100.0
485800,4.0432894078270943e+21,1.234375,4.043693736767877e+21,1.234375,4.043693736767877e+21,100.0
485900,4.0839231001194576e+21,1.234375,4.0843314924294693e+21,1.234375,4.0843314924294693e+21,100.0
486000,4.124965147288948e+21,1.234375,4.125377643803677e+21,1.234375,4.125377643803677e+21,100.0
486100,4.16641965316409e+21,1.234375,4.1668362951294064e+21,1.234375,4.1668362951294064e+21,100.0
486200,4.2082907628155054e+21,1.234375,4.208711591891787e+21,1.234375,4.208711591891787e+21,100.0
486300,4.250582662970373e+21,1.234375,4.2510077212366697e+21,1.234375,4.2510077212366697e+21,100.0
486400,4.2932995824310603e+21,1.234375,4.293728912389303e+21,1.234375,4.293728912389303e+21,100.0
486500,4.3364457924979757e+21,1.234375,4.3368794370772257e+21,1.234375,4.3368794370772257e+21,100.0
486600,4.3800256073966546e+21,1.234375,4.380463609957394e+21,1.234375,4.380463609957394e+21,100.0
486700,4.4240433847091326e+21,1.234375,4.4244857890476036e+21,1.234375,4.4244857890476036e+21,100.0
486800,4.468503525809681e+21,1.234375,4.468950376162262e+21,1.234375,4.468950376162262e+21,100.0
486900,4.5134104763048903e+21,1.234375,4.5138618173525207e+21,1.234375,4.5138618173525207e+21,100.0
487000,4.558768726478199e+21,1.234375,4.559224603350847e+21,1.234375,4.559224603350847e+21,100.0
487100,4.604582811738877e+21,1.234375,4.6050432700200507e+21,1.234375,4.6050432700200507e+21,100.0
487200,4.6508573130755125e+21,1.234375,4.65132239880682e+21,1.234375,4.65132239880682e+21,100.0
487300,4.6975968575141005e+21,1.234375,4.6980666171998517e+21,1.234375,4.6980666171998517e+21,100.0
487400,4.74480611858067e+21,1.234375,4.745280599192528e+21,1.234375,4.745280599192528e+21,100.0
487500,4.792489816768617e+21,1.234375,4.792969065750294e+21,1.234375,4.792969065750294e+21,100.0
487600,4.840652720010684e+21,1.234375,4.841136785282686e+21,1.234375,4.841136785282686e+21,100.0
487700,4.889299644155749e+21,1.234375,4.889788574120165e+21,1.234375,4.889788574120165e+21,100.0
487800,4.93843545345033e+21,1.234375,4.938929296995676e+21,1.234375,4.938929296995676e+21,100.0
487900,4.988065061024982e+21,1.234375,4.988563867531084e+21,1.234375,4.988563867531084e+21,100.0
488000,5.03819342938556e+21,1.234375,5.038697248728498e+21,1.234375,5.038697248728498e+21,100.0
488100,5.088825570909435e+21,1.234375,5.089334453466526e+21,1.234375,5.089334453466526e+21,100.0
488200,5.139966548346659e+21,1.234375,5.140480545001493e+21,1.234375,5.140480545001493e+21,100.0
488300,5.191621475326224e+21,1.234375,5.192140637473757e+21,1.234375,5.192140637473757e+21,100.0
488400,5.243795516867368e+21,1.234375,5.244319896419055e+21,1.234375,5.244319896419055e+21,100.0
488500,5.296493889896017e+21,1.234375,5.297023539285007e+21,1.234375,5.297023539285007e+21,100.0
488600,5.349721863766454e+21,1.234375,5.350256835952831e+21,1.234375,5.350256835952831e+21,100.0
488700,5.403484760788172e+21,1.234375,5.404025109264251e+21,1.234375,5.404025109264251e+21,100.0
488800,5.457787956758093e+21,1.234375,5.458333735553768e+21,1.234375,5.458333735553768e+21,100.0
488900,5.512636881498076e+21,1.234375,5.513188145186226e+21,1.234375,5.513188145186226e+21,100.0
489000,5.568037019397853e+21,1.234375,5.568593823099793e+21,1.234375,5.568593823099793e+21,100.0
489100,5.62399390996342e+21,1.234375,5.624556309354417e+21,1.234375,5.624556309354417e+21,100.0
489200,5.680513148370938e+21,1.234375,5.681081199685775e+21,1.234375,5.681081199685775e+21,100.0
489300,5.7376003860262e+21,1.234375,5.738174146064803e+21,1.234375,5.738174146064803e+21,100.0
489400,5.795261331129717e+21,1.234375,5.79584085726283e+21,1.234375,5.79584085726283e+21,100.0
489500,5.85350174924748e+21,1.234375,5.854087099422405e+21,1.234375,5.854087099422405e+21,100.0
489600,5.912327463887477e+21,1.234375,5.912918696633865e+21,1.234375,5.912918696633865e+21,100.0
489700,5.971744357081975e+21,1.234375,5.972341531517682e+21,1.234375,5.972341531517682e+21,100.0
489800,6.031758369975683e+21,1.234375,6.03236154581268e+21,1.234375,6.03236154581268e+21,100.0
489900,6.092375503419809e+21,1.234375,6.092984740970151e+21,1.234375,6.092984740970151e+21,100.0
490000,6.15360181857209e+21,1.234375,6.154217178753947e+21,1.234375,6.154217178753947e+21,100.0
490100,6.215443437502841e+21,1.234375,6.216064981846592e+21,1.234375,6.216064981846592e+21,100.0
490200,6.277906543807127e+21,1.234375,6.278534334461508e+21,1.234375,6.278534334461508e+21,100.0
490300,6.340997383223039e+21,1.234375,6.341631482961362e+21,1.234375,6.341631482961362e+21,100.0
490400,6.404722264256243e+21,1.234375,6.405362736482669e+21,1.234375,6.405362736482669e+21,100.0
490500,6.469087558810734e+21,1.234375,6.469734467566615e+21,1.234375,6.469734467566615e+21,100.0
490600,6.534099702826001e+21,1.234375,6.534753112796284e+21,1.234375,6.534753112796284e+21,100.0
490700,6.59976519692056e+21,1.234375,6.600425173440252e+21,1.234375,6.600425173440252e+21,100.0
490800,6.66609060704193e+21,1.234375,6.666757216102634e+21,1.234375,6.666757216102634e+21,100.0
490900,6.733082565123197e+21,1.234375,6.733755873379709e+21,1.234375,6.733755873379709e+21,100.0
491000,6.800747769746117e+21,1.234375,6.801427844523091e+21,1.234375,6.801427844523091e+21,100.0
491100,6.869092986810945e+21,1.234375,6.869779896109626e+21,1.234375,6.869779896109626e+21,100.0
491200,6.938125050212935e+21,1.234375,6.938818862717956e+21,1.234375,6.938818862717956e+21,100.0
491300,7.007850862525686e+21,1.234375,7.008551647611939e+21,1.234375,7.008551647611939e+21,100.0
491400,7.078277395691336e+21,1.234375,7.078985223430905e+21,1.234375,7.078985223430905e+21,100.0
491500,7.149411691717674e+21,1.234375,7.150126632886845e+21,1.234375,7.150126632886845e+21,100.0
491600,7.221260863382293e+21,1.234375,7.221982989468632e+21,1.234375,7.221982989468632e+21,100.0
491700,7.293832094943791e+21,1.234375,7.294561478153285e+21,1.234375,7.294561478153285e+21,100.0
491800,7.367132642860145e+21,1.234375,7.367869356124431e+21,1.234375,7.367869356124431e+21,100.0
491900,7.441169836514281e+21,1.234375,7.441913953497932e+21,1.234375,7.441913953497932e+21,100.0
492000,7.51595107894695e+21,1.234375,7.516702674054845e+21,1.234375,7.516702674054845e+21,100.0
492100,7.591483847596945e+21,1.234375,7.592242995981705e+21,1.234375,7.592242995981705e+21,100.0
492200,7.667775695048817e+21,1.234375,7.668542472618322e+21,1.234375,7.668542472618322e+21,100.0
492300,7.744834249788022e+21,1.234375,7.745608733213001e+21,1.234375,7.745608733213001e+21,100.0
492400,7.82266721696372e+21,1.234375,7.823449483685416e+21,1.234375,7.823449483685416e+21,100.0
492500,7.901282379159222e+21,1.234375,7.902072507397139e+21,1.234375,7.902072507397139e+21,100.0
492600,7.980687597170161e+21,1.234375,7.981485665929878e+21,1.234375,7.981485665929878e+21,100.0
492700,8.060890810790525e+21,1.234375,8.061696899871604e+21,1.234375,8.061696899871604e+21,100.0
492800,8.141900039606536e+21,1.234375,8.142714229610497e+21,1.234375,8.142714229610497e+21,100.0
492900,8.223723383798551e+21,1.234375,8.224545756136931e+21,1.234375,8.224545756136931e+21,100.0
493000,8.306369024951003e+21,1.234375,8.307199661853498e+21,1.234375,8.307199661853498e+21,100.0
493100,8.389845226870485e+21,1.234375,8.390684211393172e+21,1.234375,8.390684211393172e+21,100.0
493200,8.474160336412057e+21,1.234375,8.475007752445698e+21,1.234375,8.475007752445698e+21,100.0
493300,8.55932278431384e+21,1.234375,8.560178716592272e+21,1.234375,8.560178716592272e+21,100.0
493400,8.645341086040041e+21,1.234375,8.646205620148645e+21,1.234375,8.646205620148645e+21,100.0
493500,8.732223842632397e+21,1.234375,8.733097065016661e+21,1.234375,8.733097065016661e+21,100.0
493600,8.819979741570209e+21,1.234375,8.820861739544367e+21,1.234375,8.820861739544367e+21,100.0
493700,8.908617557638998e+21,1.234375,8.909508419394762e+21,1.234375,8.909508419394762e+21,100.0
493800,8.998146153807927e+21,1.234375,8.999045968423308e+21,1.234375,8.999045968423308e+21,100.0
493900,9.088574482115995e+21,1.234375,9.089483339564207e+21,1.234375,9.089483339564207e+21,100.0
494000,9.179911584567186e+21,1.234375,9.180829575725642e+21,1.234375,9.180829575725642e+21,100.0
494100,9.272166594034564e+21,1.234375,9.273093810693967e+21,1.234375,9.273093810693967e+21,100.0
494200,9.365348735173459e+21,1.234375,9.366285270046977e+21,1.234375,9.366285270046977e+21,100.0
494300,9.459467325343896e+21,1.234375,9.46041327207643e+21,1.234375,9.46041327207643e+21,100.0
494400,9.554531775542181e+21,1.234375,9.555487228719736e+21,1.234375,9.555487228719736e+21,100.0
494500,9.650551591342032e+21,1.234375,9.651516646501166e+21,1.234375,9.651516646501166e+21,100.0
494600,9.747536373844883e+21,1.234375,9.748511127482269e+21,1.234375,9.748511127482269e+21,100.0
494700,9.84549582064003e+21,1.234375,9.846480370222093e+21,1.234375,9.846480370222093e+21,100.0
494800,9.944439726774273e+21,1.234375,9.94543417074695e+21,1.234375,9.94543417074695e+21,100.0
494900,1.0044377985731315e+22,1.234375,1.0045382423529887e+22,1.234375,1.0045382423529887e+22,100.0
495000,1.0145320590421027e+22,1.234375,1.014633512248007e+22,1.234375,1.014633512248007e+22,100.0
495100,1.024727763417865e+22,1.234375,1.0248302361942067e+22,1.234375,1.0248302361942067e+22,100.0
495200,1.0350259311774022e+22,1.234375,1.03512943377052e+22,1.234375,1.03512943377052e+22,100.0
495300,1.0454275920430983e+22,1.234375,1.0455321348023026e+22,1.234375,1.0455321348023026e+22,100.0
495400,1.0559337860857007e+22,1.234375,1.0560393794643093e+22,1.234375,1.0560393794643093e+22,100.0
495500,1.0665455638283135e+22,1.234375,1.0666522183846964e+22,1.234375,1.0666522183846964e+22,100.0
495600,1.0772639863514438e+22,1.234375,1.0773717127500789e+22,1.234375,1.0773717127500789e+22,100.0
495700,1.0880901253991007e+22,1.234375,1.0881989344116406e+22,1.234375,1.0881989344116406e+22,100.0
495800,1.0990250634859556e+22,1.234375,1.0991349659923043e+22,1.234375,1.0991349659923043e+22,100.0
495900,1.1100698940055908e+22,1.234375,1.1101809009949913e+22,1.234375,1.1101809009949913e+22,100.0
496000,1.12122572133982e+22,1.234375,1.121337843911954e+22,1.234375,1.121337843911954e+22,100.0
496100,1.1324936609691253e+22,1.234375,1.1326069103352223e+22,1.234375,1.1326069103352223e+22,100.0
496200,1.143874839584188e+22,1.234375,1.1439892270681464e+22,1.234375,1.1439892270681464e+22,100.0
496300,1.1553703951985512e+22,1.234375,1.155485932238071e+22,1.234375,1.155485932238071e+22,100.0
496400,1.1669814772624085e+22,1.234375,1.1670981754101346e+22,1.234375,1.1670981754101346e+22,100.0
496500,1.1787092467775401e+22,1.234375,1.1788271177022178e+22,1.234375,1.1788271177022178e+22,100.0
496600,1.1905548764134026e+22,1.234375,1.190673931901044e+22,1.234375,1.190673931901044e+22,100.0
496700,1.2025195506243828e+22,1.234375,1.2026398025794451e+22,1.234375,1.2026398025794451e+22,100.0
496800,1.2146044657682337e+22,1.234375,1.2147259262148106e+22,1.234375,1.2147259262148106e+22,100.0
496900,1.226810830225702e+22,1.234375,1.2269335113087247e+22,1.234375,1.2269335113087247e+22,100.0
497000,1.2391398645213497e+22,1.234375,1.239263778507802e+22,1.234375,1.239263778507802e+22,100.0
497100,1.251592801445603e+22,1.234375,1.2517179607257476e+22,1.234375,1.2517179607257476e+22,100.0
497200,1.2641708861780067e+22,1.234375,1.2642973032666244e+22,1.234375,1.2642973032666244e+22,100.0
497300,1.2768753764117464e+22,1.234375,1.2770030639493876e+22,1.234375,1.2770030639493876e+22,100.0
497400,1.2897075424793983e+22,1.234375,1.2898365132336462e+22,1.234375,1.2898365132336462e+22,100.0
497500,1.3026686674799497e+22,1.234375,1.3027989343466976e+22,1.234375,1.3027989343466976e+22,100.0
497600,1.3157600474070985e+22,1.234375,1.3158916234118393e+22,1.234375,1.3158916234118393e+22,100.0
497700,1.3289829912788458e+22,1.234375,1.3291158895779738e+22,1.234375,1.3291158895779738e+22,100.0
497800,1.3423388212683776e+22,1.234375,1.3424730551505044e+22,1.234375,1.3424730551505044e+22,100.0
497900,1.355828872836274e+22,1.234375,1.3559644557235576e+22,1.234375,1.3559644557235576e+22,100.0
498000,1.3694544948640426e+22,1.234375,1.3695914403135289e+22,1.234375,1.3695914403135289e+22,100.0
498100,1.3832170497889939e+22,1.234375,1.3833553714939727e+22,1.234375,1.3833553714939727e+22,100.0
498200,1.397117913740477e+22,1.234375,1.3972576255318512e+22,1.234375,1.3972576255318512e+22,100.0
498300,1.411158476677472e+22,1.234375,1.4112995925251397e+22,1.234375,1.4112995925251397e+22,100.0
498400,1.4253401425275777e+22,1.234375,1.4254826765418305e+22,1.234375,1.4254826765418305e+22,100.0
498500,1.4396643293273912e+22,1.234375,1.439808295760324e+22,1.234375,1.439808295760324e+22,100.0
498600,1.4541324693642978e+22,1.234375,1.4542778826112341e+22,1.234375,1.4542778826112341e+22,100.0
498700,1.4687460093196872e+22,1.234375,1.4688928839206191e+22,1.234375,1.4688928839206191e+22,100.0
498800,1.4835064104136089e+22,1.234375,1.4836547610546503e+22,1.234375,1.4836547610546503e+22,100.0
498900,1.4984151485508795e+22,1.234375,1.4985649900657345e+22,1.234375,1.4985649900657345e+22,100.0
499000,1.5134737144686624e+22,1.234375,1.5136250618401092e+22,1.234375,1.5136250618401092e+22,100.0
499100,1.5286836138855203e+22,1.234375,1.5288364822469089e+22,1.234375,1.5288364822469089e+22,100.0
499200,1.5440463676519853e+22,1.234375,1.5442007722887504e+22,1.234375,1.5442007722887504e+22,100.0
499300,1.5595635119026185e+22,1.234375,1.5597194682538087e+22,1.234375,1.5597194682538087e+22,100.0
499400,1.575236598209618e+22,1.234375,1.575394121869439e+22,1.234375,1.575394121869439e+22,100.0
499500,1.5910671937379552e+22,1.234375,1.591226300457329e+22,1.234375,1.591226300457329e+22,100.0
499600,1.607056881402081e+22,1.234375,1.6072175870902211e+22,1.234375,1.6072175870902211e+22,100.0
499700,1.6232072600242016e+22,1.234375,1.6233695807502041e+22,1.234375,1.6233695807502041e+22,100.0
499800,1.639519944494148e+22,1.234375,1.6396838964885975e+22,1.234375,1.6396838964885975e+22,100.0
499900,1.655996565930844e+22,1.234375,1.6561621655874372e+22,1.234375,1.6561621655874372e+22,100.0
500000,1.6726387718454105e+22,1.234375,1.672806035722595e+22,1.234375,1.672806035722595e+22,100.0
500100,1.6894482263058988e+22,1.234375,1.6896171711285294e+22,1.234375,1.6896171711285294e+22,100.0
500200,1.7064266101036811e+22,1.234375,1.7065972527646915e+22,1.234375,1.7065972527646915e+22,100.0
500300,1.7235756209215145e+22,1.234375,1.7237479784836065e+22,1.234375,1.7237479784836065e+22,100.0
500400,1.7408969735032927e+22,1.234375,1.741071063200643e+22,1.234375,1.741071063200643e+22,100.0
500500,1.7583923998255118e+22,1.234375,1.7585682390654944e+22,1.234375,1.7585682390654944e+22,100.0
500600,1.7760636492704391e+22,1.234375,1.7762412556353662e+22,1.234375,1.7762412556353662e+22,100.0
500700,1.793912488801047e+22,1.234375,1.7940918800499272e+22,1.234375,1.7940918800499272e+22,100.0
500800,1.8119407031376876e+22,1.234375,1.8121218972080014e+22,1.234375,1.8121218972080014e+22,100.0
500900,1.8301500949365487e+22,1.234375,1.8303331099460424e+22,1.234375,1.8303331099460424e+22,100.0
501000,1.8485424849699052e+22,1.234375,1.8487273392184022e+22,1.234375,1.8487273392184022e+22,100.0
501100,1.8671197123081776e+22,1.234375,1.8673064242794084e+22,1.234375,1.8673064242794084e+22,100.0
501200,1.8858836345038217e+22,1.234375,1.886072222867272e+22,1.234375,1.886072222867272e+22,100.0
501300,1.9048361277770693e+22,1.234375,1.905026611389847e+22,1.234375,1.905026611389847e+22,100.0
501400,1.9239790872035307e+22,1.234375,1.924171485112251e+22,1.234375,1.924171485112251e+22,100.0
501500,1.943314426903685e+22,1.234375,1.9435087583463753e+22,1.234375,1.9435087583463753e+22,100.0
501600,1.9628440802342742e+22,1.234375,1.9630403646422975e+22,1.234375,1.9630403646422975e+22,100.0
501700,1.9825699999816316e+22,1.234375,1.9827682569816298e+22,1.234375,1.9827682569816298e+22,100.0
501800,2.0024941585569197e+22,1.234375,2.0026944079727753e+22,1.234375,2.0026944079727753e+22,100.0
501900,2.0226185481933734e+22,1.234375,2.022820810048193e+22,1.234375,2.022820810048193e+22,100.0
502000,2.0429451811454986e+22,1.234375,2.043149475663613e+22,1.234375,2.043149475663613e+22,100.0
502100,2.063476089890278e+22,1.234375,2.063682437499267e+22,1.234375,2.063682437499267e+22,100.0
502200,2.084213327330401e+22,1.234375,2.0844217486631342e+22,1.234375,2.0844217486631342e+22,100.0
502300,2.1051589669995395e+22,1.234375,2.1053694828962394e+22,1.234375,2.1053694828962394e+22,100.0
502400,2.126315103269672e+22,1.234375,2.126527734779999e+22,1.234375,2.126527734779999e+22,100.0
502500,2.147683851560509e+22,1.234375,2.1478986199456647e+22,1.234375,2.1478986199456647e+22,100.0
502600,2.1692673485510183e+22,1.234375,2.1694842752858734e+22,1.234375,2.1694842752858734e+22,100.0
502700,2.191067752393065e+22,1.234375,2.1912868591683043e+22,1.234375,2.1912868591683043e+22,100.0
502800,2.21308724292721e+22,1.234375,2.2133085516515026e+22,1.234375,2.2133085516515026e+22,100.0
502900,2.2353280219006812e+22,1.234375,2.235551554702871e+22,1.234375,2.235551554702871e+22,100.0
503000,2.2577923131875187e+22,1.234375,2.2580180924188376e+22,1.234375,2.2580180924188376e+22,100.0
503100,2.2804823630109448e+22,1.234375,2.2807104112472457e+22,1.234375,2.2807104112472457e+22,100.0
503200,2.3034004401679665e+22,1.234375,2.3036307802119834e+22,1.234375,2.3036307802119834e+22,100.0
503300,2.326548836256237e+22,1.234375,2.3267814911398627e+22,1.234375,2.3267814911398627e+22,100.0
503400,2.3499298659031855e+22,1.234375,2.350164858889776e+22,1.234375,2.350164858889776e+22,100.0
503500,2.3735458669974677e+22,1.234375,2.3737832215841675e+22,1.234375,2.3737832215841675e+22,100.0
503600,2.3973992009227324e+22,1.234375,2.3976389408428246e+22,1.234375,2.3976389408428246e+22,100.0
503700,2.421492252793737e+22,1.234375,2.4217344020190163e+22,1.234375,2.4217344020190163e+22,100.0
503800,2.4458274316948313e+22,1.234375,2.4460720144380007e+22,1.234375,2.4460720144380007e+22,100.0
503900,2.4704071709208487e+22,1.234375,2.4706542116379407e+22,1.234375,2.4706542116379407e+22,100.0
504000,2.49523392822042e+22,1.234375,2.4954834516132418e+22,1.234375,2.4954834516132418e+22,100.0
504100,2.520310186041712e+22,1.234375,2.520562217060316e+22,1.234375,2.520562217060316e+22,100.0
504200,2.545638451780664e+22,1.234375,2.545893015625842e+22,1.234375,2.545893015625842e+22,100.0
504300,2.5712212580316916e+22,1.234375,2.571478380157495e+22,1.234375,2.571478380157495e+22,100.0
504400,2.5970611628409298e+22,1.234375,2.5973208689572137e+22,1.234375,2.5973208689572137e+22,100.0
504500,2.623160749962013e+22,1.234375,2.623423066037009e+22,1.234375,2.623423066037009e+22,100.0
504600,2.649522629114425e+22,1.234375,2.6497875813773366e+22,1.234375,2.6497875813773366e+22,100.0
504700,2.676149436244452e+22,1.234375,2.6764170511880766e+22,1.234375,2.6764170511880766e+22,100.0
504800,2.703043833788749e+22,1.234375,2.7033141381721278e+22,1.234375,2.7033141381721278e+22,100.0
504900,2.730208510940556e+22,1.234375,2.73048153179165e+22,1.234375,2.73048153179165e+22,100.0
505000,2.757646183918602e+22,1.234375,2.757921948536994e+22,1.234375,2.757921948536994e+22,100.0
505100,2.7853595962386925e+22,1.234375,2.7856381321983163e+22,1.234375,2.7856381321983163e+22,100.0
505200,2.813351518988039e+22,1.234375,2.8136328541399377e+22,1.234375,2.8136328541399377e+22,100.0
505300,2.841624751102347e+22,1.234375,2.8419089135774575e+22,1.234375,2.8419089135774575e+22,100.0
505400,2.8701821196456784e+22,1.234375,2.870469137857643e+22,1.234375,2.870469137857643e+22,100.0
505500,2.89902648009313e+22,1.234375,2.8993163827411394e+22,1.234375,2.8993163827411394e+22,100.0
505600,2.928160716616365e+22,1.234375,2.928453532688027e+22,1.234375,2.928453532688027e+22,100.0
505700,2.95758774237199e+22,1.234375,2.957883501146227e+22,1.234375,2.957883501146227e+22,100.0
505800,2.9873104997928596e+22,1.234375,2.987609230842839e+22,1.234375,2.987609230842839e+22,100.0
505900,3.017331960882275e+22,1.234375,3.0176336940783632e+22,1.234375,3.0176336940783632e+22,100.0
506000,3.0476551275111757e+22,1.234375,3.047959893023927e+22,1.234375,3.047959893023927e+22,100.0
506100,3.0782830317182814e+22,1.234375,3.0785908600214533e+22,1.234375,3.0785908600214533e+22,100.0
506200,3.1092187360132797e+22,1.234375,3.109529657886881e+22,1.234375,3.109529657886881e+22,100.0
506300,3.1404653336830507e+22,1.234375,3.140779380216419e+22,1.234375,3.140779380216419e+22,100.0
506400,3.172025949100954e+22,1.234375,3.1723431516958643e+22,1.234375,3.1723431516958643e+22,100.0
506500,3.203903738039251e+22,1.234375,3.2042241284130545e+22,1.234375,3.2042241284130545e+22,100.0
506600,3.2361018879846436e+22,1.234375,3.236425498173442e+22,1.234375,3.236425498173442e+22,100.0
506700,3.2686236184570067e+22,1.234375,3.2689504808188523e+22,1.234375,3.2689504808188523e+22,100.0
506800,3.301472181331289e+22,1.234375,3.301802328549422e+22,1.234375,3.301802328549422e+22,100.0
506900,3.334650861162699e+22,1.234375,3.3349843262488153e+22,1.234375,3.3349843262488153e+22,100.0
507000,3.368162975515099e+22,1.234375,3.3684997918126504e+22,1.234375,3.3684997918126504e+22,100.0
507100,3.4020118752927592e+22,1.234375,3.4023520764802885e+22,1.234375,3.4023520764802885e+22,100.0
507200,3.4362009450754005e+22,1.234375,3.436544565169908e+22,1.234375,3.436544565169908e+22,100.0
507300,3.4707336034566275e+22,1.234375,3.471080676816973e+22,1.234375,3.471080676816973e+22,100.0
507400,3.5056133033857552e+22,1.234375,3.505963864716094e+22,1.234375,3.505963864716094e+22,100.0
507500,3.540843532513073e+22,1.234375,3.5411976168663245e+22,1.234375,3.5411976168663245e+22,100.0
507600,3.5764278135385714e+22,1.234375,3.576785456319925e+22,1.234375,3.576785456319925e+22,100.0
507700,3.612369704564195e+22,1.234375,3.6127309415346516e+22,1.234375,3.6127309415346516e+22,100.0
507800,3.6486727994496053e+22,1.234375,3.64903766672955e+22,1.234375,3.64903766672955e+22,100.0
507900,3.6853407281715394e+22,1.234375,3.6857092622443566e+22,1.234375,3.6857092622443566e+22,100.0
508000,3.7223771571867756e+22,1.234375,3.722749394902494e+22,1.234375,3.722749394902494e+22,100.0
508100,3.75978578979874e+22,1.234375,3.7601617683777197e+22,1.234375,3.7601617683777197e+22,100.0
508200,3.797570366527812e+22,1.234375,3.797950123564465e+22,1.234375,3.797950123564465e+22,100.0
508300,3.835734665485334e+22,1.234375,3.836118238951882e+22,1.234375,3.836118238951882e+22,100.0
508400,3.8742825027513925e+22,1.234375,3.874669931001668e+22,1.234375,3.874669931001668e+22,100.0
508500,3.9132177327563865e+22,1.234375,3.913609054529662e+22,1.234375,3.913609054529662e+22,100.0
508600,3.952544248666437e+22,1.234375,3.952939503091304e+22,1.234375,3.952939503091304e+22,100.0
508700,3.99226598277267e+22,1.234375,3.992665209370947e+22,1.234375,3.992665209370947e+22,100.0
508800,4.032386906884414e+22,1.234375,4.032790145575103e+22,1.234375,4.032790145575103e+22,100.0
508900,4.0729110327263345e+22,1.234375,4.073318323829607e+22,1.234375,4.073318323829607e+22,100.0
509000,4.11384241233958e+22,1.234375,4.114253796580814e+22,1.234375,4.114253796580814e+22,100.0
509100,4.1551851384869315e+22,1.234375,4.15560065700078e+22,1.234375,4.15560065700078e+22,100.0
509200,4.196943345062064e+22,1.234375,4.19736303939657e+22,1.234375,4.19736303939657e+22,100.0
509300,4.239121207502875e+22,1.234375,4.2395451196236255e+22,1.234375,4.2395451196236255e+22,100.0
509400,4.281722943209021e+22,1.234375,4.282151115503342e+22,1.234375,4.282151115503342e+22,100.0
509500,4.324752811963584e+22,1.234375,4.32518528724478e+22,1.234375,4.32518528724478e+22,100.0
509600,4.3682151163590315e+22,1.234375,4.368651937870667e+22,1.234375,4.368651937870667e+22,100.0
509700,4.412114202227433e+22,1.234375,4.4125554136476555e+22,1.234375,4.4125554136476555e+22,100.0
509800,4.4564544590749974e+22,1.234375,4.456900104520905e+22,1.234375,4.456900104520905e+22,100.0
509900,4.5012403205209875e+22,1.234375,4.50169044455304e+22,1.234375,4.50169044455304e+22,100.0
510000,4.546476264741048e+22,1.234375,4.546930912367522e+22,1.234375,4.546930912367522e+22,100.0
510100,4.592166814914976e+22,1.234375,4.592626031596468e+22,1.234375,4.592626031596468e+22,100.0
510200,4.638316539678986e+22,1.234375,4.638780371332954e+22,1.234375,4.638780371332954e+22,100.0
510300,4.684930053582556e+22,1.234375,4.685398546587914e+22,1.234375,4.685398546587914e+22,100.0
510400,4.7320120175498145e+22,1.234375,4.7324852187515696e+22,1.234375,4.7324852187515696e+22,100.0
510500,4.779567139345617e+22,1.234375,4.780045096059552e+22,1.234375,4.780045096059552e+22,100.0
510600,4.827600174046258e+22,1.234375,4.828082934063662e+22,1.234375,4.828082934063662e+22,100.0
510700,4.87611592451493e+22,1.234375,4.876603536107382e+22,1.234375,4.876603536107382e+22,100.0
510800,4.925119241881998e+22,1.234375,4.925611753806186e+22,1.234375,4.925611753806186e+22,100.0
510900,4.974615026030033e+22,1.234375,4.975112487532636e+22,1.234375,4.975112487532636e+22,100.0
511000,5.024608226083774e+22,1.234375,5.025110686906382e+22,1.234375,5.025110686906382e+22,100.0
511100,5.075103840904999e+22,1.234375,5.07561135128909e+22,1.234375,5.07561135128909e+22,100.0
511200,5.126106919592345e+22,1.234375,5.126619530284304e+22,1.234375,5.126619530284304e+22,100.0
511300,5.177622561986201e+22,1.234375,5.1781403242423994e+22,1.234375,5.1781403242423994e+22,100.0
511400,5.229655919178611e+22,1.234375,5.2301788847705285e+22,1.234375,5.2301788847705285e+22,100.0
511500,5.282212194028362e+22,1.234375,5.282740415247765e+22,1.234375,5.282740415247765e+22,100.0
511600,5.335296641681215e+22,1.234375,5.335830171345383e+22,1.234375,5.335830171345383e+22,100.0
511700,5.388914570095361e+22,1.234375,5.389453461552371e+22,1.234375,5.389453461552371e+22,100.0
511800,5.443071340572195e+22,1.234375,5.443615647706253e+22,1.234375,5.443615647706253e+22,100.0
511900,5.497772368292361e+22,1.234375,5.49832214552919e+22,1.234375,5.49832214552919e+22,100.0
512000,5.553023122857243e+22,1.234375,5.553578425169529e+22,1.234375,5.553578425169529e+22,100.0
512100,5.60882912883588e+22,1.234375,5.609390011748764e+22,1.234375,5.609390011748764e+22,100.0
512200,5.665195966317359e+22,1.234375,5.665762485913991e+22,1.234375,5.665762485913991e+22,100.0
512300,5.722129271468771e+22,1.234375,5.7227014843959175e+22,1.234375,5.7227014843959175e+22,100.0
512400,5.779634737098781e+22,1.234375,5.780212700572491e+22,1.234375,5.780212700572491e+22,100.0
512500,5.837718113226869e+22,1.234375,5.838301885038191e+22,1.234375,5.838301885038191e+22,100.0
512600,5.8963852076582554e+22,1.234375,5.8969748461790215e+22,1.234375,5.8969748461790215e+22,100.0
512700,5.955641886564651e+22,1.234375,5.956237450753307e+22,1.234375,5.956237450753307e+22,100.0
512800,6.0154940750708005e+22,1.234375,6.0160956244783075e+22,1.234375,6.0160956244783075e+22,100.0
512900,6.075947757846955e+22,1.234375,6.07655535262274e+22,1.234375,6.07655535262274e+22,100.0
513000,6.13700897970728e+22,1.234375,6.137622680605251e+22,1.234375,6.137622680605251e+22,100.0
513100,6.198683846214286e+22,1.234375,6.199303714598907e+22,1.234375,6.199303714598907e+22,100.0
513200,6.260978524289304e+22,1.234375,6.2616046221417324e+22,1.234375,6.2616046221417324e+22,100.0
513300,6.32389924282916e+22,1.234375,6.324531632753442e+22,1.234375,6.324531632753442e+22,100.0
513400,6.387452293328987e+22,1.234375,6.388091038558319e+22,1.234375,6.388091038558319e+22,100.0
513500,6.451644030511302e+22,1.234375,6.4522891949143535e+22,1.234375,6.4522891949143535e+22,100.0
513600,6.516480872961462e+22,1.234375,6.517132521048758e+22,1.234375,6.517132521048758e+22,100.0
513700,6.581969303769411e+22,1.234375,6.582627500699788e+22,1.234375,6.582627500699788e+22,100.0
513800,6.648115871177976e+22,1.234375,6.648780682765094e+22,1.234375,6.648780682765094e+22,100.0
513900,6.714927189237595e+22,1.234375,6.715598681956518e+22,1.234375,6.715598681956518e+22,100.0
514000,6.782409938467693e+22,1.234375,6.78308817946154e+22,1.234375,6.78308817946154e+22,100.0
514100,6.850570866524655e+22,1.234375,6.851255923611308e+22,1.234375,6.851255923611308e+22,100.0
514200,6.91941678887652e+22,1.234375,6.920108730555408e+22,1.234375,6.920108730555408e+22,100.0
514300,6.988954589484502e+22,1.234375,6.98965348494345e+22,1.234375,6.98965348494345e+22,100.0
514400,7.059191221491274e+22,1.234375,7.059897140613423e+22,1.234375,7.059897140613423e+22,100.0
514500,7.130133707916257e+22,1.234375,7.130846721287049e+22,1.234375,7.130846721287049e+22,100.0
514600,7.201789142357838e+22,1.234375,7.202509321272074e+22,1.234375,7.202509321272074e+22,100.0
514700,7.274164689702674e+22,1.234375,7.274892106171644e+22,1.234375,7.274892106171644e+22,100.0
514800,7.34726758684211e+22,1.234375,7.348002313600794e+22,1.234375,7.348002313600794e+22,100.0
514900,7.4211051433958115e+22,1.234375,7.421847253910151e+22,1.234375,7.421847253910151e+22,100.0
515000,7.495684742442639e+22,1.234375,7.496434310916883e+22,1.234375,7.496434310916883e+22,100.0
515100,7.571013841258907e+22,1.234375,7.571770942643033e+22,1.234375,7.571770942643033e+22,100.0
515200,7.647099972064049e+22,1.234375,7.647864682061256e+22,1.234375,7.647864682061256e+22,100.0
515300,7.723950742773726e+22,1.234375,7.724723137848004e+22,1.234375,7.724723137848004e+22,100.0
515400,7.801573837760626e+22,1.234375,7.802353995144403e+22,1.234375,7.802353995144403e+22,100.0
515500,7.87997701862274e+22,1.234375,7.880765016324602e+22,1.234375,7.880765016324602e+22,100.0
515600,7.959168124959524e+22,1.234375,7.95996404177202e+22,1.234375,7.95996404177202e+22,100.0
515700,8.039155075155765e+22,1.234375,8.03995899066328e+22,1.234375,8.03995899066328e+22,100.0
515800,8.119945867173308e+22,1.234375,8.120757861760025e+22,1.234375,8.120757861760025e+22,100.0
515900,8.201548579350851e+22,1.234375,8.202368734208785e+22,1.234375,8.202368734208785e+22,100.0
516000,8.283971371211627e+22,1.234375,8.284799768348749e+22,1.234375,8.284799768348749e+22,100.0
516100,8.367222484279355e+22,1.234375,8.368059206527782e+22,1.234375,8.368059206527782e+22,100.0
516200,8.451310242902269e+22,1.234375,8.45215537392656e+22,1.234375,8.45215537392656e+22,100.0
516300,8.536243055085499e+22,1.234375,8.537096679391008e+22,1.234375,8.537096679391008e+22,100.0
516400,8.622029413331765e+22,1.234375,8.622891616273099e+22,1.234375,8.622891616273099e+22,100.0
516500,8.708677895490593e+22,1.234375,8.709548763280142e+22,1.234375,8.709548763280142e+22,100.0
516600,8.796197165615967e+22,1.234375,8.79707678533253e+22,1.234375,8.79707678533253e+22,100.0
516700,8.884595974832714e+22,1.234375,8.885484434430198e+22,1.234375,8.885484434430198e+22,100.0
516800,8.973883162211499e+22,1.234375,8.974780550527719e+22,1.234375,8.974780550527719e+22,100.0
516900,9.064067655652669e+22,1.234375,9.064974062418234e+22,1.234375,9.064974062418234e+22,100.0
517000,9.15515847277894e+22,1.234375,9.156073988626218e+22,1.234375,9.156073988626218e+22,100.0
517100,9.247164721837097e+22,1.234375,9.248089438309281e+22,1.234375,9.248089438309281e+22,100.0
517200,9.340095602608722e+22,1.234375,9.341029612168983e+22,1.234375,9.341029612168983e+22,100.0
517300,9.433960407330097e+22,1.234375,9.43490380337083e+22,1.234375,9.43490380337083e+22,100.0
517400,9.528768521621334e+22,1.234375,9.529721398473496e+22,1.234375,9.529721398473496e+22,100.0
517500,9.624529425424851e+22,1.234375,9.625491878367394e+22,1.234375,9.625491878367394e+22,100.0
517600,9.721252693953315e+22,1.234375,9.72222481922271e+22,1.234375,9.72222481922271e+22,100.0
517700,9.818947998647e+22,1.234375,9.819929893446863e+22,1.234375,9.819929893446863e+22,100.0
517800,9.917625108140917e+22,1.234375,9.918616870651731e+22,1.234375,9.918616870651731e+22,100.0
517900,1.0017293889241552e+23,1.234375,1.0018295618630476e+23,1.234375,1.0018295618630476e+23,100.0
518000,1.0117964307913453e+23,1.234375,1.0118976104344244e+23,1.234375,1.0118976104344244e+23,100.0
518100,1.0219646430275758e+23,1.234375,1.0220668394918786e+23,1.234375,1.0220668394918786e+23,100.0
518200,1.03223504236087e+23,1.234375,1.032338265865106e+23,1.234375,1.032338265865106e+23,100.0
518300,1.0426086557370208e+23,1.234375,1.0427129166025944e+23,1.234375,1.0427129166025944e+23,100.0
518400,1.0530865204222853e+23,1.234375,1.0531918290743275e+23,1.234375,1.0531918290743275e+23,100.0
518500,1.0636696841070902e+23,1.234375,1.0637760510755008e+23,1.234375,1.0637760510755008e+23,100.0
518600,1.0743592050108023e+23,1.234375,1.0744666409313033e+23,1.234375,1.0744666409313033e+23,100.0
518700,1.0851561519875304e+23,1.234375,1.0852646676027291e+23,1.234375,1.0852646676027291e+23,100.0
518800,1.0960616046330101e+23,1.234375,1.0961712107934734e+23,1.234375,1.0961712107934734e+23,100.0
518900,1.107076653392547e+23,1.234375,1.1071873610578862e+23,1.234375,1.1071873610578862e+23,100.0
519000,1.1182023996700536e+23,1.234375,1.1183142199100206e+23,1.234375,1.1183142199100206e+23,100.0
519100,1.1294399559381799e+23,1.234375,1.1295528999337736e+23,1.234375,1.1295528999337736e+23,100.0
519200,1.140790445849552e+23,1.234375,1.1409045248941369e+23,1.234375,1.1409045248941369e+23,100.0
519300,1.1522550043491205e+23,1.234375,1.1523702298495555e+23,1.234375,1.1523702298495555e+23,100.0
519400,1.163834777787654e+23,1.234375,1.1639511612654328e+23,1.234375,1.1639511612654328e+23,100.0
519500,1.1755309240363563e+23,1.234375,1.17564847712876e+23,1.234375,1.17564847712876e+23,100.0
519600,1.1873446126026473e+23,1.234375,1.1874633470639075e+23,1.234375,1.1874633470639075e+23,100.0
519700,1.1992770247471e+23,1.234375,1.1993969524495747e+23,1.234375,1.1993969524495747e+23,100.0
519800,1.2113293536015577e+23,1.234375,1.2114504865369178e+23,1.234375,1.2114504865369178e+23,100.0
519900,1.2235028042884342e+23,1.234375,1.223625154568863e+23,1.234375,1.223625154568863e+23,100.0
520000,1.2357985940412188e+23,1.234375,1.2359221739006228e+23,1.234375,1.2359221739006228e+23,100.0
520100,1.2482179523261839e+23,1.234375,1.2483427741214165e+23,1.234375,1.2483427741214165e+23,100.0
520200,1.260762120965323e+23,1.234375,1.2608881971774195e+23,1.234375,1.2608881971774195e+23,100.0
520300,1.2734323542605217e+23,1.234375,1.2735596974959478e+23,1.234375,1.2735596974959478e+23,100.0
520400,1.2862299191189748e+23,1.234375,1.2863585421108868e+23,1.234375,1.2863585421108868e+23,100.0
520500,1.2991560951798669e+23,1.234375,1.299286010789385e+23,1.234375,1.299286010789385e+23,100.0
520600,1.312212174942324e+23,1.234375,1.3123433961598182e+23,1.234375,1.3123433961598182e+23,100.0
520700,1.3253994638946518e+23,1.234375,1.3255320038410412e+23,1.234375,1.3255320038410412e+23,100.0
520800,1.3387192806448719e+23,1.234375,1.3388531525729364e+23,1.234375,1.3388531525729364e+23,100.0
520900,1.3521729570525707e+23,1.234375,1.352308174348276e+23,1.234375,1.352308174348276e+23,100.0
521000,1.3657618383620738e+23,1.234375,1.36589841454591e+23,1.234375,1.36589841454591e+23,100.0
521100,1.379487283336957e+23,1.234375,1.3796252320652907e+23,1.234375,1.3796252320652907e+23,100.0
521200,1.3933506643959125e+23,1.234375,1.3934899994623521e+23,1.234375,1.3934899994623521e+23,100.0
521300,1.4073533677499755e+23,1.234375,1.4074941030867506e+23,1.234375,1.4074941030867506e+23,100.0
521400,1.421496793541133e+23,1.234375,1.4216389432204872e+23,1.234375,1.4216389432204872e+23,100.0
521500,1.4357823559823265e+23,1.234375,1.4359259342179247e+23,1.234375,1.4359259342179247e+23,100.0
521600,1.4502114834988611e+23,1.234375,1.450356504647211e+23,1.234375,1.450356504647211e+23,100.0
521700,1.4647856188712323e+23,1.234375,1.4649320974331194e+23,1.234375,1.4649320974331194e+23,100.0
521800,1.4795062193793911e+23,1.234375,1.479654170001329e+23,1.234375,1.479654170001329e+23,100.0
521900,1.4943747569484618e+23,1.234375,1.4945241944241566e+23,1.234375,1.4945241944241566e+23,100.0
522000,1.509392718295917e+23,1.234375,1.5095436575677466e+23,1.234375,1.5095436575677466e+23,100.0
522100,1.5245616050802388e+23,1.234375,1.5247140612407468e+23,1.234375,1.5247140612407468e+23,100.0
522200,1.5398829340510667e+23,1.234375,1.5400369223444718e+23,1.234375,1.5400369223444718e+23,100.0
522300,1.5553582372008655e+23,1.234375,1.5555137730245855e+23,1.234375,1.5555137730245855e+23,100.0
522400,1.5709890619181057e+23,1.234375,1.5711461608242975e+23,1.234375,1.5711461608242975e+23,100.0
522500,1.586776971141986e+23,1.234375,1.5869356488391e+23,1.234375,1.5869356488391e+23,100.0
522600,1.602723543518718e+23,1.234375,1.6028838158730698e+23,1.234375,1.6028838158730698e+23,100.0
522700,1.618830373559377e+23,1.234375,1.618992256596733e+23,1.234375,1.618992256596733e+23,100.0
522800,1.635099071799331e+23,1.234375,1.635262581706511e+23,1.234375,1.635262581706511e+23,100.0
522900,1.6515312649592877e+23,1.234375,1.6516964180857838e+23,1.234375,1.6516964180857838e+23,100.0
523000,1.6681285961079483e+23,1.234375,1.668295408967559e+23,1.234375,1.668295408967559e+23,100.0
523100,1.684892724826296e+23,1.234375,1.6850612140987788e+23,1.234375,1.6850612140987788e+23,100.0
523200,1.7018253273735452e+23,1.234375,1.7019955099062824e+23,1.234375,1.7019955099062824e+23,100.0
523300,1.718928096854746e+23,1.234375,1.7190999896644313e+23,1.234375,1.7190999896644313e+23,100.0
523400,1.7362027433900847e+23,1.234375,1.7363763636644236e+23,1.234375,1.7363763636644236e+23,100.0
523500,1.7536509942858788e+23,1.234375,1.7538263593853073e+23,1.234375,1.7538263593853073e+23,100.0
523600,1.771274594207287e+23,1.234375,1.7714517216667078e+23,1.234375,1.7714517216667078e+23,100.0
523700,1.7890753053527655e+23,1.234375,1.7892542128833008e+23,1.234375,1.7892542128833008e+23,100.0
523800,1.807054907630269e+23,1.234375,1.807235613121032e+23,1.234375,1.807235613121032e+23,100.0
523900,1.8252151988352258e+23,1.234375,1.8253977203551093e+23,1.234375,1.8253977203551093e+23,100.0
524000,1.8435579948303e+23,1.234375,1.843742350629783e+23,1.234375,1.843742350629783e+23,100.0
524100,1.8620851297269623e+23,1.234375,1.8622713382399352e+23,1.234375,1.8622713382399352e+23,100.0
524200,1.880798456068886e+23,1.234375,1.8809865359144927e+23,1.234375,1.8809865359144927e+23,100.0
524300,1.8996998450171797e+23,1.234375,1.8998898150016816e+23,1.234375,1.8998898150016816e+23,100.0
524400,1.9187911865374896e+23,1.234375,1.9189830656561435e+23,1.234375,1.9189830656561435e+23,100.0
524500,1.9380743895889805e+23,1.234375,1.9382681970279395e+23,1.234375,1.9382681970279395e+23,100.0
524600,1.957551382315205e+23,1.234375,1.9577471374534364e+23,1.234375,1.9577471374534364e+23,100.0
524700,1.9772241122369136e+23,1.234375,1.9774218346481373e+23,1.234375,1.9774218346481373e+23,100.0
524800,1.9970945464467797e+23,1.234375,1.9972942559014244e+23,1.234375,1.9972942559014244e+23,100.0
524900,2.0171646718060932e+23,1.234375,2.0173663882732737e+23,1.234375,2.0173663882732737e+23,100.0
525000,2.0374364951434315e+23,1.234375,2.0376402387929458e+23,1.234375,2.0376402387929458e+23,100.0
525100,2.0579120434553156e+23,1.234375,2.0581178346596612e+23,1.234375,2.0581178346596612e+23,100.0
525200,2.0785933641089002e+23,1.234375,2.078801223445311e+23,1.234375,2.078801223445311e+23,100.0
525300,2.0994825250466875e+23,1.234375,2.0996924732991923e+23,1.234375,2.0996924732991923e+23,100.0
525400,2.1205816149933045e+23,1.234375,2.1207936731548036e+23,1.234375,2.1207936731548036e+23,100.0
525500,2.1418927436643525e+23,1.234375,2.1421069329387188e+23,1.234375,2.1421069329387188e+23,100.0
525600,2.16341804197736e+23,1.234375,2.1636343837815577e+23,1.234375,2.1636343837815577e+23,100.0
525700,2.185159662264864e+23,1.234375,2.1853781782310903e+23,1.234375,2.1853781782310903e+23,100.0
525800,2.207119778489609e+23,1.234375,2.2073404904674578e+23,1.234375,2.2073404904674578e+23,100.0
525900,2.229300586461932e+23,1.234375,2.2295235165205783e+23,1.234375,2.2295235165205783e+23,100.0
526000,2.251704304059324e+23,1.234375,2.2519294744897296e+23,1.234375,2.2519294744897296e+23,100.0
526100,2.2743331714481962e+23,1.234375,2.274560604765341e+23,1.234375,2.274560604765341e+23,100.0
526200,2.2971894513078695e+23,1.234375,2.2974191702530003e+23,1.234375,2.2974191702530003e+23,100.0
526300,2.320275429056833e+23,1.234375,2.3205074565997387e+23,1.234375,2.3205074565997387e+23,100.0
526400,2.3435934130812545e+23,1.234375,2.3438277724225626e+23,1.234375,2.3438277724225626e+23,100.0
526500,2.3671457349658102e+23,1.234375,2.3673824495393067e+23,1.234375,2.3673824495393067e+23,100.0
526600,2.3909347497268084e+23,1.234375,2.391173843201781e+23,1.234375,2.391173843201781e+23,100.0
526700,2.4149628360476757e+23,1.234375,2.4152043323312805e+23,1.234375,2.4152043323312805e+23,100.0
526800,2.439232396516808e+23,1.234375,2.4394763197564598e+23,1.234375,2.4394763197564598e+23,100.0
526900,2.463745857867798e+23,1.234375,2.4639922324535847e+23,1.234375,2.4639922324535847e+23,100.0
527000,2.4885056712220902e+23,1.234375,2.4887545217892125e+23,1.234375,2.4887545217892125e+23,100.0
527100,2.5135143123340753e+23,1.234375,2.5137656637653088e+23,1.234375,2.5137656637653088e+23,100.0
527200,2.5387742818386397e+23,1.234375,2.5390281592668234e+23,1.234375,2.5390281592668234e+23,100.0
527300,2.564288105501201e+23,1.234375,2.564544534311751e+23,1.234375,2.564544534311751e+23,100.0
527400,2.5900583344702683e+23,1.234375,2.5903173403037152e+23,1.234375,2.5903173403037152e+23,100.0
527500,2.61608754553253e+23,1.234375,2.6163491542870833e+23,1.234375,2.6163491542870833e+23,100.0
527600,2.6423783413705124e+23,1.234375,2.6426425792046495e+23,1.234375,2.6426425792046495e+23,100.0
527700,2.6689333508228178e+23,1.234375,2.6692002441579e+23,1.234375,2.6692002441579e+23,100.0
527800,2.6957552291469918e+23,1.234375,2.6960248046699063e+23,1.234375,2.6960248046699063e+23,100.0
527900,2.722846658285021e+23,1.234375,2.7231189429508496e+23,1.234375,2.7231189429508496e+23,100.0
528000,2.7502103471315004e+23,1.234375,2.7504853681662135e+23,1.234375,2.7504853681662135e+23,100.0
528100,2.7778490318045014e+23,1.234375,2.778126816707682e+23,1.234375,2.778126816707682e+23,100.0
528200,2.8057654759191588e+23,1.234375,2.8060460524667507e+23,1.234375,2.8060460524667507e+23,100.0
528300,2.8339624708640026e+23,1.234375,2.834245867111089e+23,1.234375,2.834245867111089e+23,100.0
528400,2.862442836080076e+23,1.234375,2.862729080363684e+23,1.234375,2.862729080363684e+23,100.0
528500,2.8912094193428522e+23,1.234375,2.8914985402847865e+23,1.234375,2.8914985402847865e+23,100.0
528600,2.9202650970469848e+23,1.234375,2.9205571235566894e+23,1.234375,2.9205571235566894e+23,100.0
528700,2.9496127744939258e+23,1.234375,2.949907735771375e+23,1.234375,2.949907735771375e+23,100.0
528800,2.9792553861824183e+23,1.234375,2.9795533117210366e+23,1.234375,2.9795533117210366e+23,100.0
528900,3.009195896101933e+23,1.234375,3.009496815691543e+23,1.234375,3.009496815691543e+23,100.0
529000,3.039437298029024e+23,1.234375,3.039741241758827e+23,1.234375,3.039741241758827e+23,100.0
529100,3.069982615826699e+23,1.234375,3.070289614088281e+23,1.234375,3.070289614088281e+23,100.0
529200,3.1008349037467585e+23,1.234375,3.101144987237133e+23,1.234375,3.101144987237133e+23,100.0
529300,3.131997246735206e+23,1.234375,3.132310446459879e+23,1.234375,3.132310446459879e+23,100.0
529400,3.163472760740711e+23,1.234375,3.1637891080167845e+23,1.234375,3.1637891080167845e+23,100.0
529500,3.1952645930261694e+23,1.234375,3.195584119485472e+23,1.234375,3.195584119485472e+23,100.0
529600,3.227375922483412e+23,1.234375,3.2276986600756605e+23,1.234375,3.2276986600756605e+23,100.0
529700,3.2598099599510555e+23,1.234375,3.26013594094705e+23,1.234375,3.26013594094705e+23,100.0
529800,3.292569948535557e+23,1.234375,3.2928992055304105e+23,1.234375,3.2928992055304105e+23,100.0
529900,3.325659163935497e+23,1.234375,3.3259917298518906e+23,1.234375,3.3259917298518906e+23,100.0
530000,3.359080914769122e+23,1.234375,3.359416822860599e+23,1.234375,3.359416822860599e+23,100.0
530100,3.3928385429051763e+23,1.234375,3.393177826759467e+23,1.234375,3.393177826759467e+23,100.0
530200,3.426935423797056e+23,1.234375,3.4272781173394355e+23,1.234375,3.4272781173394355e+23,100.0
530300,3.461374966820317e+23,1.234375,3.461721104316999e+23,1.234375,3.461721104316999e+23,100.0
530400,3.496160615613601e+23,1.234375,3.496510231675162e+23,1.234375,3.496510231675162e+23,100.0
530500,3.5312958484229354e+23,1.234375,3.5316489780077776e+23,1.234375,3.5316489780077776e+23,100.0
530600,3.5667841784495615e+23,1.234375,3.567140856867406e+23,1.234375,3.567140856867406e+23,100.0
530700,3.6026291542011956e+23,1.234375,3.602989417116616e+23,1.234375,3.602989417116616e+23,100.0
530800,3.6388343598468615e+23,1.234375,3.639198243282846e+23,1.234375,3.639198243282846e+23,100.0
530900,3.675403415575267e+23,1.234375,3.6757709559168246e+23,1.234375,3.6757709559168246e+23,100.0
531000,3.7123399779567965e+23,1.234375,3.712711211954592e+23,1.234375,3.712711211954592e+23,100.0
531100,3.749647740309139e+23,1.234375,3.75002270508317e+23,1.234375,3.75002270508317e+23,100.0
531200,3.7873304330665625e+23,1.234375,3.787709166109869e+23,1.234375,3.787709166109869e+23,100.0
531300,3.8253918241529436e+23,1.234375,3.8257743633353587e+23,1.234375,3.8257743633353587e+23,100.0
531400,3.8638357193585286e+23,1.234375,3.8642221029304644e+23,1.234375,3.8642221029304644e+23,100.0
531500,3.902665962720462e+23,1.234375,3.9030562293167336e+23,1.234375,3.9030562293167336e+23,100.0
531600,3.9418864369071674e+23,1.234375,3.942280625550858e+23,1.234375,3.942280625550858e+23,100.0
531700,3.981501063606572e+23,1.234375,3.981899213712933e+23,1.234375,3.981899213712933e+23,100.0
531800,4.021513803918241e+23,1.234375,4.0219159552986333e+23,1.234375,4.0219159552986333e+23,100.0
531900,4.061928658749456e+23,1.234375,4.0623348516153305e+23,1.234375,4.0623348516153305e+23,100.0
532000,4.1027496692152566e+23,1.234375,4.103159944182178e+23,1.234375,4.103159944182178e+23,100.0
532100,4.1439809170425265e+23,1.234375,4.144395315134231e+23,1.234375,4.144395315134231e+23,100.0
532200,4.185626524978129e+23,1.234375,4.186045087630626e+23,1.234375,4.186045087630626e+23,100.0
532300,4.227690657201135e+23,1.234375,4.2281134262668554e+23,1.234375,4.2281134262668554e+23,100.0
532400,4.270177519739213e+23,1.234375,4.270604537491187e+23,1.234375,4.270604537491187e+23,100.0
532500,4.313091360889185e+23,1.234375,4.313522670025274e+23,1.234375,4.313522670025274e+23,100.0
532600,4.356436471641824e+23,1.234375,4.356872115288988e+23,1.234375,4.356872115288988e+23,100.0
532700,4.4002171861109045e+23,1.234375,4.400657207829516e+23,1.234375,4.400657207829516e+23,100.0
532800,4.444437881966582e+23,1.234375,4.4448823257547784e+23,1.234375,4.4448823257547784e+23,100.0
532900,4.489102980873126e+23,1.234375,4.489551891171213e+23,1.234375,4.489551891171213e+23,100.0
533000,4.534216948931023e+23,1.234375,4.534670370625916e+23,1.234375,4.534670370625916e+23,100.0
533100,4.5797842971235676e+23,1.234375,4.58024227555328e+23,1.234375,4.58024227555328e+23,100.0
533200,4.62580958176792e+23,1.234375,4.626272162726097e+23,1.234375,4.626272162726097e+23,100.0
533300,4.672297404970672e+23,1.234375,4.6727646347111696e+23,1.234375,4.6727646347111696e+23,100.0
533400,4.719252415088046e+23,1.234375,4.719724340329555e+23,1.234375,4.719724340329555e+23,100.0
533500,4.766679307190669e+23,1.234375,4.767155975121388e+23,1.234375,4.767155975121388e+23,100.0
533600,4.814582823533034e+23,1.234375,4.815064281815387e+23,1.234375,4.815064281815387e+23,100.0
533700,4.8629677540277015e+23,1.234375,4.863454050803104e+23,1.234375,4.863454050803104e+23,100.0
533800,4.9118389367242294e+23,1.234375,4.9123301206179015e+23,1.234375,4.9123301206179015e+23,100.0
533900,4.961201258292938e+23,1.234375,4.961697378418767e+23,1.234375,4.961697378418767e+23,100.0
534000,5.01105965451353e+23,1.234375,5.0115607604789816e+23,1.234375,5.0115607604789816e+23,100.0
534100,5.061419110768637e+23,1.234375,5.061925252679714e+23,1.234375,5.061925252679714e+23,100.0
534200,5.1122846625422845e+23,1.234375,5.112795891008539e+23,1.234375,5.112795891008539e+23,100.0
534300,5.1636613959234244e+23,1.234375,5.164177762063017e+23,1.234375,5.164177762063017e+23,100.0
534400,5.215554448114479e+23,1.234375,5.21607600355929e+23,1.234375,5.21607600355929e+23,100.0
534500,5.2679690079450235e+23,1.234375,5.268495804845818e+23,1.234375,5.268495804845818e+23,100.0
534600,5.32091031639061e+23,1.234375,5.3214424074222486e+23,1.234375,5.3214424074222486e+23,100.0
534700,5.37438366709683e+23,1.234375,5.3749211054635395e+23,1.234375,5.3749211054635395e+23,100.0
534800,5.4283944069086226e+23,1.234375,5.428937246349313e+23,1.234375,5.428937246349313e+23,100.0
534900,5.4829479364049085e+23,1.234375,5.483496231198549e+23,1.234375,5.483496231198549e+23,100.0
535000,5.5380497104386057e+23,1.234375,5.5386035154096496e+23,1.234375,5.5386035154096496e+23,100.0
535100,5.5937052386820584e+23,1.234375,5.594264609205927e+23,1.234375,5.594264609205927e+23,100.0
535200,5.6499200861779625e+23,1.234375,5.65048507818658e+23,1.234375,5.65048507818658e+23,100.0
535300,5.706699873895802e+23,1.234375,5.7072705438831915e+23,1.234375,5.7072705438831915e+23,100.0
535400,5.764050279293908e+23,1.234375,5.7646266843218376e+23,1.234375,5.7646266843218376e+23,100.0
535500,5.821977036887158e+23,1.234375,5.822559234590846e+23,1.234375,5.822559234590846e+23,100.0
535600,5.880485938820354e+23,1.234375,5.881073987414236e+23,1.234375,5.881073987414236e+23,100.0
535700,5.9395828354474036e+23,1.234375,5.940176793730948e+23,1.234375,5.940176793730948e+23,100.0
535800,5.9992736359162925e+23,1.234375,5.999873563279884e+23,1.234375,5.999873563279884e+23,100.0
535900,6.05956430875995e+23,1.234375,6.060170265190826e+23,1.234375,6.060170265190826e+23,100.0
536000,6.120460882493037e+23,1.234375,6.121072928581286e+23,1.234375,6.121072928581286e+23,100.0
536100,6.18196944621475e+23,1.234375,6.182587643159371e+23,1.234375,6.182587643159371e+23,100.0
536200,6.244096150217687e+23,1.234375,6.244720559832708e+23,1.234375,6.244720559832708e+23,100.0
536300,6.3068472066028e+23,1.234375,6.307477891323461e+23,1.234375,6.307477891323461e+23,100.0
536400,6.370228889900552e+23,1.234375,6.370865912789543e+23,1.234375,6.370865912789543e+23,100.0
536500,6.43424753769833e+23,1.234375,6.4348909624521e+23,1.234375,6.4348909624521e+23,100.0
536600,6.498909551274112e+23,1.234375,6.49955944222924e+23,1.234375,6.49955944222924e+23,100.0
536700,6.564221396236572e+23,1.234375,6.564877818376195e+23,1.234375,6.564877818376195e+23,100.0
536800,6.630189603171572e+23,1.234375,6.630852622131889e+23,1.234375,6.630852622131889e+23,100.0
536900,6.696820768295142e+23,1.234375,6.697490450371971e+23,1.234375,6.697490450371971e+23,100.0
537000,6.764121554113054e+23,1.234375,6.764797966268465e+23,1.234375,6.764797966268465e+23,100.0
537100,6.832098690087018e+23,1.234375,6.832781899956026e+23,1.234375,6.832781899956026e+23,100.0
537200,6.900758973307572e+23,1.234375,6.901449049204903e+23,1.234375,6.901449049204903e+23,100.0
537300,6.970109269173686e+23,1.234375,6.970806280100603e+23,1.234375,6.970806280100603e+23,100.0
537400,7.040156512079294e+23,1.234375,7.040860527730502e+23,1.234375,7.040860527730502e+23,100.0
537500,7.110907706106645e+23,1.234375,7.111618796877256e+23,1.234375,7.111618796877256e+23,100.0
537600,7.18236992572664e+23,1.234375,7.183088162719212e+23,1.234375,7.183088162719212e+23,100.0
537700,7.254550316506224e+23,1.234375,7.255275771537875e+23,1.234375,7.255275771537875e+23,100.0
537800,7.32745609582288e+23,1.234375,7.328188841432462e+23,1.234375,7.328188841432462e+23,100.0
537900,7.401094553586283e+23,1.234375,7.401834663041641e+23,1.234375,7.401834663041641e+23,100.0
538000,7.475473052967245e+23,1.234375,7.476220600272542e+23,1.234375,7.476220600272542e+23,100.0
538100,7.550599031133972e+23,1.234375,7.551354091037085e+23,1.234375,7.551354091037085e+23,100.0
538200,7.626479999995664e+23,1.234375,7.627242647995663e+23,1.234375,7.627242647995663e+23,100.0
538300,7.703123546953689e+23,1.234375,7.703893859308384e+23,1.234375,7.703893859308384e+23,100.0
538400,7.780537335660245e+23,1.234375,7.781315389393811e+23,1.234375,7.781315389393811e+23,100.0
538500,7.858729106784635e+23,1.234375,7.859514979695314e+23,1.234375,7.859514979695314e+23,100.0
538600,7.937706678787267e+23,1.234375,7.938500449455145e+23,1.234375,7.938500449455145e+23,100.0
538700,8.017477948701446e+23,1.234375,8.018279696496317e+23,1.234375,8.018279696496317e+23,100.0
538800,8.098050892922977e+23,1.234375,8.098860698012269e+23,1.234375,8.098860698012269e+23,100.0
538900,8.179433568007757e+23,1.234375,8.180251511364557e+23,1.234375,8.180251511364557e+23,100.0
539000,8.261634111477359e+23,1.234375,8.262460274888507e+23,1.234375,8.262460274888507e+23,100.0
539100,8.344660742632684e+23,1.234375,8.345495208706948e+23,1.234375,8.345495208706948e+23,100.0
539200,8.428521763375824e+23,1.234375,8.429364615552162e+23,1.234375,8.429364615552162e+23,100.0
539300,8.51322555904019e+23,1.234375,8.514076881596094e+23,1.234375,8.514076881596094e+23,100.0
539400,8.59878059922897e+23,1.234375,8.599640477288892e+23,1.234375,8.599640477288892e+23,100.0
539500,8.685195438661994e+23,1.234375,8.68606395820586e+23,1.234375,8.68606395820586e+23,100.0
539600,8.772478718031121e+23,1.234375,8.773355965902925e+23,1.234375,8.773355965902925e+23,100.0
539700,8.860639164864272e+23,1.234375,8.861525228780759e+23,1.234375,8.861525228780759e+23,100.0
539800,8.94968559439806e+23,1.234375,8.9505805629575e+23,1.234375,8.9505805629575e+23,100.0
539900,9.039626910459237e+23,1.234375,9.040530873150283e+23,1.234375,9.040530873150283e+23,100.0
540000,9.130472106355012e+23,1.234375,9.131385153565648e+23,1.234375,9.131385153565648e+23,100.0
540100,9.222230265772303e+23,1.234375,9.22315248879888e+23,1.234375,9.22315248879888e+23,100.0
540200,9.314910563685999e+23,1.234375,9.315842054742368e+23,1.234375,9.315842054742368e+23,100.0
540300,9.408522267276408e+23,1.234375,9.409463119503136e+23,1.234375,9.409463119503136e+23,100.0
540400,9.50307473685583e+23,1.234375,9.504025044329515e+23,1.234375,9.504025044329515e+23,100.0
540500,9.598577426804575e+23,1.234375,9.599537284547255e+23,1.234375,9.599537284547255e+23,100.0
540600,9.695039886516264e+23,1.234375,9.696009390504916e+23,1.234375,9.696009390504916e+23,100.0
540700,9.792471761352699e+23,1.234375,9.793451008528834e+23,1.234375,9.793451008528834e+23,100.0
540800,9.890882793608315e+23,1.234375,9.891871881887676e+23,1.234375,9.891871881887676e+23,100.0
540900,9.990282823484314e+23,1.234375,9.991281851766662e+23,1.234375,9.991281851766662e+23,100.0
541000,1.0090681790072585e+24,1.234375,1.0091690858251591e+24,1.234375,1.0091690858251591e+24,100.0
541100,1.0192089732349549e+24,1.234375,1.0193108941322783e+24,1.234375,1.0193108941322783e+24,100.0
541200,1.0294516790179923e+24,1.234375,1.029554624185894e+24,1.234375,1.029554624185894e+24,100.0
541300,1.0397973205330653e+24,1.234375,1.0399013002651187e+24,1.234375,1.0399013002651187e+24,100.0
541400,1.0502469322495e+24,1.234375,1.050351956942725e+24,1.234375,1.050351956942725e+24,100.0
541500,1.0608015590326869e+24,1.234375,1.0609076391885901e+24,1.234375,1.0609076391885901e+24,100.0
541600,1.071462256248561e+24,1.234375,1.0715694024741858e+24,1.234375,1.0715694024741858e+24,100.0
541700,1.0822300898691287e+24,1.234375,1.0823383128781157e+24,1.234375,1.0823383128781157e+24,100.0
541800,1.0931061365790556e+24,1.234375,1.0932154471927135e+24,1.234375,1.0932154471927135e+24,100.0
541900,1.1040914838833241e+24,1.234375,1.1042018930317124e+24,1.234375,1.1042018930317124e+24,100.0
542000,1.1151872302159724e+24,1.234375,1.1152987489389939e+24,1.234375,1.1152987489389939e+24,100.0
542100,1.1263944850499325e+24,1.234375,1.1265071244984374e+24,1.234375,1.1265071244984374e+24,100.0
542200,1.1377143690079624e+24,1.234375,1.1378281404448632e+24,1.234375,1.1378281404448632e+24,100.0
542300,1.1491480139747018e+24,1.234375,1.1492629287760992e+24,1.234375,1.1492629287760992e+24,100.0
542400,1.160696563209846e+24,1.234375,1.160812632866167e+24,1.234375,1.160812632866167e+24,100.0
542500,1.1723611714624666e+24,1.234375,1.1724784075796128e+24,1.234375,1.1724784075796128e+24,100.0
542600,1.1841430050864721e+24,1.234375,1.1842614193869808e+24,1.234375,1.1842614193869808e+24,100.0
542700,1.196043242157233e+24,1.234375,1.1961628464814488e+24,1.234375,1.1961628464814488e+24,100.0
542800,1.2080630725893808e+24,1.234375,1.2081838788966397e+24,1.234375,1.2081838788966397e+24,100.0
542900,1.2202036982557832e+24,1.234375,1.2203257186256088e+24,1.234375,1.2203257186256088e+24,100.0
543000,1.2324663331077307e+24,1.234375,1.2325895797410416e+24,1.234375,1.2325895797410416e+24,100.0
543100,1.2448522032963092e+24,1.234375,1.2449766885166389e+24,1.234375,1.2449766885166389e+24,100.0
543200,1.2573625472950096e+24,1.234375,1.2574882835497392e+24,1.234375,1.2574882835497392e+24,100.0
543300,1.2699986160235614e+24,1.234375,1.2701256158851637e+24,1.234375,1.2701256158851637e+24,100.0
543400,1.2827616729730187e+24,1.234375,1.2828899491403159e+24,1.234375,1.2828899491403159e+24,100.0
543500,1.2956529943320897e+24,1.234375,1.295782559631523e+24,1.234375,1.295782559631523e+24,100.0
543600,1.30867386911475e+24,1.234375,1.3088047365016614e+24,1.234375,1.3088047365016614e+24,100.0
543700,1.3218255992891264e+24,1.234375,1.3219577818490553e+24,1.234375,1.3219577818490553e+24,100.0
543800,1.3351094999076942e+24,1.234375,1.335243010857685e+24,1.234375,1.335243010857685e+24,100.0
543900,1.3485268992387547e+24,1.234375,1.3486617519286786e+24,1.234375,1.3486617519286786e+24,100.0
544000,1.362079138899258e+24,1.234375,1.362215346813148e+24,1.234375,1.362215346813148e+24,100.0
544100,1.3757675739889516e+24,1.234375,1.3759051507463505e+24,1.234375,1.3759051507463505e+24,100.0
544200,1.3895935732258762e+24,1.234375,1.3897325325831987e+24,1.234375,1.3897325325831987e+24,100.0
544300,1.4035585190832279e+24,1.234375,1.403698874935136e+24,1.234375,1.403698874935136e+24,100.0
544400,1.4176638079275912e+24,1.234375,1.417805574308384e+24,1.234375,1.417805574308384e+24,100.0
544500,1.4319108501585627e+24,1.234375,1.4320540412435786e+24,1.234375,1.4320540412435786e+24,100.0
544600,1.446301070349779e+24,1.234375,1.446445700456814e+24,1.234375,1.446445700456814e+24,100.0
544700,1.4608359073913582e+24,1.234375,1.4609819909820974e+24,1.234375,1.4609819909820974e+24,100.0
544800,1.4755168146337813e+24,1.234375,1.4756643663152446e+24,1.234375,1.4756643663152446e+24,100.0
544900,1.4903452600332068e+24,1.234375,1.4904942945592101e+24,1.234375,1.4904942945592101e+24,100.0
545000,1.5053227262982597e+24,1.234375,1.5054732585708894e+24,1.234375,1.5054732585708894e+24,100.0
545100,1.5204507110382841e+24,1.234375,1.520602756109388e+24,1.234375,1.520602756109388e+24,100.0
545200,1.535730726913091e+24,1.234375,1.5358842999857823e+24,1.234375,1.5358842999857823e+24,100.0
545300,1.551164301784213e+24,1.234375,1.5513194182143914e+24,1.234375,1.5513194182143914e+24,100.0
545400,1.5667529788676742e+24,1.234375,1.566909654165561e+24,1.234375,1.566909654165561e+24,100.0
545500,1.5824983168883003e+24,1.234375,1.5826565667199893e+24,1.234375,1.5826565667199893e+24,100.0
545600,1.5984018902355724e+24,1.234375,1.598561730424596e+24,1.234375,1.598561730424596e+24,100.0
545700,1.614465289121054e+24,1.234375,1.6146267356499663e+24,1.234375,1.6146267356499663e+24,100.0
545800,1.6306901197373975e+24,1.234375,1.630853188749371e+24,1.234375,1.630853188749371e+24,100.0
545900,1.6470780044189486e+24,1.234375,1.6472427122193905e+24,1.234375,1.6472427122193905e+24,100.0
546000,1.663630581803967e+24,1.234375,1.6637969448621474e+24,1.234375,1.6637969448621474e+24,100.0
546100,1.680349506998471e+24,1.234375,1.680517541949171e+24,1.234375,1.680517541949171e+24,100.0
546200,1.6972364517417353e+24,1.234375,1.6974061753869095e+24,1.234375,1.6974061753869095e+24,100.0
546300,1.7142931045734514e+24,1.234375,1.7144645338839088e+24,1.234375,1.7144645338839088e+24,100.0
546400,1.7315211710025612e+24,1.234375,1.7316943231196615e+24,1.234375,1.7316943231196615e+24,100.0
546500,1.748922373677796e+24,1.234375,1.7490972659151637e+24,1.234375,1.7490972659151637e+24,100.0
546600,1.7664984525599268e+24,1.234375,1.7666751024051828e+24,1.234375,1.7666751024051828e+24,100.0
546700,1.784251165095741e+24,1.234375,1.7844295902122506e+24,1.234375,1.7844295902122506e+24,100.0
546800,1.8021822863937735e+24,1.234375,1.8023625046224128e+24,1.234375,1.8023625046224128e+24,100.0
546900,1.8202936094017972e+24,1.234375,1.8204756387627375e+24,1.234375,1.8204756387627375e+24,100.0
547000,1.8385869450861053e+24,1.234375,1.838770803780614e+24,1.234375,1.838770803780614e+24,100.0
547100,1.8570641226125938e+24,1.234375,1.857249829024855e+24,1.234375,1.857249829024855e+24,100.0
547200,1.8757269895296547e+24,1.234375,1.8759145622286077e+24,1.234375,1.8759145622286077e+24,100.0
547300,1.894577411952915e+24,1.234375,1.89476686969411e+24,1.234375,1.89476686969411e+24,100.0
547400,1.9136172747518355e+24,1.234375,1.9138086364793107e+24,1.234375,1.9138086364793107e+24,100.0
547500,1.9328484817381808e+24,1.234375,1.9330417665863547e+24,1.234375,1.9330417665863547e+24,100.0
547600,1.9522729558563768e+24,1.234375,1.9524681831519624e+24,1.234375,1.9524681831519624e+24,100.0
547700,1.971892639375792e+24,1.234375,1.9720898286397295e+24,1.234375,1.9720898286397295e+24,100.0
547800,1.9917094940849464e+24,1.234375,1.991908665034355e+24,1.234375,1.991908665034355e+24,100.0
547900,2.0117255014876727e+24,1.234375,2.0119266740378215e+24,1.234375,2.0119266740378215e+24,100.0
548000,2.0319426630012462e+24,1.234375,2.0321458572675464e+24,1.234375,2.0321458572675464e+24,100.0
548100,2.0523630001565066e+24,1.234375,2.0525682364565222e+24,1.234375,2.0525682364565222e+24,100.0
548200,2.0729885547999976e+24,1.234375,2.0731958536554776e+24,1.234375,2.0731958536554776e+24,100.0
548300,2.093821389298136e+24,1.234375,2.0940307714370658e+24,1.234375,2.0940307714370658e+24,100.0
548400,2.1148635867434175e+24,1.234375,2.1150750731020917e+24,1.234375,2.1150750731020917e+24,100.0
548500,2.136117251162715e+24,1.234375,2.1363308628878312e+24,1.234375,2.1363308628878312e+24,100.0
548600,2.157584507727661e+24,1.234375,2.1578002661784337e+24,1.234375,2.1578002661784337e+24,100.0
548700,2.1792675029671464e+24,1.234375,2.1794854297174432e+24,1.234375,2.1794854297174432e+24,100.0
548800,2.2011684049819522e+24,1.234375,2.2013885218224504e+24,1.234375,2.2013885218224504e+24,100.0
548900,2.2232894036615335e+24,1.234375,2.2235117326018995e+24,1.234375,2.2235117326018995e+24,100.0
549000,2.2456327109030024e+24,1.234375,2.2458572741740926e+24,1.234375,2.2458572741740926e+24,100.0
549100,2.2682005608322858e+24,1.234375,2.268427380888369e+24,1.234375,2.268427380888369e+24,100.0
549200,2.290995210027521e+24,1.234375,2.2912243095485237e+24,1.234375,2.2912243095485237e+24,100.0
549300,2.3140189377446923e+24,1.234375,2.3142503396384668e+24,1.234375,2.3142503396384668e+24,100.0
549400,2.3372740461455418e+24,1.234375,2.3375077735501563e+24,1.234375,2.3375077735501563e+24,100.0
549500,2.3607628605277535e+24,1.234375,2.3609989368138062e+24,1.234375,2.3609989368138062e+24,100.0
549600,2.3844877295574667e+24,1.234375,2.3847261783304224e+24,1.234375,2.3847261783304224e+24,100.0
549700,2.408451025504127e+24,1.234375,2.4086918706066773e+24,1.234375,2.4086918706066773e+24,100.0
549800,2.4326551444776834e+24,1.234375,2.432898409992131e+24,1.234375,2.432898409992131e+24,100.0
549900,2.4571025066681785e+24,1.234375,2.4573482169188454e+24,1.234375,2.4573482169188454e+24,100.0
550000,2.4817955565877534e+24,1.234375,2.482043736143412e+24,1.234375,2.482043736143412e+24,100.0
550100,2.5067367633150605e+24,1.234375,2.506987436991392e+24,1.234375,2.506987436991392e+24,100.0
550200,2.531928620742164e+24,1.234375,2.532181813604238e+24,1.234375,2.532181813604238e+24,100.0
550300,2.5573736478239053e+24,1.234375,2.5576293851886877e+24,1.234375,2.5576293851886877e+24,100.0
550400,2.58307438882976e+24,1.234375,2.583332696268643e+24,1.234375,2.583332696268643e+24,100.0
550500,2.6090334135982615e+24,1.234375,2.6092943169396213e+24,1.234375,2.6092943169396213e+24,100.0
550600,2.635253317793942e+24,1.234375,2.6355168431257213e+24,1.234375,2.6355168431257213e+24,100.0
550700,2.6617367231669005e+24,1.234375,2.6620028968392174e+24,1.234375,2.6620028968392174e+24,100.0
550800,2.6884862778149265e+24,1.234375,2.688755126442708e+24,1.234375,2.688755126442708e+24,100.0
550900,2.715504656448299e+24,1.234375,2.715776206913944e+24,1.234375,2.715776206913944e+24,100.0
551000,2.742794560657236e+24,1.234375,2.7430688401133017e+24,1.234375,2.7430688401133017e+24,100.0
551100,2.7703587191820175e+24,1.234375,2.7706357550539355e+24,1.234375,2.7706357550539355e+24,100.0
551200,2.7981998881858485e+24,1.234375,2.798479708174667e+24,1.234375,2.798479708174667e+24,100.0
551300,2.8263208515304384e+24,1.234375,2.826603483615591e+24,1.234375,2.826603483615591e+24,100.0
551400,2.854724421054369e+24,1.234375,2.855009893496475e+24,1.234375,2.855009893496475e+24,100.0
551500,2.883413436854245e+24,1.234375,2.8837017781979303e+24,1.234375,2.8837017781979303e+24,100.0
551600,2.9123907675686883e+24,1.234375,2.9126820066454454e+24,1.234375,2.9126820066454454e+24,100.0
551700,2.941659310665166e+24,1.234375,2.9419534765962323e+24,1.234375,2.9419534765962323e+24,100.0
551800,2.971221992729712e+24,1.234375,2.971519114928985e+24,1.234375,2.971519114928985e+24,100.0
551900,3.0010817697595663e+24,1.234375,3.0013818779365424e+24,1.234375,3.0013818779365424e+24,100.0
552000,3.0312416274587385e+24,1.234375,3.031544751621484e+24,1.234375,3.031544751621484e+24,100.0
552100,3.0617045815365564e+24,1.234375,3.06201075199471e+24,1.234375,3.06201075199471e+24,100.0
552200,3.0924736780092076e+24,1.234375,3.0927829253770086e+24,1.234375,3.0927829253770086e+24,100.0
552300,3.123551993504311e+24,1.234375,3.1238643487036615e+24,1.234375,3.1238643487036615e+24,100.0
552400,3.1549426355685566e+24,1.234375,3.155258129832113e+24,1.234375,3.155258129832113e+24,100.0
552500,3.186648742978426e+24,1.234375,3.186967407852724e+24,1.234375,3.186967407852724e+24,100.0
552600,3.2186734860540443e+24,1.234375,3.21899535340265e+24,1.234375,3.21899535340265e+24,100.0
552700,3.2510200669761877e+24,1.234375,3.2513451689828855e+24,1.234375,3.2513451689828855e+24,100.0
552800,3.283691720106454e+24,1.234375,3.284020089278465e+24,1.234375,3.284020089278465e+24,100.0
552900,3.3166917123106983e+24,1.234375,3.3170233814819293e+24,1.234375,3.3170233814819293e+24,100.0
553000,3.350023343285661e+24,1.234375,3.3503583456199897e+24,1.234375,3.3503583456199897e+24,100.0
553100,3.383689945888928e+24,1.234375,3.3840283148835167e+24,1.234375,3.3840283148835167e+24,100.0
553200,3.4176948864721733e+24,1.234375,3.4180366559608206e+24,1.234375,3.4180366559608206e+24,100.0
553300,3.452041565217765e+24,1.234375,3.452386769374287e+24,1.234375,3.452386769374287e+24,100.0
553400,3.486733416478767e+24,1.234375,3.487082089820415e+24,1.234375,3.487082089820415e+24,100.0
553500,3.521773909122316e+24,1.234375,3.522126086513228e+24,1.234375,3.522126086513228e+24,100.0
553600,3.5571665468765e+24,1.234375,3.5575222635311876e+24,1.234375,3.5575222635311876e+24,100.0
553700,3.592914868680691e+24,1.234375,3.593274160167559e+24,1.234375,3.593274160167559e+24,100.0
553800,3.629022449039399e+24,1.234375,3.629385351284303e+24,1.234375,3.629385351284303e+24,100.0
553900,3.6654928983797056e+24,1.234375,3.6658594476695437e+24,1.234375,3.6658594476695437e+24,100.0
554000,3.7023298634122564e+24,1.234375,3.7027000963985977e+24,1.234375,3.7027000963985977e+24,100.0
554100,3.7395370274959134e+24,1.234375,3.7399109811986627e+24,1.234375,3.7399109811986627e+24,100.0
554200,3.777118111006047e+24,1.234375,3.777495822817148e+24,1.234375,3.777495822817148e+24,100.0
554300,3.81507687170654e+24,1.234375,3.815458379393711e+24,1.234375,3.815458379393711e+24,100.0
554400,3.8534171051255363e+24,1.234375,3.8538024468360485e+24,1.234375,3.8538024468360485e+24,100.0
554500,3.892142644934956e+24,1.234375,3.8925318591994494e+24,1.234375,3.8925318591994494e+24,100.0
554600,3.9312573633338233e+24,1.234375,3.9316504890701566e+24,1.234375,3.9316504890701566e+24,100.0
554700,3.970765171435458e+24,1.234375,3.9711622479526014e+24,1.234375,3.9711622479526014e+24,100.0
554800,4.010670019658544e+24,1.234375,4.0110710866605097e+24,1.234375,4.0110710866605097e+24,100.0
554900,4.0509758981221386e+24,1.234375,4.051380995711951e+24,1.234375,4.051380995711951e+24,100.0
555000,4.0916868370446475e+24,1.234375,4.092096005728352e+24,1.234375,4.092096005728352e+24,100.0
555100,4.132806907146813e+24,1.234375,4.133220187837527e+24,1.234375,4.133220187837527e+24,100.0
555200,4.174340220058738e+24,1.234375,4.174757654080744e+24,1.234375,4.174757654080744e+24,100.0
555300,4.216290928731026e+24,1.234375,4.216712557823899e+24,1.234375,4.216712557823899e+24,100.0
555400,4.258663227850028e+24,1.234375,4.259089094172813e+24,1.234375,4.259089094172813e+24,100.0
555500,4.301461354257276e+24,1.234375,4.3018915003927014e+24,1.234375,4.3018915003927014e+24,100.0
555600,4.344689587373122e+24,1.234375,4.345124056331859e+24,1.234375,4.345124056331859e+24,100.0
555700,4.388352249624657e+24,1.234375,4.3887910848496193e+24,1.234375,4.3887910848496193e+24,100.0
555800,4.4324537068778953e+24,1.234375,4.4328969522485833e+24,1.234375,4.4328969522485833e+24,100.0
555900,4.4769983688743334e+24,1.234375,4.477446068711221e+24,1.234375,4.477446068711221e+24,100.0
556000,4.5219906896718756e+24,1.234375,4.5224428887408425e+24,1.234375,4.5224428887408425e+24,100.0
556100,4.5674351680902113e+24,1.234375,4.5678919116070203e+24,1.234375,4.5678919116070203e+24,100.0
556200,4.613336348160633e+24,1.234375,4.613797681795449e+24,1.234375,4.613797681795449e+24,100.0
556300,4.6596988195804303e+24,1.234375,4.6601647894623885e+24,1.234375,4.6601647894623885e+24,100.0
556400,4.706527218171784e+24,1.234375,4.7069978708936013e+24,1.234375,4.7069978708936013e+24,100.0
556500,4.753826226345333e+24,1.234375,4.7543016089679675e+24,1.234375,4.7543016089679675e+24,100.0
556600,4.8016005735683553e+24,1.234375,4.802080733625712e+24,1.234375,4.802080733625712e+24,100.0
556700,4.849855036837672e+24,1.234375,4.850340022341356e+24,1.234375,4.850340022341356e+24,100.0
556800,4.898594441157318e+24,1.234375,4.899084300601435e+24,1.234375,4.899084300601435e+24,100.0
556900,4.947823660020987e+24,1.234375,4.948318442386989e+24,1.234375,4.948318442386989e+24,100.0
557000,4.997547615899335e+24,1.234375,4.998047370660924e+24,1.234375,4.998047370660924e+24,100.0
557100,5.047771280732174e+24,1.234375,5.048276057860247e+24,1.234375,5.048276057860247e+24,100.0
557200,5.098499676425657e+24,1.234375,5.099009526393299e+24,1.234375,5.099009526393299e+24,100.0
557300,5.149737875354361e+24,1.234375,5.150252849141897e+24,1.234375,5.150252849141897e+24,100.0
557400,5.201491000868556e+24,1.234375,5.202011149968643e+24,1.234375,5.202011149968643e+24,100.0
557500,5.253764227806418e+24,1.234375,5.254289604229199e+24,1.234375,5.254289604229199e+24,100.0
557600,5.306562783011513e+24,1.234375,5.307093439289814e+24,1.234375,5.307093439289814e+24,100.0
557700,5.359891945855411e+24,1.234375,5.360427935049996e+24,1.234375,5.360427935049996e+24,100.0
557800,5.413757048765581e+24,1.234375,5.414298424470458e+24,1.234375,5.414298424470458e+24,100.0
557900,5.468163477758604e+24,1.234375,5.468710294106379e+24,1.234375,5.468710294106379e+24,100.0
558000,5.52311667297868e+24,1.234375,5.523668984645978e+24,1.234375,5.523668984645978e+24,100.0
558100,5.578622129241645e+24,1.234375,5.579179991454569e+24,1.234375,5.579179991454569e+24,100.0
558200,5.63468539658436e+24,1.234375,5.635248865124018e+24,1.234375,5.635248865124018e+24,100.0
558300,5.691312080819691e+24,1.234375,5.691881212027773e+24,1.234375,5.691881212027773e+24,100.0
558400,5.748507844097028e+24,1.234375,5.749082694881438e+24,1.234375,5.749082694881438e+24,100.0
558500,5.806278405468451e+24,1.234375,5.806859033308997e+24,1.234375,5.806859033308997e+24,100.0
558600,5.864629541460571e+24,1.234375,5.865216004414717e+24,1.234375,5.865216004414717e+24,100.0
558700,5.923567086652146e+24,1.234375,5.924159443360811e+24,1.234375,5.924159443360811e+24,100.0
558800,5.983096934257477e+24,1.234375,5.983695243950903e+24,1.234375,5.983695243950903e+24,100.0
558900,6.043225036715688e+24,1.234375,6.043829359219359e+24,1.234375,6.043829359219359e+24,100.0
559000,6.103957406285885e+24,1.234375,6.104567802026513e+24,1.234375,6.104567802026513e+24,100.0
559100,6.165300115648363e+24,1.234375,6.165916645659928e+24,1.234375,6.165916645659928e+24,100.0
559200,6.227259298511793e+24,1.234375,6.227882024441645e+24,1.234375,6.227882024441645e+24,100.0
559300,6.289841150226553e+24,1.234375,6.290470134341575e+24,1.234375,6.290470134341575e+24,100.0
559400,6.353051928404192e+24,1.234375,6.353687233597033e+24,1.234375,6.353687233597033e+24,100.0
559500,6.416897953543146e+24,1.234375,6.4175396433385e+24,1.234375,6.4175396433385e+24,100.0
559600,6.481385609660718e+24,1.234375,6.482033748221684e+24,1.234375,6.482033748221684e+24,100.0
559700,6.546521344931432e+24,1.234375,6.547175997065925e+24,1.234375,6.547175997065925e+24,100.0
559800,6.612311672331789e+24,1.234375,6.612972903499023e+24,1.234375,6.612972903499023e+24,100.0
559900,6.678763170291497e+24,1.234375,6.679431046608526e+24,1.234375,6.679431046608526e+24,100.0
560000,6.745882483351268e+24,1.234375,6.746557071599604e+24,1.234375,6.746557071599604e+24,100.0
560100,6.813676322827194e+24,1.234375,6.814357690459477e+24,1.234375,6.814357690459477e+24,100.0
560200,6.882151467481832e+24,1.234375,6.88283968262858e+24,1.234375,6.88283968262858e+24,100.0
560300,6.95131476420201e+24,1.234375,6.95200989567843e+24,1.234375,6.95200989567843e+24,100.0
560400,7.021173128683461e+24,1.234375,7.021875245996329e+24,1.234375,7.021875245996329e+24,100.0
560500,7.091733546122301e+24,1.234375,7.092442719476913e+24,1.234375,7.092442719476913e+24,100.0
560600,7.163003071913548e+24,1.234375,7.163719372220739e+24,1.234375,7.163719372220739e+24,100.0
560700,7.234988832356505e+24,1.234375,7.23571233123974e+24,1.234375,7.23571233123974e+24,100.0
560800,7.307698025367414e+24,1.234375,7.30842879516995e+24,1.234375,7.30842879516995e+24,100.0
560900,7.381137921199134e+24,1.234375,7.381876034991253e+24,1.234375,7.381876034991253e+24,100.0
561000,7.455315863168093e+24,1.234375,7.45606139475441e+24,1.234375,7.45606139475441e+24,100.0
561100,7.530239268388584e+24,1.234375,7.530992292315423e+24,1.234375,7.530992292315423e+24,100.0
561200,7.605915628514391e+24,1.234375,7.606676220077243e+24,1.234375,7.606676220077243e+24,100.0
561300,7.682352510487883e+24,1.234375,7.683120745738932e+24,1.234375,7.683120745738932e+24,100.0
561400,7.759557557296641e+24,1.234375,7.760333513052371e+24,1.234375,7.760333513052371e+24,100.0
561500,7.837538488737685e+24,1.234375,7.838322242586558e+24,1.234375,7.838322242586558e+24,100.0
561600,7.916303102189403e+24,1.234375,7.917094732499622e+24,1.234375,7.917094732499622e+24,100.0
561700,7.995859273391196e+24,1.234375,7.996658859318535e+24,1.234375,7.996658859318535e+24,100.0
561800,8.076214957230962e+24,1.234375,8.077022578726685e+24,1.234375,8.077022578726685e+24,100.0
561900,8.157378188540556e+24,1.234375,8.15819392635941e+24,1.234375,8.15819392635941e+24,100.0
562000,8.239357082899185e+24,1.234375,8.240181018607475e+24,1.234375,8.240181018607475e+24,100.0
562100,8.322159837444858e+24,1.234375,8.322992053428602e+24,1.234375,8.322992053428602e+24,100.0
562200,8.40579473169408e+24,1.234375,8.406635311167249e+24,1.234375,8.406635311167249e+24,100.0
562300,8.490270128369677e+24,1.234375,8.491119155382514e+24,1.234375,8.491119155382514e+24,100.0
562400,8.57559447423703e+24,1.234375,8.576452033684454e+24,1.234375,8.576452033684454e+24,100.0
562500,8.661776300948641e+24,1.234375,8.662642478578735e+24,1.234375,8.662642478578735e+24,100.0
562600,8.748824225897248e+24,1.234375,8.749699108319838e+24,1.234375,8.749699108319838e+24,100.0
562700,8.836746953077481e+24,1.234375,8.837630627772788e+24,1.234375,8.837630627772788e+24,100.0
562800,8.925553273956155e+24,1.234375,8.926445829283551e+24,1.234375,8.926445829283551e+24,100.0
562900,9.015252068351371e+24,1.234375,9.016153593558206e+24,1.234375,9.016153593558206e+24,100.0
563000,9.105852305320405e+24,1.234375,9.106762890550937e+24,1.234375,9.106762890550937e+24,100.0
563100,9.197363044056503e+24,1.234375,9.198282780360908e+24,1.234375,9.198282780360908e+24,100.0
563200,9.28979343479477e+24,1.234375,9.29072241413825e+24,1.234375,9.29072241413825e+24,100.0
563300,9.383152719727073e+24,1.234375,9.384091034999046e+24,1.234375,9.384091034999046e+24,100.0
563400,9.477450233926177e+24,1.234375,9.478397978949569e+24,1.234375,9.478397978949569e+24,100.0
563500,9.572695406279179e+24,1.234375,9.573652675819806e+24,1.234375,9.573652675819806e+24,100.0
563600,9.668897760430301e+24,1.234375,9.669864650206344e+24,1.234375,9.669864650206344e+24,100.0
563700,9.766066915733181e+24,1.234375,9.767043522424754e+24,1.234375,9.767043522424754e+24,100.0
563800,9.864212588212703e+24,1.234375,9.865199009471524e+24,1.234375,9.865199009471524e+24,100.0
563900,9.963344591536534e+24,1.234375,9.964340925995686e+24,1.234375,9.964340925995686e+24,100.0
564000,1.006347283799634e+25,1.234375,1.006447918528014e+25,1.234375,1.006447918528014e+25,100.0
564100,1.0164607339499026e+25,1.234375,1.0165623800232976e+25,1.234375,1.0165623800232976e+25,100.0
564200,1.0266758208567766e+25,1.234375,1.0267784884388623e+25,1.234375,1.0267784884388623e+25,100.0
564300,1.036993565935312e+25,1.234375,1.0370972652919055e+25,1.234375,1.0370972652919055e+25,100.0
564400,1.047415000865448e+25,1.234375,1.0475197423655344e+25,1.234375,1.0475197423655344e+25,100.0
564500,1.0579411676951556e+25,1.234375,1.0580469618119251e+25,1.234375,1.0580469618119251e+25,100.0
564600,1.0685731189446348e+25,1.234375,1.0686799762565292e+25,1.234375,1.0686799762565292e+25,100.0
564700,1.0793119177115583e+25,1.234375,1.0794198489033295e+25,1.234375,1.0794198489033295e+25,100.0
564800,1.0901586377773731e+25,1.234375,1.0902676536411509e+25,1.234375,1.0902676536411509e+25,100.0
564900,1.1011143637146647e+25,1.234375,1.1012244751510361e+25,1.234375,1.1012244751510361e+25,100.0
565000,1.1121801909956088e+25,1.234375,1.1122914090147083e+25,1.234375,1.1122914090147083e+25,100.0
565100,1.1233572261015047e+25,1.234375,1.123469561824115e+25,1.234375,1.123469561824115e+25,100.0
565200,1.134646586633414e+25,1.234375,1.1347600512920774e+25,1.234375,1.1347600512920774e+25,100.0
565300,1.1460494014239133e+25,1.234375,1.1461640063640556e+25,1.234375,1.1461640063640556e+25,100.0
565400,1.1575668106499666e+25,1.234375,1.1576825673310316e+25,1.234375,1.1576825673310316e+25,100.0
565500,1.1691999659469271e+25,1.234375,1.1693168859435218e+25,1.234375,1.1693168859435218e+25,100.0
565600,1.1809500305236955e+25,1.234375,1.1810681255267479e+25,1.234375,1.1810681255267479e+25,100.0
565700,1.1928181792790297e+25,1.234375,1.1929374610969576e+25,1.234375,1.1929374610969576e+25,100.0
565800,1.2048055989190231e+25,1.234375,1.204926079478915e+25,1.234375,1.204926079478915e+25,100.0
565900,1.2169134880757643e+25,1.234375,1.2170351794245717e+25,1.234375,1.2170351794245717e+25,100.0
566000,1.2291430574271888e+25,1.234375,1.2292659717329315e+25,1.234375,1.2292659717329315e+25,100.0
566100,1.2414955298181364e+25,1.234375,1.2416196793711183e+25,1.234375,1.2416196793711183e+25,100.0
566200,1.2539721403826233e+25,1.234375,1.2540975375966617e+25,1.234375,1.2540975375966617e+25,100.0
566300,1.266574136667349e+25,1.234375,1.2667007940810157e+25,1.234375,1.2667007940810157e+25,100.0
566400,1.2793027787564312e+25,1.234375,1.2794307090343068e+25,1.234375,1.2794307090343068e+25,100.0
566500,1.2921593393974098e+25,1.234375,1.2922885553313494e+25,1.234375,1.2922885553313494e+25,100.0
566600,1.305145104128507e+25,1.234375,1.30527561863892e+25,1.234375,1.30527561863892e+25,100.0
566700,1.31826137140717e+25,1.234375,1.3183931975443107e+25,1.234375,1.3183931975443107e+25,100.0
566800,1.3315094527399023e+25,1.234375,1.3316426036851762e+25,1.234375,1.3316426036851762e+25,100.0
566900,1.3448906728134086e+25,1.234375,1.3450251618806898e+25,1.234375,1.3450251618806898e+25,100.0
567000,1.3584063696270436e+25,1.234375,1.3585422102640062e+25,1.234375,1.3585422102640062e+25,100.0
567100,1.3720578946266045e+25,1.234375,1.3721951004160672e+25,1.234375,1.3721951004160672e+25,100.0
567200,1.385846612839464e+25,1.234375,1.3859851975007479e+25,1.234375,1.3859851975007479e+25,100.0
567300,1.399773903011057e+25,1.234375,1.3999138804013582e+25,1.234375,1.3999138804013582e+25,100.0
567400,1.4138411577427435e+25,1.234375,1.4139825418585178e+25,1.234375,1.4139825418585178e+25,100.0
567500,1.428049783631058e+25,1.234375,1.428192588609421e+25,1.234375,1.428192588609421e+25,100.0
567600,1.4424012014083546e+25,1.234375,1.4425454415284954e+25,1.234375,1.4425454415284954e+25,100.0
567700,1.456896846084867e+25,1.234375,1.4570425357694753e+25,1.234375,1.4570425357694753e+25,100.0
567800,1.471538167092196e+25,1.234375,1.4716853209089053e+25,1.234375,1.4716853209089053e+25,100.0
567900,1.486326628428242e+25,1.234375,1.4864752610910849e+25,1.234375,1.4864752610910849e+25,100.0
568000,1.5012637088035895e+25,1.234375,1.50141383517447e+25,1.234375,1.50141383517447e+25,100.0
568100,1.5163509017893624e+25,1.234375,1.5165025368795412e+25,1.234375,1.5165025368795412e+25,100.0
568200,1.5315897159665725e+25,1.234375,1.5317428749381691e+25,1.234375,1.5317428749381691e+25,100.0
568300,1.5469816750769602e+25,1.234375,1.547136373244468e+25,1.234375,1.547136373244468e+25,100.0
568400,1.562528318175355e+25,1.234375,1.5626845710071725e+25,1.234375,1.5626845710071725e+25,100.0
568500,1.5782311997835659e+25,1.234375,1.5783890229035441e+25,1.234375,1.5783890229035441e+25,100.0
568600,1.5940918900458248e+25,1.234375,1.5942512992348292e+25,1.234375,1.5942512992348292e+25,100.0
568700,1.610111974885778e+25,1.234375,1.6102729860832665e+25,1.234375,1.6102729860832665e+25,100.0
568800,1.626293056165073e+25,1.234375,1.6264556854706894e+25,1.234375,1.6264556854706894e+25,100.0
568900,1.642636751843522e+25,1.234375,1.6428010155187063e+25,1.234375,1.6428010155187063e+25,100.0
569000,1.6591446961408867e+25,1.234375,1.6593106106105009e+25,1.234375,1.6593106106105009e+25,100.0
569100,1.6758185397002892e+25,1.234375,1.6759861215542592e+25,1.234375,1.6759861215542592e+25,100.0
569200,1.6926599497532536e+25,1.234375,1.6928292157482288e+25,1.234375,1.6928292157482288e+25,100.0
569300,1.7096706102864171e+25,1.234375,1.7098415773474457e+25,1.234375,1.7098415773474457e+25,100.0
569400,1.726852222209916e+25,1.234375,1.727024907432137e+25,1.234375,1.727024907432137e+25,100.0
569500,1.7442065035274562e+25,1.234375,1.744380924177809e+25,1.234375,1.744380924177809e+25,100.0
569600,1.761735189508104e+25,1.234375,1.761911363027055e+25,1.234375,1.761911363027055e+25,100.0
569700,1.7794400328597882e+25,1.234375,1.779617976863074e+25,1.234375,1.779617976863074e+25,100.0
569800,1.797322803904565e+25,1.234375,1.7975025361849554e+25,1.234375,1.7975025361849554e+25,100.0
569900,1.815385290755625e+25,1.234375,1.8155668292847007e+25,1.234375,1.8155668292847007e+25,100.0
570000,1.8336292994960957e+25,1.234375,1.8338126624260452e+25,1.234375,1.8338126624260452e+25,100.0
570100,1.8520566543596274e+25,1.234375,1.8522418600250634e+25,1.234375,1.8522418600250634e+25,100.0
570200,1.8706691979128023e+25,1.234375,1.8708562648325936e+25,1.234375,1.8708562648325936e+25,100.0
570300,1.889468791239377e+25,1.234375,1.8896577381185008e+25,1.234375,1.8896577381185008e+25,100.0
570400,1.9084573141263673e+25,1.234375,1.90864815985778e+25,1.234375,1.90864815985778e+25,100.0
570500,1.9276366652520144e+25,1.234375,1.9278294289185397e+25,1.234375,1.9278294289185397e+25,100.0
570600,1.9470087623756337e+25,1.234375,1.9472034632518714e+25,1.234375,1.9472034632518714e+25,100.0
570700,1.966575542529376e+25,1.234375,1.966772200083629e+25,1.234375,1.966772200083629e+25,100.0
570800,1.9863389622119077e+25,1.234375,1.986537596108129e+25,1.234375,1.986537596108129e+25,100.0
570900,2.0063009975840474e+25,1.234375,2.006501627683806e+25,1.234375,2.006501627683806e+25,100.0
571000,2.0264636446663654e+25,1.234375,2.026666291030832e+25,1.234375,2.026666291030832e+25,100.0
571100,2.0468289195387573e+25,1.234375,2.0470336024307114e+25,1.234375,2.0470336024307114e+25,100.0
571200,2.06739885854205e+25,1.234375,2.0676055984279045e+25,1.234375,2.0676055984279045e+25,100.0
571300,2.088175518481594e+25,1.234375,2.088384336033442e+25,1.234375,2.088384336033442e+25,100.0
571400,2.1091609768329498e+25,1.234375,2.109371892930633e+25,1.234375,2.109371892930633e+25,100.0
571500,2.1303573319496e+25,1.234375,2.1305703676827953e+25,1.234375,2.1305703676827953e+25,100.0
571600,2.1517667032727737e+25,1.234375,2.151981879943101e+25,1.234375,2.151981879943101e+25,100.0
571700,2.1733912315433655e+25,1.234375,2.17360857066652e+25,1.234375,2.17360857066652e+25,100.0
571800,2.1952330790159965e+25,1.234375,2.1954526023238982e+25,1.234375,2.1954526023238982e+25,100.0
571900,2.2172944296752095e+25,1.234375,2.217516159118177e+25,1.234375,2.217516159118177e+25,100.0
572000,2.2395774894538594e+25,1.234375,2.2398014472028047e+25,1.234375,2.2398014472028047e+25,100.0
572100,2.2620844864536815e+25,1.234375,2.2623106949023267e+25,1.234375,2.2623106949023267e+25,100.0
572200,2.2848176711680774e+25,1.234375,2.2850461529351943e+25,1.234375,2.2850461529351943e+25,100.0
572300,2.307779316707147e+25,1.234375,2.3080100946388178e+25,1.234375,2.3080100946388178e+25,100.0
572400,2.3309717190249815e+25,1.234375,2.331204816196884e+25,1.234375,2.331204816196884e+25,100.0
572500,2.3543971971492295e+25,1.234375,2.3546326368689444e+25,1.234375,2.3546326368689444e+25,100.0
572600,2.378058093412991e+25,1.234375,2.3782958992223324e+25,1.234375,2.3782958992223324e+25,100.0
572700,2.4019567736890205e+25,1.234375,2.4021969693663895e+25,1.234375,2.4021969693663895e+25,100.0
572800,2.426095627626289e+25,1.234375,2.4263382371890517e+25,1.234375,2.4263382371890517e+25,100.0
572900,2.450477068888934e+25,1.234375,2.4507221165958226e+25,1.234375,2.4507221165958226e+25,100.0
573000,2.4751035353976086e+25,1.234375,2.4753510457511485e+25,1.234375,2.4753510457511485e+25,100.0
573100,2.499977489573237e+25,1.234375,2.500227487322194e+25,1.234375,2.500227487322194e+25,100.0
573200,2.5251014185832424e+25,1.234375,2.5253539287251007e+25,1.234375,2.5253539287251007e+25,100.0
573300,2.550477834590247e+25,1.234375,2.550732882373706e+25,1.234375,2.550732882373706e+25,100.0
573400,2.576109275003249e+25,1.234375,2.5763668859307494e+25,1.234375,2.5763668859307494e+25,100.0
573500,2.601998302731357e+25,1.234375,2.60225850256163e+25,1.234375,2.60225850256163e+25,100.0
573600,2.6281475064400426e+25,1.234375,2.6284103211906867e+25,1.234375,2.6284103211906867e+25,100.0
573700,2.6545595008099955e+25,1.234375,2.6548249567600764e+25,1.234375,2.6548249567600764e+25,100.0
573800,2.6812369267985675e+25,1.234375,2.6815050504912474e+25,1.234375,2.6815050504912474e+25,100.0
573900,2.7081824519038327e+25,1.234375,2.708453270149023e+25,1.234375,2.708453270149023e+25,100.0
574000,2.7353987704313213e+25,1.234375,2.735672310308364e+25,1.234375,2.735672310308364e+25,100.0
574100,2.762888603763423e+25,1.234375,2.763164892623799e+25,1.234375,2.763164892623799e+25,100.0
574200,2.790654700631502e+25,1.234375,2.7909337661015654e+25,1.234375,2.7909337661015654e+25,100.0
574300,2.8186998373907445e+25,1.234375,2.8189817073744837e+25,1.234375,2.8189817073744837e+25,100.0
574400,2.847026818297763e+25,1.234375,2.8473115209795928e+25,1.234375,2.8473115209795928e+25,100.0
574500,2.8756384757910106e+25,1.234375,2.8759260396385896e+25,1.234375,2.8759260396385896e+25,100.0
574600,2.904537670773981e+25,1.234375,2.9048281245410584e+25,1.234375,2.9048281245410584e+25,100.0
574700,2.9337272929012867e+25,1.234375,2.934020665630577e+25,1.234375,2.934020665630577e+25,100.0
574800,2.963210260867591e+25,1.234375,2.9635065818936773e+25,1.234375,2.9635065818936773e+25,100.0
574900,2.9929895226994526e+25,1.234375,2.9932888216517224e+25,1.234375,2.9932888216517224e+25,100.0
575000,3.0230680560500987e+25,1.234375,3.023370362855704e+25,1.234375,3.023370362855704e+25,100.0
575100,3.0534488684971682e+25,1.234375,3.0537542133840178e+25,1.234375,3.0537542133840178e+25,100.0
575200,3.0841349978434368e+25,1.234375,3.084443411343221e+25,1.234375,3.084443411343221e+25,100.0
575300,3.1151295124205765e+25,1.234375,3.1154410253718186e+25,1.234375,3.1154410253718186e+25,100.0
575400,3.1464355113959496e+25,1.234375,3.1467501549470893e+25,1.234375,3.1467501549470893e+25,100.0
575500,3.1780561250825022e+25,1.234375,3.1783739306950104e+25,1.234375,3.1783739306950104e+25,100.0
575600,3.209994515251774e+25,1.234375,3.210315514703299e+25,1.234375,3.210315514703299e+25,100.0
575700,3.2422538754500406e+25,1.234375,3.2425781008375855e+25,1.234375,3.2425781008375855e+25,100.0
575800,3.2748374313176297e+25,1.234375,3.2751649150607613e+25,1.234375,3.2751649150607613e+25,100.0
575900,3.3077484409114704e+25,1.234375,3.3080792157555613e+25,1.234375,3.3080792157555613e+25,100.0
576000,3.3409901950308658e+25,1.234375,3.3413242940503687e+25,1.234375,3.3413242940503687e+25,100.0
576100,3.3745660175465356e+25,1.234375,3.3749034741482903e+25,1.234375,3.3749034741482903e+25,100.0
576200,3.408479265732978e+25,1.234375,3.408820113659551e+25,1.234375,3.408820113659551e+25,100.0
576300,3.4427333306041677e+25,1.234375,3.443077603937228e+25,1.234375,3.443077603937228e+25,100.0
576400,3.477331637252618e+25,1.234375,3.477679370416343e+25,1.234375,3.477679370416343e+25,100.0
576500,3.5122776451918724e+25,1.234375,3.5126288729563916e+25,1.234375,3.5126288729563916e+25,100.0
576600,3.5475748487024118e+25,1.234375,3.547929606187282e+25,1.234375,3.547929606187282e+25,100.0
576700,3.5832267771810536e+25,1.234375,3.5835850998587718e+25,1.234375,3.5835850998587718e+25,100.0
576800,3.619236995493868e+25,1.234375,3.6195989191934173e+25,1.234375,3.6195989191934173e+25,100.0
576900,3.6556091043326163e+25,1.234375,3.6559746652430497e+25,1.234375,3.6559746652430497e+25,100.0
577000,3.6923467405747993e+25,1.234375,3.6927159752488566e+25,1.234375,3.6927159752488566e+25,100.0
577100,3.729453577647305e+25,1.234375,3.72982652300507e+25,1.234375,3.72982652300507e+25,100.0
577200,3.7669333258937274e+25,1.234375,3.7673100192263168e+25,1.234375,3.7673100192263168e+25,100.0
577300,3.80478973294535e+25,1.234375,3.8051702119186445e+25,1.234375,3.8051702119186445e+25,100.0
577400,3.843026584095892e+25,1.234375,3.8434108867543017e+25,1.234375,3.8434108867543017e+25,100.0
577500,3.881647702679992e+25,1.234375,3.88203586745026e+25,1.234375,3.88203586745026e+25,100.0
577600,3.920656950455509e+25,1.234375,3.921049016150554e+25,1.234375,3.921049016150554e+25,100.0
577700,3.960058227989676e+25,1.234375,3.960454233812475e+25,1.234375,3.960454233812475e+25,100.0
577800,3.999855475049081e+25,1.234375,4.000255460596586e+25,1.234375,4.000255460596586e+25,100.0
577900,4.040052670993656e+25,1.234375,4.040456676260755e+25,1.234375,4.040456676260755e+25,100.0
578000,4.080653835174561e+25,1.234375,4.081061900558078e+25,1.234375,4.081061900558078e+25,100.0
578100,4.121663027336059e+25,1.234375,4.122075193638792e+25,1.234375,4.122075193638792e+25,100.0
578200,4.163084348021485e+25,1.234375,4.163500656456288e+25,1.234375,4.163500656456288e+25,100.0
578300,4.2049219389832405e+25,1.234375,4.205342431177139e+25,1.234375,4.205342431177139e+25,100.0
578400,4.24717998359694e+25,1.234375,4.247604701595299e+25,1.234375,4.247604701595299e+25,100.0
578500,4.2898627072797135e+25,1.234375,4.290291693550441e+25,1.234375,4.290291693550441e+25,100.0
578600,4.332974377912703e+25,1.234375,4.333407675350495e+25,1.234375,4.333407675350495e+25,100.0
578700,4.37651930626781e+25,1.234375,4.376956958198437e+25,1.234375,4.376956958198437e+25,100.0
578800,4.420501846438746e+25,1.234375,4.42094389662339e+25,1.234375,4.42094389662339e+25,100.0
578900,4.464926396276388e+25,1.234375,4.465372888916016e+25,1.234375,4.465372888916016e+25,100.0
579000,4.5097973978285274e+25,1.234375,4.51024837756831e+25,1.234375,4.51024837756831e+25,100.0
579100,4.555119337784032e+25,1.234375,4.55557484971781e+25,1.234375,4.55557484971781e+25,100.0
579200,4.600896747921483e+25,1.234375,4.601356837596275e+25,1.234375,4.601356837596275e+25,100.0
579300,4.647134205562304e+25,1.234375,4.64759891898286e+25,1.234375,4.64759891898286e+25,100.0
579400,4.6938363340284465e+25,1.234375,4.6943057176618494e+25,1.234375,4.6943057176618494e+25,100.0
579500,4.7410078031046935e+25,1.234375,4.741481903885004e+25,1.234375,4.741481903885004e+25,100.0
579600,4.788653329505576e+25,1.234375,4.789132194838527e+25,1.234375,4.789132194838527e+25,100.0
579700,4.836777677347033e+25,1.234375,4.837261355114768e+25,1.234375,4.837261355114768e+25,100.0
579800,4.885385658622734e+25,1.234375,4.885874197188596e+25,1.234375,4.885874197188596e+25,100.0
579900,4.934482133685272e+25,1.234375,4.93497558189864e+25,1.234375,4.93497558189864e+25,100.0
580000,4.984072011732141e+25,1.234375,4.984570418933314e+25,1.234375,4.984570418933314e+25,100.0
580100,5.034160251296605e+25,1.234375,5.0346636673217345e+25,1.234375,5.0346636673217345e+25,100.0
580200,5.084751860743521e+25,1.234375,5.085260335929595e+25,1.234375,5.085260335929595e+25,100.0
580300,5.1358518987701135e+25,1.234375,5.136365483959991e+25,1.234375,5.136365483959991e+25,100.0
580400,5.187465474911807e+25,1.234375,5.1879842214592986e+25,1.234375,5.1879842214592986e+25,100.0
580500,5.239597750053125e+25,1.234375,5.24012170982813e+25,1.234375,5.24012170982813e+25,100.0
580600,5.29225393694375e+25,1.234375,5.292783162337444e+25,1.234375,5.292783162337444e+25,100.0
580700,5.345439300719724e+25,1.234375,5.345973844649797e+25,1.234375,5.345973844649797e+25,100.0
580800,5.399159159429932e+25,1.234375,5.399699075345875e+25,1.234375,5.399699075345875e+25,100.0
580900,5.453418884567858e+25,1.234375,5.453964226456315e+25,1.234375,5.453964226456315e+25,100.0
581000,5.50822390160867e+25,1.234375,5.508774723998831e+25,1.234375,5.508774723998831e+25,100.0
581100,5.563579690551737e+25,1.234375,5.564136048520792e+25,1.234375,5.564136048520792e+25,100.0
581200,5.619491786468569e+25,1.234375,5.620053735647215e+25,1.234375,5.620053735647215e+25,100.0
581300,5.675965780056269e+25,1.234375,5.676533376634275e+25,1.234375,5.676533376634275e+25,100.0
581400,5.733007318196557e+25,1.234375,5.733580618928377e+25,1.234375,5.733580618928377e+25,100.0
581500,5.790622104520414e+25,1.234375,5.7912011667308664e+25,1.234375,5.7912011667308664e+25,100.0
581600,5.848815899978377e+25,1.234375,5.849400781568374e+25,1.234375,5.849400781568374e+25,100.0
581700,5.907594523416589e+25,1.234375,5.908185282868931e+25,1.234375,5.908185282868931e+25,100.0
581800,5.9669638521586455e+25,1.234375,5.9675605485438616e+25,1.234375,5.9675605485438616e+25,100.0
581900,6.0269298225932445e+25,1.234375,6.027532515575503e+25,1.234375,6.027532515575503e+25,100.0
582000,6.087498430767782e+25,1.234375,6.088107180610859e+25,1.234375,6.088107180610859e+25,100.0
582100,6.148675732987907e+25,1.234375,6.1492906005612055e+25,1.234375,6.1492906005612055e+25,100.0
582200,6.210467846423095e+25,1.234375,6.211088893207737e+25,1.234375,6.211088893207737e+25,100.0
582300,6.272880949718317e+25,1.234375,6.273508237813289e+25,1.234375,6.273508237813289e+25,100.0
582400,6.335921283611827e+25,1.234375,6.336554875740189e+25,1.234375,6.336554875740189e+25,100.0
582500,6.3995951515591816e+25,1.234375,6.400235111074338e+25,1.234375,6.400235111074338e+25,100.0
582600,6.463908920363556e+25,1.234375,6.464555311255592e+25,1.234375,6.464555311255592e+25,100.0
582700,6.52886902081233e+25,1.234375,6.529521907714412e+25,1.234375,6.529521907714412e+25,100.0
582800,6.594481948320138e+25,1.234375,6.5951413965149705e+25,1.234375,6.5951413965149705e+25,100.0
582900,6.660754263578324e+25,1.234375,6.661420339004682e+25,1.234375,6.661420339004682e+25,100.0
583000,6.727692593210967e+25,1.234375,6.728365362470288e+25,1.234375,6.728365362470288e+25,100.0
583100,6.795303630437482e+25,1.234375,6.795983160800526e+25,1.234375,6.795983160800526e+25,100.0
583200,6.863594135741868e+25,1.234375,6.8642804951554425e+25,1.234375,6.8642804951554425e+25,100.0
583300,6.932570937548718e+25,1.234375,6.933264194642473e+25,1.234375,6.933264194642473e+25,100.0
583400,7.002240932905972e+25,1.234375,7.002941156999263e+25,1.234375,7.002941156999263e+25,100.0
583500,7.072611088174577e+25,1.234375,7.073318349283395e+25,1.234375,7.073318349283395e+25,100.0
583600,7.143688439725055e+25,1.234375,7.1444028085690275e+25,1.234375,7.1444028085690275e+25,100.0
583700,7.2154800946410705e+25,1.234375,7.216201642650534e+25,1.234375,7.216201642650534e+25,100.0
583800,7.287993231430083e+25,1.234375,7.288722030753225e+25,1.234375,7.288722030753225e+25,100.0
583900,7.3612351007411165e+25,1.234375,7.36197122425119e+25,1.234375,7.36197122425119e+25,100.0
584000,7.43521302608978e+25,1.234375,7.435956547392389e+25,1.234375,7.435956547392389e+25,100.0
584100,7.5099344045905305e+25,1.234375,7.510685398030989e+25,1.234375,7.510685398030989e+25,100.0
584200,7.585406707696325e+25,1.234375,7.586165248367095e+25,1.234375,7.586165248367095e+25,100.0
584300,7.6616374819457065e+25,1.234375,7.662403645693901e+25,1.234375,7.662403645693901e+25,100.0
584400,7.738634349717371e+25,1.234375,7.739408213152344e+25,1.234375,7.739408213152344e+25,100.0
584500,7.816405009992348e+25,1.234375,7.817186650493347e+25,1.234375,7.817186650493347e+25,100.0
584600,7.894957239123825e+25,1.234375,7.895746734847737e+25,1.234375,7.895746734847737e+25,100.0
584700,7.974298891614713e+25,1.234375,7.975096321503875e+25,1.234375,7.975096321503875e+25,100.0
584800,8.05443790090303e+25,1.234375,8.05524334469312e+25,1.234375,8.05524334469312e+25,100.0
584900,8.135382280155142e+25,1.234375,8.136195818383158e+25,1.234375,8.136195818383158e+25,100.0
585000,8.217140123067069e+25,1.234375,8.217961837079376e+25,1.234375,8.217961837079376e+25,100.0
585100,8.299719604673705e+25,1.234375,8.300549576634173e+25,1.234375,8.300549576634173e+25,100.0
585200,8.383128982166296e+25,1.234375,8.383967295064513e+25,1.234375,8.383967295064513e+25,100.0
585300,8.467376595718056e+25,1.234375,8.468223333377627e+25,1.234375,8.468223333377627e+25,100.0
585400,8.552470869318143e+25,1.234375,8.553326116405076e+25,1.234375,8.553326116405076e+25,100.0
585500,8.638420311613963e+25,1.234375,8.639284153645123e+25,1.234375,8.639284153645123e+25,100.0
585600,8.725233516761907e+25,1.234375,8.726106040113582e+25,1.234375,8.726106040113582e+25,100.0
585700,8.812919165286794e+25,1.234375,8.813800457203323e+25,1.234375,8.813800457203323e+25,100.0
585800,8.901486024949758e+25,1.234375,8.902376173552253e+25,1.234375,8.902376173552253e+25,100.0
585900,8.990942951624959e+25,1.234375,8.99184204592012e+25,1.234375,8.99184204592012e+25,100.0
586000,9.08129889018512e+25,1.234375,9.08220702007414e+25,1.234375,9.08220702007414e+25,100.0
586100,9.172562875395886e+25,1.234375,9.173480131683424e+25,1.234375,9.173480131683424e+25,100.0
586200,9.264744032819266e+25,1.234375,9.265670507222547e+25,1.234375,9.265670507222547e+25,100.0
586300,9.357851579726084e+25,1.234375,9.358787364884056e+25,1.234375,9.358787364884056e+25,100.0
586400,9.45189482601761e+25,1.234375,9.452840015500213e+25,1.234375,9.452840015500213e+25,100.0
586500,9.546883175156476e+25,1.234375,9.547837863473991e+25,1.234375,9.547837863473991e+25,100.0
586600,9.642826125106959e+25,1.234375,9.64379040771947e+25,1.234375,9.64379040771947e+25,100.0
586700,9.73973326928464e+25,1.234375,9.740707242611569e+25,1.234375,9.740707242611569e+25,100.0
586800,9.837614297515696e+25,1.234375,9.838598058945447e+25,1.234375,9.838598058945447e+25,100.0
586900,9.936478997005769e+25,1.234375,9.937472644905468e+25,1.234375,9.937472644905468e+25,100.0
587000,1.0036337253318634e+26,1.234375,1.0037340887043965e+26,1.234375,1.0037340887043965e+26,100.0
587100,1.013719905136462e+26,1.234375,1.0138212771269757e+26,1.234375,1.0138212771269757e+26,100.0
587200,1.0239074476399053e+26,1.234375,1.0240098383846693e+26,1.234375,1.0240098383846693e+26,100.0
587300,1.0341973715030645e+26,1.234375,1.0343007912402147e+26,1.234375,1.0343007912402147e+26,100.0
587400,1.0445907056240097e+26,1.234375,1.0446951646945721e+26,1.234375,1.0446951646945721e+26,100.0
587500,1.0550884892408891e+26,1.234375,1.0551939980898132e+26,1.234375,1.0551939980898132e+26,100.0
587600,1.0656917720358429e+26,1.234375,1.0657983412130464e+26,1.234375,1.0657983412130464e+26,100.0
587700,1.076401614239961e+26,1.234375,1.076509254401385e+26,1.234375,1.076509254401385e+26,100.0
587800,1.087219086739298e+26,1.234375,1.087327808647972e+26,1.234375,1.087327808647972e+26,100.0
587900,1.0981452711819531e+26,1.234375,1.0982550857090714e+26,1.234375,1.0982550857090714e+26,100.0
588000,1.1091812600862208e+26,1.234375,1.1092921782122295e+26,1.234375,1.1092921782122295e+26,100.0
588100,1.1203281569498372e+26,1.234375,1.1204401897655321e+26,1.234375,1.1204401897655321e+26,100.0
588200,1.1315870763603166e+26,1.234375,1.1317002350679526e+26,1.234375,1.1317002350679526e+26,100.0
588300,1.1429591441064026e+26,1.234375,1.1430734400208132e+26,1.234375,1.1430734400208132e+26,100.0
588400,1.154445497290634e+26,1.234375,1.1545609418403631e+26,1.234375,1.1545609418403631e+26,100.0
588500,1.1660472844430467e+26,1.234375,1.166163889171491e+26,1.234375,1.166163889171491e+26,100.0
588600,1.1777656656360142e+26,1.234375,1.1778834422025779e+26,1.234375,1.1778834422025779e+26,100.0
588700,1.1896018126002459e+26,1.234375,1.1897207727815059e+26,1.234375,1.1897207727815059e+26,100.0
588800,1.2015569088419511e+26,1.234375,1.2016770645328353e+26,1.234375,1.2016770645328353e+26,100.0
588900,1.213632149761172e+26,1.234375,1.213753512976148e+26,1.234375,1.213753512976148e+26,100.0
589000,1.2258287427713218e+26,1.234375,1.2259513256455989e+26,1.234375,1.2259513256455989e+26,100.0
589100,1.2381479074199082e+26,1.234375,1.2382717222106501e+26,1.234375,1.2382717222106501e+26,100.0
589200,1.2505908755104783e+26,1.234375,1.2507159345980293e+26,1.234375,1.2507159345980293e+26,100.0
589300,1.2631588912257916e+26,1.234375,1.2632852071149142e+26,1.234375,1.2632852071149142e+26,100.0
589400,1.2758532112522212e+26,1.234375,1.2759807965733464e+26,1.234375,1.2759807965733464e+26,100.0
589500,1.2886751049054158e+26,1.234375,1.2888039724159064e+26,1.234375,1.2888039724159064e+26,100.0
589600,1.3016258542572166e+26,1.234375,1.3017560168426423e+26,1.234375,1.3017560168426423e+26,100.0
589700,1.3147067542638508e+26,1.234375,1.3148382249392772e+26,1.234375,1.3148382249392772e+26,100.0
589800,1.3279191128954244e+26,1.234375,1.328051904806714e+26,1.234375,1.328051904806714e+26,100.0
589900,1.3412642512666943e+26,1.234375,1.341398377691821e+26,1.234375,1.341398377691821e+26,100.0
590000,1.3547435037691786e+26,1.234375,1.3548789781195554e+26,1.234375,1.3548789781195554e+26,100.0
590100,1.3683582182045771e+26,1.234375,1.3684950540263976e+26,1.234375,1.3684950540263976e+26,100.0
590200,1.3821097559195423e+26,1.234375,1.3822479668951343e+26,1.234375,1.3822479668951343e+26,100.0
590300,1.3959994919418002e+26,1.234375,1.3961390918909943e+26,1.234375,1.3961390918909943e+26,100.0
590400,1.4100288151176401e+26,1.234375,1.4101698179991519e+26,1.234375,1.4101698179991519e+26,100.0
590500,1.4241991282507901e+26,1.234375,1.4243415481636152e+26,1.234375,1.4243415481636152e+26,100.0
590600,1.4385118482426786e+26,1.234375,1.4386556994275028e+26,1.234375,1.4386556994275028e+26,100.0
590700,1.4529684062341147e+26,1.234375,1.453113703074738e+26,1.234375,1.453113703074738e+26,100.0
590800,1.4675702477483909e+26,1.234375,1.4677170047731656e+26,1.234375,1.4677170047731656e+26,100.0
590900,1.482318832835819e+26,1.234375,1.4824670647191025e+26,1.234375,1.4824670647191025e+26,100.0
591000,1.4972156362197239e+26,1.234375,1.4973653577833459e+26,1.234375,1.4973653577833459e+26,100.0
591100,1.5122621474439013e+26,1.234375,1.5124133736586457e+26,1.234375,1.5124133736586457e+26,100.0
591200,1.5274598710215589e+26,1.234375,1.527612617008661e+26,1.234375,1.527612617008661e+26,100.0
591300,1.5428103265857528e+26,1.234375,1.5429646076184114e+26,1.234375,1.5429646076184114e+26,100.0
591400,1.5583150490413394e+26,1.234375,1.5584708805462437e+26,1.234375,1.5584708805462437e+26,100.0
591500,1.57397558871845e+26,1.234375,1.574132986277322e+26,1.234375,1.574132986277322e+26,100.0
591600,1.5897935115275062e+26,1.234375,1.589952490878659e+26,1.234375,1.589952490878659e+26,100.0
591700,1.6057703991158015e+26,1.234375,1.605930976155713e+26,1.234375,1.605930976155713e+26,100.0
591800,1.6219078490256568e+26,1.234375,1.6220700398105594e+26,1.234375,1.6220700398105594e+26,100.0
591900,1.638207474854148e+26,1.234375,1.6383712956016335e+26,1.234375,1.6383712956016335e+26,100.0
592000,1.654670906414457e+26,1.234375,1.6548363735050986e+26,1.234375,1.6548363735050986e+26,100.0
592100,1.6712997898988325e+26,1.234375,1.6714669198778224e+26,1.234375,1.6714669198778224e+26,100.0
592200,1.688095788043208e+26,1.234375,1.6882645976220122e+26,1.234375,1.6882645976220122e+26,100.0
592300,1.70506058029345e+26,1.234375,1.7052310863514792e+26,1.234375,1.7052310863514792e+26,100.0
592400,1.7221958629732814e+26,1.234375,1.7223680825595788e+26,1.234375,1.7223680825595788e+26,100.0
592500,1.7395033494539098e+26,1.234375,1.739677299788855e+26,1.234375,1.739677299788855e+26,100.0
592600,1.7569847703253458e+26,1.234375,1.7571604688023783e+26,1.234375,1.7571604688023783e+26,100.0
592700,1.774641873569444e+26,1.234375,1.774819337756801e+26,1.234375,1.774819337756801e+26,100.0
592800,1.7924764247346842e+26,1.234375,1.7926556723771578e+26,1.234375,1.7926556723771578e+26,100.0
592900,1.8104902071127127e+26,1.234375,1.810671256133424e+26,1.234375,1.810671256133424e+26,100.0
593000,1.8286850219166542e+26,1.234375,1.8288678904188457e+26,1.234375,1.8288678904188457e+26,100.0
593100,1.8470626884612196e+26,1.234375,1.8472473947300656e+26,1.234375,1.8472473947300656e+26,100.0
593200,1.865625044344613e+26,1.234375,1.8658116068490472e+26,1.234375,1.8658116068490472e+26,100.0
593300,1.8843739456322803e+26,1.234375,1.8845623830268437e+26,1.234375,1.8845623830268437e+26,100.0
593400,1.9033112670425032e+26,1.234375,1.9035015981692075e+26,1.234375,1.9035015981692075e+26,100.0
593500,1.9224389021338425e+26,1.234375,1.9226311460240558e+26,1.234375,1.9226311460240558e+26,100.0
593600,1.9417587634944864e+26,1.234375,1.9419529393708358e+26,1.234375,1.9419529393708358e+26,100.0
593700,1.9612727829334853e+26,1.234375,1.9614689102117787e+26,1.234375,1.9614689102117787e+26,100.0
593800,1.9809829116739198e+26,1.234375,1.981181009965087e+26,1.234375,1.981181009965087e+26,100.0
593900,2.000891120548002e+26,1.234375,2.0010912096600568e+26,1.234375,2.0010912096600568e+26,100.0
594000,2.020999400194144e+26,1.234375,2.0212015001341635e+26,1.234375,2.0212015001341635e+26,100.0
594100,2.0413097612559987e+26,1.234375,2.0415138922321244e+26,1.234375,2.0415138922321244e+26,100.0
594200,2.061824234583509e+26,1.234375,2.0620304170069675e+26,1.234375,2.0620304170069675e+26,100.0
594300,2.0825448714359755e+26,1.234375,2.082753125923119e+26,1.234375,2.082753125923119e+26,100.0
594400,2.1034737436871576e+26,1.234375,2.1036840910615264e+26,1.234375,2.1036840910615264e+26,100.0
594500,2.1246129440324518e+26,1.234375,2.124825405326855e+26,1.234375,2.124825405326855e+26,100.0
594600,2.1459645861981274e+26,1.234375,2.1461791826567474e+26,1.234375,2.1461791826567474e+26,100.0
594700,2.167530805152695e+26,1.234375,2.1677475582332102e+26,1.234375,2.1677475582332102e+26,100.0
594800,2.189313757320377e+26,1.234375,2.189532688696109e+26,1.234375,2.189532688696109e+26,100.0
594900,2.211315620796729e+26,1.234375,2.2115367523588087e+26,1.234375,2.2115367523588087e+26,100.0
595000,2.2335385955664335e+26,1.234375,2.23376194942599e+26,1.234375,2.23376194942599e+26,100.0
595100,2.255984903723271e+26,1.234375,2.2562105022136434e+26,1.234375,2.2562105022136434e+26,100.0
595200,2.2786567896923183e+26,1.234375,2.2788846553712876e+26,1.234375,2.2788846553712876e+26,100.0
595300,2.3015565204543617e+26,1.234375,2.3017866761064072e+26,1.234375,2.3017866761064072e+26,100.0
595400,2.3246863857725824e+26,1.234375,2.3249188544111597e+26,1.234375,2.3249188544111597e+26,100.0
595500,2.3480486984215047e+26,1.234375,2.3482835032913468e+26,1.234375,2.3482835032913468e+26,100.0
595600,2.371645794418257e+26,1.234375,2.371882958997699e+26,1.234375,2.371882958997699e+26,100.0
595700,2.3954800332561506e+26,1.234375,2.3957195812594763e+26,1.234375,2.3957195812594763e+26,100.0
595800,2.4195537981406053e+26,1.234375,2.4197957535204193e+26,1.234375,2.4197957535204193e+26,100.0
595900,2.443869496227452e+26,1.234375,2.4441138831770748e+26,1.234375,2.4441138831770748e+26,100.0
596000,2.468429558863623e+26,1.234375,2.468676401819509e+26,1.234375,2.468676401819509e+26,100.0
596100,2.4932364418302682e+26,1.234375,2.4934857654744513e+26,1.234375,2.4934857654744513e+26,100.0
596200,2.5182926255883044e+26,1.234375,2.5185444548508634e+26,1.234375,2.5185444548508634e+26,100.0
596300,2.5436006155264472e+26,1.234375,2.5438549755879998e+26,1.234375,2.5438549755879998e+26,100.0
596400,2.5691629422117187e+26,1.234375,2.5694198585059397e+26,1.234375,2.5694198585059397e+26,100.0
596500,2.5949821616424854e+26,1.234375,2.5952416598586497e+26,1.234375,2.5952416598586497e+26,100.0
596600,2.621060855504033e+26,1.234375,2.6213229615895834e+26,1.234375,2.6213229615895834e+26,100.0
596700,2.6474016314267115e+26,1.234375,2.647666371589854e+26,1.234375,2.647666371589854e+26,100.0
596800,2.674007123246677e+26,1.234375,2.6742745239590017e+26,1.234375,2.6742745239590017e+26,100.0
596900,2.7008799912692494e+26,1.234375,2.7011500792683764e+26,1.234375,2.7011500792683764e+26,100.0
597000,2.7280229225349133e+26,1.234375,2.7282957248271667e+26,1.234375,2.7282957248271667e+26,100.0
597100,2.755438631088007e+26,1.234375,2.7557141749511157e+26,1.234375,2.7557141749511157e+26,100.0
597200,2.7831298582480966e+26,1.234375,2.7834081712339214e+26,1.234375,2.7834081712339214e+26,100.0
597300,2.8110993728840827e+26,1.234375,2.811380482821371e+26,1.234375,2.811380482821371e+26,100.0
597400,2.839349971691061e+26,1.234375,2.83963390668823e+26,1.234375,2.83963390668823e+26,100.0
597500,2.8678844794699715e+26,1.234375,2.8681712679179185e+26,1.234375,2.8681712679179185e+26,100.0
597600,2.8967057494100455e+26,1.234375,2.8969954199849866e+26,1.234375,2.8969954199849866e+26,100.0
597700,2.925816663374106e+26,1.234375,2.9261092450404434e+26,1.234375,2.9261092450404434e+26,100.0
597800,2.955220132186721e+26,1.234375,2.9555156541999396e+26,1.234375,2.9555156541999396e+26,100.0
597900,2.984919095925259e+26,1.234375,2.9852175878348515e+26,1.234375,2.9852175878348515e+26,100.0
598000,3.0149165242138787e+26,1.234375,3.0152180158663e+26,1.234375,3.0152180158663e+26,100.0
598100,3.0452154165204547e+26,1.234375,3.0455199380621066e+26,1.234375,3.0455199380621066e+26,100.0
598200,3.0758188024564982e+26,1.234375,3.0761263843367438e+26,1.234375,3.0761263843367438e+26,100.0
598300,3.106729742080096e+26,1.234375,3.107040415054304e+26,1.234375,3.107040415054304e+26,100.0
598400,3.137951326201886e+26,1.234375,3.138265121334506e+26,1.234375,3.138265121334506e+26,100.0
598500,3.169486676694102e+26,1.234375,3.1698036253617716e+26,1.234375,3.1698036253617716e+26,100.0
598600,3.2013389468027475e+26,1.234375,3.2016590806974275e+26,1.234375,3.2016590806974275e+26,100.0
598700,3.233511321462876e+26,1.234375,3.2338346725950225e+26,1.234375,3.2338346725950225e+26,100.0
598800,3.266007017617067e+26,1.234375,3.2663336183188285e+26,1.234375,3.2663336183188285e+26,100.0
598900,3.2988292845370786e+26,1.234375,3.299159167465532e+26,1.234375,3.299159167465532e+26,100.0
599000,3.331981404148761e+26,1.234375,3.332314602289176e+26,1.234375,3.332314602289176e+26,100.0
599100,3.3654666913602015e+26,1.234375,3.365803238029338e+26,1.234375,3.365803238029338e+26,100.0
599200,3.3992884943932e+26,1.234375,3.399628423242639e+26,1.234375,3.399628423242639e+26,100.0
599300,3.43345019511805e+26,1.234375,3.433793540137562e+26,1.234375,3.433793540137562e+26,100.0
599400,3.467955209391704e+26,1.234375,3.468302004912643e+26,1.234375,3.468302004912643e+26,100.0
599500,3.5028069873993214e+26,1.234375,3.5031572680980615e+26,1.234375,3.5031572680980615e+26,100.0
599600,3.5380090139992516e+26,1.234375,3.5383628149006515e+26,1.234375,3.5383628149006515e+26,100.0
599700,3.5735648090714875e+26,1.234375,3.573922165552395e+26,1.234375,3.573922165552395e+26,100.0
599800,3.609477927869649e+26,1.234375,3.6098388756624355e+26,1.234375,3.6098388756624355e+26,100.0
599900,3.645751961376428e+26,1.234375,3.6461165365725656e+26,1.234375,3.6461165365725656e+26,100.0
600000,3.682390536662703e+26,1.234375,3.6827587757163695e+26,1.234375,3.6827587757163695e+26,100.0
600100,3.719397317250167e+26,1.234375,3.719769256981892e+26,1.234375,3.719769256981892e+26,100.0
600200,3.756776003477682e+26,1.234375,3.75715168107803e+26,1.234375,3.75715168107803e+26,100.0
600300,3.794530332871256e+26,1.234375,3.794909785904543e+26,1.234375,3.794909785904543e+26,100.0
600400,3.8326640805177786e+26,1.234375,3.8330473469258303e+26,1.234375,3.8330473469258303e+26,100.0
600500,3.8711810594424795e+26,1.234375,3.871568177548424e+26,1.234375,3.871568177548424e+26,100.0
600600,3.910085120990216e+26,1.234375,3.910476129502315e+26,1.234375,3.910476129502315e+26,100.0
600700,3.949380155210544e+26,1.234375,3.949775093226065e+26,1.234375,3.949775093226065e+26,100.0
600800,3.9890700912467185e+26,1.234375,3.989468998255843e+26,1.234375,3.989468998255843e+26,100.0
600900,4.0291588977285414e+26,1.234375,4.0295618136183145e+26,1.234375,4.0295618136183145e+26,100.0
601000,4.069650583169215e+26,1.234375,4.0700575482275316e+26,1.234375,4.0700575482275316e+26,100.0
601100,4.110549196366137e+26,1.234375,4.110960251285773e+26,1.234375,4.110960251285773e+26,100.0
601200,4.1518588268057565e+26,1.234375,4.152274012688437e+26,1.234375,4.152274012688437e+26,100.0
601300,4.193583605072477e+26,1.234375,4.1940029634329844e+26,1.234375,4.1940029634329844e+26,100.0
601400,4.23572770326168e+26,1.234375,4.236151276032006e+26,1.234375,4.236151276032006e+26,100.0
601500,4.278295335396886e+26,1.234375,4.2787231649304254e+26,1.234375,4.2787231649304254e+26,100.0
601600,4.321290757851147e+26,1.234375,4.321722886926932e+26,1.234375,4.321722886926932e+26,100.0
601700,4.3647182697726196e+26,1.234375,4.3651547415995966e+26,1.234375,4.3651547415995966e+26,100.0
601800,4.408582213514433e+26,1.234375,4.409023071735784e+26,1.234375,4.409023071735784e+26,100.0
601900,4.452886975068914e+26,1.234375,4.453332263766421e+26,1.234375,4.453332263766421e+26,100.0
602000,4.4976369845061245e+26,1.234375,4.498086748204575e+26,1.234375,4.498086748204575e+26,100.0
602100,4.542836716416829e+26,1.234375,4.5432910000884707e+26,1.234375,4.5432910000884707e+26,100.0
602200,4.5884906903599235e+26,1.234375,4.58894953942896e+26,1.234375,4.58894953942896e+26,100.0
602300,4.634603471314345e+26,1.234375,4.6350669316614766e+26,1.234375,4.6350669316614766e+26,100.0
602400,4.6811796701355166e+26,1.234375,4.6816477881025304e+26,1.234375,4.6816477881025304e+26,100.0
602500,4.728223944016415e+26,1.234375,4.728696766410817e+26,1.234375,4.728696766410817e+26,100.0
602600,4.7757409969532225e+26,1.234375,4.776218571052918e+26,1.234375,4.776218571052918e+26,100.0
602700,4.8237355802156934e+26,1.234375,4.8242179537737146e+26,1.234375,4.8242179537737146e+26,100.0
602800,4.872212492822238e+26,1.234375,4.87269971407152e+26,1.234375,4.87269971407152e+26,100.0
602900,4.921176582019789e+26,1.234375,4.921668699677991e+26,1.234375,4.921668699677991e+26,100.0
603000,4.97063274376846e+26,1.234375,4.971129807042837e+26,1.234375,4.971129807042837e+26,100.0
603100,5.0205859232311155e+26,1.234375,5.021087981823439e+26,1.234375,5.021087981823439e+26,100.0
603200,5.07104111526784e+26,1.234375,5.071548219379366e+26,1.234375,5.071548219379366e+26,100.0
603300,5.12200336493536e+26,1.234375,5.122515565271853e+26,1.234375,5.122515565271853e+26,100.0
603400,5.1734777679915296e+26,1.234375,5.1739951157683284e+26,1.234375,5.1739951157683284e+26,100.0
603500,5.225469471404851e+26,1.234375,5.225992018351991e+26,1.234375,5.225992018351991e+26,100.0
603600,5.2779836738691055e+26,1.234375,5.278511472236492e+26,1.234375,5.278511472236492e+26,100.0
603700,5.3310256263232015e+26,1.234375,5.331558728885834e+26,1.234375,5.331558728885834e+26,100.0
603800,5.38460063247621e+26,1.234375,5.3851390925394574e+26,1.234375,5.3851390925394574e+26,100.0
603900,5.438714049337679e+26,1.234375,5.439257920742613e+26,1.234375,5.439257920742613e+26,100.0
604000,5.4933712877532945e+26,1.234375,5.49392062488207e+26,1.234375,5.49392062488207e+26,100.0
604100,5.548577812945921e+26,1.234375,5.549132670727216e+26,1.234375,5.549132670727216e+26,100.0
604200,5.604339145062053e+26,1.234375,5.604899578976559e+26,1.234375,5.604899578976559e+26,100.0
604300,5.6606608597238006e+26,1.234375,5.661226925809773e+26,1.234375,5.661226925809773e+26,100.0
604400,5.717548588586393e+26,1.234375,5.7181203434452516e+26,1.234375,5.7181203434452516e+26,100.0
604500,5.775008019901283e+26,1.234375,5.775585520703273e+26,1.234375,5.775585520703273e+26,100.0
604600,5.8330448990849404e+26,1.234375,5.8336282035748486e+26,1.234375,5.8336282035748486e+26,100.0
604700,5.891665029293315e+26,1.234375,5.892254195796244e+26,1.234375,5.892254195796244e+26,100.0
604800,5.9508742720021246e+26,1.234375,5.9514693594293245e+26,1.234375,5.9514693594293245e+26,100.0
604900,6.010678547592932e+26,1.234375,6.011279615447691e+26,1.234375,6.011279615447691e+26,100.0
605000,6.0710838359451314e+26,1.234375,6.071690944328726e+26,1.234375,6.071690944328726e+26,100.0
605100,6.132096177033898e+26,1.234375,6.132709386651601e+26,1.234375,6.132709386651601e+26,100.0
605200,6.193721671534101e+26,1.234375,6.194341043701254e+26,1.234375,6.194341043701254e+26,100.0
605300,6.255966481430335e+26,1.234375,6.256592078078477e+26,1.234375,6.256592078078477e+26,100.0
605400,6.318836830633067e+26,1.234375,6.31946871431613e+26,1.234375,6.31946871431613e+26,100.0
605500,6.382339005600946e+26,1.234375,6.382977239501506e+26,1.234375,6.382977239501506e+26,100.0
605600,6.44647935596942e+26,1.234375,6.447124003905016e+26,1.234375,6.447124003905016e+26,100.0
605700,6.511264295185608e+26,1.234375,6.511915421615126e+26,1.234375,6.511915421615126e+26,100.0
605800,6.576700301149633e+26,1.234375,6.577357971179747e+26,1.234375,6.577357971179747e+26,100.0
605900,6.642793916862298e+26,1.234375,6.643458196253984e+26,1.234375,6.643458196253984e+26,100.0
606000,6.709551751079371e+26,1.234375,6.710222706254479e+26,1.234375,6.710222706254479e+26,100.0
606100,6.77698047897238e+26,1.234375,6.777658177020277e+26,1.234375,6.777658177020277e+26,100.0
606200,6.845086842796063e+26,1.234375,6.845771351480343e+26,1.234375,6.845771351480343e+26,100.0
606300,6.913877652562552e+26,1.234375,6.914569040327808e+26,1.234375,6.914569040327808e+26,100.0
606400,6.983359786722293e+26,1.234375,6.984058122700965e+26,1.234375,6.984058122700965e+26,100.0
606500,7.053540192851825e+26,1.234375,7.05424554687111e+26,1.234375,7.05424554687111e+26,100.0
606600,7.124425888348498e+26,1.234375,7.125138330937332e+26,1.234375,7.125138330937332e+26,100.0
606700,7.196023961132134e+26,1.234375,7.196743563528247e+26,1.234375,7.196743563528247e+26,100.0
606800,7.268341570353755e+26,1.234375,7.26906840451079e+26,1.234375,7.26906840451079e+26,100.0
606900,7.34138594711141e+26,1.234375,7.342120085706121e+26,1.234375,7.342120085706121e+26,100.0
607000,7.415164395173268e+26,1.234375,7.415905911612786e+26,1.234375,7.415905911612786e+26,100.0
607100,7.48968429170788e+26,1.234375,7.490433260137051e+26,1.234375,7.490433260137051e+26,100.0
607200,7.564953088021858e+26,1.234375,7.56570958333066e+26,1.234375,7.56570958333066e+26,100.0
607300,7.640978310304934e+26,1.234375,7.641742408135965e+26,1.234375,7.641742408135965e+26,100.0
607400,7.717767560382491e+26,1.234375,7.71853933713853e+26,1.234375,7.71853933713853e+26,100.0
607500,7.79532851647569e+26,1.234375,7.796108049327338e+26,1.234375,7.796108049327338e+26,100.0
607600,7.873668933969233e+26,1.234375,7.87445630086263e+26,1.234375,7.87445630086263e+26,100.0
607700,7.952796646186788e+26,1.234375,7.953591925851407e+26,1.234375,7.953591925851407e+26,100.0
607800,8.032719565174314e+26,1.234375,8.033522837130831e+26,1.234375,8.033522837130831e+26,100.0
607900,8.113445682491141e+26,1.234375,8.11425702705939e+26,1.234375,8.11425702705939e+26,100.0
608000,8.19498307000908e+26,1.234375,8.19580256831608e+26,1.234375,8.19580256831608e+26,100.0
608100,8.277339880719513e+26,1.234375,8.278167614707585e+26,1.234375,8.278167614707585e+26,100.0
608200,8.360524349548625e+26,1.234375,8.36136040198358e+26,1.234375,8.36136040198358e+26,100.0
608300,8.444544794180838e+26,1.234375,8.445389248660256e+26,1.234375,8.445389248660256e+26,100.0
608400,8.529409615890505e+26,1.234375,8.530262556852094e+26,1.234375,8.530262556852094e+26,100.0
608500,8.615127300381929e+26,1.234375,8.615988813111968e+26,1.234375,8.615988813111968e+26,100.0
608600,8.70170641863787e+26,1.234375,8.702576589279734e+26,1.234375,8.702576589279734e+26,100.0
608700,8.789155627776593e+26,1.234375,8.790034543339371e+26,1.234375,8.790034543339371e+26,100.0
608800,8.877483671917445e+26,1.234375,8.878371420284637e+26,1.234375,8.878371420284637e+26,100.0
608900,8.966699383055241e+26,1.234375,8.967596052993546e+26,1.234375,8.967596052993546e+26,100.0
609000,9.056811681943343e+26,1.234375,9.057717363111538e+26,1.234375,9.057717363111538e+26,100.0
609100,9.14782957898568e+26,1.234375,9.148744361943579e+26,1.234375,9.148744361943579e+26,100.0
609200,9.2397621751377e+26,1.234375,9.240686151355213e+26,1.234375,9.240686151355213e+26,100.0
609300,9.332618662816367e+26,1.234375,9.333551924682649e+26,1.234375,9.333551924682649e+26,100.0
609400,9.426408326819331e+26,1.234375,9.427350967652013e+26,1.234375,9.427350967652013e+26,100.0
609500,9.521140545253334e+26,1.234375,9.522092659307859e+26,1.234375,9.522092659307859e+26,100.0
609600,9.616824790471899e+26,1.234375,9.617786472950946e+26,1.234375,9.617786472950946e+26,100.0
609700,9.713470630022533e+26,1.234375,9.714441977085536e+26,1.234375,9.714441977085536e+26,100.0
609800,9.81108772760333e+26,1.234375,9.81206883637609e+26,1.234375,9.81206883637609e+26,100.0
609900,9.909685844029298e+26,1.234375,9.9106768126137e+26,1.234375,9.9106768126137e+26,100.0
610000,1.0009274838208341e+27,1.234375,1.0010275765692162e+27,1.234375,1.0010275765692162e+27,100.0
610100,1.0109864668127055e+27,1.234375,1.0110875654593867e+27,1.234375,1.0110875654593867e+27,100.0
610200,1.0211465391846431e+27,1.234375,1.0212486538385616e+27,1.234375,1.0212486538385616e+27,100.0
610300,1.0314087168507577e+27,1.234375,1.0315118577224427e+27,1.234375,1.0315118577224427e+27,100.0
610400,1.0417740259347545e+27,1.234375,1.041878203337348e+27,1.234375,1.041878203337348e+27,100.0
610500,1.0522435028725327e+27,1.234375,1.05234872722282e+27,1.234375,1.05234872722282e+27,100.0
610600,1.0628181945158255e+27,1.234375,1.0629244763352771e+27,1.234375,1.0629244763352771e+27,100.0
610700,1.0734991582368694e+27,1.234375,1.073606508152693e+27,1.234375,1.073606508152693e+27,100.0
610800,1.084287462034136e+27,1.234375,1.0843958907803394e+27,1.234375,1.0843958907803394e+27,100.0
610900,1.095184184639121e+27,1.234375,1.0952937030575849e+27,1.234375,1.0952937030575849e+27,100.0
611000,1.1061904156242049e+27,1.234375,1.1063010346657673e+27,1.234375,1.1063010346657673e+27,100.0
611100,1.1173072555116061e+27,1.234375,1.1174189862371572e+27,1.234375,1.1174189862371572e+27,100.0
611200,1.128535815883415e+27,1.234375,1.1286486694650032e+27,1.234375,1.1286486694650032e+27,100.0
611300,1.1398772194927496e+27,1.234375,1.1399912072146989e+27,1.234375,1.1399912072146989e+27,100.0
611400,1.1513326003760176e+27,1.234375,1.1514477336360552e+27,1.234375,1.1514477336360552e+27,100.0
611500,1.1629031039663079e+27,1.234375,1.1630193942767045e+27,1.234375,1.1630193942767045e+27,100.0
611600,1.1745898872079255e+27,1.234375,1.1747073461966463e+27,1.234375,1.1747073461966463e+27,100.0
611700,1.1863941186720738e+27,1.234375,1.1865127580839409e+27,1.234375,1.1865127580839409e+27,100.0
611800,1.1983169786737028e+27,1.234375,1.1984368103715702e+27,1.234375,1.1984368103715702e+27,100.0
611900,1.2103596593895288e+27,1.234375,1.2104806953554677e+27,1.234375,1.2104806953554677e+27,100.0
612000,1.2225233649772413e+27,1.234375,1.222645617313739e+27,1.234375,1.222645617313739e+27,100.0
612100,1.2348093116959073e+27,1.234375,1.2349327926270769e+27,1.234375,1.2349327926270769e+27,100.0
612200,1.2472187280275874e+27,1.234375,1.24734344990039e+27,1.234375,1.24734344990039e+27,100.0
612300,1.25975285480017e+27,1.234375,1.25987883008565e+27,1.234375,1.25987883008565e+27,100.0
612400,1.272412945311447e+27,1.234375,1.272540186605978e+27,1.234375,1.272540186605978e+27,100.0
612500,1.2852002654544272e+27,1.234375,1.2853287854809726e+27,1.234375,1.2853287854809726e+27,100.0
612600,1.2981160938439186e+27,1.234375,1.298245905453303e+27,1.234375,1.298245905453303e+27,100.0
612700,1.3111617219443737e+27,1.234375,1.311292838116568e+27,1.234375,1.311292838116568e+27,100.0
612800,1.324338454199028e+27,1.234375,1.3244708880444478e+27,1.234375,1.3244708880444478e+27,100.0
612900,1.3376476081603288e+27,1.234375,1.3377813729211447e+27,1.234375,1.3377813729211447e+27,100.0
613000,1.3510905146216839e+27,1.234375,1.351225623673146e+27,1.234375,1.351225623673146e+27,100.0
613100,1.3646685177505206e+27,1.234375,1.3648049846022956e+27,1.234375,1.3648049846022956e+27,100.0
613200,1.3783829752226975e+27,1.234375,1.3785208135202198e+27,1.234375,1.3785208135202198e+27,100.0
613300,1.3922352583582568e+27,1.234375,1.3923744818840926e+27,1.234375,1.3923744818840926e+27,100.0
613400,1.4062267522585435e+27,1.234375,1.4063673749337693e+27,1.234375,1.4063673749337693e+27,100.0
613500,1.4203588559447033e+27,1.234375,1.4205008918302978e+27,1.234375,1.4205008918302978e+27,100.0
613600,1.4346329824975697e+27,1.234375,1.4347764457958195e+27,1.234375,1.4347764457958195e+27,100.0
613700,1.4490505591989644e+27,1.234375,1.4491954642548843e+27,1.234375,1.4491954642548843e+27,100.0
613800,1.463613027674407e+27,1.234375,1.4637593889771742e+27,1.234375,1.4637593889771742e+27,100.0
613900,1.4783218440372643e+27,1.234375,1.478469676221668e+27,1.234375,1.478469676221668e+27,100.0
614000,1.4931784790343552e+27,1.234375,1.4933277968822586e+27,1.234375,1.4933277968822586e+27,100.0
614100,1.508184418193004e+27,1.234375,1.5083352366348233e+27,1.234375,1.5083352366348233e+27,100.0
614200,1.5233411619695832e+27,1.234375,1.5234934960857802e+27,1.234375,1.5234934960857802e+27,100.0
614300,1.5386502258995463e+27,1.234375,1.5388040909221362e+27,1.234375,1.5388040909221362e+27,100.0
614400,1.554113140748964e+27,1.234375,1.5542685520630388e+27,1.234375,1.5542685520630388e+27,100.0
614500,1.5697314526675876e+27,1.234375,1.5698884258128544e+27,1.234375,1.5698884258128544e+27,100.0
614600,1.5855067233434553e+27,1.234375,1.5856652740157895e+27,1.234375,1.5856652740157895e+27,100.0
614700,1.6014405301590387e+27,1.234375,1.6016006742120547e+27,1.234375,1.6016006742120547e+27,100.0
614800,1.617534466348972e+27,1.234375,1.617696219795607e+27,1.234375,1.617696219795607e+27,100.0
614900,1.6337901411593579e+27,1.234375,1.6339535201734737e+27,1.234375,1.6339535201734737e+27,100.0
615000,1.6502091800086804e+27,1.234375,1.6503742009266813e+27,1.234375,1.6503742009266813e+27,100.0
615100,1.666793224650329e+27,1.234375,1.666959903972794e+27,1.234375,1.666959903972794e+27,100.0
615200,1.683543933336757e+27,1.234375,1.683712287730091e+27,1.234375,1.683712287730091e+27,100.0
615300,1.7004629809853017e+27,1.234375,1.7006330272834003e+27,1.234375,1.7006330272834003e+27,100.0
615400,1.7175520593456468e+27,1.234375,1.7177238145515814e+27,1.234375,1.7177238145515814e+27,100.0
615500,1.734812877168993e+27,1.234375,1.73498635845671e+27,1.234375,1.73498635845671e+27,100.0
615600,1.7522471603789107e+27,1.234375,1.7524223850949485e+27,1.234375,1.7524223850949485e+27,100.0
615700,1.7698566522439203e+27,1.234375,1.7700336379091446e+27,1.234375,1.7700336379091446e+27,100.0
615800,1.7876431135517992e+27,1.234375,1.7878218778631542e+27,1.234375,1.7878218778631542e+27,100.0
615900,1.80560832278565e+27,1.234375,1.8057888836179286e+27,1.234375,1.8057888836179286e+27,100.0
616000,1.8237540763017293e+27,1.234375,1.8239364517093594e+27,1.234375,1.8239364517093594e+27,100.0
616100,1.8420821885090677e+27,1.234375,1.8422663967279187e+27,1.234375,1.8422663967279187e+27,100.0
616200,1.8605944920508874e+27,1.234375,1.8607805515000924e+27,1.234375,1.8607805515000924e+27,100.0
616300,1.879292837987864e+27,1.234375,1.8794807672716627e+27,1.234375,1.8794807672716627e+27,100.0
616400,1.8981790959832036e+27,1.234375,1.8983689138928018e+27,1.234375,1.8983689138928018e+27,100.0
616500,1.9172551544895937e+27,1.234375,1.9174468800050427e+27,1.234375,1.9174468800050427e+27,100.0
616600,1.9365229209380383e+27,1.234375,1.936716573230132e+27,1.234375,1.936716573230132e+27,100.0
616700,1.955984321928573e+27,1.234375,1.9561799203607659e+27,1.234375,1.9561799203607659e+27,100.0
616800,1.9756413034229166e+27,1.234375,1.975838867553259e+27,1.234375,1.975838867553259e+27,100.0
616900,1.9954958309390454e+27,1.234375,1.9956953805221394e+27,1.234375,1.9956953805221394e+27,100.0
617000,2.0155498897477236e+27,1.234375,2.0157514447366984e+27,1.234375,2.0157514447366984e+27,100.0
617100,2.0358054850710207e+27,1.234375,2.0360090656195278e+27,1.234375,2.0360090656195278e+27,100.0
617200,2.0562646422828075e+27,1.234375,2.056470268747036e+27,1.234375,2.056470268747036e+27,100.0
617300,2.076929407111279e+27,1.234375,2.07713710005199e+27,1.234375,2.07713710005199e+27,100.0
617400,2.0978018458435045e+27,1.234375,2.098011626028089e+27,1.234375,2.098011626028089e+27,100.0
617500,2.1188840455320415e+27,1.234375,2.1190959339365947e+27,1.234375,2.1190959339365947e+27,100.0
617600,2.140178114203622e+27,1.234375,2.1403921320150424e+27,1.234375,2.1403921320150424e+27,100.0
617700,2.1616861810699364e+27,1.234375,2.1619023496880433e+27,1.234375,2.1619023496880433e+27,100.0
617800,2.1834103967405267e+27,1.234375,2.1836287377802006e+27,1.234375,2.1836287377802006e+27,100.0
617900,2.2053529334378403e+27,1.234375,2.205573468731184e+27,1.234375,2.205573468731184e+27,100.0
618000,2.2275159852144213e+27,1.234375,2.2277387368129428e+27,1.234375,2.2277387368129428e+27,100.0
618100,2.2499017681723045e+27,1.234375,2.2501267583491217e+27,1.234375,2.2501267583491217e+27,100.0
618200,2.2725125206845981e+27,1.234375,2.2727397719366666e+27,1.234375,2.2727397719366666e+27,100.0
618300,2.295350503619308e+27,1.234375,2.29558003866967e+27,1.234375,2.29558003866967e+27,100.0
618400,2.3184180005653934e+27,1.234375,2.31864984236545e+27,1.234375,2.31864984236545e+27,100.0
618500,2.3417173180611157e+27,1.234375,2.341951489792922e+27,1.234375,2.341951489792922e+27,100.0
618600,2.3652507858246652e+27,1.234375,2.3654873109032477e+27,1.234375,2.3654873109032477e+27,100.0
618700,2.389020756987112e+27,1.234375,2.3892596590628107e+27,1.234375,2.3892596590628107e+27,100.0
618800,2.413029608327698e+27,1.234375,2.4132709112885307e+27,1.234375,2.4132709112885307e+27,100.0
618900,2.4372797405114955e+27,1.234375,2.4375234684855465e+27,1.234375,2.4375234684855465e+27,100.0
619000,2.4617735783294464e+27,1.234375,2.4620197556872793e+27,1.234375,2.4620197556872793e+27,100.0
619100,2.486513570940827e+27,1.234375,2.486762222297921e+27,1.234375,2.486762222297921e+27,100.0
619200,2.5115021921181315e+27,1.234375,2.511753342337343e+27,1.234375,2.511753342337343e+27,100.0
619300,2.536741940494435e+27,1.234375,2.5369956146884845e+27,1.234375,2.5369956146884845e+27,100.0
619400,2.562235339813229e+27,1.234375,2.56249156334721e+27,1.234375,2.56249156334721e+27,100.0
619500,2.5879849391807774e+27,1.234375,2.588243737674696e+27,1.234375,2.588243737674696e+27,100.0
619600,2.6139933133209945e+27,1.234375,2.6142547126523266e+27,1.234375,2.6142547126523266e+27,100.0
619700,2.6402630628329044e+27,1.234375,2.640527089139188e+27,1.234375,2.640527089139188e+27,100.0
619800,2.666796814450674e+27,1.234375,2.6670634941321195e+27,1.234375,2.6670634941321195e+27,100.0
619900,2.693597221306258e+27,1.234375,2.693866581028389e+27,1.234375,2.693866581028389e+27,100.0
620000,2.720666963194695e+27,1.234375,2.7209390298910146e+27,1.234375,2.7209390298910146e+27,100.0
620100,2.748008746842052e+27,1.234375,2.7482835477167365e+27,1.234375,2.7482835477167365e+27,100.0
620200,2.775625306176082e+27,1.234375,2.7759028687067e+27,1.234375,2.7759028687067e+27,100.0
620300,2.803519402599585e+27,1.234375,2.803799754539845e+27,1.234375,2.803799754539845e+27,100.0
620400,2.83169382526653e+27,1.234375,2.831976994649057e+27,1.234375,2.831976994649057e+27,100.0
620500,2.8601513913609423e+27,1.234375,2.8604374065000783e+27,1.234375,2.8604374065000783e+27,100.0
620600,2.888894946378587e+27,1.234375,2.889183835873225e+27,1.234375,2.889183835873225e+27,100.0
620700,2.917927364411508e+27,1.234375,2.918219157147949e+27,1.234375,2.918219157147949e+27,100.0
620800,2.947251548435397e+27,1.234375,2.947546273590241e+27,1.234375,2.947546273590241e+27,100.0
620900,2.976870430599875e+27,1.234375,2.977168117642935e+27,1.234375,2.977168117642935e+27,100.0
621000,3.006786972521677e+27,1.234375,3.0070876512189295e+27,1.234375,3.0070876512189295e+27,100.0
621100,3.037004165580782e+27,1.234375,3.03730786599734e+27,1.234375,3.03730786599734e+27,100.0
621200,3.067525031219523e+27,1.234375,3.067831783722645e+27,1.234375,3.067831783722645e+27,100.0
621300,3.098352621244716e+27,1.234375,3.0986624565068404e+27,1.234375,3.0986624565068404e+27,100.0
621400,3.129490018132803e+27,1.234375,3.1298029671346166e+27,1.234375,3.1298029671346166e+27,100.0
621500,3.1609403353380653e+27,1.234375,3.161256429371599e+27,1.234375,3.161256429371599e+27,100.0
621600,3.192706717603953e+27,1.234375,3.1930259882757135e+27,1.234375,3.1930259882757135e+27,100.0
621700,3.2247923412775243e+27,1.234375,3.225114820511652e+27,1.234375,3.225114820511652e+27,100.0
621800,3.257200414627056e+27,1.234375,3.2575261346685186e+27,1.234375,3.2575261346685186e+27,100.0
621900,3.289934178162831e+27,1.234375,3.290263171580647e+27,1.234375,3.290263171580647e+27,100.0
622000,3.3229969049611696e+27,1.234375,3.3233292046516657e+27,1.234375,3.3233292046516657e+27,100.0
622100,3.356391900991701e+27,1.234375,3.3567275401818004e+27,1.234375,3.3567275401818004e+27,100.0
622200,3.390122505447932e+27,1.234375,3.3904615176984765e+27,1.234375,3.3904615176984765e+27,100.0
622300,3.4241920910811335e+27,1.234375,3.4245345102902415e+27,1.234375,3.4245345102902415e+27,100.0
622400,3.4586040645375945e+27,1.234375,3.458949924944048e+27,1.234375,3.458949924944048e+27,100.0
622500,3.493361866699244e+27,1.234375,3.4937112028859143e+27,1.234375,3.4937112028859143e+27,100.0
622600,3.5284689730277106e+27,1.234375,3.5288218199250135e+27,1.234375,3.5288218199250135e+27,100.0
622700,3.5639288939118346e+27,1.234375,3.564285286801226e+27,1.234375,3.564285286801226e+27,100.0
622800,3.5997451750186836e+27,1.234375,3.600105149536185e+27,1.234375,3.600105149536185e+27,100.0
622900,3.6359213976480806e+27,1.234375,3.6362849897878456e+27,1.234375,3.6362849897878456e+27,100.0
623000,3.6724611790907015e+27,1.234375,3.6728284252086106e+27,1.234375,3.6728284252086106e+27,100.0
623100,3.709368172989766e+27,1.234375,3.709739109807065e+27,1.234375,3.709739109807065e+27,100.0
623200,3.746646069706378e+27,1.234375,3.7470207343133485e+27,1.234375,3.7470207343133485e+27,100.0
623300,3.7842985966885257e+27,1.234375,3.7846770265481945e+27,1.234375,3.7846770265481945e+27,100.0
623400,3.82232951884379e+27,1.234375,3.8227117517956744e+27,1.234375,3.8227117517956744e+27,100.0
623500,3.8607426389157945e+27,1.234375,3.861128713179686e+27,1.234375,3.861128713179686e+27,100.0
623600,3.8995417978644556e+27,1.234375,3.899931752044242e+27,1.234375,3.899931752044242e+27,100.0
623700,3.938730875250039e+27,1.234375,3.939124748337564e+27,1.234375,3.939124748337564e+27,100.0
623800,3.978313789621077e+27,1.234375,3.978711621000039e+27,1.234375,3.978711621000039e+27,100.0
623900,4.0182944989061945e+27,1.234375,4.0186963283560853e+27,1.234375,4.0186963283560853e+27,100.0
624000,4.058677000809862e+27,1.234375,4.0590828685099433e+27,1.234375,4.0590828685099433e+27,100.0
624100,4.099465333212129e+27,1.234375,4.09987527974545e+27,1.234375,4.09987527974545e+27,100.0
624200,4.140663574572369e+27,1.234375,4.1410776409298257e+27,1.234375,4.1410776409298257e+27,100.0
624300,4.1822758443371e+27,1.234375,4.1826940719215335e+27,1.234375,4.1826940719215335e+27,100.0
624400,4.2243063033518805e+27,1.234375,4.224728733982216e+27,1.234375,4.224728733982216e+27,100.0
624500,4.266759154277371e+27,1.234375,4.2671858301927985e+27,1.234375,4.2671858301927985e+27,100.0
624600,4.309638642009541e+27,1.234375,4.310069605873742e+27,1.234375,4.310069605873742e+27,100.0
624700,4.352949054104137e+27,1.234375,4.353384349009547e+27,1.234375,4.353384349009547e+27,100.0
624800,4.3966947212053867e+27,1.234375,4.397134390677507e+27,1.234375,4.397134390677507e+27,100.0
624900,4.44088001747903e+27,1.234375,4.4413241054807775e+27,1.234375,4.4413241054807775e+27,100.0
625000,4.485509361049697e+27,1.234375,4.4859579119858016e+27,1.234375,4.4859579119858016e+27,100.0
625100,4.5305872144426746e+27,1.234375,4.531040273164119e+27,1.234375,4.531040273164119e+27,100.0
625200,4.576118085030124e+27,1.234375,4.5765756968386267e+27,1.234375,4.5765756968386267e+27,100.0
625300,4.6221065254817695e+27,1.234375,4.6225687361343176e+27,1.234375,4.6225687361343176e+27,100.0
625400,4.6685571342201353e+27,1.234375,4.669023989933557e+27,1.234375,4.669023989933557e+27,100.0
625500,4.7154745558803306e+27,1.234375,4.715946103335919e+27,1.234375,4.715946103335919e+27,100.0
625600,4.7628634817744824e+27,1.234375,4.7633397681226597e+27,1.234375,4.7633397681226597e+27,100.0
625700,4.810728650360814e+27,1.234375,4.81120972322585e+27,1.234375,4.81120972322585e+27,100.0
625800,4.859074847717453e+27,1.234375,4.8595607552022244e+27,1.234375,4.8595607552022244e+27,100.0
625900,4.9079069080210036e+27,1.234375,4.9083976987118057e+27,1.234375,4.9083976987118057e+27,100.0
626000,4.957229714029902e+27,1.234375,4.957725437001305e+27,1.234375,4.957725437001305e+27,100.0
626100,5.007048197572664e+27,1.234375,5.007548902392421e+27,1.234375,5.007548902392421e+27,100.0
626200,5.057367340041009e+27,1.234375,5.057873076775014e+27,1.234375,5.057873076775014e+27,100.0
626300,5.108192172887964e+27,1.234375,5.108702992105253e+27,1.234375,5.108702992105253e+27,100.0
626400,5.159527778130956e+27,1.234375,5.160043730908769e+27,1.234375,5.160043730908769e+27,100.0
626500,5.211379288859973e+27,1.234375,5.211900426788859e+27,1.234375,5.211900426788859e+27,100.0
626600,5.263751889750821e+27,1.234375,5.264278264939796e+27,1.234375,5.264278264939796e+27,100.0
626700,5.316650817583553e+27,1.234375,5.317182482665312e+27,1.234375,5.317182482665312e+27,100.0
626800,5.370081361766086e+27,1.234375,5.370618369902263e+27,1.234375,5.370618369902263e+27,100.0
626900,5.424048864863083e+27,1.234375,5.42459126974957e+27,1.234375,5.42459126974957e+27,100.0
627000,5.478558723130202e+27,1.234375,5.479106579002516e+27,1.234375,5.479106579002516e+27,100.0
627100,5.533616387053636e+27,1.234375,5.534169748692341e+27,1.234375,5.534169748692341e+27,100.0
627200,5.589227361895124e+27,1.234375,5.589786284631313e+27,1.234375,5.589786284631313e+27,100.0
627300,5.645397208242423e+27,1.234375,5.645961747963247e+27,1.234375,5.645961747963247e+27,100.0
627400,5.702131542565317e+27,1.234375,5.702701755719573e+27,1.234375,5.702701755719573e+27,100.0
627500,5.759436037777221e+27,1.234375,5.760011981380999e+27,1.234375,5.760011981380999e+27,100.0
627600,5.817316423802412e+27,1.234375,5.817898155444792e+27,1.234375,5.817898155444792e+27,100.0
627700,5.875778488148958e+27,1.234375,5.876366065997773e+27,1.234375,5.876366065997773e+27,100.0
627800,5.934828076487445e+27,1.234375,5.935421559295094e+27,1.234375,5.935421559295094e+27,100.0
627900,5.994471093235448e+27,1.234375,5.995070540344772e+27,1.234375,5.995070540344772e+27,100.0
628000,6.054713502147976e+27,1.234375,6.055318973498191e+27,1.234375,6.055318973498191e+27,100.0
628100,6.115561326913741e+27,1.234375,6.116172883046432e+27,1.234375,6.116172883046432e+27,100.0
628200,6.177020651757482e+27,1.234375,6.177638353822657e+27,1.234375,6.177638353822657e+27,100.0
628300,6.239097622048359e+27,1.234375,6.239721531810564e+27,1.234375,6.239721531810564e+27,100.0
628400,6.301798444914408e+27,1.234375,6.302428624758899e+27,1.234375,6.302428624758899e+27,100.0
628500,6.365129389863204e+27,1.234375,6.36576590280219e+27,1.234375,6.36576590280219e+27,100.0
628600,6.429096789408754e+27,1.234375,6.429739699087694e+27,1.234375,6.429739699087694e+27,100.0
628700,6.4937070397047e+27,1.234375,6.494356410408671e+27,1.234375,6.494356410408671e+27,100.0
628800,6.558966601183863e+27,1.234375,6.559622497843981e+27,1.234375,6.559622497843981e+27,100.0
628900,6.624881999204218e+27,1.234375,6.625544487404139e+27,1.234375,6.625544487404139e+27,100.0
629000,6.691459824701394e+27,1.234375,6.692128970683864e+27,1.234375,6.692128970683864e+27,100.0
629100,6.758706734847695e+27,1.234375,6.75938260552118e+27,1.234375,6.75938260552118e+27,100.0
629200,6.826629453717752e+27,1.234375,6.827312116663124e+27,1.234375,6.827312116663124e+27,100.0
629300,6.895234772960883e+27,1.234375,6.89592429643818e+27,1.234375,6.89592429643818e+27,100.0
629400,6.964529552480191e+27,1.234375,6.965226005435439e+27,1.234375,6.965226005435439e+27,100.0
629500,7.034520721118462e+27,1.234375,7.035224173190574e+27,1.234375,7.035224173190574e+27,100.0
629600,7.105215277351037e+27,1.234375,7.105925798878772e+27,1.234375,7.105925798878772e+27,100.0
629700,7.176620289985553e+27,1.234375,7.177337952014551e+27,1.234375,7.177337952014551e+27,100.0
629800,7.248742898868775e+27,1.234375,7.249467773158661e+27,1.234375,7.249467773158661e+27,100.0
629900,7.321590315600538e+27,1.234375,7.322322474632098e+27,1.234375,7.322322474632098e+27,100.0
630000,7.395169824254793e+27,1.234375,7.395909341237218e+27,1.234375,7.395909341237218e+27,100.0
630100,7.469488782107989e+27,1.234375,7.470235730986199e+27,1.234375,7.470235730986199e+27,100.0
630200,7.544554620374695e+27,1.234375,7.545309075836733e+27,1.234375,7.545309075836733e+27,100.0
630300,7.620374844950699e+27,1.234375,7.621136882435194e+27,1.234375,7.621136882435194e+27,100.0
630400,7.696957037163506e+27,1.234375,7.697726732867222e+27,1.234375,7.697726732867222e+27,100.0
630500,7.774308854530381e+27,1.234375,7.775086285415834e+27,1.234375,7.775086285415834e+27,100.0
630600,7.852438031524054e+27,1.234375,7.853223275327206e+27,1.234375,7.853223275327206e+27,100.0
630700,7.931352380346116e+27,1.234375,7.93214551558415e+27,1.234375,7.93214551558415e+27,100.0
630800,8.011059791708118e+27,1.234375,8.011860897687288e+27,1.234375,8.011860897687288e+27,100.0
630900,8.091568235620601e+27,1.234375,8.092377392444163e+27,1.234375,8.092377392444163e+27,100.0
631000,8.172885762190032e+27,1.234375,8.173703050766251e+27,1.234375,8.173703050766251e+27,100.0
631100,8.255020502423716e+27,1.234375,8.255846004473958e+27,1.234375,8.255846004473958e+27,100.0
631200,8.337980669042833e+27,1.234375,8.338814467109737e+27,1.234375,8.338814467109737e+27,100.0
631300,8.421774557303641e+27,1.234375,8.422616734759371e+27,1.234375,8.422616734759371e+27,100.0
631400,8.506410545826915e+27,1.234375,8.507261186881497e+27,1.234375,8.507261186881497e+27,100.0
631500,8.59189709743575e+27,1.234375,8.592756287145494e+27,1.234375,8.592756287145494e+27,100.0
631600,8.678242760001739e+27,1.234375,8.679110584277739e+27,1.234375,8.679110584277739e+27,100.0
631700,8.765456167299699e+27,1.234375,8.766332712916428e+27,1.234375,8.766332712916428e+27,100.0
631800,8.853546039870973e+27,1.234375,8.854431394474959e+27,1.234375,8.854431394474959e+27,100.0
631900,8.942521185895391e+27,1.234375,8.94341543801398e+27,1.234375,8.94341543801398e+27,100.0
632000,9.032390502072026e+27,1.234375,9.033293741122234e+27,1.234375,9.033293741122234e+27,100.0
632100,9.123162974508746e+27,1.234375,9.124075290806197e+27,1.234375,9.124075290806197e+27,100.0
632200,9.214847679620793e+27,1.234375,9.215769164388755e+27,1.234375,9.215769164388755e+27,100.0
632300,9.307453785038295e+27,1.234375,9.308384530416799e+27,1.234375,9.308384530416799e+27,100.0
632400,9.400990550522981e+27,1.234375,9.401930649578033e+27,1.234375,9.401930649578033e+27,100.0
632500,9.495467328894053e+27,1.234375,9.496416875626942e+27,1.234375,9.496416875626942e+27,100.0
632600,9.590893566963378e+27,1.234375,9.591852656320074e+27,1.234375,9.591852656320074e+27,100.0
632700,9.687278806480095e+27,1.234375,9.688247534360743e+27,1.234375,9.688247534360743e+27,100.0
632800,9.784632685084693e+27,1.234375,9.785611148353202e+27,1.234375,9.785611148353202e+27,100.0
632900,9.882964937272697e+27,1.234375,9.883953233766425e+27,1.234375,9.883953233766425e+27,100.0
633000,9.982285395368013e+27,1.234375,9.98328362390755e+27,1.234375,9.98328362390755e+27,100.0
633100,1.0082603990506111e+28,1.234375,1.0083612250905162e+28,1.234375,1.0083612250905162e+28,100.0
633200,1.0183930753626966e+28,1.234375,1.0184949146702328e+28,1.234375,1.0184949146702328e+28,100.0
633300,1.0286275816478153e+28,1.234375,1.02873044440598e+28,1.234375,1.02873044440598e+28,100.0
633400,1.0389649412627888e+28,1.234375,1.039068837756915e+28,1.234375,1.039068837756915e+28,100.0
633500,1.0494061878488237e+28,1.234375,1.0495111284676085e+28,1.234375,1.0495111284676085e+28,100.0
633600,1.0599523654348769e+28,1.234375,1.0600583606714203e+28,1.234375,1.0600583606714203e+28,100.0
633700,1.070604528542042e+28,1.234375,1.0707115889948962e+28,1.234375,1.0707115889948962e+28,100.0
633800,1.0813637422889916e+28,1.234375,1.0814718786632205e+28,1.234375,1.0814718786632205e+28,100.0
633900,1.0922310824984826e+28,1.234375,1.0923403056067324e+28,1.234375,1.0923403056067324e+28,100.0
634000,1.1032076358049278e+28,1.234375,1.1033179565685082e+28,1.234375,1.1033179565685082e+28,100.0
634100,1.1142944997630473e+28,1.234375,1.1144059292130237e+28,1.234375,1.1144059292130237e+28,100.0
634200,1.125492782957616e+28,1.234375,1.1256053322359118e+28,1.234375,1.1256053322359118e+28,100.0
634300,1.1368036051143106e+28,1.234375,1.136917285474822e+28,1.234375,1.136917285474822e+28,100.0
634400,1.1482280972116726e+28,1.234375,1.1483429200213936e+28,1.234375,1.1483429200213936e+28,100.0
634500,1.1597674015941958e+28,1.234375,1.1598833783343551e+28,1.234375,1.1598833783343551e+28,100.0
634600,1.171422672086549e+28,1.234375,1.1715398143537577e+28,1.234375,1.1715398143537577e+28,100.0
634700,1.183195074108953e+28,1.234375,1.183313393616364e+28,1.234375,1.183313393616364e+28,100.0
634800,1.195085784793703e+28,1.234375,1.1952052933721824e+28,1.234375,1.1952052933721824e+28,100.0
634900,1.207095993102879e+28,1.234375,1.2072167027021893e+28,1.234375,1.2072167027021893e+28,100.0
635000,1.2192268999472267e+28,1.234375,1.2193488226372213e+28,1.234375,1.2193488226372213e+28,100.0
635100,1.2314797183062398e+28,1.234375,1.2316028662780703e+28,1.234375,1.2316028662780703e+28,100.0
635200,1.2438556733494477e+28,1.234375,1.2439800589167827e+28,1.234375,1.2439800589167827e+28,100.0
635300,1.2563560025589151e+28,1.234375,1.256481638159171e+28,1.234375,1.256481638159171e+28,100.0
635400,1.2689819558529879e+28,1.234375,1.2691088540485732e+28,1.234375,1.2691088540485732e+28,100.0
635500,1.281734795711266e+28,1.234375,1.2818629691908372e+28,1.234375,1.2818629691908372e+28,100.0
635600,1.294615797300845e+28,1.234375,1.294745258880575e+28,1.234375,1.294745258880575e+28,100.0
635700,1.3076262486038178e+28,1.234375,1.3077570112286782e+28,1.234375,1.3077570112286782e+28,100.0
635800,1.3207674505460605e+28,1.234375,1.320899527291115e+28,1.234375,1.320899527291115e+28,100.0
635900,1.3340407171273171e+28,1.234375,1.3341741211990298e+28,1.234375,1.3341741211990298e+28,100.0
636000,1.347447375552583e+28,1.234375,1.3475821202901383e+28,1.234375,1.3475821202901383e+28,100.0
636100,1.3609887663648193e+28,1.234375,1.3611248652414558e+28,1.234375,1.3611248652414558e+28,100.0
636200,1.3746662435789856e+28,1.234375,1.3748037102033435e+28,1.234375,1.3748037102033435e+28,100.0
636300,1.3884811748174378e+28,1.234375,1.3886200229349195e+28,1.234375,1.3886200229349195e+28,100.0
636400,1.4024349414466715e+28,1.234375,1.402575184940816e+28,1.234375,1.402575184940816e+28,100.0
636500,1.416528938715453e+28,1.234375,1.4166705916093245e+28,1.234375,1.4166705916093245e+28,100.0
636600,1.4307645758943225e+28,1.234375,1.430907652351912e+28,1.234375,1.430907652351912e+28,100.0
636700,1.4451432764165173e+28,1.234375,1.445287790744159e+28,1.234375,1.445287790744159e+28,100.0
636800,1.459666478020295e+28,1.234375,1.459812444668097e+28,1.234375,1.459812444668097e+28,100.0
636900,1.4743356328926958e+28,1.234375,1.474483066455985e+28,1.234375,1.474483066455985e+28,100.0
637000,1.489152207814753e+28,1.234375,1.4893011230355343e+28,1.234375,1.4893011230355343e+28,100.0
637100,1.5041176843081497e+28,1.234375,1.5042680960765806e+28,1.234375,1.5042680960765806e+28,100.0
637200,1.5192335587833646e+28,1.234375,1.5193854821392428e+28,1.234375,1.5193854821392428e+28,100.0
637300,1.5345013426892933e+28,1.234375,1.5346547928235623e+28,1.234375,1.5346547928235623e+28,100.0
637400,1.5499225626643842e+28,1.234375,1.5500775549206507e+28,1.234375,1.5500775549206507e+28,100.0
637500,1.5654987606892843e+28,1.234375,1.5656553105653531e+28,1.234375,1.5656553105653531e+28,100.0
637600,1.5812314942410268e+28,1.234375,1.5813896173904509e+28,1.234375,1.5813896173904509e+28,100.0
637700,1.5971223364487607e+28,1.234375,1.5972820486824057e+28,1.234375,1.5972820486824057e+28,100.0
637800,1.6131728762510548e+28,1.234375,1.61333419353868e+28,1.234375,1.61333419353868e+28,100.0
637900,1.6293847185547703e+28,1.234375,1.6295476570266258e+28,1.234375,1.6295476570266258e+28,100.0
638000,1.645759484395542e+28,1.234375,1.6459240603439815e+28,1.234375,1.6459240603439815e+28,100.0
638100,1.6622988110998618e+28,1.234375,1.6624650409809717e+28,1.234375,1.6624650409809717e+28,100.0
638200,1.6790043524488041e+28,1.234375,1.679172252884049e+28,1.234375,1.679172252884049e+28,100.0
638300,1.6958777788433815e+28,1.234375,1.6960473666212658e+28,1.234375,1.6960473666212658e+28,100.0
638400,1.7129207774715738e+28,1.234375,1.7130920695493208e+28,1.234375,1.7130920695493208e+28,100.0
638500,1.7301350524770283e+28,1.234375,1.730308065982276e+28,1.234375,1.730308065982276e+28,100.0
638600,1.7475223251294618e+28,1.234375,1.7476970773619746e+28,1.234375,1.7476970773619746e+28,100.0
638700,1.7650843339967694e+28,1.234375,1.765260842430169e+28,1.234375,1.765260842430169e+28,100.0
638800,1.7828228351188653e+28,1.234375,1.7830011174023771e+28,1.234375,1.7830011174023771e+28,100.0
638900,1.8007396021832713e+28,1.234375,1.8009196761434896e+28,1.234375,1.8009196761434896e+28,100.0
639000,1.8188364267024713e+28,1.234375,1.8190183103451416e+28,1.234375,1.8190183103451416e+28,100.0
639100,1.8371151181930445e+28,1.234375,1.8372988297048638e+28,1.234375,1.8372988297048638e+28,100.0
639200,1.8555775043565976e+28,1.234375,1.8557630621070333e+28,1.234375,1.8557630621070333e+28,100.0
639300,1.8742254312625226e+28,1.234375,1.874412853805649e+28,1.234375,1.874412853805649e+28,100.0
639400,1.8930607635325856e+28,1.234375,1.8932500696089388e+28,1.234375,1.8932500696089388e+28,100.0
639500,1.91208538452737e+28,1.234375,1.9122765930658226e+28,1.234375,1.9122765930658226e+28,100.0
639600,1.9313011965345955e+28,1.234375,1.931494326654249e+28,1.234375,1.931494326654249e+28,100.0
639700,1.9507101209593346e+28,1.234375,1.9509051919714306e+28,1.234375,1.9509051919714306e+28,100.0
639800,1.9703140985161274e+28,1.234375,1.9705111299259789e+28,1.234375,1.9705111299259789e+28,100.0
639900,1.9901150894230433e+28,1.234375,1.9903141009319856e+28,1.234375,1.9903141009319856e+28,100.0
640000,2.0101150735976773e+28,1.234375,2.010316085105037e+28,1.234375,2.010316085105037e+28,100.0
640100,2.030316050855128e+28,1.234375,2.0305190824602133e+28,1.234375,2.0305190824602133e+28,100.0
640200,2.0507200411079626e+28,1.234375,2.0509251131120735e+28,1.234375,2.0509251131120735e+28,100.0
640300,2.0713290845681856e+28,1.234375,2.0715362174766425e+28,1.234375,2.0715362174766425e+28,100.0
640400,2.0921452419512433e+28,1.234375,2.092354456475438e+28,1.234375,2.092354456475438e+28,100.0
640500,2.11317059468207e+28,1.234375,2.113381911741538e+28,1.234375,2.113381911741538e+28,100.0
640600,2.134407245103226e+28,1.234375,2.1346206858277366e+28,1.234375,2.1346206858277366e+28,100.0
640700,2.1558573166850996e+28,1.234375,2.156072902416768e+28,1.234375,2.156072902416768e+28,100.0
640800,2.1775229542382368e+28,1.234375,2.1777407065336605e+28,1.234375,2.1777407065336605e+28,100.0
640900,2.1994063241278117e+28,1.234375,2.1996262647602244e+28,1.234375,2.1996262647602244e+28,100.0
641000,2.221509614490228e+28,1.234375,2.221731765451677e+28,1.234375,2.221731765451677e+28,100.0
641100,2.2438350354519294e+28,1.234375,2.2440594189554746e+28,1.234375,2.2440594189554746e+28,100.0
641200,2.2663848193503764e+28,1.234375,2.266611457832311e+28,1.234375,2.266611457832311e+28,100.0
641300,2.2891612209572707e+28,1.234375,2.2893901370793664e+28,1.234375,2.2893901370793664e+28,100.0
641400,2.3121665177040023e+28,1.234375,2.3123977343557727e+28,1.234375,2.3123977343557727e+28,100.0
641500,2.3354030099093865e+28,1.234375,2.3356365502103773e+28,1.234375,2.3356365502103773e+28,100.0
641600,2.3588730210096598e+28,1.234375,2.359108908311761e+28,1.234375,2.359108908311761e+28,100.0
641700,2.3825788977908065e+28,1.234375,2.3828171556805855e+28,1.234375,2.3828171556805855e+28,100.0
641800,2.406523010623219e+28,1.234375,2.4067636629242813e+28,1.234375,2.4067636629242813e+28,100.0
641900,2.430707753698712e+28,1.234375,2.430950824474082e+28,1.234375,2.430950824474082e+28,100.0
642000,2.455135545269917e+28,1.234375,2.455381058824444e+28,1.234375,2.455381058824444e+28,100.0
642100,2.479808827892088e+28,1.234375,2.480056808774877e+28,1.234375,2.480056808774877e+28,100.0
642200,2.504730068667332e+28,1.234375,2.5049805416741987e+28,1.234375,2.5049805416741987e+28,100.0
642300,2.5299017594913027e+28,1.234375,2.530154749667252e+28,1.234375,2.530154749667252e+28,100.0
642400,2.5553264173023615e+28,1.234375,2.5555819499440916e+28,1.234375,2.5555819499440916e+28,100.0
642500,2.5810065843332494e+28,1.234375,2.5812646849916827e+28,1.234375,2.5812646849916827e+28,100.0
642600,2.6069448283652836e+28,1.234375,2.60720552284812e+28,1.234375,2.60720552284812e+28,100.0
642700,2.6331437429851234e+28,1.234375,2.633407057359422e+28,1.234375,2.633407057359422e+28,100.0
642800,2.6596059478440953e+28,1.234375,2.6598719084388797e+28,1.234375,2.6598719084388797e+28,100.0
642900,2.6863340889201307e+28,1.234375,2.6866027223290227e+28,1.234375,2.6866027223290227e+28,100.0
643000,2.7133308387823506e+28,1.234375,2.7136021718662287e+28,1.234375,2.7136021718662287e+28,100.0
643100,2.7405988968582916e+28,1.234375,2.7408729567479772e+28,1.234375,2.7408729567479772e+28,100.0
643200,2.7681409897038264e+28,1.234375,2.7684178038027968e+28,1.234375,2.7684178038027968e+28,100.0
643300,2.7959598712757875e+28,1.234375,2.796239467262915e+28,1.234375,2.796239467262915e+28,100.0
643400,2.8240583232073494e+28,1.234375,2.8243407290396702e+28,1.234375,2.8243407290396702e+28,100.0
643500,2.852439155086157e+28,1.234375,2.8527243990016654e+28,1.234375,2.8527243990016654e+28,100.0
643600,2.8811052047352597e+28,1.234375,2.881393315255733e+28,1.234375,2.881393315255733e+28,100.0
643700,2.9100593384968744e+28,1.234375,2.910350344430724e+28,1.234375,2.910350344430724e+28,100.0
643800,2.9393044515189845e+28,1.234375,2.939598381964136e+28,1.234375,2.939598381964136e+28,100.0
643900,2.968843468044836e+28,1.234375,2.9691403523916404e+28,1.234375,2.9691403523916404e+28,100.0
644000,2.998679341705327e+28,1.234375,2.9989792096394975e+28,1.234375,2.9989792096394975e+28,100.0
644100,3.028815055814352e+28,1.234375,3.0291179373199334e+28,1.234375,3.0291179373199334e+28,100.0
644200,3.059253623667098e+28,1.234375,3.0595595490294645e+28,1.234375,3.0595595490294645e+28,100.0
644300,3.0899980888413577e+28,1.234375,3.0903070886502416e+28,1.234375,3.0903070886502416e+28,100.0
644400,3.121051525501845e+28,1.234375,3.121363630654395e+28,1.234375,3.121363630654395e+28,100.0
644500,3.1524170387075923e+28,1.234375,3.152732280411463e+28,1.234375,3.152732280411463e+28,100.0
644600,3.184097764722426e+28,1.234375,3.184416174498898e+28,1.234375,3.184416174498898e+28,100.0
644700,3.2160968713285677e+28,1.234375,3.2164184810157003e+28,1.234375,3.2164184810157003e+28,100.0
644800,3.2484175581433748e+28,1.234375,3.248742399899189e+28,1.234375,3.248742399899189e+28,100.0
644900,3.2810630569392796e+28,1.234375,3.2813911632449734e+28,1.234375,3.2813911632449734e+28,100.0
645000,3.3140366319669364e+28,1.234375,3.314368035630133e+28,1.234375,3.314368035630133e+28,100.0
645100,3.3473415802816135e+28,1.234375,3.347676314439642e+28,1.234375,3.347676314439642e+28,100.0
645200,3.3809812320728766e+28,1.234375,3.381319330196084e+28,1.234375,3.381319330196084e+28,100.0
645300,3.414958950997561e+28,1.234375,3.4153004468926605e+28,1.234375,3.4153004468926605e+28,100.0
645400,3.4492781345161257e+28,1.234375,3.4496230623295774e+28,1.234375,3.4496230623295774e+28,100.0
645500,3.483942214232355e+28,1.234375,3.484290608453778e+28,1.234375,3.484290608453778e+28,100.0
645600,3.518954656236494e+28,1.234375,3.5193065517021173e+28,1.234375,3.5193065517021173e+28,100.0
645700,3.554318961451818e+28,1.234375,3.554674393347963e+28,1.234375,3.554674393347963e+28,100.0
645800,3.590038665984708e+28,1.234375,3.5903976698513064e+28,1.234375,3.5903976698513064e+28,100.0
645900,3.626117341478211e+28,1.234375,3.6264799532123586e+28,1.234375,3.6264799532123586e+28,100.0
646000,3.662558595469183e+28,1.234375,3.66292485132873e+28,1.234375,3.66292485132873e+28,100.0
646100,3.699366071749004e+28,1.234375,3.699736008356179e+28,1.234375,3.699736008356179e+28,100.0
646200,3.736543450727929e+28,1.234375,3.7369171050730017e+28,1.234375,3.7369171050730017e+28,100.0
646300,3.774094449803093e+28,1.234375,3.7744718592480733e+28,1.234375,3.7744718592480733e+28,100.0
646400,3.81202282373021e+28,1.234375,3.812404026012583e+28,1.234375,3.812404026012583e+28,100.0
646500,3.8503323649990284e+28,1.234375,3.8507173982355284e+28,1.234375,3.8507173982355284e+28,100.0
646600,3.8890269042125307e+28,1.234375,3.889415806902952e+28,1.234375,3.889415806902952e+28,100.0
646700,3.928110310469967e+28,1.234375,3.928503121501014e+28,1.234375,3.928503121501014e+28,100.0
646800,3.967586491753727e+28,1.234375,3.967983250402902e+28,1.234375,3.967983250402902e+28,100.0
646900,4.007459395320111e+28,1.234375,4.007860141259644e+28,1.234375,4.007860141259644e+28,100.0
647000,4.0477330080939975e+28,1.234375,4.048137781394807e+28,1.234375,4.048137781394807e+28,100.0
647100,4.088411357067522e+28,1.234375,4.088820198203228e+28,1.234375,4.088820198203228e+28,100.0
647200,4.129498509702723e+28,1.234375,4.129911459553693e+28,1.234375,4.129911459553693e+28,100.0
647300,4.170998574338268e+28,1.234375,4.171415674195702e+28,1.234375,4.171415674195702e+28,100.0
647400,4.2129157006002295e+28,1.234375,4.21333699217029e+28,1.234375,4.21333699217029e+28,100.0
647500,4.255254079817025e+28,1.234375,4.255679605225007e+28,1.234375,4.255679605225007e+28,100.0
647600,4.298017945438514e+28,1.234375,4.298447747233058e+28,1.234375,4.298447747233058e+28,100.0
647700,4.341211573459291e+28,1.234375,4.341645694616637e+28,1.234375,4.341645694616637e+28,100.0
647800,4.384839282846239e+28,1.234375,4.3852777667745235e+28,1.234375,4.3852777667745235e+28,100.0
647900,4.4289054359704065e+28,1.234375,4.429348326514003e+28,1.234375,4.429348326514003e+28,100.0
648000,4.473414439043204e+28,1.234375,4.473861780487108e+28,1.234375,4.473861780487108e+28,100.0
648100,4.518370742556978e+28,1.234375,4.518822579631234e+28,1.234375,4.518822579631234e+28,100.0
648200,4.563778841730009e+28,1.234375,4.564235219614182e+28,1.234375,4.564235219614182e+28,100.0
648300,4.609643276956009e+28,1.234375,4.6101042412837045e+28,1.234375,4.6101042412837045e+28,100.0
648400,4.655968634258113e+28,1.234375,4.656434231121539e+28,1.234375,4.656434231121539e+28,100.0
648500,4.702759545747431e+28,1.234375,4.703229821702006e+28,1.234375,4.703229821702006e+28,100.0
648600,4.750020690086236e+28,1.234375,4.7504956921552445e+28,1.234375,4.7504956921552445e+28,100.0
648700,4.797756792955771e+28,1.234375,4.798236568635066e+28,1.234375,4.798236568635066e+28,100.0
648800,4.845972627528774e+28,1.234375,4.846457224791527e+28,1.234375,4.846457224791527e+28,100.0
648900,4.894673014946765e+28,1.234375,4.89516248224826e+28,1.234375,4.89516248224826e+28,100.0
649000,4.9438628248020994e+28,1.234375,4.9443572110845795e+28,1.234375,4.9443572110845795e+28,100.0
649100,4.993546975624892e+28,1.234375,4.994046330322454e+28,1.234375,4.994046330322454e+28,100.0
649200,5.04373043537482e+28,1.234375,5.044234808418357e+28,1.234375,5.044234808418357e+28,100.0
649300,5.0944182219378885e+28,1.234375,5.094927663760082e+28,1.234375,5.094927663760082e+28,100.0
649400,5.1456154036281495e+28,1.234375,5.146129965168512e+28,1.234375,5.146129965168512e+28,100.0
649500,5.197327099694514e+28,1.234375,5.197846832404483e+28,1.234375,5.197846832404483e+28,100.0
649600,5.249558480832588e+28,1.234375,5.250083436680671e+28,1.234375,5.250083436680671e+28,100.0
649700,5.302314769701744e+28,1.234375,5.302845001178714e+28,1.234375,5.302845001178714e+28,100.0
649800,5.35560124144731e+28,1.234375,5.356136801571455e+28,1.234375,5.356136801571455e+28,100.0
649900,5.409423224228041e+28,1.234375,5.409964166550464e+28,1.234375,5.409964166550464e+28,100.0
650000,5.463786099748891e+28,1.234375,5.464332478358866e+28,1.234375,5.464332478358866e+28,100.0
650100,5.518695303799117e+28,1.234375,5.519247173329497e+28,1.234375,5.519247173329497e+28,100.0
650200,5.574156326795839e+28,1.234375,5.574713742428518e+28,1.234375,5.574713742428518e+28,100.0
650300,5.630174714333002e+28,1.234375,5.630737731804436e+28,1.234375,5.630737731804436e+28,100.0
650400,5.686756067735902e+28,1.234375,5.687324743342676e+28,1.234375,5.687324743342676e+28,100.0
650500,5.7439060446212575e+28,1.234375,5.7444804352257195e+28,1.234375,5.7444804352257195e+28,100.0
650600,5.801630359462927e+28,1.234375,5.802210522498874e+28,1.234375,5.802210522498874e+28,100.0
650700,5.859934784163299e+28,1.234375,5.860520777641715e+28,1.234375,5.860520777641715e+28,100.0
650800,5.918825148630423e+28,1.234375,5.919417031145286e+28,1.234375,5.919417031145286e+28,100.0
650900,5.978307341360972e+28,1.234375,5.978905172095108e+28,1.234375,5.978905172095108e+28,100.0
651000,6.0383873100290065e+28,1.234375,6.038991148760009e+28,1.234375,6.038991148760009e+28,100.0
651100,6.099071062080706e+28,1.234375,6.099680969186913e+28,1.234375,6.099680969186913e+28,100.0
651200,6.160364665335049e+28,1.234375,6.160980701801583e+28,1.234375,6.160980701801583e+28,100.0
651300,6.222274248590556e+28,1.234375,6.2228964760154155e+28,1.234375,6.2228964760154155e+28,100.0
651400,6.284806002238092e+28,1.234375,6.285434482838316e+28,1.234375,6.285434482838316e+28,100.0
651500,6.347966178879862e+28,1.234375,6.348600975497751e+28,1.234375,6.348600975497751e+28,100.0
651600,6.4117610939546055e+28,1.234375,6.412402270064001e+28,1.234375,6.412402270064001e+28,100.0
651700,6.4761971263691e+28,1.234375,6.476844746081737e+28,1.234375,6.476844746081737e+28,100.0
651800,6.541280719135962e+28,1.234375,6.5419348472078755e+28,1.234375,6.5419348472078755e+28,100.0
651900,6.6070183800179165e+28,1.234375,6.607679081855918e+28,1.234375,6.607679081855918e+28,100.0
652000,6.673416682178514e+28,1.234375,6.674084023846732e+28,1.234375,6.674084023846732e+28,100.0
652100,6.740482264839365e+28,1.234375,6.741156313065849e+28,1.234375,6.741156313065849e+28,100.0
652200,6.808221833944021e+28,1.234375,6.808902656127415e+28,1.234375,6.808902656127415e+28,100.0
652300,6.876642162828496e+28,1.234375,6.877329827044779e+28,1.234375,6.877329827044779e+28,100.0
652400,6.945750092898541e+28,1.234375,6.946444667907831e+28,1.234375,6.946444667907831e+28,100.0
652500,7.01555253431373e+28,1.234375,7.016254089567161e+28,1.234375,7.016254089567161e+28,100.0
652600,7.086056466678403e+28,1.234375,7.086765072325071e+28,1.234375,7.086765072325071e+28,100.0
652700,7.1572689397395584e+28,1.234375,7.157984666633532e+28,1.234375,7.157984666633532e+28,100.0
652800,7.229197074091777e+28,1.234375,7.229919993799187e+28,1.234375,7.229919993799187e+28,100.0
652900,7.301848061889199e+28,1.234375,7.302578246695388e+28,1.234375,7.302578246695388e+28,100.0
653000,7.375229167564702e+28,1.234375,7.375966690481459e+28,1.234375,7.375966690481459e+28,100.0
653100,7.449347728556245e+28,1.234375,7.4500926633291e+28,1.234375,7.4500926633291e+28,100.0
653200,7.524211156040566e+28,1.234375,7.52496357715617e+28,1.234375,7.52496357715617e+28,100.0
653300,7.599826935674213e+28,1.234375,7.60058691836778e+28,1.234375,7.60058691836778e+28,100.0
653400,7.676202628342075e+28,1.234375,7.6769702486049085e+28,1.234375,7.6769702486049085e+28,100.0
653500,7.753345870913354e+28,1.234375,7.754121205500445e+28,1.234375,7.754121205500445e+28,100.0
653600,7.831264377005228e+28,1.234375,7.832047503442929e+28,1.234375,7.832047503442929e+28,100.0
653700,7.909965937754107e+28,1.234375,7.910756934347882e+28,1.234375,7.910756934347882e+28,100.0
653800,7.989458422594693e+28,1.234375,7.990257368436953e+28,1.234375,7.990257368436953e+28,100.0
653900,8.069749780046855e+28,1.234375,8.070556755024859e+28,1.234375,8.070556755024859e+28,100.0
654000,8.150848038510381e+28,1.234375,8.151663123314232e+28,1.234375,8.151663123314232e+28,100.0
654100,8.232761307067782e+28,1.234375,8.23358458319849e+28,1.234375,8.23358458319849e+28,100.0
654200,8.315497776295114e+28,1.234375,8.316329326072744e+28,1.234375,8.316329326072744e+28,100.0
654300,8.399065719080938e+28,1.234375,8.399905625652845e+28,1.234375,8.399905625652845e+28,100.0
654400,8.483473491453546e+28,1.234375,8.48432183880269e+28,1.234375,8.48432183880269e+28,100.0
654500,8.568729533416519e+28,1.234375,8.56958640636986e+28,1.234375,8.56958640636986e+28,100.0
654600,8.654842369792596e+28,1.234375,8.655707854029575e+28,1.234375,8.655707854029575e+28,100.0
654700,8.741820611076117e+28,1.234375,8.742694793137224e+28,1.234375,8.742694793137224e+28,100.0
654800,8.829672954293963e+28,1.234375,8.830555921589393e+28,1.234375,8.830555921589393e+28,100.0
654900,8.91840818387522e+28,1.234375,8.919300024693607e+28,1.234375,8.919300024693607e+28,100.0
655000,9.008035172529504e+28,1.234375,9.008935976046757e+28,1.234375,9.008935976046757e+28,100.0
655100,9.098562882134175e+28,1.234375,9.099472738422388e+28,1.234375,9.099472738422388e+28,100.0
655200,9.190000364630394e+28,1.234375,9.190919364666858e+28,1.234375,9.190919364666858e+28,100.0
655300,9.282356762928332e+28,1.234375,9.283284998604626e+28,1.234375,9.283284998604626e+28,100.0
655400,9.375641311821284e+28,1.234375,9.376578875952466e+28,1.234375,9.376578875952466e+28,100.0
655500,9.469863338909097e+28,1.234375,9.470810325242987e+28,1.234375,9.470810325242987e+28,100.0
655600,9.565032265530855e+28,1.234375,9.565988768757408e+28,1.234375,9.565988768757408e+28,100.0
655700,9.66115760770689e+28,1.234375,9.662123723467661e+28,1.234375,9.662123723467661e+28,100.0
655800,9.758248977090351e+28,1.234375,9.75922480198806e+28,1.234375,9.75922480198806e+28,100.0
655900,9.856316081928263e+28,1.234375,9.857301713536457e+28,1.234375,9.857301713536457e+28,100.0
656000,9.955368728032218e+28,1.234375,9.956364264905021e+28,1.234375,9.956364264905021e+28,100.0
656100,1.0055416819758921e+29,1.234375,1.0056422361440898e+29,1.234375,1.0056422361440898e+29,100.0
656200,1.0156470361000514e+29,1.234375,1.0157486008036614e+29,1.234375,1.0157486008036614e+29,100.0
656300,1.0258539456184876e+29,1.234375,1.0259565310130495e+29,1.234375,1.0259565310130495e+29,100.0
656400,1.0361634311285958e+29,1.234375,1.0362670474717087e+29,1.234375,1.0362670474717087e+29,100.0
656500,1.0465765234844323e+29,1.234375,1.0466811811367807e+29,1.234375,1.0466811811367807e+29,100.0
656600,1.0570942638997874e+29,1.234375,1.0571999733261774e+29,1.234375,1.0571999733261774e+29,100.0
656700,1.0677177040522968e+29,1.234375,1.067824475822702e+29,1.234375,1.067824475822702e+29,100.0
656800,1.0784479061886034e+29,1.234375,1.0785557509792222e+29,1.234375,1.0785557509792222e+29,100.0
656900,1.0892859432305679e+29,1.234375,1.0893948718248908e+29,1.234375,1.0893948718248908e+29,100.0
657000,1.100232898882554e+29,1.234375,1.1003429221724423e+29,1.234375,1.1003429221724423e+29,100.0
657100,1.1112898677397885e+29,1.234375,1.1114009967265625e+29,1.234375,1.1114009967265625e+29,100.0
657200,1.1224579553978094e+29,1.234375,1.1225702011933491e+29,1.234375,1.1225702011933491e+29,100.0
657300,1.133738278563017e+29,1.234375,1.1338516523908733e+29,1.234375,1.1338516523908733e+29,100.0
657400,1.1451319651643336e+29,1.234375,1.14524647836085e+29,1.234375,1.14524647836085e+29,100.0
657500,1.1566401544659854e+29,1.234375,1.156755818481432e+29,1.234375,1.156755818481432e+29,100.0
657600,1.16826399718142e+29,1.234375,1.1683808235811381e+29,1.234375,1.1683808235811381e+29,100.0
657700,1.1800046555883651e+29,1.234375,1.180122656053924e+29,1.234375,1.180122656053924e+29,100.0
657800,1.1918633036450481e+29,1.234375,1.1919824899754126e+29,1.234375,1.1919824899754126e+29,100.0
657900,1.2038411271075791e+29,1.234375,1.2039615112202898e+29,1.234375,1.2039615112202898e+29,100.0
658000,1.215939323648516e+29,1.234375,1.216060917580881e+29,1.234375,1.216060917580881e+29,100.0
658100,1.2281591029766234e+29,1.234375,1.228281918886921e+29,1.234375,1.228281918886921e+29,100.0
658200,1.2405016869578275e+29,1.234375,1.2406257371265233e+29,1.234375,1.2406257371265233e+29,100.0
658300,1.2529683097373964e+29,1.234375,1.2530936065683702e+29,1.234375,1.2530936065683702e+29,100.0
658400,1.2655602178633384e+29,1.234375,1.2656867738851248e+29,1.234375,1.2656867738851248e+29,100.0
658500,1.2782786704110516e+29,1.234375,1.2784064982780926e+29,1.234375,1.2784064982780926e+29,100.0
658600,1.291124939109213e+29,1.234375,1.291254051603124e+29,1.234375,1.291254051603124e+29,100.0
658700,1.3041003084669453e+29,1.234375,1.304230718497792e+29,1.234375,1.304230718497792e+29,100.0
658800,1.3172060759022526e+29,1.234375,1.3173377965098428e+29,1.234375,1.3173377965098428e+29,100.0
658900,1.3304435518717526e+29,1.234375,1.3305765962269398e+29,1.234375,1.3305765962269398e+29,100.0
659000,1.3438140600017081e+29,1.234375,1.3439484414077083e+29,1.234375,1.3439484414077083e+29,100.0
659100,1.35731893722038e+29,1.234375,1.357454669114102e+29,1.234375,1.357454669114102e+29,100.0
659200,1.3709595338917052e+29,1.234375,1.3710966298450943e+29,1.234375,1.3710966298450943e+29,100.0
659300,1.3847372139503236e+29,1.234375,1.3848756876717186e+29,1.234375,1.3848756876717186e+29,100.0
659400,1.3986533550379545e+29,1.234375,1.3987932203734583e+29,1.234375,1.3987932203734583e+29,100.0
659500,1.4127093486411517e+29,1.234375,1.4128506195760159e+29,1.234375,1.4128506195760159e+29,100.0
659600,1.426906600230442e+29,1.234375,1.427049290890465e+29,1.234375,1.427049290890465e+29,100.0
659700,1.4412465294008523e+29,1.234375,1.4413906540537923e+29,1.234375,1.4413906540537923e+29,100.0
659800,1.4557305700138601e+29,1.234375,1.4558761430708616e+29,1.234375,1.4558761430708616e+29,100.0
659900,1.4703601703407693e+29,1.234375,1.4705072063578033e+29,1.234375,1.4705072063578033e+29,100.0
660000,1.4851367932075166e+29,1.234375,1.4852853068868373e+29,1.234375,1.4852853068868373e+29,100.0
660100,1.5000619161409495e+29,1.234375,1.5002119223325635e+29,1.234375,1.5002119223325635e+29,100.0
660200,1.515137031516558e+29,1.234375,1.5152885452197096e+29,1.234375,1.5152885452197096e+29,100.0
660300,1.5303636467077014e+29,1.234375,1.5305166830723721e+29,1.234375,1.5305166830723721e+29,100.0
660400,1.5457432842363354e+29,1.234375,1.545897858564759e+29,1.234375,1.545897858564759e+29,100.0
660500,1.561277481925242e+29,1.234375,1.5614336096734346e+29,1.234375,1.5614336096734346e+29,100.0
660600,1.5769677930518062e+29,1.234375,1.5771254898311113e+29,1.234375,1.5771254898311113e+29,100.0
660700,1.592815786503326e+29,1.234375,1.5929750680819766e+29,1.234375,1.5929750680819766e+29,100.0
660800,1.608823046933883e+29,1.234375,1.6089839292385764e+29,1.234375,1.6089839292385764e+29,100.0
660900,1.6249911749228003e+29,1.234375,1.6251536740402924e+29,1.234375,1.6251536740402924e+29,100.0
661000,1.641321787134677e+29,1.234375,1.6414859193133904e+29,1.234375,1.6414859193133904e+29,100.0
661100,1.6578165164810557e+29,1.234375,1.6579822981327036e+29,1.234375,1.6579822981327036e+29,100.0
661200,1.6744770122836805e+29,1.234375,1.674644459984909e+29,1.234375,1.674644459984909e+29,100.0
661300,1.691304940439419e+29,1.234375,1.691474070933463e+29,1.234375,1.691474070933463e+29,100.0
661400,1.708301983586846e+29,1.234375,1.7084728137852046e+29,1.234375,1.7084728137852046e+29,100.0
661500,1.7254698412744823e+29,1.234375,1.7256423882586097e+29,1.234375,1.7256423882586097e+29,100.0
661600,1.7428102301307385e+29,1.234375,1.7429845111537516e+29,1.234375,1.7429845111537516e+29,100.0
661700,1.7603248840355573e+29,1.234375,1.760500916523961e+29,1.234375,1.760500916523961e+29,100.0
661800,1.7780155542937956e+29,1.234375,1.778193355849225e+29,1.234375,1.778193355849225e+29,100.0
661900,1.7958840098103276e+29,1.234375,1.7960635982113085e+29,1.234375,1.7960635982113085e+29,100.0
662000,1.8139320372669206e+29,1.234375,1.8141134304706473e+29,1.234375,1.8141134304706473e+29,100.0
662100,1.832161441300894e+29,1.234375,1.832344657445024e+29,1.234375,1.832344657445024e+29,100.0
662200,1.850574044685561e+29,1.234375,1.8507591020900297e+29,1.234375,1.8507591020900297e+29,100.0
662300,1.8691716885124978e+29,1.234375,1.869358605681349e+29,1.234375,1.869358605681349e+29,100.0
662400,1.8879562323756176e+29,1.234375,1.888145027998855e+29,1.234375,1.888145027998855e+29,100.0
662500,1.906929554557132e+29,1.234375,1.9071202475125877e+29,1.234375,1.9071202475125877e+29,100.0
662600,1.9260935522153498e+29,1.234375,1.926286161570571e+29,1.234375,1.926286161570571e+29,100.0
662700,1.945450141574379e+29,1.234375,1.9456446865885366e+29,1.234375,1.9456446865885366e+29,100.0
662800,1.965001258115738e+29,1.234375,1.9651977582415494e+29,1.234375,1.9651977582415494e+29,100.0
662900,1.9847488567718756e+29,1.234375,1.9849473316575528e+29,1.234375,1.9849473316575528e+29,100.0
663000,2.0046949121216538e+29,1.234375,2.004895381612866e+29,1.234375,2.004895381612866e+29,100.0
663100,2.024841418587781e+29,1.234375,2.0250439027296395e+29,1.234375,2.0250439027296395e+29,100.0
663200,2.0451903906362446e+29,1.234375,2.0453949096753082e+29,1.234375,2.0453949096753082e+29,100.0
663300,2.0657438629777352e+29,1.234375,2.065950437364033e+29,1.234375,2.065950437364033e+29,100.0
663400,2.0865038907710935e+29,1.234375,2.0867125411601706e+29,1.234375,2.0867125411601706e+29,100.0
663500,2.1074725498288118e+29,1.234375,2.1076832970837947e+29,1.234375,2.1076832970837947e+29,100.0
663600,2.1286519368246007e+29,1.234375,2.1288648020182832e+29,1.234375,2.1288648020182832e+29,100.0
663700,2.1500441695030318e+29,1.234375,2.150259173919982e+29,1.234375,2.150259173919982e+29,100.0
663800,2.171651386891294e+29,1.234375,2.1718685520299832e+29,1.234375,2.1718685520299832e+29,100.0
663900,2.1934757495130753e+29,1.234375,2.1936950970880266e+29,1.234375,2.1936950970880266e+29,100.0
664000,2.2155194396045996e+29,1.234375,2.21574099154856e+29,1.234375,2.21574099154856e+29,100.0
664100,2.237784661332821e+29,1.234375,2.2380084397989543e+29,1.234375,2.2380084397989543e+29,100.0
664200,2.260273641015835e+29,1.234375,2.2604996683799364e+29,1.234375,2.2604996683799364e+29,100.0
664300,2.2829886273454765e+29,1.234375,2.283216926208211e+29,1.234375,2.283216926208211e+29,100.0
664400,2.3059318916121783e+29,1.234375,2.3061624848013395e+29,1.234375,2.3061624848013395e+29,100.0
664500,2.3291057279320656e+29,1.234375,2.329338638504859e+29,1.234375,2.329338638504859e+29,100.0
664600,2.3525124534763635e+29,1.234375,2.352747704721711e+29,1.234375,2.352747704721711e+29,100.0
664700,2.376154408703082e+29,1.234375,2.376392024143952e+29,1.234375,2.376392024143952e+29,100.0
664800,2.4000339575910423e+29,1.234375,2.4002739609868013e+29,1.234375,2.4002739609868013e+29,100.0
664900,2.424153487876258e+29,1.234375,2.4243959032250456e+29,1.234375,2.4243959032250456e+29,100.0
665000,2.4485154112906798e+29,1.234375,2.448760262831809e+29,1.234375,2.448760262831809e+29,100.0
665100,2.4731221638033483e+29,1.234375,2.4733694760197286e+29,1.234375,2.4733694760197286e+29,100.0
665200,2.4979762058639725e+29,1.234375,2.4982260034845588e+29,1.234375,2.4982260034845588e+29,100.0
665300,2.523080022648949e+29,1.234375,2.523332330651214e+29,1.234375,2.523332330651214e+29,100.0
665400,2.5484361243098545e+29,1.234375,2.5486909679222855e+29,1.234375,2.5486909679222855e+29,100.0
665500,2.5740470462244465e+29,1.234375,2.574304450929069e+29,1.234375,2.574304450929069e+29,100.0
665600,2.5999153492501666e+29,1.234375,2.6001753407850915e+29,1.234375,2.6001753407850915e+29,100.0
665700,2.6260436199802127e+29,1.234375,2.6263062243422106e+29,1.234375,2.6263062243422106e+29,100.0
665800,2.6524344710021665e+29,1.234375,2.6526997144492667e+29,1.234375,2.6526997144492667e+29,100.0
665900,2.679090541159233e+29,1.234375,2.679358450213349e+29,1.234375,2.679358450213349e+29,100.0
666000,2.7060144958141038e+29,1.234375,2.7062850972636853e+29,1.234375,2.7062850972636853e+29,100.0
666100,2.733209027115457e+29,1.234375,2.7334823480181685e+29,1.234375,2.7334823480181685e+29,100.0
666200,2.7606768542671642e+29,1.234375,2.7609529219525908e+29,1.234375,2.7609529219525908e+29,100.0
666300,2.7884207238001718e+29,1.234375,2.788699565872552e+29,1.234375,2.788699565872552e+29,100.0
666400,2.8164434098471348e+29,1.234375,2.8167250541881193e+29,1.234375,2.8167250541881193e+29,100.0
666500,2.844747714419804e+29,1.234375,2.845032189191246e+29,1.234375,2.845032189191246e+29,100.0
666600,2.8733364676892026e+29,1.234375,2.8736238013359714e+29,1.234375,2.8736238013359714e+29,100.0
666700,2.902212528268614e+29,1.234375,2.9025027495214406e+29,1.234375,2.9025027495214406e+29,100.0
666800,2.9313787834994213e+29,1.234375,2.9316719213777714e+29,1.234375,2.9316719213777714e+29,100.0
666900,2.960838149739816e+29,1.234375,2.96113423355479e+29,1.234375,2.96113423355479e+29,100.0
667000,2.9905935726563956e+29,1.234375,2.9908926320136613e+29,1.234375,2.9908926320136613e+29,100.0
667100,3.0206480275187173e+29,1.234375,3.0209500923214693e+29,1.234375,3.0209500923214693e+29,100.0
667200,3.051004519496791e+29,1.234375,3.0513096199487406e+29,1.234375,3.0513096199487406e+29,100.0
667300,3.0816660839615703e+29,1.234375,3.0819742505699665e+29,1.234375,3.0819742505699665e+29,100.0
667400,3.1126357867884593e+29,1.234375,3.1129470503671382e+29,1.234375,3.1129470503671382e+29,100.0
667500,3.1439167246638734e+29,1.234375,3.14423111633634e+29,1.234375,3.14423111633634e+29,100.0
667600,3.175512025394885e+29,1.234375,3.175829576597425e+29,1.234375,3.175829576597425e+29,100.0
667700,3.2074248482219655e+29,1.234375,3.207745590706788e+29,1.234375,3.207745590706788e+29,100.0
667800,3.239658384134892e+29,1.234375,3.239982349973305e+29,1.234375,3.239982349973305e+29,100.0
667900,3.2722158561917984e+29,1.234375,3.2725430777774174e+29,1.234375,3.2725430777774174e+29,100.0
668000,3.305100519841473e+29,1.234375,3.305431029893457e+29,1.234375,3.305431029893457e+29,100.0
668100,3.3383156632488694e+29,1.234375,3.338649494815194e+29,1.234375,3.338649494815194e+29,100.0
668200,3.371864607623876e+29,1.234375,3.3722017940846384e+29,1.234375,3.3722017940846384e+29,100.0
668300,3.405750707553422e+29,1.234375,3.406091282624177e+29,1.234375,3.406091282624177e+29,100.0
668400,3.439977351336903e+29,1.234375,3.4403213490720366e+29,1.234375,3.4403213490720366e+29,100.0
668500,3.474547961324984e+29,1.234375,3.474895416121117e+29,1.234375,3.474895416121117e+29,100.0
668600,3.5094659942617874e+29,1.234375,3.5098169408612136e+29,1.234375,3.5098169408612136e+29,100.0
668700,3.544734941630559e+29,1.234375,3.545089415124722e+29,1.234375,3.545089415124722e+29,100.0
668800,3.580358330002758e+29,1.234375,3.5807163658357584e+29,1.234375,3.5807163658357584e+29,100.0
668900,3.616339721390697e+29,1.234375,3.616701355362836e+29,1.234375,3.616701355362836e+29,100.0
669000,3.652682713603713e+29,1.234375,3.6530479818750734e+29,1.234375,3.6530479818750734e+29,100.0
669100,3.6893909406079154e+29,1.234375,3.6897598797019764e+29,1.234375,3.6897598797019764e+29,100.0
669200,3.726468072889542e+29,1.234375,3.726840719696831e+29,1.234375,3.726840719696831e+29,100.0
669300,3.763917817821967e+29,1.234375,3.764294209603749e+29,1.234375,3.764294209603749e+29,100.0
669400,3.801743920036433e+29,1.234375,3.802124094428436e+29,1.234375,3.802124094428436e+29,100.0
669500,3.83995016179644e+29,1.234375,3.84033415681262e+29,1.234375,3.84033415681262e+29,100.0
669600,3.87854036337598e+29,1.234375,3.878928217412318e+29,1.234375,3.878928217412318e+29,100.0
669700,3.9175183834414886e+29,1.234375,3.9179101352798326e+29,1.234375,3.9179101352798326e+29,100.0
669800,3.956888119437704e+29,1.234375,3.957283808249648e+29,1.234375,3.957283808249648e+29,100.0
669900,3.996653507977363e+29,1.234375,3.997053173328161e+29,1.234375,3.997053173328161e+29,100.0
670000,4.036818525234842e+29,1.234375,4.037222207087365e+29,1.234375,4.037222207087365e+29,100.0
670100,4.077387187343709e+29,1.234375,4.0777949260624434e+29,1.234375,4.0777949260624434e+29,100.0
670200,4.118363550798336e+29,1.234375,4.118775387153416e+29,1.234375,4.118775387153416e+29,100.0
670300,4.1597517128594756e+29,1.234375,4.160167688030762e+29,1.234375,4.160167688030762e+29,100.0
670400,4.201555811963973e+29,1.234375,4.201975967545169e+29,1.234375,4.201975967545169e+29,100.0
670500,4.243780028138567e+29,1.234375,4.244204406141381e+29,1.234375,4.244204406141381e+29,100.0
670600,4.286428583417854e+29,1.234375,4.286857226276196e+29,1.234375,4.286857226276196e+29,100.0
670700,4.329505742266447e+29,1.234375,4.329938692840674e+29,1.234375,4.329938692840674e+29,100.0
670800,4.3730158120053875e+29,1.234375,4.373453113586588e+29,1.234375,4.373453113586588e+29,100.0
670900,4.416963143242842e+29,1.234375,4.417404839557166e+29,1.234375,4.417404839557166e+29,100.0
671000,4.461352130309117e+29,1.234375,4.461798265522148e+29,1.234375,4.461798265522148e+29,100.0
671100,4.50618721169606e+29,1.234375,4.506637830417229e+29,1.234375,4.506637830417229e+29,100.0
671200,4.5514728705008406e+29,1.234375,4.551928017787891e+29,1.234375,4.551928017787891e+29,100.0
671300,4.5972136348742635e+29,1.234375,4.5976733562377506e+29,1.234375,4.5976733562377506e+29,100.0
671400,4.6434140784735074e+29,1.234375,4.643878419881355e+29,1.234375,4.643878419881355e+29,100.0
671500,4.6900788209194676e+29,1.234375,4.690547828801559e+29,1.234375,4.690547828801559e+29,100.0
671600,4.73721252825866e+29,1.234375,4.7376862495114855e+29,1.234375,4.7376862495114855e+29,100.0
671700,4.784819913429794e+29,1.234375,4.7852983954211365e+29,1.234375,4.7852983954211365e+29,100.0
671800,4.832905736735024e+29,1.234375,4.8333890273086975e+29,1.234375,4.8333890273086975e+29,100.0
671900,4.8814748063159306e+29,1.234375,4.8819629537965624e+29,1.234375,4.8819629537965624e+29,100.0
672000,4.930531978634294e+29,1.234375,4.931025031832157e+29,1.234375,4.931025031832157e+29,100.0
672100,4.980082158957684e+29,1.234375,4.98058016717358e+29,1.234375,4.98058016717358e+29,100.0
672200,5.030130301849968e+29,1.234375,5.030633314880153e+29,1.234375,5.030633314880153e+29,100.0
672300,5.08068141166669e+29,1.234375,5.081189479807856e+29,1.234375,5.081189479807856e+29,100.0
672400,5.1317405430554885e+29,1.234375,5.132253717109794e+29,1.234375,5.132253717109794e+29,100.0
672500,5.1833128014615074e+29,1.234375,5.1838311327416535e+29,1.234375,5.1838311327416535e+29,100.0
672600,5.2354033436378734e+29,1.234375,5.235926883972237e+29,1.234375,5.235926883972237e+29,100.0
672700,5.288017378161344e+29,1.234375,5.28854617989916e+29,1.234375,5.28854617989916e+29,100.0
672800,5.341160165953122e+29,1.234375,5.3416942819697174e+29,1.234375,5.3416942819697174e+29,100.0
672900,5.3948370208048794e+29,1.234375,5.3953765045069595e+29,1.234375,5.3953765045069595e+29,100.0
673000,5.4490533099101035e+29,1.234375,5.4495982152410944e+29,1.234375,5.4495982152410944e+29,100.0
673100,5.503814454400763e+29,1.234375,5.504364835846203e+29,1.234375,5.504364835846203e+29,100.0
673200,5.559125929889372e+29,1.234375,5.5596818424823615e+29,1.234375,5.5596818424823615e+29,100.0
673300,5.6149932670165e+29,1.234375,5.6155547663432014e+29,1.234375,5.6155547663432014e+29,100.0
673400,5.671422052003785e+29,1.234375,5.671989194208985e+29,1.234375,5.671989194208985e+29,100.0
673500,5.728417927212506e+29,1.234375,5.7289907690052275e+29,1.234375,5.7289907690052275e+29,100.0
673600,5.785986591707763e+29,1.234375,5.786565190366934e+29,1.234375,5.786565190366934e+29,100.0
673700,5.844133801828337e+29,1.234375,5.84471821520852e+29,1.234375,5.84471821520852e+29,100.0
673800,5.902865371762266e+29,1.234375,5.9034556582994424e+29,1.234375,5.9034556582994424e+29,100.0
673900,5.9621871741282084e+29,1.234375,5.9627833928456214e+29,1.234375,5.9627833928456214e+29,100.0
674000,6.022105140562671e+29,1.234375,6.022707351076727e+29,1.234375,6.022707351076727e+29,100.0
674100,6.082625262313095e+29,1.234375,6.083233524839326e+29,1.234375,6.083233524839326e+29,100.0
674200,6.143753590836932e+29,1.234375,6.144367966196016e+29,1.234375,6.144367966196016e+29,100.0
674300,6.205496238406735e+29,1.234375,6.2061167880305756e+29,1.234375,6.2061167880305756e+29,100.0
674400,6.267859378721337e+29,1.234375,6.268486164659209e+29,1.234375,6.268486164659209e+29,100.0
674500,6.330849247523144e+29,1.234375,6.3314823324478965e+29,1.234375,6.3314823324478965e+29,100.0
674600,6.394472143221692e+29,1.234375,6.395111590436014e+29,1.234375,6.395111590436014e+29,100.0
674700,6.458734427523377e+29,1.234375,6.45938030096613e+29,1.234375,6.45938030096613e+29,100.0
674800,6.523642526067614e+29,1.234375,6.52429489032022e+29,1.234375,6.52429489032022e+29,100.0
674900,6.589202929069305e+29,1.234375,6.589861849362212e+29,1.234375,6.589861849362212e+29,100.0
675000,6.655422191967842e+29,1.234375,6.656087734187039e+29,1.234375,6.656087734187039e+29,100.0
675100,6.722306936082546e+29,1.234375,6.722979166776154e+29,1.234375,6.722979166776154e+29,100.0
675200,6.789863849274772e+29,1.234375,6.790542835659699e+29,1.234375,6.790542835659699e+29,100.0
675300,6.85809968661662e+29,1.234375,6.858785496585281e+29,1.234375,6.858785496585281e+29,100.0
675400,6.92702127106637e+29,1.234375,6.927713973193476e+29,1.234375,6.927713973193476e+29,100.0
675500,6.996635494150751e+29,1.234375,6.997335157700166e+29,1.234375,6.997335157700166e+29,100.0
675600,7.066949316653982e+29,1.234375,7.067656011585647e+29,1.234375,7.067656011585647e+29,100.0
675700,7.137969769313833e+29,1.234375,7.138683566290764e+29,1.234375,7.138683566290764e+29,100.0
675800,7.209703953524591e+29,1.234375,7.210424923919944e+29,1.234375,7.210424923919944e+29,100.0
675900,7.282159042047175e+29,1.234375,7.28288725795138e+29,1.234375,7.28288725795138e+29,100.0
676000,7.355342279726322e+29,1.234375,7.356077813954295e+29,1.234375,7.356077813954295e+29,100.0
676100,7.429260984215012e+29,1.234375,7.430003910313433e+29,1.234375,7.430003910313433e+29,100.0
676200,7.503922546706151e+29,1.234375,7.504672938960822e+29,1.234375,7.504672938960822e+29,100.0
676300,7.579334432671663e+29,1.234375,7.58009236611493e+29,1.234375,7.58009236611493e+29,100.0
676400,7.65550418260891e+29,1.234375,7.65626973302717e+29,1.234375,7.65626973302717e+29,100.0
676500,7.732439412794724e+29,1.234375,7.733212656736004e+29,1.234375,7.733212656736004e+29,100.0
676600,7.810147816046946e+29,1.234375,7.81092883082855e+29,1.234375,7.81092883082855e+29,100.0
676700,7.888637162493627e+29,1.234375,7.889426026209877e+29,1.234375,7.889426026209877e+29,100.0
676800,7.967915300349985e+29,1.234375,7.96871209188002e+29,1.234375,7.96871209188002e+29,100.0
676900,8.047990156703155e+29,1.234375,8.048794955718825e+29,1.234375,8.048794955718825e+29,100.0
677000,8.128869738304808e+29,1.234375,8.129682625278638e+29,1.234375,8.129682625278638e+29,100.0
677100,8.210562132371768e+29,1.234375,8.211383188585005e+29,1.234375,8.211383188585005e+29,100.0
677200,8.293075507394662e+29,1.234375,8.293904814945401e+29,1.234375,8.293904814945401e+29,100.0
677300,8.376418113954681e+29,1.234375,8.377255755766077e+29,1.234375,8.377255755766077e+29,100.0
677400,8.460598285548568e+29,1.234375,8.461444345377123e+29,1.234375,8.461444345377123e+29,100.0
677500,8.545624439421892e+29,1.234375,8.546479001865834e+29,1.234375,8.546479001865834e+29,100.0
677600,8.631505077410693e+29,1.234375,8.632368227918434e+29,1.234375,8.632368227918434e+29,100.0
677700,8.718248786791609e+29,1.234375,8.719120611670287e+29,1.234375,8.719120611670287e+29,100.0
677800,8.805864241140484e+29,1.234375,8.806744827564598e+29,1.234375,8.806744827564598e+29,100.0
677900,8.894360201199682e+29,1.234375,8.895249637219802e+29,1.234375,8.895249637219802e+29,100.0
678000,8.983745515754057e+29,1.234375,8.984643890305633e+29,1.234375,8.984643890305633e+29,100.0
678100,9.074029122515772e+29,1.234375,9.074936525428024e+29,1.234375,9.074936525428024e+29,100.0
678200,9.16522004901797e+29,1.234375,9.166136571022872e+29,1.234375,9.166136571022872e+29,100.0
678300,9.257327413517448e+29,1.234375,9.2582531462588e+29,1.234375,9.2582531462588e+29,100.0
678400,9.350360425906411e+29,1.234375,9.351295461949002e+29,1.234375,9.351295461949002e+29,100.0
678500,9.44432838863337e+29,1.234375,9.445272821472233e+29,1.234375,9.445272821472233e+29,100.0
678600,9.539240697633284e+29,1.234375,9.540194621703047e+29,1.234375,9.540194621703047e+29,100.0
678700,9.635106843267103e+29,1.234375,9.63607035395143e+29,1.234375,9.63607035395143e+29,100.0
678800,9.731936411270692e+29,1.234375,9.73290960491182e+29,1.234375,9.73290960491182e+29,100.0
678900,9.829739083713306e+29,1.234375,9.830722057621678e+29,1.234375,9.830722057621678e+29,100.0
679000,9.928524639965753e+29,1.234375,9.92951749242975e+29,1.234375,9.92951749242975e+29,100.0
679100,1.0028302957678197e+30,1.234375,1.0029305787973964e+30,1.234375,1.0029305787973964e+30,100.0
679200,1.0129084013767841e+30,1.234375,1.0130096922169218e+30,1.234375,1.0130096922169218e+30,100.0
679300,1.0230877885416548e+30,1.234375,1.023190097320509e+30,1.234375,1.023190097320509e+30,100.0
679400,1.033369475107845e+30,1.234375,1.0334728120553557e+30,1.234375,1.0334728120553557e+30,100.0
679500,1.0437544891497716e+30,1.234375,1.0438588645986865e+30,1.234375,1.0438588645986865e+30,100.0
679600,1.0542438690736488e+30,1.234375,1.0543492934605562e+30,1.234375,1.0543492934605562e+30,100.0
679700,1.0648386637213237e+30,1.234375,1.0649451475876959e+30,1.234375,1.0649451475876959e+30,100.0
679800,1.0755399324751521e+30,1.234375,1.0756474864683996e+30,1.234375,1.0756474864683996e+30,100.0
679900,1.0863487453639214e+30,1.234375,1.0864573802384578e+30,1.234375,1.0864573802384578e+30,100.0
680000,1.0972661831698477e+30,1.234375,1.0973759097881646e+30,1.234375,1.0973759097881646e+30,100.0
680100,1.1082933375366433e+30,1.234375,1.108404166870397e+30,1.234375,1.108404166870397e+30,100.0
680200,1.1194313110786715e+30,1.234375,1.1195432542097793e+30,1.234375,1.1195432542097793e+30,100.0
680300,1.1306812174911973e+30,1.234375,1.1307942856129465e+30,1.234375,1.1307942856129465e+30,100.0
680400,1.1420441816617448e+30,1.234375,1.142158386079911e+30,1.234375,1.142158386079911e+30,100.0
680500,1.1535213397825795e+30,1.234375,1.1536366919165578e+30,1.234375,1.1536366919165578e+30,100.0
680600,1.1651138394643153e+30,1.234375,1.1652303508482618e+30,1.234375,1.1652303508482618e+30,100.0
680700,1.1768228398506644e+30,1.234375,1.1769405221346494e+30,1.234375,1.1769405221346494e+30,100.0
680800,1.1886495117343419e+30,1.234375,1.1887683766855154e+30,1.234375,1.1887683766855154e+30,100.0
680900,1.2005950376741338e+30,1.234375,1.2007150971779012e+30,1.234375,1.2007150971779012e+30,100.0
681000,1.2126606121131419e+30,1.234375,1.2127818781743531e+30,1.234375,1.2127818781743531e+30,100.0
681100,1.224847441498218e+30,1.234375,1.2249699262423679e+30,1.234375,1.2249699262423679e+30,100.0
681200,1.2371567444005984e+30,1.234375,1.2372804600750384e+30,1.234375,1.2372804600750384e+30,100.0
681300,1.2495897516377458e+30,1.234375,1.2497147106129095e+30,1.234375,1.2497147106129095e+30,100.0
681400,1.262147706396426e+30,1.234375,1.2622739211670656e+30,1.234375,1.2622739211670656e+30,100.0
681500,1.274831864357007e+30,1.234375,1.2749593475434428e+30,1.234375,1.2749593475434428e+30,100.0
681600,1.2876434938190257e+30,1.234375,1.2877722581684077e+30,1.234375,1.2877722581684077e+30,100.0
681700,1.300583875827997e+30,1.234375,1.3007139342155797e+30,1.234375,1.3007139342155797e+30,100.0
681800,1.3136543043035118e+30,1.234375,1.313785669733942e+30,1.234375,1.313785669733942e+30,100.0
681900,1.3268560861686143e+30,1.234375,1.326988771777231e+30,1.234375,1.326988771777231e+30,100.0
682000,1.3401905414804847e+30,1.234375,1.3403245605346328e+30,1.234375,1.3403245605346328e+30,100.0
682100,1.3536590035624314e+30,1.234375,1.3537943694627877e+30,1.234375,1.3537943694627877e+30,100.0
682200,1.3672628191372113e+30,1.234375,1.367399545419125e+30,1.234375,1.367399545419125e+30,100.0
682300,1.381003348461693e+30,1.234375,1.381141448796539e+30,1.234375,1.381141448796539e+30,100.0
682400,1.3948819654628626e+30,1.234375,1.395021453659409e+30,1.234375,1.395021453659409e+30,100.0
682500,1.4089000578752103e+30,1.234375,1.409040947880998e+30,1.234375,1.409040947880998e+30,100.0
682600,1.423059027379489e+30,1.234375,1.423201333282227e+30,1.234375,1.423201333282227e+30,100.0
682700,1.4373602897428676e+30,1.234375,1.4375040257718417e+30,1.234375,1.4375040257718417e+30,100.0
682800,1.4518052749605015e+30,1.234375,1.4519504554879976e+30,1.234375,1.4519504554879976e+30,100.0
682900,1.466395427398509e+30,1.234375,1.466542066941249e+30,1.234375,1.466542066941249e+30,100.0
683000,1.481132205938402e+30,1.234375,1.4812803191589958e+30,1.234375,1.4812803191589958e+30,100.0
683100,1.4960170841229595e+30,1.234375,1.4961666858313717e+30,1.234375,1.4961666858313717e+30,100.0
683200,1.5110515503035643e+30,1.234375,1.5112026554585947e+30,1.234375,1.5112026554585947e+30,100.0
683300,1.5262371077890304e+30,1.234375,1.5263897314998092e+30,1.234375,1.5263897314998092e+30,100.0
683400,1.5415752749959178e+30,1.234375,1.5417294325234174e+30,1.234375,1.5417294325234174e+30,100.0
683500,1.5570675856003575e+30,1.234375,1.5572232923589176e+30,1.234375,1.5572232923589176e+30,100.0
683600,1.572715588691411e+30,1.234375,1.5728728602502802e+30,1.234375,1.5728728602502802e+30,100.0
683700,1.5885208489259583e+30,1.234375,1.588679701010851e+30,1.234375,1.588679701010851e+30,100.0
683800,1.6044849466851529e+30,1.234375,1.6046453951798214e+30,1.234375,1.6046453951798214e+30,100.0
683900,1.6206094782324442e+30,1.234375,1.6207715391802674e+30,1.234375,1.6207715391802674e+30,100.0
684000,1.6368960558731916e+30,1.234375,1.6370597454787788e+30,1.234375,1.6370597454787788e+30,100.0
684100,1.6533463081158784e+30,1.234375,1.65351164274669e+30,1.234375,1.65351164274669e+30,100.0
684200,1.6699618798349465e+30,1.234375,1.67012887602293e+30,1.234375,1.67012887602293e+30,100.0
684300,1.6867444324352717e+30,1.234375,1.686913106878515e+30,1.234375,1.686913106878515e+30,100.0
684400,1.703695644018284e+30,1.234375,1.7038660135826858e+30,1.234375,1.7038660135826858e+30,100.0
684500,1.7208172095497717e+30,1.234375,1.7209892912707266e+30,1.234375,1.7209892912707266e+30,100.0
684600,1.738110841029353e+30,1.234375,1.738284652113456e+30,1.234375,1.738284652113456e+30,100.0
684700,1.7555782676616626e+30,1.234375,1.755753825488429e+30,1.234375,1.755753825488429e+30,100.0
684800,1.773221236029258e+30,1.234375,1.773398558152861e+30,1.234375,1.773398558152861e+30,100.0
684900,1.791041510267263e+30,1.234375,1.7912206144182898e+30,1.234375,1.7912206144182898e+30,100.0
685000,1.8090408722397615e+30,1.234375,1.8092217763269853e+30,1.234375,1.8092217763269853e+30,100.0
685100,1.8272211217179736e+30,1.234375,1.8274038438301454e+30,1.234375,1.8274038438301454e+30,100.0
685200,1.8455840765602044e+30,1.234375,1.8457686349678603e+30,1.234375,1.8457686349678603e+30,100.0
685300,1.8641315728936257e+30,1.234375,1.864317986050915e+30,1.234375,1.864317986050915e+30,100.0
685400,1.8828654652978667e+30,1.234375,1.8830537518443964e+30,1.234375,1.8830537518443964e+30,100.0
685500,1.9017876269904555e+30,1.234375,1.9019778057531545e+30,1.234375,1.9019778057531545e+30,100.0
685600,1.9208999500141215e+30,1.234375,1.921092040009123e+30,1.234375,1.921092040009123e+30,100.0
685700,1.940204345425986e+30,1.234375,1.9403983658605286e+30,1.234375,1.9403983658605286e+30,100.0
685800,1.9597027434886452e+30,1.234375,1.959898713762994e+30,1.234375,1.959898713762994e+30,100.0
685900,1.9793970938631863e+30,1.234375,1.9795950335725724e+30,1.234375,1.9795950335725724e+30,100.0
686000,1.9992893658041302e+30,1.234375,1.9994892947407106e+30,1.234375,1.9994892947407106e+30,100.0
686100,2.0193815483563393e+30,1.234375,2.019583486511175e+30,1.234375,2.019583486511175e+30,100.0
686200,2.0396756505539087e+30,1.234375,2.039879618118964e+30,1.234375,2.039879618118964e+30,100.0
686300,2.0601737016210415e+30,1.234375,2.0603797189912035e+30,1.234375,2.0603797189912035e+30,100.0
686400,2.0808777511749615e+30,1.234375,2.081085838950079e+30,1.234375,2.081085838950079e+30,100.0
686500,2.1017898694308526e+30,1.234375,2.1020000484177957e+30,1.234375,2.1020000484177957e+30,100.0
686600,2.1229121474088616e+30,1.234375,2.1231244386236024e+30,1.234375,2.1231244386236024e+30,100.0
686700,2.1442466971431812e+30,1.234375,2.1444611218128955e+30,1.234375,2.1444611218128955e+30,100.0
686800,2.1657956518932358e+30,1.234375,2.1660122314584252e+30,1.234375,2.1660122314584252e+30,100.0
686900,2.1875611663569803e+30,1.234375,2.187779922473616e+30,1.234375,2.187779922473616e+30,100.0
687000,2.2095454168863632e+30,1.234375,2.2097663714280518e+30,1.234375,2.2097663714280518e+30,100.0
687100,2.2317506017049321e+30,1.234375,2.2319737767651027e+30,1.234375,2.2319737767651027e+30,100.0
687200,2.2541789411276384e+30,1.234375,2.2544043590217512e+30,1.234375,2.2544043590217512e+30,100.0
687300,2.2768326777828473e+30,1.234375,2.2770603610506256e+30,1.234375,2.2770603610506256e+30,100.0
687400,2.299714076836582e+30,1.234375,2.2999440482442657e+30,1.234375,2.2999440482442657e+30,100.0
687500,2.322825426219019e+30,1.234375,2.323057708761641e+30,1.234375,2.323057708761641e+30,100.0
687600,2.3461690368532605e+30,1.234375,2.346403653756946e+30,1.234375,2.346403653756946e+30,100.0
687700,2.3697472428864027e+30,1.234375,2.3699842176106913e+30,1.234375,2.3699842176106913e+30,100.0
687800,2.3935624019229343e+30,1.234375,2.3938017581631264e+30,1.234375,2.3938017581631264e+30,100.0
687900,2.417616895260471e+30,1.234375,2.417858656949997e+30,1.234375,2.417858656949997e+30,100.0
688000,2.4419131281278652e+30,1.234375,2.442157319440678e+30,1.234375,2.442157319440678e+30,100.0
688100,2.4664535299257065e+30,1.234375,2.466700175278699e+30,1.234375,2.466700175278699e+30,100.0
688200,2.491240554469241e+30,1.234375,2.4914896785246878e+30,1.234375,2.4914896785246878e+30,100.0
688300,2.516276680233725e+30,1.234375,2.5165283079017483e+30,1.234375,2.5165283079017483e+30,100.0
688400,2.541564410602256e+30,1.234375,2.5418185670433163e+30,1.234375,2.5418185670433163e+30,100.0
688500,2.56710627411609e+30,1.234375,2.5673629847435016e+30,1.234375,2.5673629847435016e+30,100.0
688600,2.5929048247274554e+30,1.234375,2.593164115209928e+30,1.234375,2.593164115209928e+30,100.0
688700,2.6189626420549514e+30,1.234375,2.619224538319157e+30,1.234375,2.619224538319157e+30,100.0
688800,2.6452823316414684e+30,1.234375,2.645546859874633e+30,1.234375,2.645546859874633e+30,100.0
688900,2.6718665252147196e+30,1.234375,2.672133711867241e+30,1.234375,2.672133711867241e+30,100.0
689000,2.6987178809503927e+30,1.234375,2.698987752738488e+30,1.234375,2.698987752738488e+30,100.0
689100,2.7258390837379446e+30,1.234375,2.7261116676463183e+30,1.234375,2.7261116676463183e+30,100.0
689200,2.753232845449065e+30,1.234375,2.7535081687336094e+30,1.234375,2.7535081687336094e+30,100.0
689300,2.7809019052088327e+30,1.234375,2.7811799953993537e+30,1.234375,2.7811799953993537e+30,100.0
689400,2.808849029669614e+30,1.234375,2.809129914572581e+30,1.234375,2.809129914572581e+30,100.0
689500,2.837077013287696e+30,1.234375,2.837360720989025e+30,1.234375,2.837360720989025e+30,100.0
689600,2.8655886786027004e+30,1.234375,2.8658752374705604e+30,1.234375,2.8658752374705604e+30,100.0
689700,2.8943868765198265e+30,1.234375,2.8946763152074787e+30,1.234375,2.8946763152074787e+30,100.0
689800,2.9234744865949037e+30,1.234375,2.923766834043563e+30,1.234375,2.923766834043563e+30,100.0
689900,2.952854417322322e+30,1.234375,2.953149702764054e+30,1.234375,2.953149702764054e+30,100.0
690000,2.9825296064258664e+30,1.234375,2.982827859386509e+30,1.234375,2.982827859386509e+30,100.0
690100,3.0125030211524444e+30,1.234375,3.01280427145456e+30,1.234375,3.01280427145456e+30,100.0
690200,3.042777658568792e+30,1.234375,3.043081936334649e+30,1.234375,3.043081936334649e+30,100.0
690300,3.0733565458611605e+30,1.234375,3.073663881515747e+30,1.234375,3.073663881515747e+30,100.0
690400,3.104242740637994e+30,1.234375,3.1045531649120575e+30,1.234375,3.1045531649120575e+30,100.0
690500,3.135439331235669e+30,1.234375,3.1357528751687923e+30,1.234375,3.1357528751687923e+30,100.0
690600,3.1669494370273e+30,1.234375,3.167266131971003e+30,1.234375,3.167266131971003e+30,100.0
690700,3.1987762087346473e+30,1.234375,3.199096086355521e+30,1.234375,3.199096086355521e+30,100.0
690800,3.23092282874316e+30,1.234375,3.231245921026034e+30,1.234375,3.231245921026034e+30,100.0
690900,3.2633925114201864e+30,1.234375,3.2637188506713284e+30,1.234375,3.2637188506713284e+30,100.0
691000,3.296188503436382e+30,1.234375,3.2965181222867255e+30,1.234375,3.2965181222867255e+30,100.0
691100,3.32931408409034e+30,1.234375,3.3296470154987487e+30,1.234375,3.3296470154987487e+30,100.0
691200,3.3627725656365003e+30,1.234375,3.363108842893064e+30,1.234375,3.363108842893064e+30,100.0
691300,3.396567293616341e+30,1.234375,3.3969069503457027e+30,1.234375,3.3969069503457027e+30,100.0
691400,3.4307016471928983e+30,1.234375,3.4310447173576174e+30,1.234375,3.4310447173576174e+30,100.0
691500,3.465179039488659e+30,1.234375,3.465525557392608e+30,1.234375,3.465525557392608e+30,100.0
691600,3.5000029179268345e+30,1.234375,3.500352918218627e+30,1.234375,3.500352918218627e+30,100.0
691700,3.5351767645760756e+30,1.234375,3.535530282252533e+30,1.234375,3.535530282252533e+30,100.0
691800,3.57070409649865e+30,1.234375,3.5710611669083e+30,1.234375,3.5710611669083e+30,100.0
691900,3.60658846610211e+30,1.234375,3.60694912494872e+30,1.234375,3.60694912494872e+30,100.0
692000,3.642833461494499e+30,1.234375,3.643197744840648e+30,1.234375,3.643197744840648e+30,100.0
692100,3.679442706843137e+30,1.234375,3.679810651113821e+30,1.234375,3.679810651113821e+30,100.0
692200,3.716419862737006e+30,1.234375,3.71679150472328e+30,1.234375,3.71679150472328e+30,100.0
692300,3.753768626552764e+30,1.234375,3.754144003415419e+30,1.234375,3.754144003415419e+30,100.0
692400,3.791492732824456e+30,1.234375,3.7918718820977385e+30,1.234375,3.7918718820977385e+30,100.0
692500,3.829595953616936e+30,1.234375,3.829978913212298e+30,1.234375,3.829978913212298e+30,100.0
692600,3.868082098903027e+30,1.234375,3.8684689071129174e+30,1.234375,3.8684689071129174e+30,100.0
692700,3.906955016944505e+30,1.234375,3.9073457124461996e+30,1.234375,3.9073457124461996e+30,100.0
692800,3.94621859467686e+30,1.234375,3.9466132165363275e+30,1.234375,3.9466132165363275e+30,100.0
692900,3.9858767580979854e+30,1.234375,3.986275345773795e+30,1.234375,3.986275345773795e+30,100.0
693000,4.025933472660715e+30,1.234375,4.026336066007981e+30,1.234375,4.026336066007981e+30,100.0
693100,4.066392743669352e+30,1.234375,4.0667993829437187e+30,1.234375,4.0667993829437187e+30,100.0
693200,4.107258616680148e+30,1.234375,4.107669342541816e+30,1.234375,4.107669342541816e+30,100.0
693300,4.148535177905835e+30,1.234375,4.1489500314236254e+30,1.234375,4.1489500314236254e+30,100.0
693400,4.1902265546241944e+30,1.234375,4.1906455772796567e+30,1.234375,4.1906455772796567e+30,100.0
693500,4.2323369155907594e+30,1.234375,4.232760149282318e+30,1.234375,4.232760149282318e+30,100.0
693600,4.2748704714556477e+30,1.234375,4.275297958502793e+30,1.234375,4.275297958502793e+30,100.0
693700,4.3178314751845876e+30,1.234375,4.318263258332106e+30,1.234375,4.318263258332106e+30,100.0
693800,4.3612242224841734e+30,1.234375,4.361660344906422e+30,1.234375,4.361660344906422e+30,100.0
693900,4.4050530522314033e+30,1.234375,4.4054935575366263e+30,1.234375,4.4054935575366263e+30,100.0
694000,4.449322346907518e+30,1.234375,4.449767279142208e+30,1.234375,4.449767279142208e+30,100.0
694100,4.4940365330362166e+30,1.234375,4.49448593668952e+30,1.234375,4.49448593668952e+30,100.0
694200,4.5392000816262667e+30,1.234375,4.539654001634429e+30,1.234375,4.539654001634429e+30,100.0
694300,4.584817508618565e+30,1.234375,4.585275990369427e+30,1.234375,4.585275990369427e+30,100.0
694400,4.6308933753376805e+30,1.234375,4.631356464675214e+30,1.234375,4.631356464675214e+30,100.0
694500,4.677432288947959e+30,1.234375,4.677900032176854e+30,1.234375,4.677900032176854e+30,100.0
694600,4.7244389029141926e+30,1.234375,4.724911346804484e+30,1.234375,4.724911346804484e+30,100.0
694700,4.771917917466914e+30,1.234375,4.772395109258661e+30,1.234375,4.772395109258661e+30,100.0
694800,4.8198740800723954e+30,1.234375,4.8203560674804024e+30,1.234375,4.8203560674804024e+30,100.0
694900,4.86831218590733e+30,1.234375,4.8687990171259205e+30,1.234375,4.8687990171259205e+30,100.0
695000,4.917237078338327e+30,1.234375,4.9177288020461607e+30,1.234375,4.9177288020461607e+30,100.0
695100,4.966653649406184e+30,1.234375,4.9671503147711245e+30,1.234375,4.9671503147711245e+30,100.0
695200,5.016566840315064e+30,1.234375,5.0170684969990954e+30,1.234375,5.0170684969990954e+30,100.0
695300,5.0669816419265545e+30,1.234375,5.067488340090747e+30,1.234375,5.067488340090747e+30,100.0
695400,5.117903095258721e+30,1.234375,5.118414885568246e+30,1.234375,5.118414885568246e+30,100.0
695500,5.169336291990155e+30,1.234375,5.169853225619354e+30,1.234375,5.169853225619354e+30,100.0
695600,5.221286374969095e+30,1.234375,5.221808503606591e+30,1.234375,5.221808503606591e+30,100.0
695700,5.273758538727665e+30,1.234375,5.274285914581538e+30,1.234375,5.274285914581538e+30,100.0
695800,5.326758030001296e+30,1.234375,5.327290705804296e+30,1.234375,5.327290705804296e+30,100.0
695900,5.380290148253321e+30,1.234375,5.380828177268146e+30,1.234375,5.380828177268146e+30,100.0
696000,5.434360246204895e+30,1.234375,5.434903682229515e+30,1.234375,5.434903682229515e+30,100.0
696100,5.488973730370212e+30,1.234375,5.489522627743249e+30,1.234375,5.489522627743249e+30,100.0
696200,5.544136061597102e+30,1.234375,5.544690475203261e+30,1.234375,5.544690475203261e+30,100.0
696300,5.599852755613081e+30,1.234375,5.600412740888642e+30,1.234375,5.600412740888642e+30,100.0
696400,5.656129383576853e+30,1.234375,5.65669499651521e+30,1.234375,5.65669499651521e+30,100.0
696500,5.712971572635386e+30,1.234375,5.713542869792649e+30,1.234375,5.713542869792649e+30,100.0
696600,5.770385006486576e+30,1.234375,5.770962044987224e+30,1.234375,5.770962044987224e+30,100.0
696700,5.828375425947556e+30,1.234375,5.828958263490152e+30,1.234375,5.828958263490152e+30,100.0
696800,5.886948629528749e+30,1.234375,5.887537324391701e+30,1.234375,5.887537324391701e+30,100.0
696900,5.946110474013628e+30,1.234375,5.94670508506103e+30,1.234375,5.94670508506103e+30,100.0
697000,6.005866875044378e+30,1.234375,6.006467461731883e+30,1.234375,6.006467461731883e+30,100.0
697100,6.06622380771337e+30,1.234375,6.066830430094141e+30,1.234375,6.066830430094141e+30,100.0
697200,6.12718730716065e+30,1.234375,6.127800025891366e+30,1.234375,6.127800025891366e+30,100.0
697300,6.188763469177369e+30,1.234375,6.189382345524286e+30,1.234375,6.189382345524286e+30,100.0
697400,6.250958450815334e+30,1.234375,6.251583546660416e+30,1.234375,6.251583546660416e+30,100.0
697500,6.313778471002629e+30,1.234375,6.314409848849729e+30,1.234375,6.314409848849729e+30,100.0
697600,6.377229811165482e+30,1.234375,6.377867534146598e+30,1.234375,6.377867534146598e+30,100.0
697700,6.441318815856302e+30,1.234375,6.441962947737887e+30,1.234375,6.441962947737887e+30,100.0
697800,6.506051893388142e+30,1.234375,6.506702498577482e+30,1.234375,6.506702498577482e+30,100.0
697900,6.571435516475413e+30,1.234375,6.57209266002706e+30,1.234375,6.57209266002706e+30,100.0
698000,6.637476222881108e+30,1.234375,6.638139970503397e+30,1.234375,6.638139970503397e+30,100.0
698100,6.704180616070561e+30,1.234375,6.704851034132169e+30,1.234375,6.704851034132169e+30,100.0
698200,6.771555365871677e+30,1.234375,6.772232521408264e+30,1.234375,6.772232521408264e+30,100.0
698300,6.839607209141879e+30,1.234375,6.840291169862793e+30,1.234375,6.840291169862793e+30,100.0
698400,6.908342950441742e+30,1.234375,6.909033784736786e+30,1.234375,6.909033784736786e+30,100.0
698500,6.977769462715385e+30,1.234375,6.978467239661657e+30,1.234375,6.978467239661657e+30,100.0
698600,7.047893687977663e+30,1.234375,7.04859847734646e+30,1.234375,7.04859847734646e+30,100.0
698700,7.118722638008346e+30,1.234375,7.119434510272146e+30,1.234375,7.119434510272146e+30,100.0
698800,7.190263395053234e+30,1.234375,7.19098242139274e+30,1.234375,7.19098242139274e+30,100.0
698900,7.262523112532292e+30,1.234375,7.263249364843545e+30,1.234375,7.263249364843545e+30,100.0
699000,7.335509015754945e+30,1.234375,7.33624256665652e+30,1.234375,7.33624256665652e+30,100.0
699100,7.409228402642522e+30,1.234375,7.409969325482786e+30,1.234375,7.409969325482786e+30,100.0
699200,7.483688644458015e+30,1.234375,7.48443701332246e+30,1.234375,7.48443701332246e+30,100.0
699300,7.558897186543104e+30,1.234375,7.559653076261759e+30,1.234375,7.559653076261759e+30,100.0
699400,7.634861549062647e+30,1.234375,7.635625035217553e+30,1.234375,7.635625035217553e+30,100.0
699500,7.711589327756611e+30,1.234375,7.712360486689386e+30,1.234375,7.712360486689386e+30,100.0
699600,7.789088194699585e+30,1.234375,7.789867103519055e+30,1.234375,7.789867103519055e+30,100.0
699700,7.86736589906792e+30,1.234375,7.868152635657827e+30,1.234375,7.868152635657827e+30,100.0
699800,7.946430267914564e+30,1.234375,7.947224910941355e+30,1.234375,7.947224910941355e+30,100.0
699900,8.026289206951704e+30,1.234375,8.0270918358724e+30,1.234375,8.0270918358724e+30,100.0
700000,8.106950701341259e+30,1.234375,8.107761396411392e+30,1.234375,8.107761396411392e+30,100.0
700100,8.188422816493337e+30,1.234375,8.189241658774987e+30,1.234375,8.189241658774987e+30,100.0
700200,8.270713698872684e+30,1.234375,8.271540770242572e+30,1.234375,8.271540770242572e+30,100.0
700300,8.353831576813272e+30,1.234375,8.354666959970952e+30,1.234375,8.354666959970952e+30,100.0
700400,8.43778476134104e+30,1.234375,8.438628539817174e+30,1.234375,8.438628539817174e+30,100.0
700500,8.522581647004939e+30,1.234375,8.523433905169639e+30,1.234375,8.523433905169639e+30,100.0
700600,8.608230712716279e+30,1.234375,8.60909153578755e+30,1.234375,8.60909153578755e+30,100.0
700700,8.694740522596587e+30,1.234375,8.695609996648847e+30,1.234375,8.695609996648847e+30,100.0
700800,8.782119726833918e+30,1.234375,8.782997938806602e+30,1.234375,8.782997938806602e+30,100.0
700900,8.870377062547775e+30,1.234375,8.87126410025403e+30,1.234375,8.87126410025403e+30,100.0
701000,8.95952135466277e+30,1.234375,8.960417306798235e+30,1.234375,8.960417306798235e+30,100.0
701100,9.049561516791031e+30,1.234375,9.05046647294271e+30,1.234375,9.05046647294271e+30,100.0
701200,9.140506552123463e+30,1.234375,9.141420602778675e+30,1.234375,9.141420602778675e+30,100.0
701300,9.232365554330017e+30,1.234375,9.23328879088545e+30,1.234375,9.23328879088545e+30,100.0
701400,9.325147708468939e+30,1.234375,9.326080223239786e+30,1.234375,9.326080223239786e+30,100.0
701500,9.418862291905201e+30,1.234375,9.419804178134392e+30,1.234375,9.419804178134392e+30,100.0
701600,9.513518675238168e+30,1.234375,9.514470027105692e+30,1.234375,9.514470027105692e+30,100.0
701700,9.609126323238576e+30,1.234375,9.610087235870899e+30,1.234375,9.610087235870899e+30,100.0
701800,9.705694795794876e+30,1.234375,9.706665365274456e+30,1.234375,9.706665365274456e+30,100.0
701900,9.803233748869192e+30,1.234375,9.804214072244078e+30,1.234375,9.804214072244078e+30,100.0
702000,9.901752935462801e+30,1.234375,9.902743110756348e+30,1.234375,9.902743110756348e+30,100.0
702100,1.0001262206591339e+31,1.234375,1.0002262332811999e+31,1.234375,1.0002262332811999e+31,100.0
702200,1.010177151226983e+31,1.234375,1.0102781689421057e+31,1.234375,1.0102781689421057e+31,100.0
702300,1.020329090250758e+31,1.234375,1.0204311231597829e+31,1.234375,1.0204311231597829e+31,100.0
702400,1.0305830528313087e+31,1.234375,1.0306861111365919e+31,1.234375,1.0306861111365919e+31,100.0
702500,1.0409400642709068e+31,1.234375,1.0410441582773338e+31,1.234375,1.0410441582773338e+31,100.0
702600,1.0514011601757645e+31,1.234375,1.0515063002917821e+31,1.234375,1.0515063002917821e+31,100.0
702700,1.061967386559588e+31,1.234375,1.062073583298244e+31,1.234375,1.062073583298244e+31,100.0
702800,1.0726397999481656e+31,1.234375,1.0727470639281605e+31,1.234375,1.0727470639281605e+31,100.0
702900,1.0834194674850147e+31,1.234375,1.0835278094317633e+31,1.234375,1.0835278094317633e+31,100.0
703000,1.0943074670380816e+31,1.234375,1.0944168977847854e+31,1.234375,1.0944168977847854e+31,100.0
703100,1.105304887307525e+31,1.234375,1.1054154177962558e+31,1.234375,1.1054154177962558e+31,100.0
703200,1.116412827934569e+31,1.234375,1.1165244692173626e+31,1.234375,1.1165244692173626e+31,100.0
703300,1.1276323996114633e+31,1.234375,1.1277451628514245e+31,1.234375,1.1277451628514245e+31,100.0
703400,1.1389647241925367e+31,1.234375,1.139078620664956e+31,1.234375,1.139078620664956e+31,100.0
703500,1.150410934806378e+31,1.234375,1.1505259758998586e+31,1.234375,1.1505259758998586e+31,100.0
703600,1.1619721759691305e+31,1.234375,1.1620883731867275e+31,1.234375,1.1620883731867275e+31,100.0
703700,1.1736496036989438e+31,1.234375,1.1737669686593136e+31,1.234375,1.1737669686593136e+31,100.0
703800,1.185444385631555e+31,1.234375,1.1855629300701181e+31,1.234375,1.1855629300701181e+31,100.0
703900,1.1973577011370483e+31,1.234375,1.197477436907162e+31,1.234375,1.197477436907162e+31,100.0
704000,1.2093907414377762e+31,1.234375,1.20951168051192e+31,1.234375,1.20951168051192e+31,100.0
704100,1.221544709727478e+31,1.234375,1.2216668641984507e+31,1.234375,1.2216668641984507e+31,100.0
704200,1.2338208212915798e+31,1.234375,1.233944203373709e+31,1.234375,1.233944203373709e+31,100.0
704300,1.246220303628713e+31,1.234375,1.246344925659076e+31,1.234375,1.246344925659076e+31,100.0
704400,1.2587443965734633e+31,1.234375,1.2588702710131206e+31,1.234375,1.2588702710131206e+31,100.0
704500,1.271394352420327e+31,1.234375,1.271521491855569e+31,1.234375,1.271521491855569e+31,100.0
704600,1.2841714360489416e+31,1.234375,1.2842998531925465e+31,1.234375,1.2842998531925465e+31,100.0
704700,1.2970769250505555e+31,1.234375,1.2972066327430605e+31,1.234375,1.2972066327430605e+31,100.0
704800,1.3101121098557796e+31,1.234375,1.3102431210667652e+31,1.234375,1.3102431210667652e+31,100.0
704900,1.3232782938636126e+31,1.234375,1.323410621692999e+31,1.234375,1.323410621692999e+31,100.0
705000,1.3365767935717797e+31,1.234375,1.3367104512511368e+31,1.234375,1.3367104512511368e+31,100.0
705100,1.3500089387083537e+31,1.234375,1.3501439396022244e+31,1.234375,1.3501439396022244e+31,100.0
705200,1.3635760723647342e+31,1.234375,1.3637124299719707e+31,1.234375,1.3637124299719707e+31,100.0
705300,1.3772795511299288e+31,1.234375,1.3774172790850418e+31,1.234375,1.3774172790850418e+31,100.0
705400,1.3911207452262114e+31,1.234375,1.391259857300734e+31,1.234375,1.391259857300734e+31,100.0
705500,1.4051010386461229e+31,1.234375,1.4052415487499875e+31,1.234375,1.4052415487499875e+31,100.0
705600,1.419221829290866e+31,1.234375,1.419363751473795e+31,1.234375,1.419363751473795e+31,100.0
705700,1.4334845291100723e+31,1.234375,1.4336278775629834e+31,1.234375,1.4336278775629834e+31,100.0
705800,1.4478905642429935e+31,1.234375,1.4480353532994178e+31,1.234375,1.4480353532994178e+31,100.0
705900,1.4624413751610982e+31,1.234375,1.4625876192986143e+31,1.234375,1.4625876192986143e+31,100.0
706000,1.4771384168121078e+31,1.234375,1.477286130653789e+31,1.234375,1.477286130653789e+31,100.0
706100,1.4919831587654743e+31,1.234375,1.492132357081351e+31,1.234375,1.492132357081351e+31,100.0
706200,1.506977085359329e+31,1.234375,1.507127783067865e+31,1.234375,1.507127783067865e+31,100.0
706300,1.5221216958488963e+31,1.234375,1.5222739080184812e+31,1.234375,1.5222739080184812e+31,100.0
706400,1.5374185045564131e+31,1.234375,1.5375722464068687e+31,1.234375,1.5375722464068687e+31,100.0
706500,1.5528690410225387e+31,1.234375,1.553024327926641e+31,1.234375,1.553024327926641e+31,100.0
706600,1.5684748501593025e+31,1.234375,1.5686316976443184e+31,1.234375,1.5686316976443184e+31,100.0
706700,1.5842374924045764e+31,1.234375,1.5843959161538169e+31,1.234375,1.5843959161538169e+31,100.0
706800,1.6001585438781068e+31,1.234375,1.6003185597324947e+31,1.234375,1.6003185597324947e+31,100.0
706900,1.6162395965391103e+31,1.234375,1.6164012204987641e+31,1.234375,1.6164012204987641e+31,100.0
707000,1.632482258345453e+31,1.234375,1.6326455065712875e+31,1.234375,1.6326455065712875e+31,100.0
707100,1.6488881534144398e+31,1.234375,1.6490530422297813e+31,1.234375,1.6490530422297813e+31,100.0
707200,1.6654589221852e+31,1.234375,1.6656254680774186e+31,1.234375,1.6656254680774186e+31,100.0
707300,1.6821962215827268e+31,1.234375,1.682364441204885e+31,1.234375,1.682364441204885e+31,100.0
707400,1.6991017251835451e+31,1.234375,1.6992716353560636e+31,1.234375,1.6992716353560636e+31,100.0
707500,1.7161771233830617e+31,1.234375,1.7163487410954e+31,1.234375,1.7163487410954e+31,100.0
707600,1.733424123564585e+31,1.234375,1.7335974659769416e+31,1.234375,1.7335974659769416e+31,100.0
707700,1.7508444502700476e+31,1.234375,1.7510195347150747e+31,1.234375,1.7510195347150747e+31,100.0
707800,1.7684398453724493e+31,1.234375,1.7686166893569865e+31,1.234375,1.7686166893569865e+31,100.0
707900,1.78621206825002e+31,1.234375,1.786390689456845e+31,1.234375,1.786390689456845e+31,100.0
708000,1.8041628959621493e+31,1.234375,1.8043433122517456e+31,1.234375,1.8043433122517456e+31,100.0
708100,1.8222941234270714e+31,1.234375,1.822476352839414e+31,1.234375,1.822476352839414e+31,100.0
708200,1.8406075636013462e+31,1.234375,1.8407916243577064e+31,1.234375,1.8407916243577064e+31,100.0
708300,1.8591050476611315e+31,1.234375,1.8592909581658976e+31,1.234375,1.8592909581658976e+31,100.0
708400,1.8777884251852847e+31,1.234375,1.8779762040278032e+31,1.234375,1.8779762040278032e+31,100.0
708500,1.8966595643403096e+31,1.234375,1.8968492302967436e+31,1.234375,1.8968492302967436e+31,100.0
708600,1.9157203520671504e+31,1.234375,1.915911924102357e+31,1.234375,1.915911924102357e+31,100.0
708700,1.9349726942698706e+31,1.234375,1.9351661915392976e+31,1.234375,1.9351661915392976e+31,100.0
708800,1.9544185160062236e+31,1.234375,1.9546139578578241e+31,1.234375,1.9546139578578241e+31,100.0
708900,1.9740597616801457e+31,1.234375,1.9742571676563136e+31,1.234375,1.9742571676563136e+31,100.0
709000,1.9938983952361736e+31,1.234375,1.9940977850756973e+31,1.234375,1.9940977850756973e+31,100.0
709100,2.0139364003558232e+31,1.234375,2.0141377939958587e+31,1.234375,2.0141377939958587e+31,100.0
709200,2.0341757806559407e+31,1.234375,2.0343791982340064e+31,1.234375,2.0343791982340064e+31,100.0
709300,2.0546185598890447e+31,1.234375,2.0548240217450335e+31,1.234375,2.0548240217450335e+31,100.0
709400,2.0752667821456794e+31,1.234375,2.075474308823894e+31,1.234375,2.075474308823894e+31,100.0
709500,2.0961225120588125e+31,1.234375,2.0963321243100186e+31,1.234375,2.0963321243100186e+31,100.0
709600,2.1171878350102733e+31,1.234375,2.1173995537937743e+31,1.234375,2.1173995537937743e+31,100.0
709700,2.1384648573392725e+31,1.234375,2.1386787038250064e+31,1.234375,2.1386787038250064e+31,100.0
709800,2.1599557065530214e+31,1.234375,2.1601717021236767e+31,1.234375,2.1601717021236767e+31,100.0
709900,2.1816625315394575e+31,1.234375,2.1818806977926113e+31,1.234375,2.1818806977926113e+31,100.0
710000,2.203587502782116e+31,1.234375,2.2038078615323943e+31,1.234375,2.2038078615323943e+31,100.0
710100,2.2257328125771593e+31,1.234375,2.225955385858417e+31,1.234375,2.225955385858417e+31,100.0
710200,2.2481006752525834e+31,1.234375,2.2483254853201086e+31,1.234375,2.2483254853201086e+31,100.0
710300,2.2706933273896365e+31,1.234375,2.2709203967223754e+31,1.234375,2.2709203967223754e+31,100.0
710400,2.293513028046447e+31,1.234375,2.2937423793492518e+31,1.234375,2.2937423793492518e+31,100.0
710500,2.316562058983922e+31,1.234375,2.31679371518982e+31,1.234375,2.31679371518982e+31,100.0
710600,2.339842724893884e+31,1.234375,2.3400767091663735e+31,1.234375,2.3400767091663735e+31,100.0
710700,2.3633573536295395e+31,1.234375,2.3635936893649023e+31,1.234375,2.3635936893649023e+31,100.0
710800,2.387108296438228e+31,1.234375,2.387347007267872e+31,1.234375,2.387347007267872e+31,100.0
710900,2.4110979281965318e+31,1.234375,2.4113390379893514e+31,1.234375,2.4113390379893514e+31,100.0
711000,2.435328647647741e+31,1.234375,2.4355721805125054e+31,1.234375,2.4355721805125054e+31,100.0
711100,2.459802877641699e+31,1.234375,2.460048857929463e+31,1.234375,2.460048857929463e+31,100.0
711200,2.484523065377083e+31,1.234375,2.4847715176836207e+31,1.234375,2.4847715176836207e+31,100.0
711300,2.509491682646075e+31,1.234375,2.50974263181434e+31,1.234375,2.50974263181434e+31,100.0
711400,2.534711226081549e+31,1.234375,2.534964697204157e+31,1.234375,2.534964697204157e+31,100.0
711500,2.560184217406687e+31,1.234375,2.5604402358284276e+31,1.234375,2.5604402358284276e+31,100.0
711600,2.5859132036871377e+31,1.234375,2.5861717950075063e+31,1.234375,2.5861717950075063e+31,100.0
711700,2.6119007575856994e+31,1.234375,2.6121619476614578e+31,1.234375,2.6121619476614578e+31,100.0
711800,2.638149477619561e+31,1.234375,2.6384132925673226e+31,1.234375,2.6384132925673226e+31,100.0
711900,2.664661988420134e+31,1.234375,2.6649284546189758e+31,1.234375,2.6649284546189758e+31,100.0
712000,2.6914409409954856e+31,1.234375,2.691710085089585e+31,1.234375,2.691710085089585e+31,100.0
712100,2.7184890129954203e+31,1.234375,2.71876086189672e+31,1.234375,2.71876086189672e+31,100.0
712200,2.74580890897922e+31,1.234375,2.746083489870118e+31,1.234375,2.746083489870118e+31,100.0
712300,2.77340336068607e+31,1.234375,2.7736807010221384e+31,1.234375,2.7736807010221384e+31,100.0
712400,2.8012751273082106e+31,1.234375,2.801555254820941e+31,1.234375,2.801555254820941e+31,100.0
712500,2.8294269957668363e+31,1.234375,2.829709938466413e+31,1.234375,2.829709938466413e+31,100.0
712600,2.857861780990751e+31,1.234375,2.85814756716885e+31,1.234375,2.85814756716885e+31,100.0
712700,2.886582326197849e+31,1.234375,2.8868709844304686e+31,1.234375,2.8868709844304686e+31,100.0
712800,2.915591503179404e+31,1.234375,2.9158830623297217e+31,1.234375,2.9158830623297217e+31,100.0
712900,2.944892212587215e+31,1.234375,2.945186701808474e+31,1.234375,2.945186701808474e+31,100.0
713000,2.9744873842236574e+31,1.234375,2.9747848329620795e+31,1.234375,2.9747848329620795e+31,100.0
713100,3.0043799773346276e+31,1.234375,3.004680415332361e+31,1.234375,3.004680415332361e+31,100.0
713200,3.034572980905442e+31,1.234375,3.034876438203532e+31,1.234375,3.034876438203532e+31,100.0
713300,3.0650694139597116e+31,1.234375,3.0653759209011073e+31,1.234375,3.0653759209011073e+31,100.0
713400,3.0958723258612147e+31,1.234375,3.0961819130938007e+31,1.234375,3.0961819130938007e+31,100.0
713500,3.1269847966188017e+31,1.234375,3.1272974950984637e+31,1.234375,3.1272974950984637e+31,100.0
713600,3.1584099371943807e+31,1.234375,3.1587257781881003e+31,1.234375,3.1587257781881003e+31,100.0
713700,3.1901508898139644e+31,1.234375,3.1904699049029458e+31,1.234375,3.1904699049029458e+31,100.0
713800,3.2222108282818785e+31,1.234375,3.2225330493647066e+31,1.234375,3.2225330493647066e+31,100.0
713900,3.254592958298116e+31,1.234375,3.254918417593946e+31,1.234375,3.254918417593946e+31,100.0
714000,3.287300517778866e+31,1.234375,3.287629247830644e+31,1.234375,3.287629247830644e+31,100.0
714100,3.3203367771802774e+31,1.234375,3.3206688108579954e+31,1.234375,3.3206688108579954e+31,100.0
714200,3.3537050398254877e+31,1.234375,3.35404041032947e+31,1.234375,3.35404041032947e+31,100.0
714300,3.3874086422349077e+31,1.234375,3.3877473830991313e+31,1.234375,3.3877473830991313e+31,100.0
714400,3.4214509544598523e+31,1.234375,3.421793099555298e+31,1.234375,3.421793099555298e+31,100.0
714500,3.4558353804195214e+31,1.234375,3.4561809639575632e+31,1.234375,3.4561809639575632e+31,100.0
714600,3.490565358241343e+31,1.234375,3.4909144147771674e+31,1.234375,3.4909144147771674e+31,100.0
714700,3.5256443606047643e+31,1.234375,3.525996925040825e+31,1.234375,3.525996925040825e+31,100.0
714800,3.561075895088494e+31,1.234375,3.561432002678003e+31,1.234375,3.561432002678003e+31,100.0
714900,3.5968635045212157e+31,1.234375,3.597223190871668e+31,1.234375,3.597223190871668e+31,100.0
715000,3.6330107673358484e+31,1.234375,3.633374068412582e+31,1.234375,3.633374068412582e+31,100.0
715100,3.66952129792735e+31,1.234375,3.6698882500571424e+31,1.234375,3.6698882500571424e+31,100.0
715200,3.706398747014131e+31,1.234375,3.7067693868888323e+31,1.234375,3.7067693868888323e+31,100.0
715300,3.7436468020030786e+31,1.234375,3.744021166683279e+31,1.234375,3.744021166683279e+31,100.0
715400,3.7812691873582824e+31,1.234375,3.781647314277018e+31,1.234375,3.781647314277018e+31,100.0
715500,3.819269664973432e+31,1.234375,3.8196515919399293e+31,1.234375,3.8196515919399293e+31,100.0
715600,3.8576520345479847e+31,1.234375,3.8580377997514393e+31,1.234375,3.8580377997514393e+31,100.0
715700,3.896420133967086e+31,1.234375,3.896809775980483e+31,1.234375,3.896809775980483e+31,100.0
715800,3.935577839685333e+31,1.234375,3.935971397469302e+31,1.234375,3.935971397469302e+31,100.0
715900,3.9751290671143815e+31,1.234375,3.9755265800210927e+31,1.234375,3.9755265800210927e+31,100.0
716000,4.0150777710144483e+31,1.234375,4.0154792787915497e+31,1.234375,4.0154792787915497e+31,100.0
716100,4.0554279458897586e+31,1.234375,4.0558334886843476e+31,1.234375,4.0558334886843476e+31,100.0
716200,4.0961836263879545e+31,1.234375,4.096593244750593e+31,1.234375,4.096593244750593e+31,100.0
716300,4.13734888770352e+31,1.234375,4.137762622592291e+31,1.234375,4.137762622592291e+31,100.0
716400,4.178927845985275e+31,1.234375,4.179345738769873e+31,1.234375,4.179345738769873e+31,100.0
716500,4.220924658747932e+31,1.234375,4.221346751213807e+31,1.234375,4.221346751213807e+31,100.0
716600,4.263343525287834e+31,1.234375,4.263769859640363e+31,1.234375,4.263769859640363e+31,100.0
716700,4.306188687102819e+31,1.234375,4.3066193059715295e+31,1.234375,4.3066193059715295e+31,100.0
716800,4.349464428316366e+31,1.234375,4.349899374759197e+31,1.234375,4.349899374759197e+31,100.0
716900,4.393175076105926e+31,1.234375,4.393614393613536e+31,1.234375,4.393614393613536e+31,100.0
717000,4.437325001135631e+31,1.234375,4.437768733635745e+31,1.234375,4.437768733635745e+31,100.0
717100,4.4819186179933125e+31,1.234375,4.482366809855112e+31,1.234375,4.482366809855112e+31,100.0
717200,4.526960385631914e+31,1.234375,4.527413081670477e+31,1.234375,4.527413081670477e+31,100.0
717300,4.572454807815348e+31,1.234375,4.57291205329613e+31,1.234375,4.57291205329613e+31,100.0
717400,4.618406433568835e+31,1.234375,4.618868274212191e+31,1.234375,4.618868274212191e+31,100.0
717500,4.664819857633763e+31,1.234375,4.665286339619526e+31,1.234375,4.665286339619526e+31,100.0
717600,4.71169972092712e+31,1.234375,4.712170890899212e+31,1.234375,4.712170890899212e+31,100.0
717700,4.759050711005532e+31,1.234375,4.759526616076632e+31,1.234375,4.759526616076632e+31,100.0
717800,4.806877562533996e+31,1.234375,4.807358250290249e+31,1.234375,4.807358250290249e+31,100.0
717900,4.855185057759287e+31,1.234375,4.855670576265063e+31,1.234375,4.855670576265063e+31,100.0
718000,4.903978026988144e+31,1.234375,4.904468424790843e+31,1.234375,4.904468424790843e+31,100.0
718100,4.953261349070263e+31,1.234375,4.95375667520517e+31,1.234375,4.95375667520517e+31,100.0
718200,5.003039951886117e+31,1.234375,5.003540255881305e+31,1.234375,5.003540255881305e+31,100.0
718300,5.053318812839728e+31,1.234375,5.053824144721012e+31,1.234375,5.053824144721012e+31,100.0
718400,5.104102959356339e+31,1.234375,5.104613369652274e+31,1.234375,5.104613369652274e+31,100.0
718500,5.155397469385117e+31,1.234375,5.155913009132055e+31,1.234375,5.155913009132055e+31,100.0
718600,5.207207471906901e+31,1.234375,5.207728192654091e+31,1.234375,5.207728192654091e+31,100.0
718700,5.259538147447062e+31,1.234375,5.260064101261807e+31,1.234375,5.260064101261807e+31,100.0
718800,5.312394728593495e+31,1.234375,5.312925968066355e+31,1.234375,5.312925968066355e+31,100.0
718900,5.365782500519836e+31,1.234375,5.366319078769888e+31,1.234375,5.366319078769888e+31,100.0
719000,5.419706801513923e+31,1.234375,5.420248772194075e+31,1.234375,5.420248772194075e+31,100.0
719100,5.4741730235116e+31,1.234375,5.474720440813951e+31,1.234375,5.474720440813951e+31,100.0
719200,5.529186612635821e+31,1.234375,5.529739531297085e+31,1.234375,5.529739531297085e+31,100.0
719300,5.584753069741265e+31,1.234375,5.585311545048239e+31,1.234375,5.585311545048239e+31,100.0
719400,5.640877950964312e+31,1.234375,5.641442038759408e+31,1.234375,5.641442038759408e+31,100.0
719500,5.697566868278662e+31,1.234375,5.6981366249654895e+31,1.234375,5.6981366249654895e+31,100.0
719600,5.754825490056422e+31,1.234375,5.755400972605428e+31,1.234375,5.755400972605428e+31,100.0
719700,5.812659541634954e+31,1.234375,5.813240807589118e+31,1.234375,5.813240807589118e+31,100.0
719800,5.871074805889314e+31,1.234375,5.8716619133699025e+31,1.234375,5.8716619133699025e+31,100.0
719900,5.9300771238104935e+31,1.234375,5.930670131522875e+31,1.234375,5.930670131522875e+31,100.0
720000,5.989672395089475e+31,1.234375,5.990271362328984e+31,1.234375,5.990271362328984e+31,100.0
720100,6.049866578707152e+31,1.234375,6.050471565365023e+31,1.234375,6.050471565365023e+31,100.0
720200,6.110665693530135e+31,1.234375,6.111276760099487e+31,1.234375,6.111276760099487e+31,100.0
720300,6.172075818912641e+31,1.234375,6.172693026494532e+31,1.234375,6.172693026494532e+31,100.0
720400,6.234103095304323e+31,1.234375,6.234726505613853e+31,1.234375,6.234726505613853e+31,100.0
720500,6.296753724864278e+31,1.234375,6.297383400236764e+31,1.234375,6.297383400236764e+31,100.0
720600,6.360033972081218e+31,1.234375,6.360669975478426e+31,1.234375,6.360669975478426e+31,100.0
720700,6.423950164399846e+31,1.234375,6.424592559416286e+31,1.234375,6.424592559416286e+31,100.0
720800,6.48850869285354e+31,1.234375,6.489157543722826e+31,1.234375,6.489157543722826e+31,100.0
720900,6.553716012703405e+31,1.234375,6.554371384304675e+31,1.234375,6.554371384304675e+31,100.0
721000,6.6195786440837405e+31,1.234375,6.620240601948149e+31,1.234375,6.620240601948149e+31,100.0
721100,6.686103172653997e+31,1.234375,6.686771782971263e+31,1.234375,6.686771782971263e+31,100.0
721200,6.753296250257277e+31,1.234375,6.7539715798823025e+31,1.234375,6.7539715798823025e+31,100.0
721300,6.821164595585446e+31,1.234375,6.821846712045005e+31,1.234375,6.821846712045005e+31,100.0
721400,6.889714994850968e+31,1.234375,6.890403966350454e+31,1.234375,6.890403966350454e+31,100.0
721500,6.958954302465434e+31,1.234375,6.959650197895681e+31,1.234375,6.959650197895681e+31,100.0
721600,7.028889441724973e+31,1.234375,7.029592330669146e+31,1.234375,7.029592330669146e+31,100.0
721700,7.099527405502492e+31,1.234375,7.100237358243043e+31,1.234375,7.100237358243043e+31,100.0
721800,7.170875256946899e+31,1.234375,7.171592344472594e+31,1.234375,7.171592344472594e+31,100.0
721900,7.242940130189377e+31,1.234375,7.243664424202396e+31,1.234375,7.243664424202396e+31,100.0
722000,7.315729231056711e+31,1.234375,7.316460803979816e+31,1.234375,7.316460803979816e+31,100.0
722100,7.389249837791804e+31,1.234375,7.389988762775583e+31,1.234375,7.389988762775583e+31,100.0
722200,7.463509301781446e+31,1.234375,7.464255652711624e+31,1.234375,7.464255652711624e+31,100.0
722300,7.538515048291381e+31,1.234375,7.53926889979621e+31,1.234375,7.53926889979621e+31,100.0
722400,7.614274577208768e+31,1.234375,7.615036004666488e+31,1.234375,7.615036004666488e+31,100.0
722500,7.690795463792089e+31,1.234375,7.691564543338468e+31,1.234375,7.691564543338468e+31,100.0
722600,7.768085359428621e+31,1.234375,7.768862167964564e+31,1.234375,7.768862167964564e+31,100.0
722700,7.846151992399492e+31,1.234375,7.846936607598732e+31,1.234375,7.846936607598732e+31,100.0
722800,7.925003168652453e+31,1.234375,7.925795668969318e+31,1.234375,7.925795668969318e+31,100.0
722900,8.004646772582377e+31,1.234375,8.005447237259635e+31,1.234375,8.005447237259635e+31,100.0
723000,8.085090767819656e+31,1.234375,8.085899276896438e+31,1.234375,8.085899276896438e+31,100.0
723100,8.166343198026467e+31,1.234375,8.16715983234627e+31,1.234375,8.16715983234627e+31,100.0
723200,8.248412187701084e+31,1.234375,8.249237028919854e+31,1.234375,8.249237028919854e+31,100.0
723300,8.331305942990236e+31,1.234375,8.332139073584535e+31,1.234375,8.332139073584535e+31,100.0
723400,8.41503275250965e+31,1.234375,8.4158742557849e+31,1.234375,8.4158742557849e+31,100.0
723500,8.499600988172846e+31,1.234375,8.500450948271663e+31,1.234375,8.500450948271663e+31,100.0
723600,8.585019106028258e+31,1.234375,8.58587760793886e+31,1.234375,8.58587760793886e+31,100.0
723700,8.671295647104722e+31,1.234375,8.672162776669431e+31,1.234375,8.672162776669431e+31,100.0
723800,8.75843923826555e+31,1.234375,8.759315082189377e+31,1.234375,8.759315082189377e+31,100.0
723900,8.846458593071099e+31,1.234375,8.847343238930406e+31,1.234375,8.847343238930406e+31,100.0
724000,8.935362512650072e+31,1.234375,8.936256048901338e+31,1.234375,8.936256048901338e+31,100.0
724100,9.025159886579558e+31,1.234375,9.026062402568216e+31,1.234375,9.026062402568216e+31,100.0
724200,9.115859693773854e+31,1.234375,9.116771279743232e+31,1.234375,9.116771279743232e+31,100.0
724300,9.207471003382349e+31,1.234375,9.208391750482687e+31,1.234375,9.208391750482687e+31,100.0
724400,9.300002975696292e+31,1.234375,9.300932975993862e+31,1.234375,9.300932975993862e+31,100.0
724500,9.393464863064773e+31,1.234375,9.39440420955108e+31,1.234375,9.39440420955108e+31,100.0
724600,9.487866010819872e+31,1.234375,9.488814797420953e+31,1.234375,9.488814797420953e+31,100.0
724700,9.583215858211089e+31,1.234375,9.58417417979691e+31,1.234375,9.58417417979691e+31,100.0
724800,9.679523939349192e+31,1.234375,9.680491891743127e+31,1.234375,9.680491891743127e+31,100.0
724900,9.776799884159545e+31,1.234375,9.77777756414796e+31,1.234375,9.77777756414796e+31,100.0
725000,9.875053419345012e+31,1.234375,9.876040924686947e+31,1.234375,9.876040924686947e+31,100.0
725100,9.974294369358529e+31,1.234375,9.975291798795464e+31,1.234375,9.975291798795464e+31,100.0
725200,1.0074532657385444e+32,1.234375,1.0075540110651182e+32,1.234375,1.0075540110651182e+32,100.0
725300,1.0175778306335807e+32,1.234375,1.017679588416644e+32,1.234375,1.017679588416644e+32,100.0
725400,1.0278041439846482e+32,1.234375,1.0279069243990466e+32,1.234375,1.0279069243990466e+32,100.0
725500,1.0381332283293513e+32,1.234375,1.0382370416521842e+32,1.234375,1.0382370416521842e+32,100.0
725600,1.0485661164814475e+32,1.234375,1.0486709730930956e+32,1.234375,1.0486709730930956e+32,100.0
725700,1.059103851634125e+32,1.234375,1.0592097620192884e+32,1.234375,1.0592097620192884e+32,100.0
725800,1.0697474874643111e+32,1.234375,1.0698544622130576e+32,1.234375,1.0698544622130576e+32,100.0
725900,1.0804980882380299e+32,1.234375,1.0806061380468537e+32,1.234375,1.0806061380468537e+32,100.0
726000,1.091356728916819e+32,1.234375,1.0914658645897106e+32,1.234375,1.0914658645897106e+32,100.0
726100,1.102324495265219e+32,1.234375,1.1024347277147455e+32,1.234375,1.1024347277147455e+32,100.0
726200,1.1134024839593335e+32,1.234375,1.1135138242077294e+32,1.234375,1.1135138242077294e+32,100.0
726300,1.1245918026964929e+32,1.234375,1.1247042618767625e+32,1.234375,1.1247042618767625e+32,100.0
726400,1.135893570306011e+32,1.234375,1.1360071596630416e+32,1.234375,1.1360071596630416e+32,100.0
726500,1.1473089168610561e+32,1.234375,1.1474236477527422e+32,1.234375,1.1474236477527422e+32,100.0
726600,1.1588389837916538e+32,1.234375,1.1589548676900329e+32,1.234375,1.1589548676900329e+32,100.0
726700,1.1704849239988106e+32,1.234375,1.1706019724912105e+32,1.234375,1.1706019724912105e+32,100.0
726800,1.1822479019698051e+32,1.234375,1.1823661267600021e+32,1.234375,1.1823661267600021e+32,100.0
726900,1.1941290938946121e+32,1.234375,1.1942485068040015e+32,1.234375,1.1942485068040015e+32,100.0
727000,1.2061296877835239e+32,1.234375,1.2062503007523023e+32,1.234375,1.2062503007523023e+32,100.0
727100,1.2182508835859328e+32,1.234375,1.2183727086742913e+32,1.234375,1.2183727086742913e+32,100.0
727200,1.2304938933103175e+32,1.234375,1.2306169426996486e+32,1.234375,1.2306169426996486e+32,100.0
727300,1.242859941145433e+32,1.234375,1.2429842271395475e+32,1.234375,1.2429842271395475e+32,100.0
727400,1.2553502635827158e+32,1.234375,1.255475798609074e+32,1.234375,1.255475798609074e+32,100.0
727500,1.2679661095399246e+32,1.234375,1.2680929061508786e+32,1.234375,1.2680929061508786e+32,100.0
727600,1.2807087404860186e+32,1.234375,1.2808368113600671e+32,1.234375,1.2808368113600671e+32,100.0
727700,1.2935794305672958e+32,1.234375,1.2937087885103526e+32,1.234375,1.2937087885103526e+32,100.0
727800,1.306579466734791e+32,1.234375,1.3067101246814646e+32,1.234375,1.3067101246814646e+32,100.0
727900,1.3197101488729644e+32,1.234375,1.3198421198878517e+32,1.234375,1.3198421198878517e+32,100.0
728000,1.3329727899296756e+32,1.234375,1.3331060872086685e+32,1.234375,1.3331060872086685e+32,100.0
728100,1.3463687160474661e+32,1.234375,1.3465033529190708e+32,1.234375,1.3465033529190708e+32,100.0
728200,1.3598992666961617e+32,1.234375,1.3600352566228312e+32,1.234375,1.3600352566228312e+32,100.0
728300,1.3735657948068083e+32,1.234375,1.373703151386289e+32,1.234375,1.373703151386289e+32,100.0
728400,1.3873696669069486e+32,1.234375,1.3875084038736392e+32,1.234375,1.3875084038736392e+32,100.0
728500,1.4013122632572683e+32,1.234375,1.401452394483594e+32,1.234375,1.401452394483594e+32,100.0
728600,1.4153949779896069e+32,1.234375,1.4155365174874057e+32,1.234375,1.4155365174874057e+32,100.0
728700,1.4296192192463542e+32,1.234375,1.4297621811682789e+32,1.234375,1.4297621811682789e+32,100.0
728800,1.4439864093212603e+32,1.234375,1.4441308079621925e+32,1.234375,1.4441308079621925e+32,100.0
728900,1.4584979848016447e+32,1.234375,1.4586438346001249e+32,1.234375,1.4586438346001249e+32,100.0
729000,1.4731553967120412e+32,1.234375,1.4733027122517124e+32,1.234375,1.4733027122517124e+32,100.0
729100,1.487960110659294e+32,1.234375,1.48810890667036e+32,1.234375,1.48810890667036e+32,100.0
729200,1.5029136069790973e+32,1.234375,1.5030638983397952e+32,1.234375,1.5030638983397952e+32,100.0
729300,1.5180173808840225e+32,1.234375,1.5181691826221109e+32,1.234375,1.5181691826221109e+32,100.0
729400,1.5332729426130193e+32,1.234375,1.5334262699072807e+32,1.234375,1.5334262699072807e+32,100.0
729500,1.5486818175824302e+32,1.234375,1.5488366857641884e+32,1.234375,1.5488366857641884e+32,100.0
729600,1.5642455465385125e+32,1.234375,1.5644019710931663e+32,1.234375,1.5644019710931663e+32,100.0
729700,1.5799656857115103e+32,1.234375,1.5801236822800814e+32,1.234375,1.5801236822800814e+32,100.0
729800,1.5958438069712494e+32,1.234375,1.5960033913519465e+32,1.234375,1.5960033913519465e+32,100.0
729900,1.6118814979843183e+32,1.234375,1.6120426861341168e+32,1.234375,1.6120426861341168e+32,100.0
730000,1.628080362372818e+32,1.234375,1.6282431704090553e+32,1.234375,1.6282431704090553e+32,100.0
730100,1.6444420198747104e+32,1.234375,1.6446064640766977e+32,1.234375,1.6446064640766977e+32,100.0
730200,1.6609681065057755e+32,1.234375,1.661134203316426e+32,1.234375,1.661134203316426e+32,100.0
730300,1.677660274723201e+32,1.234375,1.6778280407506732e+32,1.234375,1.6778280407506732e+32,100.0
730400,1.6945201935908096e+32,1.234375,1.6946896456101686e+32,1.234375,1.6946896456101686e+32,100.0
730500,1.7115495489459512e+32,1.234375,1.711720703900846e+32,1.234375,1.711720703900846e+32,100.0
730600,1.7287500435680723e+32,1.234375,1.7289229185724292e+32,1.234375,1.7289229185724292e+32,100.0
730700,1.746123397348973e+32,1.234375,1.7462980096887077e+32,1.234375,1.7462980096887077e+32,100.0
730800,1.7636713474647938e+32,1.234375,1.7638477145995404e+32,1.234375,1.7638477145995404e+32,100.0
730900,1.7813956485497023e+32,1.234375,1.7815737881145573e+32,1.234375,1.7815737881145573e+32,100.0
731000,1.7992980728713447e+32,1.234375,1.7994780026786317e+32,1.234375,1.7994780026786317e+32,100.0
731100,1.817380410508064e+32,1.234375,1.817562148549115e+32,1.234375,1.817562148549115e+32,100.0
731200,1.835644469527882e+32,1.234375,1.8358280339748347e+32,1.234375,1.8358280339748347e+32,100.0
731300,1.854092076169292e+32,1.234375,1.854277485376909e+32,1.234375,1.854277485376909e+32,100.0
731400,1.872725075023872e+32,1.234375,1.8729123475313744e+32,1.234375,1.8729123475313744e+32,100.0
731500,1.8915453292207167e+32,1.234375,1.891734483753639e+32,1.234375,1.891734483753639e+32,100.0
731600,1.910554720612741e+32,1.234375,1.9107457760848026e+32,1.234375,1.9107457760848026e+32,100.0
731700,1.9297551499648465e+32,1.234375,1.929948125479843e+32,1.234375,1.929948125479843e+32,100.0
731800,1.94914853714398e+32,1.234375,1.9493434519976945e+32,1.234375,1.9493434519976945e+32,100.0
731900,1.9687368213111002e+32,1.234375,1.9689336949932314e+32,1.234375,1.9689336949932314e+32,100.0
732000,1.9885219611150792e+32,1.234375,1.988720813311191e+32,1.234375,1.988720813311191e+32,100.0
732100,2.0085059348885467e+32,1.234375,2.0087067854820354e+32,1.234375,2.0087067854820354e+32,100.0
732200,2.0286907408457102e+32,1.234375,2.028893609919795e+32,1.234375,2.028893609919795e+32,100.0
732300,2.0490783972821548e+32,1.234375,2.049283305121883e+32,1.234375,2.049283305121883e+32,100.0
732400,2.0696709427766525e+32,1.234375,2.06987790987093e+32,1.234375,2.06987790987093e+32,100.0
732500,2.090470436395e+32,1.234375,2.0906794834386397e+32,1.234375,2.0906794834386397e+32,100.0
732600,2.1114789578959144e+32,1.234375,2.111690105791704e+32,1.234375,2.111690105791704e+32,100.0
732700,2.1326986079389846e+32,1.234375,2.1329118777997785e+32,1.234375,2.1329118777997785e+32,100.0
732800,2.1541315082947163e+32,1.234375,2.154346921445546e+32,1.234375,2.154346921445546e+32,100.0
732900,2.175779802056694e+32,1.234375,2.1759973800368995e+32,1.234375,2.1759973800368995e+32,100.0
733000,2.1976456538558666e+32,1.234375,2.197865418421252e+32,1.234375,2.197865418421252e+32,100.0
733100,2.2197312500769958e+32,1.234375,2.2199532232020035e+32,1.234375,2.2199532232020035e+32,100.0
733200,2.2420387990772647e+32,1.234375,2.2422630029571725e+32,1.234375,2.2422630029571725e+32,100.0
733300,2.264570531407107e+32,1.234375,2.2647969884602477e+32,1.234375,2.2647969884602477e+32,100.0
733400,2.2873287000332336e+32,1.234375,2.287557432903237e+32,1.234375,2.287557432903237e+32,100.0
733500,2.3103155805639036e+32,1.234375,2.31054661212196e+32,1.234375,2.31054661212196e+32,100.0
733600,2.333533471476476e+32,1.234375,2.333766824823624e+32,1.234375,2.333766824823624e+32,100.0
733700,2.3569846943472287e+32,1.234375,2.3572203928166633e+32,1.234375,2.3572203928166633e+32,100.0
733800,2.380671594083495e+32,1.234375,2.3809096612429035e+32,1.234375,2.3809096612429035e+32,100.0
733900,2.4045965391581412e+32,1.234375,2.404836998812057e+32,1.234375,2.404836998812057e+32,100.0
734000,2.4287619218463774e+32,1.234375,2.429004798038562e+32,1.234375,2.429004798038562e+32,100.0
734100,2.453170158464977e+32,1.234375,2.4534154754808235e+32,1.234375,2.4534154754808235e+32,100.0
734200,2.4778236896138766e+32,1.234375,2.478071471982838e+32,1.234375,2.478071471982838e+32,100.0
734300,2.502724980420219e+32,1.234375,2.502975252918261e+32,1.234375,2.502975252918261e+32,100.0
734400,2.5278765207848403e+32,1.234375,2.5281293084369187e+32,1.234375,2.5281293084369187e+32,100.0
734500,2.5532808256312416e+32,1.234375,2.5535361537138046e+32,1.234375,2.5535361537138046e+32,100.0
734600,2.578940435157053e+32,1.234375,2.5791983292005687e+32,1.234375,2.5791983292005687e+32,100.0
734700,2.6048579150880337e+32,1.234375,2.6051184008795426e+32,1.234375,2.6051184008795426e+32,100.0
734800,2.6310358569346214e+32,1.234375,2.631298960520315e+32,1.234375,2.631298960520315e+32,100.0
734900,2.6574768782510525e+32,1.234375,2.6577426259388777e+32,1.234375,2.6577426259388777e+32,100.0
735000,2.6841836228971056e+32,1.234375,2.684452041259395e+32,1.234375,2.684452041259395e+32,100.0
735100,2.7111587613024525e+32,1.234375,2.7114298771785827e+32,1.234375,2.7114298771785827e+32,100.0
735200,2.738404990733683e+32,1.234375,2.7386788312327562e+32,1.234375,2.7386788312327562e+32,100.0
735300,2.765925035564001e+32,1.234375,2.766201628067557e+32,1.234375,2.766201628067557e+32,100.0
735400,2.7937216475456422e+32,1.234375,2.794001019710397e+32,1.234375,2.794001019710397e+32,100.0
735500,2.8217976060850264e+32,1.234375,2.822079785845635e+32,1.234375,2.822079785845635e+32,100.0
735600,2.8501557185206645e+32,1.234375,2.8504407340925165e+32,1.234375,2.8504407340925165e+32,100.0
735700,2.8787988204038724e+32,1.234375,2.8790867002859128e+32,1.234375,2.8790867002859128e+32,100.0
735800,2.9077297757822995e+32,1.234375,2.9080205487598776e+32,1.234375,2.9080205487598776e+32,100.0
735900,2.9369514774863037e+32,1.234375,2.9372451726340523e+32,1.234375,2.9372451726340523e+32,100.0
736000,2.9664668474182123e+32,1.234375,2.9667634941029542e+32,1.234375,2.9667634941029542e+32,100.0
736100,2.996278836844481e+32,1.234375,2.9965784647281653e+32,1.234375,2.9965784647281653e+32,100.0
736200,3.026390426690801e+32,1.234375,3.02669306573347e+32,1.234375,3.02669306573347e+32,100.0
736300,3.0568046278401567e+32,1.234375,3.0571103083029407e+32,1.234375,3.0571103083029407e+32,100.0
736400,3.087524481433889e+32,1.234375,3.0878332338820324e+32,1.234375,3.0878332338820324e+32,100.0
736500,3.118553059175778e+32,1.234375,3.1188649144816957e+32,1.234375,3.1188649144816957e+32,100.0
736600,3.149893463639199e+32,1.234375,3.1502084529855628e+32,1.234375,3.1502084529855628e+32,100.0
736700,3.1815488285773284e+32,1.234375,3.181866983460186e+32,1.234375,3.181866983460186e+32,100.0
736800,3.2135223192365147e+32,1.234375,3.2138436714684384e+32,1.234375,3.2138436714684384e+32,100.0
736900,3.245817132672756e+32,1.234375,3.246141714386023e+32,1.234375,3.246141714386023e+32,100.0
737000,3.278436498071381e+32,1.234375,3.278764341721188e+32,1.234375,3.278764341721188e+32,100.0
737100,3.31138367706995e+32,1.234375,3.311714815437657e+32,1.234375,3.311714815437657e+32,100.0
737200,3.344661964084364e+32,1.234375,3.344996430280772e+32,1.234375,3.344996430280772e+32,100.0
737300,3.378274686638304e+32,1.234375,3.378612514106968e+32,1.234375,3.378612514106968e+32,100.0
737400,3.4122252056959304e+32,1.234375,3.4125664282165e+32,1.234375,3.4125664282165e+32,100.0
737500,3.446516915997967e+32,1.234375,3.446861567689567e+32,1.234375,3.446861567689567e+32,100.0
737600,3.481153246401123e+32,1.234375,3.481501361725763e+32,1.234375,3.481501361725763e+32,100.0
737700,3.51613766022097e+32,1.234375,3.516489273986992e+32,1.234375,3.516489273986992e+32,100.0
737800,3.551473655578226e+32,1.234375,3.551828802943784e+32,1.234375,3.551828802943784e+32,100.0
737900,3.587164765748536e+32,1.234375,3.58752348222511e+32,1.234375,3.58752348222511e+32,100.0
738000,3.623214559515774e+32,1.234375,3.6235768809717256e+32,1.234375,3.6235768809717256e+32,100.0
738100,3.659626641528894e+32,1.234375,3.659992604193047e+32,1.234375,3.659992604193047e+32,100.0
738200,3.6964046526623426e+32,1.234375,3.696774293127609e+32,1.234375,3.696774293127609e+32,100.0
738300,3.73355227038013e+32,1.234375,3.733925625607168e+32,1.234375,3.733925625607168e+32,100.0
738400,3.771073209103542e+32,1.234375,3.7714503164244524e+32,1.234375,3.7714503164244524e+32,100.0
738500,3.808971220582526e+32,1.234375,3.809352117704584e+32,1.234375,3.809352117704584e+32,100.0
738600,3.847250094270869e+32,1.234375,3.8476348192802965e+32,1.234375,3.8476348192802965e+32,100.0
738700,3.8859136577050736e+32,1.234375,3.886302249070844e+32,1.234375,3.886302249070844e+32,100.0
738800,3.9249657768870976e+32,1.234375,3.9253582734647865e+32,1.234375,3.9253582734647865e+32,100.0
738900,3.964410356670913e+32,1.234375,3.96480679770658e+32,1.234375,3.96480679770658e+32,100.0
739000,4.004251341152952e+32,1.234375,4.004651766287067e+32,1.234375,4.004651766287067e+32,100.0
739100,4.044492714066482e+32,1.234375,4.044897163337889e+32,1.234375,4.044897163337889e+32,100.0
739200,4.0851384991799444e+32,1.234375,4.085547013029862e+32,1.234375,4.085547013029862e+32,100.0
739300,4.1261927606993e+32,1.234375,4.12660537997537e+32,1.234375,4.12660537997537e+32,100.0
739400,4.167659603674394e+32,1.234375,4.168076369634762e+32,1.234375,4.168076369634762e+32,100.0
739500,4.209543174409453e+32,1.234375,4.209964128726894e+32,1.234375,4.209964128726894e+32,100.0
739600,4.251847660877639e+32,1.234375,4.252272845643727e+32,1.234375,4.252272845643727e+32,100.0
739700,4.2945772931398404e+32,1.234375,4.295006750869154e+32,1.234375,4.295006750869154e+32,100.0
739800,4.337736343767631e+32,1.234375,4.3381701174020075e+32,1.234375,4.3381701174020075e+32,100.0
739900,4.3813291282704815e+32,1.234375,4.381767261183308e+32,1.234375,4.381767261183308e+32,100.0
740000,4.425360005527275e+32,1.234375,4.4258025415278275e+32,1.234375,4.4258025415278275e+32,100.0
740100,4.469833378222155e+32,1.234375,4.470280361559977e+32,1.234375,4.470280361559977e+32,100.0
740200,4.514753693284743e+32,1.234375,4.5152051686540714e+32,1.234375,4.5152051686540714e+32,100.0
740300,4.5601254423348156e+32,1.234375,4.560581454879049e+32,1.234375,4.560581454879049e+32,100.0
740400,4.6059531621314046e+32,1.234375,4.606413757447618e+32,1.234375,4.606413757447618e+32,100.0
740500,4.6522414350264356e+32,1.234375,4.652706659169938e+32,1.234375,4.652706659169938e+32,100.0
740600,4.6989948894229264e+32,1.234375,4.6994647889118686e+32,1.234375,4.6994647889118686e+32,100.0
740700,4.746218200237776e+32,1.234375,4.7466928220578e+32,1.234375,4.7466928220578e+32,100.0
740800,4.793916089369222e+32,1.234375,4.794395480978159e+32,1.234375,4.794395480978159e+32,100.0
740900,4.842093326168984e+32,1.234375,4.842577535501601e+32,1.234375,4.842577535501601e+32,100.0
741000,4.890754727919147e+32,1.234375,4.891243803391939e+32,1.234375,4.891243803391939e+32,100.0
741100,4.939905160313864e+32,1.234375,4.9403991508298956e+32,1.234375,4.9403991508298956e+32,100.0
741200,4.98954953794587e+32,1.234375,4.9900484928996646e+32,1.234375,4.9900484928996646e+32,100.0
741300,5.039692824797892e+32,1.234375,5.0401967940803714e+32,1.234375,5.0401967940803714e+32,100.0
741400,5.0903400347389984e+32,1.234375,5.090849068742472e+32,1.234375,5.090849068742472e+32,100.0
741500,5.141496232025963e+32,1.234375,5.1420103816491655e+32,1.234375,5.1420103816491655e+32,100.0
741600,5.1931665318096184e+32,1.234375,5.1936858484627994e+32,1.234375,5.1936858484627994e+32,100.0
741700,5.245356100646334e+32,1.234375,5.245880636256398e+32,1.234375,5.245880636256398e+32,100.0
741800,5.298070157014634e+32,1.234375,5.2985999640303356e+32,1.234375,5.2985999640303356e+32,100.0
741900,5.3513139718369795e+32,1.234375,5.351849103234163e+32,1.234375,5.351849103234163e+32,100.0
742000,5.405092869006823e+32,1.234375,5.4056333782937236e+32,1.234375,5.4056333782937236e+32,100.0
742100,5.459412225920954e+32,1.234375,5.459958167143546e+32,1.234375,5.459958167143546e+32,100.0
742200,5.514277474017172e+32,1.234375,5.5148289017645736e+32,1.234375,5.5148289017645736e+32,100.0
742300,5.569694099317399e+32,1.234375,5.570251068727331e+32,1.234375,5.570251068727331e+32,100.0
742400,5.6256676429762216e+32,1.234375,5.626230209740519e+32,1.234375,5.626230209740519e+32,100.0
742500,5.6822037018349556e+32,1.234375,5.682771922205139e+32,1.234375,5.682771922205139e+32,100.0
742600,5.73930792898128e+32,1.234375,5.739881859774178e+32,1.234375,5.739881859774178e+32,100.0
742700,5.796986034314504e+32,1.234375,5.7975657329179355e+32,1.234375,5.7975657329179355e+32,100.0
742800,5.855243785116483e+32,1.234375,5.855829309494995e+32,1.234375,5.855829309494995e+32,100.0
742900,5.9140870066283124e+32,1.234375,5.914678415328975e+32,1.234375,5.914678415328975e+32,100.0
743000,5.97352158263279e+32,1.234375,5.9741189347910534e+32,1.234375,5.9741189347910534e+32,100.0
743100,6.0335534560427525e+32,1.234375,6.034156811388357e+32,1.234375,6.034156811388357e+32,100.0
743200,6.094188629495283e+32,1.234375,6.094798048358232e+32,1.234375,6.094798048358232e+32,100.0
743300,6.15543316595196e+32,1.234375,6.156048709268555e+32,1.234375,6.156048709268555e+32,100.0
743400,6.217293189305058e+32,1.234375,6.217914918623988e+32,1.234375,6.217914918623988e+32,100.0
743500,6.279774884989907e+32,1.234375,6.2804028624784055e+32,1.234375,6.2804028624784055e+32,100.0
743600,6.3428845006033796e+32,1.234375,6.3435187890534395e+32,1.234375,6.3435187890534395e+32,100.0
743700,6.4066283465285786e+32,1.234375,6.407269009363231e+32,1.234375,6.407269009363231e+32,100.0
743800,6.471012796565827e+32,1.234375,6.471659897845484e+32,1.234375,6.471659897845484e+32,100.0
743900,6.53604428856999e+32,1.234375,6.536697892998846e+32,1.234375,6.536697892998846e+32,100.0
744000,6.601729325094195e+32,1.234375,6.602389498026704e+32,1.234375,6.602389498026704e+32,100.0
744100,6.668074474040012e+32,1.234375,6.668741281487416e+32,1.234375,6.668741281487416e+32,100.0
744200,6.735086369314246e+32,1.234375,6.735759877951177e+32,1.234375,6.735759877951177e+32,100.0
744300,6.80277171149218e+32,1.234375,6.803451988663329e+32,1.234375,6.803451988663329e+32,100.0
744400,6.871137268487647e+32,1.234375,6.871824382214496e+32,1.234375,6.871824382214496e+32,100.0
744500,6.940189876229713e+32,1.234375,6.940883895217336e+32,1.234375,6.940883895217336e+32,100.0
744600,7.009936439346217e+32,1.234375,7.010637432990153e+32,1.234375,7.010637432990153e+32,100.0
744700,7.080383931854187e+32,1.234375,7.081091970247373e+32,1.234375,7.081091970247373e+32,100.0
744800,7.151539397857149e+32,1.234375,7.152254551796934e+32,1.234375,7.152254551796934e+32,100.0
744900,7.223409952249503e+32,1.234375,7.224132293244728e+32,1.234375,7.224132293244728e+32,100.0
745000,7.296002781427926e+32,1.234375,7.296732381706068e+32,1.234375,7.296732381706068e+32,100.0
745100,7.369325144009957e+32,1.234375,7.370062076524358e+32,1.234375,7.370062076524358e+32,100.0
745200,7.443384371559785e+32,1.234375,7.44412870999694e+32,1.234375,7.44412870999694e+32,100.0
745300,7.518187869321354e+32,1.234375,7.518939688108287e+32,1.234375,7.518939688108287e+32,100.0
745400,7.593743116958787e+32,1.234375,7.594502491270483e+32,1.234375,7.594502491270483e+32,100.0
745500,7.670057669304323e+32,1.234375,7.670824675071253e+32,1.234375,7.670824675071253e+32,100.0
745600,7.747139157113706e+32,1.234375,7.747913871029417e+32,1.234375,7.747913871029417e+32,100.0
745700,7.824995287829184e+32,1.234375,7.825777787357966e+32,1.234375,7.825777787357966e+32,100.0
745800,7.903633846350201e+32,1.234375,7.904424209734835e+32,1.234375,7.904424209734835e+32,100.0
745900,7.983062695811827e+32,1.234375,7.983861002081408e+32,1.234375,7.983861002081408e+32,100.0
746000,8.063289778370973e+32,1.234375,8.06409610734881e+32,1.234375,8.06409610734881e+32,100.0
746100,8.144323116000541e+32,1.234375,8.145137548312142e+32,1.234375,8.145137548312142e+32,100.0
746200,8.226170811291536e+32,1.234375,8.226993428372666e+32,1.234375,8.226993428372666e+32,100.0
746300,8.308841048263286e+32,1.234375,8.309671932368112e+32,1.234375,8.309671932368112e+32,100.0
746400,8.392342093181754e+32,1.234375,8.393181327391072e+32,1.234375,8.393181327391072e+32,100.0
746500,8.476682295386047e+32,1.234375,8.477529963615585e+32,1.234375,8.477529963615585e+32,100.0
746600,8.561870088123335e+32,1.234375,8.562726275132146e+32,1.234375,8.562726275132146e+32,100.0
746700,8.647913989392077e+32,1.234375,8.648778780791016e+32,1.234375,8.648778780791016e+32,100.0
746800,8.734822602793718e+32,1.234375,8.735696085053997e+32,1.234375,8.735696085053997e+32,100.0
746900,8.822604618393013e+32,1.234375,8.823486878854852e+32,1.234375,8.823486878854852e+32,100.0
747000,8.9112688135869e+32,1.234375,8.912159940468259e+32,1.234375,8.912159940468259e+32,100.0
747100,9.000824053982227e+32,1.234375,9.001724136387625e+32,1.234375,9.001724136387625e+32,100.0
747200,9.091279294282177e+32,1.234375,9.092188422211605e+32,1.234375,9.092188422211605e+32,100.0
747300,9.182643579181667e+32,1.234375,9.183561843539584e+32,1.234375,9.183561843539584e+32,100.0
747400,9.274926044271751e+32,1.234375,9.275853536876179e+32,1.234375,9.275853536876179e+32,100.0
747500,9.368135916953097e+32,1.234375,9.369072730544792e+32,1.234375,9.369072730544792e+32,100.0
747600,9.46228251735861e+32,1.234375,9.463228745610345e+32,1.234375,9.463228745610345e+32,100.0
747700,9.55737525928539e+32,1.234375,9.558330996811319e+32,1.234375,9.558330996811319e+32,100.0
747800,9.653423651136019e+32,1.234375,9.654388993501132e+32,1.234375,9.654388993501132e+32,100.0
747900,9.750437296869314e+32,1.234375,9.751412340599002e+32,1.234375,9.751412340599002e+32,100.0
748000,9.848425896960618e+32,1.234375,9.849410739550314e+32,1.234375,9.849410739550314e+32,100.0
748100,9.947399249371794e+32,1.234375,9.948393989296731e+32,1.234375,9.948393989296731e+32,100.0
748200,1.0047367250530901e+33,1.234375,1.0048371987255954e+33,1.234375,1.0048371987255954e+33,100.0
748300,1.0148339896321756e+33,1.234375,1.0149354730311389e+33,1.234375,1.0149354730311389e+33,100.0
748400,1.0250327283083432e+33,1.234375,1.025135231581174e+33,1.234375,1.025135231581174e+33,100.0
748500,1.0353339608619801e+33,1.234375,1.0354374942580663e+33,1.234375,1.0354374942580663e+33,100.0
748600,1.0457387173219209e+33,1.234375,1.045843291193653e+33,1.234375,1.045843291193653e+33,100.0
748700,1.0562480380684431e+33,1.234375,1.05635366287225e+33,1.234375,1.05635366287225e+33,100.0
748800,1.0668629739372938e+33,1.234375,1.0669696602346875e+33,1.234375,1.0669696602346875e+33,100.0
748900,1.077584586324764e+33,1.234375,1.0776923447833964e+33,1.234375,1.0776923447833964e+33,100.0
749000,1.0884139472938191e+33,1.234375,1.0885227886885485e+33,1.234375,1.0885227886885485e+33,100.0
749100,1.0993521396812945e+33,1.234375,1.0994620748952626e+33,1.234375,1.0994620748952626e+33,100.0
749200,1.1104002572061711e+33,1.234375,1.1105112972318916e+33,1.234375,1.1105112972318916e+33,100.0
749300,1.121559404578935e+33,1.234375,1.1216715605193929e+33,1.234375,1.1216715605193929e+33,100.0
749400,1.1328306976120397e+33,1.234375,1.1329439806818009e+33,1.234375,1.1329439806818009e+33,100.0
749500,1.1442152633314769e+33,1.234375,1.14432968485781e+33,1.234375,1.14432968485781e+33,100.0
749600,1.1557142400894688e+33,1.234375,1.1558298115134777e+33,1.234375,1.1558298115134777e+33,100.0
749700,1.1673287776782919e+33,1.234375,1.1674455105560598e+33,1.234375,1.1674455105560598e+33,100.0
749800,1.1790600374452485e+33,1.234375,1.179177943448993e+33,1.234375,1.179177943448993e+33,100.0
749900,1.1909091924087862e+33,1.234375,1.191028283328027e+33,1.234375,1.191028283328027e+33,100.0
750000,1.2028774273757932e+33,1.234375,1.2029977151185307e+33,1.234375,1.2029977151185307e+33,100.0
750100,1.2149659390600681e+33,1.234375,1.2150874356539742e+33,1.234375,1.2150874356539742e+33,100.0
750200,1.2271759362019745e+33,1.234375,1.2272986537955947e+33,1.234375,1.2272986537955947e+33,100.0
750300,1.2395086396893128e+33,1.234375,1.2396325905532818e+33,1.234375,1.2396325905532818e+33,100.0
750400,1.2519652826793903e+33,1.234375,1.2520904792076582e+33,1.234375,1.2520904792076582e+33,100.0
750500,1.264547110722329e+33,1.234375,1.2646735654334012e+33,1.234375,1.2646735654334012e+33,100.0
750600,1.2772553818856105e+33,1.234375,1.2773831074237991e+33,1.234375,1.2773831074237991e+33,100.0
750700,1.2900913668798672e+33,1.234375,1.2902203760165552e+33,1.234375,1.2902203760165552e+33,100.0
750800,1.3030563491859458e+33,1.234375,1.3031866548208645e+33,1.234375,1.3031866548208645e+33,100.0
750900,1.3161516251832398e+33,1.234375,1.316283240345758e+33,1.234375,1.316283240345758e+33,100.0
751000,1.3293785042793202e+33,1.234375,1.329511442129748e+33,1.234375,1.329511442129748e+33,100.0
751100,1.3427383090408604e+33,1.234375,1.3428725828717644e+33,1.234375,1.3428725828717644e+33,100.0
751200,1.356232375325881e+33,1.234375,1.3563679985634135e+33,1.234375,1.3563679985634135e+33,100.0
751300,1.3698620524173243e+33,1.234375,1.3699990386225662e+33,1.234375,1.3699990386225662e+33,100.0
751400,1.3836287031579717e+33,1.234375,1.3837670660282876e+33,1.234375,1.3837670660282876e+33,100.0
751500,1.3975337040867125e+33,1.234375,1.3976734574571213e+33,1.234375,1.3976734574571213e+33,100.0
751600,1.411578445576188e+33,1.234375,1.4117196034207456e+33,1.234375,1.4117196034207456e+33,100.0
751700,1.4257643319718152e+33,1.234375,1.4259069084050122e+33,1.234375,1.4259069084050122e+33,100.0
751800,1.4400927817322067e+33,1.234375,1.44023679101038e+33,1.234375,1.44023679101038e+33,100.0
751900,1.454565227571004e+33,1.234375,1.454710684093761e+33,1.234375,1.454710684093761e+33,100.0
752000,1.469183116600139e+33,1.234375,1.469330034911799e+33,1.234375,1.469330034911799e+33,100.0
752100,1.4839479104745295e+33,1.234375,1.4840963052655768e+33,1.234375,1.4840963052655768e+33,100.0
752200,1.4988610855382276e+33,1.234375,1.4990109716467813e+33,1.234375,1.4990109716467813e+33,100.0
752300,1.5139241329720483e+33,1.234375,1.5140755253853455e+33,1.234375,1.5140755253853455e+33,100.0
752400,1.5291385589426679e+33,1.234375,1.5292914727985622e+33,1.234375,1.5292914727985622e+33,100.0
752500,1.5445058847532294e+33,1.234375,1.5446603353417047e+33,1.234375,1.5446603353417047e+33,100.0
752600,1.5600276469954552e+33,1.234375,1.5601836497601547e+33,1.234375,1.5601836497601547e+33,100.0
752700,1.5757053977033027e+33,1.234375,1.575862968243073e+33,1.234375,1.575862968243073e+33,100.0
752800,1.5915407045081406e+33,1.234375,1.5916998585785915e+33,1.234375,1.5916998585785915e+33,100.0
752900,1.607535150795505e+33,1.234375,1.6076959043105846e+33,1.234375,1.6076959043105846e+33,100.0
753000,1.623690335863419e+33,1.234375,1.6238527048970054e+33,1.234375,1.6238527048970054e+33,100.0
753100,1.640007875082312e+33,1.234375,1.64017187586982e+33,1.234375,1.64017187586982e+33,100.0
753200,1.6564894000565432e+33,1.234375,1.656655048996549e+33,1.234375,1.656655048996549e+33,100.0
753300,1.6731365587875427e+33,1.234375,1.6733038724434215e+33,1.234375,1.6733038724434215e+33,100.0
753400,1.6899510158385937e+33,1.234375,1.6901200109401775e+33,1.234375,1.6901200109401775e+33,100.0
753500,1.706934452501283e+33,1.234375,1.707105145946533e+33,1.234375,1.707105145946533e+33,100.0
753600,1.724088566963608e+33,1.234375,1.7242609758203042e+33,1.234375,1.7242609758203042e+33,100.0
753700,1.7414150744797815e+33,1.234375,1.7415892159872295e+33,1.234375,1.7415892159872295e+33,100.0
753800,1.7589157075417427e+33,1.234375,1.7590915991124968e+33,1.234375,1.7590915991124968e+33,100.0
753900,1.7765922160523882e+33,1.234375,1.7767698752739935e+33,1.234375,1.7767698752739935e+33,100.0
754000,1.7944463675005465e+33,1.234375,1.7946258121372966e+33,1.234375,1.7946258121372966e+33,100.0
754100,1.8124799471377167e+33,1.234375,1.8126611951324304e+33,1.234375,1.8126611951324304e+33,100.0
754200,1.8306947581565635e+33,1.234375,1.830877827632379e+33,1.234375,1.830877827632379e+33,100.0
754300,1.8490926218712344e+33,1.234375,1.8492775311334215e+33,1.234375,1.8492775311334215e+33,100.0
754400,1.8676753778994695e+33,1.234375,1.8678621454372594e+33,1.234375,1.8678621454372594e+33,100.0
754500,1.8864448843465428e+33,1.234375,1.8866335288349773e+33,1.234375,1.8866335288349773e+33,100.0
754600,1.9054030179910595e+33,1.234375,1.9055935582928586e+33,1.234375,1.9055935582928586e+33,100.0
754700,1.9245516744726157e+33,1.234375,1.924744129640063e+33,1.234375,1.924744129640063e+33,100.0
754800,1.943892768481343e+33,1.234375,1.944087157758191e+33,1.234375,1.944087157758191e+33,100.0
754900,1.963428233949366e+33,1.234375,1.963624576772761e+33,1.234375,1.963624576772761e+33,100.0
755000,1.983160024244167e+33,1.234375,1.9833583402465915e+33,1.234375,1.9833583402465915e+33,100.0
755100,2.0030901123639195e+33,1.234375,2.003290421375156e+33,1.234375,2.003290421375156e+33,100.0
755200,2.0232204911347587e+33,1.234375,2.0234228131838723e+33,1.234375,2.0234228131838723e+33,100.0
755300,2.0435531734100444e+33,1.234375,2.0437575287273853e+33,1.234375,2.0437575287273853e+33,100.0
755400,2.064090192271639e+33,1.234375,2.064296601290866e+33,1.234375,2.064296601290866e+33,100.0
755500,2.0848336012331875e+33,1.234375,2.0850420845933108e+33,1.234375,2.0850420845933108e+33,100.0
755600,2.1057854744454544e+33,1.234375,2.1059960529928988e+33,1.234375,2.1059960529928988e+33,100.0
755700,2.1269479069037157e+33,1.234375,2.127160601694406e+33,1.234375,2.127160601694406e+33,100.0
755800,2.1483230146572472e+33,1.234375,2.1485378469587128e+33,1.234375,2.1485378469587128e+33,100.0
755900,2.1699129350209002e+33,1.234375,2.1701299263144022e+33,1.234375,2.1701299263144022e+33,100.0
756000,2.1917198267888198e+33,1.234375,2.1919389987714987e+33,1.234375,2.1919389987714987e+33,100.0
756100,2.2137458704503032e+33,1.234375,2.2139672450373482e+33,1.234375,2.2139672450373482e+33,100.0
756200,2.2359932684078282e+33,1.234375,2.236216867734669e+33,1.234375,2.236216867734669e+33,100.0
756300,2.2584642451972716e+33,1.234375,2.2586900916217915e+33,1.234375,2.2586900916217915e+33,100.0
756400,2.2811610477103457e+33,1.234375,2.2813891638151166e+33,1.234375,2.2813891638151166e+33,100.0
756500,2.304085945419265e+33,1.234375,2.3043163540138067e+33,1.234375,2.3043163540138067e+33,100.0
756600,2.32724123060367e+33,1.234375,2.3274739547267304e+33,1.234375,2.3274739547267304e+33,100.0
756700,2.3506292185798458e+33,1.234375,2.3508642815017037e+33,1.234375,2.3508642815017037e+33,100.0
756800,2.3742522479322136e+33,1.234375,2.3744896731570068e+33,1.234375,2.3744896731570068e+33,100.0
756900,2.3981126807471816e+33,1.234375,2.3983524920152564e+33,1.234375,2.3983524920152564e+33,100.0
757000,2.422212902849331e+33,1.234375,2.4224551241396158e+33,1.234375,2.4224551241396158e+33,100.0
757100,2.4465553240399692e+33,1.234375,2.4467999795723733e+33,1.234375,2.4467999795723733e+33,100.0
757200,2.4711423783380954e+33,1.234375,2.4713894925759293e+33,1.234375,2.4713894925759293e+33,100.0
757300,2.4959765242237786e+33,1.234375,2.496226121876201e+33,1.234375,2.496226121876201e+33,100.0
757400,2.5210602448839764e+33,1.234375,2.5213123509084647e+33,1.234375,2.5213123509084647e+33,100.0
757500,2.5463960484608417e+33,1.234375,2.5466506880656878e+33,1.234375,2.5466506880656878e+33,100.0
757600,2.5719864683025062e+33,1.234375,2.5722436669493365e+33,1.234375,2.5722436669493365e+33,100.0
757700,2.597834063216396e+33,1.234375,2.5980938466227175e+33,1.234375,2.5980938466227175e+33,100.0
757800,2.6239414177250823e+33,1.234375,2.624203811866855e+33,1.234375,2.624203811866855e+33,100.0
757900,2.65031114232472e+33,1.234375,2.6505761734389525e+33,1.234375,2.6505761734389525e+33,100.0
758000,2.676945873746066e+33,1.234375,2.677213568333441e+33,1.234375,2.677213568333441e+33,100.0
758100,2.70384827521813e+33,1.234375,2.704118660045652e+33,1.234375,2.704118660045652e+33,100.0
758200,2.7310210367344785e+33,1.234375,2.731294138838152e+33,1.234375,2.731294138838152e+33,100.0
758300,2.7584668753221933e+33,1.234375,2.758742722009726e+33,1.234375,2.758742722009726e+33,100.0
758400,2.7861885353135694e+33,1.234375,2.786467154167101e+33,1.234375,2.786467154167101e+33,100.0
758500,2.814188788620513e+33,1.234375,2.814470207499375e+33,1.234375,2.814470207499375e+33,100.0
758600,2.8424704350117085e+33,1.234375,2.8427546820552094e+33,1.234375,2.8427546820552094e+33,100.0
758700,2.8710363023925645e+33,1.234375,2.8713234060228037e+33,1.234375,2.8713234060228037e+33,100.0
758800,2.899889247087988e+33,1.234375,2.900179236012697e+33,1.234375,2.900179236012697e+33,100.0
758900,2.9290321541279844e+33,1.234375,2.9293250573433973e+33,1.234375,2.9293250573433973e+33,100.0
759000,2.958467937536135e+33,1.234375,2.958763784329889e+33,1.234375,2.958763784329889e+33,100.0
759100,2.988199540620979e+33,1.234375,2.988498360575041e+33,1.234375,2.988498360575041e+33,100.0
759200,3.018229936270306e+33,1.234375,3.0185317592639327e+33,1.234375,3.0185317592639327e+33,100.0
759300,3.048562127248424e+33,1.234375,3.0488669834611485e+33,1.234375,3.0488669834611485e+33,100.0
759400,3.079199146496404e+33,1.234375,3.0795070664110536e+33,1.234375,3.0795070664110536e+33,100.0
759500,3.110144057435363e+33,1.234375,3.110455071841106e+33,1.234375,3.110455071841106e+33,100.0
759600,3.141399954272752e+33,1.234375,3.141714094268179e+33,1.234375,3.141714094268179e+33,100.0
759700,3.172969962311767e+33,1.234375,3.173287259307998e+33,1.234375,3.173287259307998e+33,100.0
759800,3.2048572382638453e+33,1.234375,3.2051777239876717e+33,1.234375,3.2051777239876717e+33,100.0
759900,3.237064970564303e+33,1.234375,3.237388677061359e+33,1.234375,3.237388677061359e+33,100.0
760000,3.2695963796911557e+33,1.234375,3.269923339329125e+33,1.234375,3.269923339329125e+33,100.0
760100,3.302454718487143e+33,1.234375,3.302784963958992e+33,1.234375,3.302784963958992e+33,100.0
760200,3.3356432724849596e+33,1.234375,3.335976836812208e+33,1.234375,3.335976836812208e+33,100.0
760300,3.3691653602358055e+33,1.234375,3.369502276771829e+33,1.234375,3.369502276771829e+33,100.0
760400,3.4030243336411976e+33,1.234375,3.403364636074562e+33,1.234375,3.403364636074562e+33,100.0
760500,3.4372235782881243e+33,1.234375,3.4375673006459533e+33,1.234375,3.4375673006459533e+33,100.0
760600,3.471766513787583e+33,1.234375,3.472113690438962e+33,1.234375,3.472113690438962e+33,100.0
760700,3.50665659411651e+33,1.234375,3.5070072597759216e+33,1.234375,3.5070072597759216e+33,100.0
760800,3.5418973079631355e+33,1.234375,3.5422514976939317e+33,1.234375,3.5422514976939317e+33,100.0
760900,3.577492179075829e+33,1.234375,3.577849928293737e+33,1.234375,3.577849928293737e+33,100.0
761000,3.6134447666154454e+33,1.234375,3.613806111092107e+33,1.234375,3.613806111092107e+33,100.0
761100,3.649758665511201e+33,1.234375,3.650123641377752e+33,1.234375,3.650123641377752e+33,100.0
761200,3.686437506820133e+33,1.234375,3.686806150570815e+33,1.234375,3.686806150570815e+33,100.0
761300,3.723484958090176e+33,1.234375,3.7238573065859847e+33,1.234375,3.7238573065859847e+33,100.0
761400,3.7609047237268877e+33,1.234375,3.7612808141992603e+33,1.234375,3.7612808141992603e+33,100.0
761500,3.798700545363846e+33,1.234375,3.7990804154183826e+33,1.234375,3.7990804154183826e+33,100.0
761600,3.836876202236777e+33,1.234375,3.8372598898570006e+33,1.234375,3.8372598898570006e+33,100.0
761700,3.8754355115614517e+33,1.234375,3.875823055112608e+33,1.234375,3.875823055112608e+33,100.0
761800,3.914382328915377e+33,1.234375,3.9147737671482685e+33,1.234375,3.9147737671482685e+33,100.0
761900,3.953720548623301e+33,1.234375,3.954115920678163e+33,1.234375,3.954115920678163e+33,100.0
762000,3.993454104146622e+33,1.234375,3.9938534495570365e+33,1.234375,3.9938534495570365e+33,100.0
762100,4.033586968476704e+33,1.234375,4.033990327173552e+33,1.234375,4.033990327173552e+33,100.0
762200,4.074123154532119e+33,1.234375,4.0745305668475724e+33,1.234375,4.0745305668475724e+33,100.0
762300,4.1150667155599256e+33,1.234375,4.1154782222314814e+33,1.234375,4.1154782222314814e+33,100.0
762400,4.156421745540939e+33,1.234375,4.156837387715493e+33,1.234375,4.156837387715493e+33,100.0
762500,4.198192379599102e+33,1.234375,4.198612198837062e+33,1.234375,4.198612198837062e+33,100.0
762600,4.240382794414956e+33,1.234375,4.2408068326943975e+33,1.234375,4.2408068326943975e+33,100.0
762700,4.28299720864327e+33,1.234375,4.283425508364134e+33,1.234375,4.283425508364134e+33,100.0
762800,4.326039883334867e+33,1.234375,4.3264724873232006e+33,1.234375,4.3264724873232006e+33,100.0
762900,4.369515122362689e+33,1.234375,4.369952073874925e+33,1.234375,4.369952073874925e+33,100.0
763000,4.4134272728521426e+33,1.234375,4.4138686155794276e+33,1.234375,4.4138686155794276e+33,100.0
763100,4.45778072561579e+33,1.234375,4.4582265036883517e+33,1.234375,4.4582265036883517e+33,100.0
763200,4.502579915592363e+33,1.234375,4.5030301735839225e+33,1.234375,4.5030301735839225e+33,100.0
763300,4.547829322290236e+33,1.234375,4.548284105222465e+33,1.234375,4.548284105222465e+33,100.0
763400,4.593533470235325e+33,1.234375,4.5939928235823483e+33,1.234375,4.5939928235823483e+33,100.0
763500,4.6396969294235055e+33,1.234375,4.640160899116448e+33,1.234375,4.640160899116448e+33,100.0
763600,4.686324315777562e+33,1.234375,4.68679294820914e+33,1.234375,4.68679294820914e+33,100.0
763700,4.733420291608754e+33,1.234375,4.733893633637915e+33,1.234375,4.733893633637915e+33,100.0
763800,4.7809895660829784e+33,1.234375,4.7814676650395865e+33,1.234375,4.7814676650395865e+33,100.0
763900,4.8290368956916765e+33,1.234375,4.8295197993812454e+33,1.234375,4.8295197993812454e+33,100.0
764000,4.877567084727405e+33,1.234375,4.878054841435878e+33,1.234375,4.878054841435878e+33,100.0
764100,4.9265849857642486e+33,1.234375,4.927077644262825e+33,1.234375,4.927077644262825e+33,100.0
764200,4.976095500143014e+33,1.234375,4.9765931096930285e+33,1.234375,4.9765931096930285e+33,100.0
764300,5.026103578461329e+33,1.234375,5.026606188819175e+33,1.234375,5.026606188819175e+33,100.0
764400,5.0766142210686566e+33,1.234375,5.077121882490763e+33,1.234375,5.077121882490763e+33,100.0
764500,5.127632478566283e+33,1.234375,5.1281452418141395e+33,1.234375,5.1281452418141395e+33,100.0
764600,5.179163452312326e+33,1.234375,5.1796813686575577e+33,1.234375,5.1796813686575577e+33,100.0
764700,5.231212294931833e+33,1.234375,5.231735416161327e+33,1.234375,5.231735416161327e+33,100.0
764800,5.283784210831996e+33,1.234375,5.284312589253078e+33,1.234375,5.284312589253078e+33,100.0
764900,5.336884456722527e+33,1.234375,5.3374181451682e+33,1.234375,5.3374181451682e+33,100.0
765000,5.390518342141303e+33,1.234375,5.391057393975517e+33,1.234375,5.391057393975517e+33,100.0
765100,5.444691229985273e+33,1.234375,5.445235699108272e+33,1.234375,5.445235699108272e+33,100.0
765200,5.499408537046665e+33,1.234375,5.499958477900369e+33,1.234375,5.499958477900369e+33,100.0
765300,5.554675734554665e+33,1.234375,5.55523120212812e+33,1.234375,5.55523120212812e+33,100.0
765400,5.610498348722438e+33,1.234375,5.61105939855731e+33,1.234375,5.61105939855731e+33,100.0
765500,5.666881961299738e+33,1.234375,5.667448649495868e+33,1.234375,5.667448649495868e+33,100.0
765600,5.723832210131012e+33,1.234375,5.724404593352025e+33,1.234375,5.724404593352025e+33,100.0
765700,5.781354789719146e+33,1.234375,5.781932925198118e+33,1.234375,5.781932925198118e+33,100.0
765800,5.839455451794847e+33,1.234375,5.840039397340026e+33,1.234375,5.840039397340026e+33,100.0
765900,5.898140005891783e+33,1.234375,5.898729819892373e+33,1.234375,5.898729819892373e+33,100.0
766000,5.95741431992747e+33,1.234375,5.958010061359463e+33,1.234375,5.958010061359463e+33,100.0
766100,6.017284320790003e+33,1.234375,6.017886049222081e+33,1.234375,6.017886049222081e+33,100.0
766200,6.077755994930705e+33,1.234375,6.078363770530198e+33,1.234375,6.078363770530198e+33,100.0
766300,6.13883538896271e+33,1.234375,6.139449272501605e+33,1.234375,6.139449272501605e+33,100.0
766400,6.200528610265571e+33,1.234375,6.201148663126598e+33,1.234375,6.201148663126598e+33,100.0
766500,6.26284182759595e+33,1.234375,6.26346811177871e+33,1.234375,6.26346811177871e+33,100.0
766600,6.325781271704408e+33,1.234375,6.326413849831579e+33,1.234375,6.326413849831579e+33,100.0
766700,6.389353235958474e+33,1.234375,6.389992171282069e+33,1.234375,6.389992171282069e+33,100.0
766800,6.453564076971878e+33,1.234375,6.454209433379574e+33,1.234375,6.454209433379574e+33,100.0
766900,6.518420215240163e+33,1.234375,6.519072057261687e+33,1.234375,6.519072057261687e+33,100.0
767000,6.583928135782693e+33,1.234375,6.58458652859627e+33,1.234375,6.58458652859627e+33,100.0
767100,6.650094388791085e+33,1.234375,6.650759398229965e+33,1.234375,6.650759398229965e+33,100.0
767200,6.71692559028416e+33,1.234375,6.717597282843188e+33,1.234375,6.717597282843188e+33,100.0
767300,6.784428422769502e+33,1.234375,6.785106865611779e+33,1.234375,6.785106865611779e+33,100.0
767400,6.85260963591163e+33,1.234375,6.853294896875222e+33,1.234375,6.853294896875222e+33,100.0
767500,6.921476047206926e+33,1.234375,6.922168194811647e+33,1.234375,6.922168194811647e+33,100.0
767600,6.991034542665282e+33,1.234375,6.991733646119548e+33,1.234375,6.991733646119548e+33,100.0
767700,7.061292077498688e+33,1.234375,7.061998206706438e+33,1.234375,7.061998206706438e+33,100.0
767800,7.132255676816647e+33,1.234375,7.132968902384328e+33,1.234375,7.132968902384328e+33,100.0
767900,7.203932436328646e+33,1.234375,7.204652829572279e+33,1.234375,7.204652829572279e+33,100.0
768000,7.276329523053658e+33,1.234375,7.277057156005963e+33,1.234375,7.277057156005963e+33,100.0
768100,7.349454176036759e+33,1.234375,7.350189121454363e+33,1.234375,7.350189121454363e+33,100.0
768200,7.423313707073002e+33,1.234375,7.42405603844371e+33,1.234375,7.42405603844371e+33,100.0
768300,7.497915501438495e+33,1.234375,7.498665292988639e+33,1.234375,7.498665292988639e+33,100.0
768400,7.573267018628885e+33,1.234375,7.574024345330748e+33,1.234375,7.574024345330748e+33,100.0
768500,7.649375793105222e+33,1.234375,7.650140730684532e+33,1.234375,7.650140730684532e+33,100.0
768600,7.726249435047349e+33,1.234375,7.727022059990854e+33,1.234375,7.727022059990854e+33,100.0
768700,7.803895631114846e+33,1.234375,7.804676020677957e+33,1.234375,7.804676020677957e+33,100.0
768800,7.882322145215619e+33,1.234375,7.883110377430141e+33,1.234375,7.883110377430141e+33,100.0
768900,7.961536819282231e+33,1.234375,7.962332972964159e+33,1.234375,7.962332972964159e+33,100.0
769000,8.041547574056006e+33,1.234375,8.042351728813412e+33,1.234375,8.042351728813412e+33,100.0
769100,8.122362409879041e+33,1.234375,8.123174646120029e+33,1.234375,8.123174646120029e+33,100.0
769200,8.203989407494195e+33,1.234375,8.204809806434944e+33,1.234375,8.204809806434944e+33,100.0
769300,8.286436728853044e+33,1.234375,8.28726537252593e+33,1.234375,8.28726537252593e+33,100.0
769400,8.369712617932006e+33,1.234375,8.370549589193799e+33,1.234375,8.370549589193799e+33,100.0
769500,8.453825401556693e+33,1.234375,8.454670784096848e+33,1.234375,8.454670784096848e+33,100.0
769600,8.538783490234501e+33,1.234375,8.539637368583525e+33,1.234375,8.539637368583525e+33,100.0
769700,8.624595378995588e+33,1.234375,8.625457838533487e+33,1.234375,8.625457838533487e+33,100.0
769800,8.711269648242272e+33,1.234375,8.712140775207096e+33,1.234375,8.712140775207096e+33,100.0
769900,8.798814964607028e+33,1.234375,8.799694846103488e+33,1.234375,8.799694846103488e+33,100.0
770000,8.88724008181906e+33,1.234375,8.888128805827243e+33,1.234375,8.888128805827243e+33,100.0
770100,8.976553841579602e+33,1.234375,8.97745149696376e+33,1.234375,8.97745149696376e+33,100.0
770200,9.066765174445981e+33,1.234375,9.067671850963426e+33,1.234375,9.067671850963426e+33,100.0
770300,9.157883100724609e+33,1.234375,9.158798889034682e+33,1.234375,9.158798889034682e+33,100.0
770400,9.24991673137295e+33,1.234375,9.250841723046087e+33,1.234375,9.250841723046087e+33,100.0
770500,9.34287526891049e+33,1.234375,9.343809556437381e+33,1.234375,9.343809556437381e+33,100.0
770600,9.436768008338919e+33,1.234375,9.437711685139753e+33,1.234375,9.437711685139753e+33,100.0
770700,9.531604338071586e+33,1.234375,9.532557498505394e+33,1.234375,9.532557498505394e+33,100.0
770800,9.627393740872191e+33,1.234375,9.628356480246278e+33,1.234375,9.628356480246278e+33,100.0
770900,9.72414579480302e+33,1.234375,9.7251182093825e+33,1.234375,9.7251182093825e+33,100.0
771000,9.821870174182639e+33,1.234375,9.822852361200057e+33,1.234375,9.822852361200057e+33,100.0
771100,9.920576650553268e+33,1.234375,9.921568708218324e+33,1.234375,9.921568708218324e+33,100.0
771200,1.0020275093657802e+34,1.234375,1.0021277121167168e+34,1.234375,1.0021277121167168e+34,100.0
771300,1.0120975472426726e+34,1.234375,1.0121987569973969e+34,1.234375,1.0121987569973969e+34,100.0
771400,1.0222687855974895e+34,1.234375,1.0223710124760493e+34,1.234375,1.0223710124760493e+34,100.0
771500,1.0325422414608385e+34,1.234375,1.0326454956849846e+34,1.234375,1.0326454956849846e+34,100.0
771600,1.0429189420841409e+34,1.234375,1.0430232339783494e+34,1.234375,1.0430232339783494e+34,100.0
771700,1.0533999250423464e+34,1.234375,1.0535052650348507e+34,1.234375,1.0535052650348507e+34,100.0
771800,1.0639862383376817e+34,1.234375,1.0640926369615155e+34,1.234375,1.0640926369615155e+34,100.0
771900,1.0746789405044444e+34,1.234375,1.0747864083984949e+34,1.234375,1.0747864083984949e+34,100.0
772000,1.0854791007148426e+34,1.234375,1.085587648624914e+34,1.234375,1.085587648624914e+34,100.0
772100,1.0963877988859057e+34,1.234375,1.0964974376657942e+34,1.234375,1.0964974376657942e+34,100.0
772200,1.1074061257874612e+34,1.234375,1.10751686640004e+34,1.234375,1.10751686640004e+34,100.0
772300,1.118535183151207e+34,1.234375,1.1186470366695222e+34,1.234375,1.1186470366695222e+34,100.0
772400,1.1297760837808697e+34,1.234375,1.1298890613892478e+34,1.234375,1.1298890613892478e+34,100.0
772500,1.1411299516634791e+34,1.234375,1.1412440646586456e+34,1.234375,1.1412440646586456e+34,100.0
772600,1.1525979220817564e+34,1.234375,1.1527131818739645e+34,1.234375,1.1527131818739645e+34,100.0
772700,1.1641811417276278e+34,1.234375,1.1642975598418005e+34,1.234375,1.1642975598418005e+34,100.0
772800,1.175880768816888e+34,1.234375,1.1759983568937697e+34,1.234375,1.1759983568937697e+34,100.0
772900,1.1876979732050077e+34,1.234375,1.1878167430023281e+34,1.234375,1.1878167430023281e+34,100.0
773000,1.1996339365041102e+34,1.234375,1.1997538998977606e+34,1.234375,1.1997538998977606e+34,100.0
773100,1.2116898522011234e+34,1.234375,1.2118110211863435e+34,1.234375,1.2118110211863435e+34,100.0
773200,1.2238669257771116e+34,1.234375,1.2239893124696892e+34,1.234375,1.2239893124696892e+34,100.0
773300,1.2361663748278167e+34,1.234375,1.2362899914652995e+34,1.234375,1.2362899914652995e+34,100.0
773400,1.248589429185411e+34,1.234375,1.2487142881283295e+34,1.234375,1.2487142881283295e+34,100.0
773500,1.2611373310414603e+34,1.234375,1.2612634447745644e+34,1.234375,1.2612634447745644e+34,100.0
773600,1.273811335071138e+34,1.234375,1.2739387162046451e+34,1.234375,1.2739387162046451e+34,100.0
773700,1.2866127085586781e+34,1.234375,1.286741369829534e+34,1.234375,1.286741369829534e+34,100.0
773800,1.299542731524093e+34,1.234375,1.2996726857972453e+34,1.234375,1.2996726857972453e+34,100.0
773900,1.312602696851162e+34,1.234375,1.312733957120847e+34,1.234375,1.312733957120847e+34,100.0
774000,1.3257939104167116e+34,1.234375,1.3259264898077534e+34,1.234375,1.3259264898077534e+34,100.0
774100,1.3391176912211922e+34,1.234375,1.3392516029903143e+34,1.234375,1.3392516029903143e+34,100.0
774200,1.3525753715205575e+34,1.234375,1.3527106290577095e+34,1.234375,1.3527106290577095e+34,100.0
774300,1.3661682969594844e+34,1.234375,1.3663049137891804e+34,1.234375,1.3663049137891804e+34,100.0
774400,1.379897826705927e+34,1.234375,1.3800358164885977e+34,1.234375,1.3800358164885977e+34,100.0
774500,1.3937653335870148e+34,1.234375,1.3939047101203735e+34,1.234375,1.3939047101203735e+34,100.0
774600,1.4077722042263282e+34,1.234375,1.4079129814467509e+34,1.234375,1.4079129814467509e+34,100.0
774700,1.4219198391825456e+34,1.234375,1.4220620311664639e+34,1.234375,1.4220620311664639e+34,100.0
774800,1.4362096530894859e+34,1.234375,1.436353274054795e+34,1.234375,1.436353274054795e+34,100.0
774900,1.4506430747975617e+34,1.234375,1.4507881391050415e+34,1.234375,1.4507881391050415e+34,100.0
775000,1.465221547516647e+34,1.234375,1.4653680696713987e+34,1.234375,1.4653680696713987e+34,100.0
775100,1.47994652896039e+34,1.234375,1.4800945236132858e+34,1.234375,1.4800945236132858e+34,100.0
775200,1.4948194914919657e+34,1.234375,1.494968973441115e+34,1.234375,1.494968973441115e+34,100.0
775300,1.5098419222713027e+34,1.234375,1.5099929064635297e+34,1.234375,1.5099929064635297e+34,100.0
775400,1.5250153234037868e+34,1.234375,1.525167824936127e+34,1.234375,1.525167824936127e+34,100.0
775500,1.5403412120904534e+34,1.234375,1.5404952462116625e+34,1.234375,1.5404952462116625e+34,100.0
775600,1.5558211207796916e+34,1.234375,1.5559767028917695e+34,1.234375,1.5559767028917695e+34,100.0
775700,1.571456597320486e+34,1.234375,1.5716137429802182e+34,1.234375,1.5716137429802182e+34,100.0
775800,1.587249205117177e+34,1.234375,1.5874079300376885e+34,1.234375,1.5874079300376885e+34,100.0
775900,1.60320052328579e+34,1.234375,1.6033608433381184e+34,1.234375,1.6033608433381184e+34,100.0
776000,1.6193121468119324e+34,1.234375,1.6194740780266136e+34,1.234375,1.6194740780266136e+34,100.0
776100,1.6355856867102812e+34,1.234375,1.6357492452789522e+34,1.234375,1.6357492452789522e+34,100.0
776200,1.6520227701856623e+34,1.234375,1.6521879724626808e+34,1.234375,1.6521879724626808e+34,100.0
776300,1.668625040795763e+34,1.234375,1.6687919032998427e+34,1.234375,1.6687919032998427e+34,100.0
776400,1.6853941586154712e+34,1.234375,1.6855626980313327e+34,1.234375,1.6855626980313327e+34,100.0
776500,1.7023318004028617e+34,1.234375,1.702502033582902e+34,1.234375,1.702502033582902e+34,100.0
776600,1.719439659766867e+34,1.234375,1.7196116037328437e+34,1.234375,1.7196116037328437e+34,100.0
776700,1.7367194473366128e+34,1.234375,1.7368931192813465e+34,1.234375,1.7368931192813465e+34,100.0
776800,1.7541728909324716e+34,1.234375,1.754348308221565e+34,1.234375,1.754348308221565e+34,100.0
776900,1.7718017357388248e+34,1.234375,1.7719789159123988e+34,1.234375,1.7719789159123988e+34,100.0
777000,1.7896077444785704e+34,1.234375,1.7897867052530182e+34,1.234375,1.7897867052530182e+34,100.0
777100,1.8075926975893736e+34,1.234375,1.8077734568591325e+34,1.234375,1.8077734568591325e+34,100.0
777200,1.8257583934016962e+34,1.234375,1.8259409692410364e+34,1.234375,1.8259409692410364e+34,100.0
777300,1.8441066483186136e+34,1.234375,1.8442910589834455e+34,1.234375,1.8442910589834455e+34,100.0
777400,1.8626392969974405e+34,1.234375,1.8628255609271404e+34,1.234375,1.8628255609271404e+34,100.0
777500,1.881358192533176e+34,1.234375,1.8815463283524292e+34,1.234375,1.8815463283524292e+34,100.0
777600,1.9002652066437975e+34,1.234375,1.900455233164462e+34,1.234375,1.900455233164462e+34,100.0
777700,1.9193622298574162e+34,1.234375,1.9195541660804019e+34,1.234375,1.9195541660804019e+34,100.0
777800,1.938651171701311e+34,1.234375,1.938845036818481e+34,1.234375,1.938845036818481e+34,100.0
777900,1.9581339608928654e+34,1.234375,1.9583297742889547e+34,1.234375,1.9583297742889547e+34,100.0
778000,1.9778125455324226e+34,1.234375,1.9780103267869758e+34,1.234375,1.9780103267869758e+34,100.0
778100,1.997688893298072e+34,1.234375,1.9978886621874017e+34,1.234375,1.9978886621874017e+34,100.0
778200,2.017764991642408e+34,1.234375,2.0179667681415722e+34,1.234375,2.0179667681415722e+34,100.0
778300,2.0380428479912478e+34,1.234375,2.0382466522760468e+34,1.234375,2.0382466522760468e+34,100.0
778400,2.058524489944361e+34,1.234375,2.0587303423933553e+34,1.234375,2.0587303423933553e+34,100.0
778500,2.079211965478211e+34,1.234375,2.079419886674759e+34,1.234375,2.079419886674759e+34,100.0
778600,2.1001073431507293e+34,1.234375,2.1003173538850442e+34,1.234375,2.1003173538850442e+34,100.0
778700,2.121212712308162e+34,1.234375,2.121424833579393e+34,1.234375,2.121424833579393e+34,100.0
778800,2.14253018329397e+34,1.234375,2.1427444363122998e+34,1.234375,2.1427444363122998e+34,100.0
778900,2.164061887659861e+34,1.234375,2.164278293848627e+34,1.234375,2.164278293848627e+34,100.0
779000,2.1858099783789126e+34,1.234375,2.1860285593767506e+34,1.234375,2.1860285593767506e+34,100.0
779100,2.2077766300608547e+34,1.234375,2.207997407723861e+34,1.234375,2.207997407723861e+34,100.0
779200,2.2299640391695125e+34,1.234375,2.2301870355734293e+34,1.234375,2.2301870355734293e+34,100.0
779300,2.2523744242424292e+34,1.234375,2.2525996616848535e+34,1.234375,2.2525996616848535e+34,100.0
779400,2.275010026112702e+34,1.234375,2.275237527115313e+34,1.234375,2.275237527115313e+34,100.0
779500,2.2978731081330387e+34,1.234375,2.298102895443852e+34,1.234375,2.298102895443852e+34,100.0
779600,2.3209659564020817e+34,1.234375,2.3211980529977218e+34,1.234375,2.3211980529977218e+34,100.0
779700,2.344290879992991e+34,1.234375,2.3445253090809904e+34,1.234375,2.3445253090809904e+34,100.0
779800,2.36785021118433e+34,1.234375,2.3680869962054483e+34,1.234375,2.3680869962054483e+34,100.0
779900,2.3916463056932754e+34,1.234375,2.3918854703238447e+34,1.234375,2.3918854703238447e+34,100.0
780000,2.4156815429111683e+34,1.234375,2.415923111065459e+34,1.234375,2.415923111065459e+34,100.0
780100,2.4399583261414214e+34,1.234375,2.4402023219740353e+34,1.234375,2.4402023219740353e+34,100.0
780200,2.464479082839841e+34,1.234375,2.464725530748125e+34,1.234375,2.464725530748125e+34,100.0
780300,2.489246264857341e+34,1.234375,2.489495189483827e+34,1.234375,2.489495189483827e+34,100.0
780400,2.5142623486851085e+34,1.234375,2.514513774919977e+34,1.234375,2.514513774919977e+34,100.0
780500,2.539529835702236e+34,1.234375,2.5397837886858063e+34,1.234375,2.5397837886858063e+34,100.0
780600,2.565051252425821e+34,1.234375,2.5653077575510633e+34,1.234375,2.5653077575510633e+34,100.0
780700,2.5908291507636054e+34,1.234375,2.5910882336786816e+34,1.234375,2.5910882336786816e+34,100.0
780800,2.6168661082691507e+34,1.234375,2.6171277948799777e+34,1.234375,2.6171277948799777e+34,100.0
780900,2.643164728399553e+34,1.234375,2.643429044872393e+34,1.234375,2.643429044872393e+34,100.0
781000,2.6697276407757767e+34,1.234375,2.6699946135398544e+34,1.234375,2.6699946135398544e+34,100.0
781100,2.696557501445584e+34,1.234375,2.6968271571957287e+34,1.234375,2.6968271571957287e+34,100.0
781200,2.723656993149121e+34,1.234375,2.7239293588484355e+34,1.234375,2.7239293588484355e+34,100.0
781300,2.751028825587167e+34,1.234375,2.7513039284697257e+34,1.234375,2.7513039284697257e+34,100.0
781400,2.7786757356920777e+34,1.234375,2.778953603265647e+34,1.234375,2.778953603265647e+34,100.0
781500,2.8066004879014543e+34,1.234375,2.8068811479502443e+34,1.234375,2.8068811479502443e+34,100.0
781600,2.834805874434564e+34,1.234375,2.8350893550220074e+34,1.234375,2.8350893550220074e+34,100.0
781700,2.8632947155715274e+34,1.234375,2.8635810450430846e+34,1.234375,2.8635810450430846e+34,100.0
781800,2.8920698599353385e+34,1.234375,2.892359066921332e+34,1.234375,2.892359066921332e+34,100.0
781900,2.9211341847766746e+34,1.234375,2.921426298195152e+34,1.234375,2.921426298195152e+34,100.0
782000,2.950490596261626e+34,1.234375,2.9507856453212524e+34,1.234375,2.9507856453212524e+34,100.0
782100,2.980142029762261e+34,1.234375,2.980440043965237e+34,1.234375,2.980440043965237e+34,100.0
782200,3.0100914501501458e+34,1.234375,3.0103924592951605e+34,1.234375,3.0103924592951605e+34,100.0
782300,3.0403418520928093e+34,1.234375,3.0406458862780183e+34,1.234375,3.0406458862780183e+34,100.0
782400,3.0708962603531712e+34,1.234375,3.0712033499792063e+34,1.234375,3.0712033499792063e+34,100.0
782500,3.101757730091995e+34,1.234375,3.1020679058650044e+34,1.234375,3.1020679058650044e+34,100.0
782600,3.1329293471733825e+34,1.234375,3.1332426401081e+34,1.234375,3.1332426401081e+34,100.0
782700,3.1644142284733293e+34,1.234375,3.1647306698961766e+34,1.234375,3.1647306698961766e+34,100.0
782800,3.1962155221913757e+34,1.234375,3.1965351437435946e+34,1.234375,3.1965351437435946e+34,100.0
782900,3.2283364081654043e+34,1.234375,3.2286592418062206e+34,1.234375,3.2286592418062206e+34,100.0
783000,3.2607800981895956e+34,1.234375,3.2611061761994146e+34,1.234375,3.2611061761994146e+34,100.0
783100,3.2935498363355722e+34,1.234375,3.293879191319206e+34,1.234375,3.293879191319206e+34,100.0
783200,3.3266488992767893e+34,1.234375,3.326981564166717e+34,1.234375,3.326981564166717e+34,100.0
783300,3.360080596616156e+34,1.234375,3.360416604675817e+34,1.234375,3.360416604675817e+34,100.0
783400,3.3938482712169743e+34,1.234375,3.394187656044096e+34,1.234375,3.394187656044096e+34,100.0
783500,3.4279552995371937e+34,1.234375,3.4282980950671473e+34,1.234375,3.4282980950671473e+34,100.0
783600,3.462405091967025e+34,1.234375,3.462751332476222e+34,1.234375,3.462751332476222e+34,100.0
783700,3.4972010931699456e+34,1.234375,3.4975508132792627e+34,1.234375,3.4975508132792627e+34,100.0
783800,3.532346782427141e+34,1.234375,3.5327000171053835e+34,1.234375,3.5327000171053835e+34,100.0
783900,3.5678456739853894e+34,1.234375,3.568202458552788e+34,1.234375,3.568202458552788e+34,100.0
784000,3.6037013174084695e+34,1.234375,3.6040616875402105e+34,1.234375,3.6040616875402105e+34,100.0
784100,3.6399172979320733e+34,1.234375,3.6402812896618665e+34,1.234375,3.6402812896618665e+34,100.0
784200,3.6764972368223025e+34,1.234375,3.676864886545985e+34,1.234375,3.676864886545985e+34,100.0
784300,3.713444791737759e+34,1.234375,3.7138161362169327e+34,1.234375,3.7138161362169327e+34,100.0
784400,3.750763657095272e+34,1.234375,3.7511387334609813e+34,1.234375,3.7511387334609813e+34,100.0
784500,3.788457564439316e+34,1.234375,3.78883641019576e+34,1.234375,3.78883641019576e+34,100.0
784600,3.82653028281513e+34,1.234375,3.8269129358434114e+34,1.234375,3.8269129358434114e+34,100.0
784700,3.864985619145577e+34,1.234375,3.8653721177074913e+34,1.234375,3.8653721177074913e+34,100.0
784800,3.903827418611812e+34,1.234375,3.904217801353673e+34,1.234375,3.904217801353673e+34,100.0
784900,3.9430595650377627e+34,1.234375,3.9434538709942666e+34,1.234375,3.9434538709942666e+34,100.0
785000,3.9826859812784716e+34,1.234375,3.9830842498765995e+34,1.234375,3.9830842498765995e+34,100.0
785100,4.0227106296123535e+34,1.234375,4.0231129006753146e+34,1.234375,4.0231129006753146e+34,100.0
785200,4.0631375121373767e+34,1.234375,4.0635438258885903e+34,1.234375,4.0635438258885903e+34,100.0
785300,4.1039706711712445e+34,1.234375,4.1043810682383615e+34,1.234375,4.1043810682383615e+34,100.0
785400,4.145214189655586e+34,1.234375,4.145628711074551e+34,1.234375,4.145628711074551e+34,100.0
785500,4.186872191564216e+34,1.234375,4.187290878783372e+34,1.234375,4.187290878783372e+34,100.0
785600,4.228948842315492e+34,1.234375,4.229371737199723e+34,1.234375,4.229371737199723e+34,100.0
785700,4.271448349188819e+34,1.234375,4.271875494023738e+34,1.234375,4.271875494023738e+34,100.0
785800,4.314374961745337e+34,1.234375,4.314806399241511e+34,1.234375,4.314806399241511e+34,100.0
785900,4.357732972252842e+34,1.234375,4.358168745550068e+34,1.234375,4.358168745550068e+34,100.0
786000,4.401526716114965e+34,1.234375,4.401966868786576e+34,1.234375,4.401966868786576e+34,100.0
786100,4.445760572304678e+34,1.234375,4.446205148361908e+34,1.234375,4.446205148361908e+34,100.0
786200,4.490438963802169e+34,1.234375,4.490888007698549e+34,1.234375,4.490888007698549e+34,100.0
786300,4.535566358037061e+34,1.234375,4.536019914672865e+34,1.234375,4.536019914672865e+34,100.0
786400,4.5811472673351485e+34,1.234375,4.581605382061882e+34,1.234375,4.581605382061882e+34,100.0
786500,4.627186249369565e+34,1.234375,4.627648967994501e+34,1.234375,4.627648967994501e+34,100.0
786600,4.673687907616529e+34,1.234375,4.674155276407291e+34,1.234375,4.674155276407291e+34,100.0
786700,4.720656891815635e+34,1.234375,4.721128957504816e+34,1.234375,4.721128957504816e+34,100.0
786800,4.768097898434786e+34,1.234375,4.76857470822463e+34,1.234375,4.76857470822463e+34,100.0
786900,4.816015671139808e+34,1.234375,4.816497272706922e+34,1.234375,4.816497272706922e+34,100.0
787000,4.864415001268753e+34,1.234375,4.86490144276888e+34,1.234375,4.86490144276888e+34,100.0
787100,4.913300728311022e+34,1.234375,4.913792058383853e+34,1.234375,4.913792058383853e+34,100.0
787200,4.962677740391227e+34,1.234375,4.963174008165266e+34,1.234375,4.963174008165266e+34,100.0
787300,5.012550974757993e+34,1.234375,5.013052229855469e+34,1.234375,5.013052229855469e+34,100.0
787400,5.062925418277626e+34,1.234375,5.063431710819454e+34,1.234375,5.063431710819454e+34,100.0
787500,5.113806107932748e+34,1.234375,5.114317488543541e+34,1.234375,5.114317488543541e+34,100.0
787600,5.165198131325955e+34,1.234375,5.165714651139087e+34,1.234375,5.165714651139087e+34,100.0
787700,5.217106627188533e+34,1.234375,5.217628337851252e+34,1.234375,5.217628337851252e+34,100.0
787800,5.269536785894279e+34,1.234375,5.270063739572869e+34,1.234375,5.270063739572869e+34,100.0
787900,5.322493849978492e+34,1.234375,5.3230260993634905e+34,1.234375,5.3230260993634905e+34,100.0
788000,5.3759831146621835e+34,1.234375,5.3765207129736495e+34,1.234375,5.3765207129736495e+34,100.0
788100,5.430009928381542e+34,1.234375,5.43055292937438e+34,1.234375,5.43055292937438e+34,100.0
788200,5.484579693322735e+34,1.234375,5.485128151292067e+34,1.234375,5.485128151292067e+34,100.0
788300,5.539697865962076e+34,1.234375,5.540251835748673e+34,1.234375,5.540251835748673e+34,100.0
788400,5.595369957611619e+34,1.234375,5.59592949460738e+34,1.234375,5.59592949460738e+34,100.0
788500,5.651601534970245e+34,1.234375,5.652166695123742e+34,1.234375,5.652166695123742e+34,100.0
788600,5.708398220680269e+34,1.234375,5.708969060502337e+34,1.234375,5.708969060502337e+34,100.0
788700,5.765765693889679e+34,1.234375,5.766342270459068e+34,1.234375,5.766342270459068e+34,100.0
788800,5.823709690819964e+34,1.234375,5.824292061789046e+34,1.234375,5.824292061789046e+34,100.0
788900,5.8822360053397055e+34,1.234375,5.882824228940239e+34,1.234375,5.882824228940239e+34,100.0
789000,5.941350489543911e+34,1.234375,5.941944624592866e+34,1.234375,5.941944624592866e+34,100.0
789100,6.0010590543391655e+34,1.234375,6.0016591602445995e+34,1.234375,6.0016591602445995e+34,100.0
789200,6.061367670034662e+34,1.234375,6.061973806801665e+34,1.234375,6.061973806801665e+34,100.0
789300,6.122282366939188e+34,1.234375,6.122894595175882e+34,1.234375,6.122894595175882e+34,100.0
789400,6.183809235964095e+34,1.234375,6.1844276168876915e+34,1.234375,6.1844276168876915e+34,100.0
789500,6.245954429232336e+34,1.234375,6.24657902467526e+34,1.234375,6.24657902467526e+34,100.0
789600,6.308724160693617e+34,1.234375,6.309355033109687e+34,1.234375,6.309355033109687e+34,100.0
789700,6.37212470674575e+34,1.234375,6.372761919216424e+34,1.234375,6.372761919216424e+34,100.0
789800,6.436162406862212e+34,1.234375,6.436806023102898e+34,1.234375,6.436806023102898e+34,100.0
789900,6.500843664226048e+34,1.234375,6.50149374859247e+34,1.234375,6.50149374859247e+34,100.0
790000,6.566174946370124e+34,1.234375,6.566831563864761e+34,1.234375,6.566831563864761e+34,100.0
790100,6.632162785823846e+34,1.234375,6.6328260021024285e+34,1.234375,6.6328260021024285e+34,100.0
790200,6.698813780766322e+34,1.234375,6.699483662144398e+34,1.234375,6.699483662144398e+34,100.0
790300,6.766134595686122e+34,1.234375,6.766811209145691e+34,1.234375,6.766811209145691e+34,100.0
790400,6.834131962047681e+34,1.234375,6.834815375243886e+34,1.234375,6.834815375243886e+34,100.0
790500,6.902812678964381e+34,1.234375,6.903502960232277e+34,1.234375,6.903502960232277e+34,100.0
790600,6.97218361387839e+34,1.234375,6.972880832239778e+34,1.234375,6.972880832239778e+34,100.0
790700,7.042251703247357e+34,1.234375,7.042955928417681e+34,1.234375,7.042955928417681e+34,100.0
790800,7.113023953237966e+34,1.234375,7.11373525563329e+34,1.234375,7.11373525563329e+34,100.0
790900,7.18450744042654e+34,1.234375,7.185225891170582e+34,1.234375,7.185225891170582e+34,100.0
791000,7.256709312506579e+34,1.234375,7.257434983437829e+34,1.234375,7.257434983437829e+34,100.0
791100,7.329636789003486e+34,1.234375,7.330369752682386e+34,1.234375,7.330369752682386e+34,100.0
791200,7.403297161996478e+34,1.234375,7.4040374917126775e+34,1.234375,7.4040374917126775e+34,100.0
791300,7.477697796847688e+34,1.234375,7.478445566627373e+34,1.234375,7.478445566627373e+34,100.0
791400,7.552846132938643e+34,1.234375,7.553601417551937e+34,1.234375,7.553601417551937e+34,100.0
791500,7.628749684414161e+34,1.234375,7.629512559382603e+34,1.234375,7.629512559382603e+34,100.0
791600,7.705416040933653e+34,1.234375,7.706186582537746e+34,1.234375,7.706186582537746e+34,100.0
791700,7.78285286843006e+34,1.234375,7.783631153716903e+34,1.234375,7.783631153716903e+34,100.0
791800,7.8610679098763525e+34,1.234375,7.86185401666734e+34,1.234375,7.86185401666734e+34,100.0
791900,7.94006898605976e+34,1.234375,7.940862992958366e+34,1.234375,7.940862992958366e+34,100.0
792000,8.019863996363779e+34,1.234375,8.020665982763415e+34,1.234375,8.020665982763415e+34,100.0
792100,8.100460919558052e+34,1.234375,8.101270965650008e+34,1.234375,8.101270965650008e+34,100.0
792200,8.181867814596153e+34,1.234375,8.182686001377612e+34,1.234375,8.182686001377612e+34,100.0
792300,8.264092821421417e+34,1.234375,8.264919230703559e+34,1.234375,8.264919230703559e+34,100.0
792400,8.347144161780855e+34,1.234375,8.347978876197034e+34,1.234375,8.347978876197034e+34,100.0
792500,8.431030140047271e+34,1.234375,8.431873243061275e+34,1.234375,8.431873243061275e+34,100.0
792600,8.515759144049606e+34,1.234375,8.51661071996401e+34,1.234375,8.51661071996401e+34,100.0
792700,8.60133964591162e+34,1.234375,8.602199779876211e+34,1.234375,8.602199779876211e+34,100.0
792800,8.68778020289909e+34,1.234375,8.68864898091938e+34,1.234375,8.68864898091938e+34,100.0
792900,8.775089458275395e+34,1.234375,8.775966967221223e+34,1.234375,8.775966967221223e+34,100.0
793000,8.863276142165816e+34,1.234375,8.864162469780033e+34,1.234375,8.864162469780033e+34,100.0
793100,8.952349072430424e+34,1.234375,8.953244307337667e+34,1.234375,8.953244307337667e+34,100.0
793200,9.042317155545812e+34,1.234375,9.043221387261366e+34,1.234375,9.043221387261366e+34,100.0
793300,9.133189387495664e+34,1.234375,9.134102706434413e+34,1.234375,9.134102706434413e+34,100.0
793400,9.224974854670234e+34,1.234375,9.225897352155701e+34,1.234375,9.225897352155701e+34,100.0
793500,9.317682734774949e+34,1.234375,9.318614503048427e+34,1.234375,9.318614503048427e+34,100.0
793600,9.411322297748065e+34,1.234375,9.41226342997784e+34,1.234375,9.41226342997784e+34,100.0
793700,9.505902906687579e+34,1.234375,9.506853496978247e+34,1.234375,9.506853496978247e+34,100.0
793800,9.601434018787471e+34,1.234375,9.60239416218935e+34,1.234375,9.60239416218935e+34,100.0
793900,9.697925186283315e+34,1.234375,9.698894978801942e+34,1.234375,9.698894978801942e+34,100.0
794000,9.795386057407438e+34,1.234375,9.796365596013179e+34,1.234375,9.796365596013179e+34,100.0
794100,9.89382637735365e+34,1.234375,9.894815759991386e+34,1.234375,9.894815759991386e+34,100.0
794200,9.993255989251636e+34,1.234375,9.99425531485056e+34,1.234375,9.99425531485056e+34,100.0
794300,1.0093684835151219e+35,1.234375,1.0094694203634734e+35,1.234375,1.0094694203634734e+35,100.0
794400,1.0195122957016466e+35,1.234375,1.0196142469312168e+35,1.234375,1.0196142469312168e+35,100.0
794500,1.02975804977298e+35,1.234375,1.0298610255779573e+35,1.234375,1.0298610255779573e+35,100.0
794600,1.0401067702106156e+35,1.234375,1.0402107808876368e+35,1.234375,1.0402107808876368e+35,100.0
794700,1.0505594917917446e+35,1.234375,1.0506645477409238e+35,1.234375,1.0506645477409238e+35,100.0
794800,1.0611172596927148e+35,1.234375,1.061223371418684e+35,1.234375,1.061223371418684e+35,100.0
794900,1.0717811295935438e+35,1.234375,1.0718883077065032e+35,1.234375,1.0718883077065032e+35,100.0
795000,1.0825521677834793e+35,1.234375,1.0826604230002577e+35,1.234375,1.0826604230002577e+35,100.0
795100,1.0934314512676134e+35,1.234375,1.0935407944127401e+35,1.234375,1.0935407944127401e+35,100.0
795200,1.1044200678745757e+35,1.234375,1.1045305098813631e+35,1.234375,1.1045305098813631e+35,100.0
795300,1.115519116365306e+35,1.234375,1.1156306682769425e+35,1.234375,1.1156306682769425e+35,100.0
795400,1.1267297065429202e+35,1.234375,1.1268423795135745e+35,1.234375,1.1268423795135745e+35,100.0
795500,1.1380529593636817e+35,1.234375,1.1381667646596181e+35,1.234375,1.1381667646596181e+35,100.0
795600,1.1494900070490832e+35,1.234375,1.149604956049788e+35,1.234375,1.149604956049788e+35,100.0
795700,1.1610419931990649e+35,1.234375,1.1611580973983848e+35,1.234375,1.1611580973983848e+35,100.0
795800,1.172710072906354e+35,1.234375,1.1728273439136445e+35,1.234375,1.1728273439136445e+35,100.0
795900,1.1844954128719737e+35,1.234375,1.1846138624132608e+35,1.234375,1.1846138624132608e+35,100.0
796000,1.1963991915218977e+35,1.234375,1.19651883144105e+35,1.234375,1.19651883144105e+35,100.0
796100,1.2084225991248823e+35,1.234375,1.2085434413847948e+35,1.234375,1.2085434413847948e+35,100.0
796200,1.2205668379114819e+35,1.234375,1.220688894595273e+35,1.234375,1.220688894595273e+35,100.0
796300,1.2328331221942612e+35,1.234375,1.2329564055064806e+35,1.234375,1.2329564055064806e+35,100.0
796400,1.245222678489219e+35,1.234375,1.2453472007570679e+35,1.234375,1.2453472007570679e+35,100.0
796500,1.257736745638421e+35,1.234375,1.2578625193129849e+35,1.234375,1.2578625193129849e+35,100.0
796600,1.2703765749338806e+35,1.234375,1.270503612591374e+35,1.234375,1.270503612591374e+35,100.0
796700,1.2831434302426706e+35,1.234375,1.283271744585695e+35,1.234375,1.283271744585695e+35,100.0
796800,1.2960385881333028e+35,1.234375,1.2961681919921162e+35,1.234375,1.2961681919921162e+35,100.0
796900,1.3090633380033691e+35,1.234375,1.3091942443371694e+35,1.234375,1.3091942443371694e+35,100.0
797000,1.3222189822084749e+35,1.234375,1.3223512041066957e+35,1.234375,1.3223512041066957e+35,100.0
797100,1.3355068361924563e+35,1.234375,1.3356403868760754e+35,1.234375,1.3356403868760754e+35,100.0
797200,1.3489282286189155e+35,1.234375,1.3490631214417774e+35,1.234375,1.3490631214417774e+35,100.0
797300,1.3624845015040779e+35,1.234375,1.3626207499542283e+35,1.234375,1.3626207499542283e+35,100.0
797400,1.3761770103509735e+35,1.234375,1.3763146280520085e+35,1.234375,1.3763146280520085e+35,100.0
797500,1.390007124284984e+35,1.234375,1.3901461249974125e+35,1.234375,1.3901461249974125e+35,100.0
797600,1.4039762261907379e+35,1.234375,1.404116623813357e+35,1.234375,1.404116623813357e+35,100.0
797700,1.4180857128503857e+35,1.234375,1.4182275214216707e+35,1.234375,1.4182275214216707e+35,100.0
797800,1.4323369950832663e+35,1.234375,1.4324802287827746e+35,1.234375,1.4324802287827746e+35,100.0
797900,1.4467314978869777e+35,1.234375,1.4468761710367664e+35,1.234375,1.4468761710367664e+35,100.0
798000,1.461270660579861e+35,1.234375,1.461416787645919e+35,1.234375,1.461416787645919e+35,100.0
798100,1.4759559369449212e+35,1.234375,1.4761035325386157e+35,1.234375,1.4761035325386157e+35,100.0
798200,1.490788795375191e+35,1.234375,1.4909378742547284e+35,1.234375,1.4909378742547284e+35,100.0
798300,1.5057707190205572e+35,1.234375,1.5059212960924592e+35,1.234375,1.5059212960924592e+35,100.0
798400,1.5209032059360607e+35,1.234375,1.5210552962566543e+35,1.234375,1.5210552962566543e+35,100.0
798500,1.5361877692316889e+35,1.234375,1.536341388008612e+35,1.234375,1.536341388008612e+35,100.0
798600,1.551625937223676e+35,1.234375,1.5517810998173983e+35,1.234375,1.5517810998173983e+35,100.0
798700,1.5672192535873161e+35,1.234375,1.5673759755126748e+35,1.234375,1.5673759755126748e+35,100.0
798800,1.5829692775113162e+35,1.234375,1.5831275744390674e+35,1.234375,1.5831275744390674e+35,100.0
798900,1.598877583853708e+35,1.234375,1.5990374716120934e+35,1.234375,1.5990374716120934e+35,100.0
799000,1.6149457632993112e+35,1.234375,1.6151072578756412e+35,1.234375,1.6151072578756412e+35,100.0
799100,1.6311754225187899e+35,1.234375,1.6313385400610418e+35,1.234375,1.6313385400610418e+35,100.0
799200,1.6475681843293073e+35,1.234375,1.6477329411477402e+35,1.234375,1.6477329411477402e+35,100.0
799300,1.6641256878567888e+35,1.234375,1.6642921004255745e+35,1.234375,1.6642921004255745e+35,100.0
799400,1.6808495886998257e+35,1.234375,1.6810176736586955e+35,1.234375,1.6810176736586955e+35,100.0
799500,1.697741559095208e+35,1.234375,1.6979113332511174e+35,1.234375,1.6979113332511174e+35,100.0
799600,1.7148032880851467e+35,1.234375,1.7149747684139553e+35,1.234375,1.7149747684139553e+35,100.0
799700,1.7320364816861527e+35,1.234375,1.7322096853343213e+35,1.234375,1.7322096853343213e+35,100.0
799800,1.7494428630596318e+35,1.234375,1.7496178073459377e+35,1.234375,1.7496178073459377e+35,100.0
799900,1.7670241726841757e+35,1.234375,1.7672008751014442e+35,1.234375,1.7672008751014442e+35,100.0
800000,1.7847821685295944e+35,1.234375,1.7849606467464473e+35,1.234375,1.7849606467464473e+35,100.0
800100,1.802718626232705e+35,1.234375,1.802898898095328e+35,1.234375,1.802898898095328e+35,100.0
800200,1.8208353392748754e+35,1.234375,1.821017422808803e+35,1.234375,1.821017422808803e+35,100.0
800300,1.839134119161354e+35,1.234375,1.83931803257327e+35,1.234375,1.83931803257327e+35,100.0
800400,1.8576167956024047e+35,1.234375,1.8578025572819648e+35,1.234375,1.8578025572819648e+35,100.0
800500,1.8762852166962602e+35,1.234375,1.8764728452179298e+35,1.234375,1.8764728452179298e+35,100.0
800600,1.8951412491139146e+35,1.234375,1.895330763238826e+35,1.234375,1.895330763238826e+35,100.0
800700,1.914186778285778e+35,1.234375,1.9143781969636066e+35,1.234375,1.9143781969636066e+35,100.0
800800,1.9334237085902003e+35,1.234375,1.9336170509610593e+35,1.234375,1.9336170509610593e+35,100.0
800900,1.952853963543887e+35,1.234375,1.9530492489402413e+35,1.234375,1.9530492489402413e+35,100.0
801000,1.9724794859942366e+35,1.234375,1.9726767339428358e+35,1.234375,1.9726767339428358e+35,100.0
801100,1.9923022383136067e+35,1.234375,1.992501468537438e+35,1.234375,1.992501468537438e+35,100.0
801200,2.0123242025955378e+35,1.234375,2.0125254350157974e+35,1.234375,2.0125254350157974e+35,100.0
801300,2.032547380852939e+35,1.234375,2.0327506355910242e+35,1.234375,2.0327506355910242e+35,100.0
801400,2.0529737952182713e+35,1.234375,2.053179092597793e+35,1.234375,2.053179092597793e+35,100.0
801500,2.0736054881457442e+35,1.234375,2.0738128486945587e+35,1.234375,2.0738128486945587e+35,100.0
801600,2.0944445226155403e+35,1.234375,2.0946539670678016e+35,1.234375,2.0946539670678016e+35,100.0
801700,2.1154929823401014e+35,1.234375,2.1157045316383355e+35,1.234375,2.1157045316383355e+35,100.0
801800,2.1367529719724695e+35,1.234375,2.1369666472696666e+35,1.234375,2.1369666472696666e+35,100.0
801900,2.1582266173167417e+35,1.234375,2.1584424399784735e+35,1.234375,2.1584424399784735e+35,100.0
802000,2.179916065540625e+35,1.234375,2.180134057147179e+35,1.234375,2.180134057147179e+35,100.0
802100,2.2018234853901393e+35,1.234375,2.2020436677386782e+35,1.234375,2.2020436677386782e+35,100.0
802200,2.2239510674064673e+35,1.234375,2.224173462513208e+35,1.234375,2.224173462513208e+35,100.0
802300,2.2463010241449906e+35,1.234375,2.2465256542474053e+35,1.234375,2.2465256542474053e+35,100.0
802400,2.2688755903965288e+35,1.234375,2.2691024779555685e+35,1.234375,2.2691024779555685e+35,100.0
802500,2.291677023410787e+35,1.234375,2.291906191113128e+35,1.234375,2.291906191113128e+35,100.0
802600,2.3147076031220723e+35,1.234375,2.3149390738823844e+35,1.234375,2.3149390738823844e+35,100.0
802700,2.3379696323772583e+35,1.234375,2.338203429340496e+35,1.234375,2.338203429340496e+35,100.0
802800,2.3614654371660533e+35,1.234375,2.3617015837097698e+35,1.234375,2.3617015837097698e+35,100.0
802900,2.3851973668535766e+35,1.234375,2.3854358865902618e+35,1.234375,2.3854358865902618e+35,100.0
803000,2.409167794415272e+35,1.234375,2.4094087111947138e+35,1.234375,2.4094087111947138e+35,100.0
803100,2.433379116674184e+35,1.234375,2.4336224545858515e+35,1.234375,2.4336224545858515e+35,100.0
803200,2.4578337545406212e+35,1.234375,2.4580795379160752e+35,1.234375,2.4580795379160752e+35,100.0
803300,2.4825341532542186e+35,1.234375,2.482782406669544e+35,1.234375,2.482782406669544e+35,100.0
803400,2.5074827826284454e+35,1.234375,2.5077335309067083e+35,1.234375,2.5077335309067083e+35,100.0
803500,2.532682137297564e+35,1.234375,2.5329354055112937e+35,1.234375,2.5329354055112937e+35,100.0
803600,2.5581347369660656e+35,1.234375,2.558390550439762e+35,1.234375,2.558390550439762e+35,100.0
803700,2.5838431266606213e+35,1.234375,2.5841015109732874e+35,1.234375,2.5841015109732874e+35,100.0
803800,2.6098098769845594e+35,1.234375,2.6100708579722578e+35,1.234375,2.6100708579722578e+35,100.0
803900,2.636037584374904e+35,1.234375,2.6363011881333413e+35,1.234375,2.6363011881333413e+35,100.0
804000,2.6625288713619917e+35,1.234375,2.662795124249128e+35,1.234375,2.662795124249128e+35,100.0
804100,2.6892863868317035e+35,1.234375,2.6895553154703868e+35,1.234375,2.6895553154703868e+35,100.0
804200,2.7163128062903324e+35,1.234375,2.7165844375709613e+35,1.234375,2.7165844375709613e+35,100.0
804300,2.743610832132099e+35,1.234375,2.7438851932153122e+35,1.234375,2.7438851932153122e+35,100.0
804400,2.7711831939093805e+35,1.234375,2.7714603122287714e+35,1.234375,2.7714603122287714e+35,100.0
804500,2.7990326486056263e+35,1.234375,2.799312551870487e+35,1.234375,2.799312551870487e+35,100.0
804600,2.8271619809110395e+35,1.234375,2.8274446971091305e+35,1.234375,2.8274446971091305e+35,100.0
804700,2.855574003501018e+35,1.234375,2.855859560901368e+35,1.234375,2.855859560901368e+35,100.0
804800,2.8842715573174017e+35,1.234375,2.8845599844731332e+35,1.234375,2.8845599844731332e+35,100.0
804900,2.913257511852534e+35,1.234375,2.913548837603719e+35,1.234375,2.913548837603719e+35,100.0
805000,2.9425347654361835e+35,1.234375,2.942829018912727e+35,1.234375,2.942829018912727e+35,100.0
805100,2.972106245525355e+35,1.234375,2.9724034561499076e+35,1.234375,2.9724034561499076e+35,100.0
805200,3.00197490899701e+35,1.234375,3.0022751064879096e+35,1.234375,3.0022751064879096e+35,100.0
805300,3.0321437424437216e+35,1.234375,3.032446956817966e+35,1.234375,3.032446956817966e+35,100.0
805400,3.0626157624723066e+35,1.234375,3.0629220240485537e+35,1.234375,3.0629220240485537e+35,100.0
805500,3.0933940160054676e+35,1.234375,3.0937033554070682e+35,1.234375,3.0937033554070682e+35,100.0
805600,3.1244815805864472e+35,1.234375,3.124794028744506e+35,1.234375,3.124794028744506e+35,100.0
805700,3.155881564686755e+35,1.234375,3.1561971528432237e+35,1.234375,3.1561971528432237e+35,100.0
805800,3.1875971080169914e+35,1.234375,3.187915867727793e+35,1.234375,3.187915867727793e+35,100.0
805900,3.2196313818407878e+35,1.234375,3.2199533449789717e+35,1.234375,3.2199533449789717e+35,100.0
806000,3.2519875892919034e+35,1.234375,3.2523127880508324e+35,1.234375,3.2523127880508324e+35,100.0
806100,3.2846689656945113e+35,1.234375,3.2849974325910806e+35,1.234375,3.2849974325910806e+35,100.0
806200,3.317678778886696e+35,1.234375,3.3180105467645844e+35,1.234375,3.3180105467645844e+35,100.0
806300,3.3510203295472084e+35,1.234375,3.351355431580163e+35,1.234375,3.351355431580163e+35,100.0
806400,3.384696951525515e+35,1.234375,3.385035421220667e+35,1.234375,3.385035421220667e+35,100.0
806500,3.418712012175129e+35,1.234375,3.419053883376346e+35,1.234375,3.419053883376346e+35,100.0
806600,3.453068912690345e+35,1.234375,3.453414219581614e+35,1.234375,3.453414219581614e+35,100.0
806700,3.487771088446294e+35,1.234375,3.488119865555138e+35,1.234375,3.488119865555138e+35,100.0
806800,3.5228220093424796e+35,1.234375,3.523174291543414e+35,1.234375,3.523174291543414e+35,100.0
806900,3.558225180149715e+35,1.234375,3.55858100266773e+35,1.234375,3.55858100266773e+35,100.0
807000,3.593984140860579e+35,1.234375,3.594343539274665e+35,1.234375,3.594343539274665e+35,100.0
807100,3.630102467043381e+35,1.234375,3.6304654772900854e+35,1.234375,3.6304654772900854e+35,100.0
807200,3.6665837701996824e+35,1.234375,3.666950428576702e+35,1.234375,3.666950428576702e+35,100.0
807300,3.703431698125411e+35,1.234375,3.7038020412952234e+35,1.234375,3.7038020412952234e+35,100.0
807400,3.7406499352756156e+35,1.234375,3.7410240002691434e+35,1.234375,3.7410240002691434e+35,100.0
807500,3.778242203132869e+35,1.234375,3.778620027353183e+35,1.234375,3.778620027353183e+35,100.0
807600,3.8162122605793976e+35,1.234375,3.816593881805455e+35,1.234375,3.816593881805455e+35,100.0
807700,3.8545639042729076e+35,1.234375,3.854949360663335e+35,1.234375,3.854949360663335e+35,100.0
807800,3.893300969026246e+35,1.234375,3.8936902991231485e+35,1.234375,3.8936902991231485e+35,100.0
807900,3.932427328190827e+35,1.234375,3.932820570923646e+35,1.234375,3.932820570923646e+35,100.0
808000,3.9719468940439346e+35,1.234375,3.972344088733339e+35,1.234375,3.972344088733339e+35,100.0
808100,4.011863618179923e+35,1.234375,4.012264804541741e+35,1.234375,4.012264804541741e+35,100.0
808200,4.0521814919053336e+35,1.234375,4.0525867100545244e+35,1.234375,4.0525867100545244e+35,100.0
808300,4.092904546637982e+35,1.234375,4.0933138370926455e+35,1.234375,4.0933138370926455e+35,100.0
808400,4.134036854310087e+35,1.234375,4.1344502579955175e+35,1.234375,4.1344502579955175e+35,100.0
808500,4.175582527775395e+35,1.234375,4.176000086028173e+35,1.234375,4.176000086028173e+35,100.0
808600,4.2175457212204504e+35,1.234375,4.2179674757925725e+35,1.234375,4.2179674757925725e+35,100.0
808700,4.25993063057997e+35,1.234375,4.260356623643028e+35,1.234375,4.260356623643028e+35,100.0
808800,4.30274149395639e+35,1.234375,4.303171768105786e+35,1.234375,4.303171768105786e+35,100.0
808900,4.345982592043648e+35,1.234375,4.346417190302853e+35,1.234375,4.346417190302853e+35,100.0
809000,4.389658248555205e+35,1.234375,4.390097214380061e+35,1.234375,4.390097214380061e+35,100.0
809100,4.433772830656387e+35,1.234375,4.4342162079394524e+35,1.234375,4.4342162079394524e+35,100.0
809200,4.478330749401057e+35,1.234375,4.478778582475997e+35,1.234375,4.478778582475997e+35,100.0
809300,4.5233364601726735e+35,1.234375,4.5237887938186906e+35,1.234375,4.5237887938186906e+35,100.0
809400,4.568794463129795e+35,1.234375,4.5692513425761086e+35,1.234375,4.5692513425761086e+35,100.0
809500,4.6147093036560504e+35,1.234375,4.615170774586416e+35,1.234375,4.615170774586416e+35,100.0
809600,4.661085572814641e+35,1.234375,4.6615516813719226e+35,1.234375,4.6615516813719226e+35,100.0
809700,4.707927907807406e+35,1.234375,4.708398700598187e+35,1.234375,4.708398700598187e+35,100.0
809800,4.755240992438489e+35,1.234375,4.755716516537733e+35,1.234375,4.755716516537733e+35,100.0
809900,4.803029557582687e+35,1.234375,4.803509860538445e+35,1.234375,4.803509860538445e+35,100.0
810000,4.85129838165849e+35,1.234375,4.8517835114966554e+35,1.234375,4.8517835114966554e+35,100.0
810100,4.90005229110587e+35,1.234375,4.900542296334981e+35,1.234375,4.900542296334981e+35,100.0
810200,4.949296160868904e+35,1.234375,4.9497910904849905e+35,1.234375,4.9497910904849905e+35,100.0
810300,4.999034914883203e+35,1.234375,4.9995348183746915e+35,1.234375,4.9995348183746915e+35,100.0
810400,5.049273526568264e+35,1.234375,5.04977845392092e+35,1.234375,5.04977845392092e+35,100.0
810500,5.1000170193247736e+35,1.234375,5.100527021026706e+35,1.234375,5.100527021026706e+35,100.0
810600,5.151270467036901e+35,1.234375,5.151785594083605e+35,1.234375,5.151785594083605e+35,100.0
810700,5.2030389945796315e+35,1.234375,5.203559298479089e+35,1.234375,5.203559298479089e+35,100.0
810800,5.25532777833121e+35,1.234375,5.2558533111090435e+35,1.234375,5.2558533111090435e+35,100.0
810900,5.3081420466907435e+35,1.234375,5.308672860895412e+35,1.234375,5.308672860895412e+35,100.0
811000,5.361487080600971e+35,1.234375,5.362023229309031e+35,1.234375,5.362023229309031e+35,100.0
811100,5.4153682140763285e+35,1.234375,5.415909750897736e+35,1.234375,5.415909750897736e+35,100.0
811200,5.4697908347362915e+35,1.234375,5.470337813819765e+35,1.234375,5.470337813819765e+35,100.0
811300,5.5247603843441025e+35,1.234375,5.525312860382537e+35,1.234375,5.525312860382537e+35,100.0
811400,5.5802823593508656e+35,1.234375,5.5808403875868004e+35,1.234375,5.5808403875868004e+35,100.0
811500,5.636362311445177e+35,1.234375,5.636925947676321e+35,1.234375,5.636925947676321e+35,100.0
811600,5.6930058481082206e+35,1.234375,5.693575148693031e+35,1.234375,5.693575148693031e+35,100.0
811700,5.750218633174471e+35,1.234375,5.7507936550377885e+35,1.234375,5.7507936550377885e+35,100.0
811800,5.808006387398032e+35,1.234375,5.808587188036772e+35,1.234375,5.808587188036772e+35,100.0
811900,5.866374889024644e+35,1.234375,5.8669615265135464e+35,1.234375,5.8669615265135464e+35,100.0
812000,5.9253299743694714e+35,1.234375,5.925922507366908e+35,1.234375,5.925922507366908e+35,100.0
812100,5.984877538400671e+35,1.234375,5.985476026154511e+35,1.234375,5.985476026154511e+35,100.0
812200,6.045023535328841e+35,1.234375,6.0456280376823735e+35,1.234375,6.0456280376823735e+35,100.0
812300,6.105773979202375e+35,1.234375,6.106384556600295e+35,1.234375,6.106384556600295e+35,100.0
812400,6.167134944508829e+35,1.234375,6.16775165800328e+35,1.234375,6.16775165800328e+35,100.0
812500,6.2291125667823066e+35,1.234375,6.2297354780389846e+35,1.234375,6.2297354780389846e+35,100.0
812600,6.291713043216954e+35,1.234375,6.2923422145212754e+35,1.234375,6.2923422145212754e+35,100.0
812700,6.354942633286622e+35,1.234375,6.355578127549951e+35,1.234375,6.355578127549951e+35,100.0
812800,6.418807659370762e+35,1.234375,6.419449540136699e+35,1.234375,6.419449540136699e+35,100.0
812900,6.483314507386596e+35,1.234375,6.4839628388373346e+35,1.234375,6.4839628388373346e+35,100.0
813000,6.548469627427669e+35,1.234375,6.549124474390412e+35,1.234375,6.549124474390412e+35,100.0
813100,6.614279534408774e+35,1.234375,6.6149409623622145e+35,1.234375,6.6149409623622145e+35,100.0
813200,6.680750808717406e+35,1.234375,6.681418883798277e+35,1.234375,6.681418883798277e+35,100.0
813300,6.747890096871725e+35,1.234375,6.748564885881412e+35,1.234375,6.748564885881412e+35,100.0
813400,6.815704112185143e+35,1.234375,6.816385682596362e+35,1.234375,6.816385682596362e+35,100.0
813500,6.884199635437625e+35,1.234375,6.884888055401168e+35,1.234375,6.884888055401168e+35,100.0
813600,6.953383515553662e+35,1.234375,6.954078853905216e+35,1.234375,6.954078853905216e+35,100.0
813700,7.023262670287142e+35,1.234375,7.02396499655417e+35,1.234375,7.02396499655417e+35,100.0
813800,7.093844086913027e+35,1.234375,7.094553471321718e+35,1.234375,7.094553471321718e+35,100.0
813900,7.165134822926045e+35,1.234375,7.165851336408338e+35,1.234375,7.165851336408338e+35,100.0
814000,7.237142006746341e+35,1.234375,7.237865720947016e+35,1.234375,7.237865720947016e+35,100.0
814100,7.30987283843229e+35,1.234375,7.310603825716132e+35,1.234375,7.310603825716132e+35,100.0
814200,7.383334590400427e+35,1.234375,7.384072923859468e+35,1.234375,7.384072923859468e+35,100.0
814300,7.457534608152583e+35,1.234375,7.458280361613398e+35,1.234375,7.458280361613398e+35,100.0
814400,7.532480311010444e+35,1.234375,7.533233559041545e+35,1.234375,7.533233559041545e+35,100.0
814500,7.608179192857338e+35,1.234375,7.608940010776624e+35,1.234375,7.608940010776624e+35,100.0
814600,7.684638822887603e+35,1.234375,7.685407286769892e+35,1.234375,7.685407286769892e+35,100.0
814700,7.761866846363412e+35,1.234375,7.762643033048049e+35,1.234375,7.762643033048049e+35,100.0
814800,7.839870985379255e+35,1.234375,7.840654972477793e+35,1.234375,7.840654972477793e+35,100.0
814900,7.918659039634061e+35,1.234375,7.919450905538024e+35,1.234375,7.919450905538024e+35,100.0
815000,7.998238887211081e+35,1.234375,7.999038711099802e+35,1.234375,7.999038711099802e+35,100.0
815100,8.07861848536565e+35,1.234375,8.079426347214187e+35,1.234375,8.079426347214187e+35,100.0
815200,8.15980587132083e+35,1.234375,8.160621851907962e+35,1.234375,8.160621851907962e+35,100.0
815300,8.241809163071071e+35,1.234375,8.242633343987377e+35,1.234375,8.242633343987377e+35,100.0
815400,8.324636560193906e+35,1.234375,8.325469023849925e+35,1.234375,8.325469023849925e+35,100.0
815500,8.408296344669847e+35,1.234375,8.409137174304314e+35,1.234375,8.409137174304314e+35,100.0
815600,8.492796881710535e+35,1.234375,8.493646161398707e+35,1.234375,8.493646161398707e+35,100.0
815700,8.578146620595154e+35,1.234375,8.579004435257214e+35,1.234375,8.579004435257214e+35,100.0
815800,8.664354095515272e+35,1.234375,8.665220530924823e+35,1.234375,8.665220530924823e+35,100.0
815900,8.751427926428225e+35,1.234375,8.752303069220867e+35,1.234375,8.752303069220867e+35,100.0
816000,8.839376819918985e+35,1.234375,8.840260757600976e+35,1.234375,8.840260757600976e+35,100.0
816100,8.928209570070758e+35,1.234375,8.929102391027765e+35,1.234375,8.929102391027765e+35,100.0
816200,9.017935059344343e+35,1.234375,9.018836852850277e+35,1.234375,9.018836852850277e+35,100.0
816300,9.10856225946625e+35,1.234375,9.109473115692196e+35,1.234375,9.109473115692196e+35,100.0
816400,9.200100232325798e+35,1.234375,9.20102024234903e+35,1.234375,9.20102024234903e+35,100.0
816500,9.292558130881247e+35,1.234375,9.293487386694336e+35,1.234375,9.293487386694336e+35,100.0
816600,9.385945200075006e+35,1.234375,9.386883794595014e+35,1.234375,9.386883794595014e+35,100.0
816700,9.480270777758017e+35,1.234375,9.481218804835792e+35,1.234375,9.481218804835792e+35,100.0
816800,9.575544295623448e+35,1.234375,9.57650185005301e+35,1.234375,9.57650185005301e+35,100.0
816900,9.671775280149823e+35,1.234375,9.672742457677838e+35,1.234375,9.672742457677838e+35,100.0
817000,9.768973353553555e+35,1.234375,9.76995025088891e+35,1.234375,9.76995025088891e+35,100.0
817100,9.867148234751076e+35,1.234375,9.868134949574551e+35,1.234375,9.868134949574551e+35,100.0
817200,9.966309740330637e+35,1.234375,9.96730637130467e+35,1.234375,9.96730637130467e+35,100.0
817300,1.0066467785533893e+36,1.234375,1.0067474432312447e+36,1.234375,1.0067474432312447e+36,100.0
817400,1.0167632385247324e+36,1.234375,1.0168649148485849e+36,1.234375,1.0168649148485849e+36,100.0
817500,1.0269813655003635e+36,1.234375,1.0270840636369136e+36,1.234375,1.0270840636369136e+36,100.0
817600,1.0373021811993211e+36,1.234375,1.0374059114174411e+36,1.234375,1.0374059114174411e+36,100.0
817700,1.0477267176085771e+36,1.234375,1.0478314902803379e+36,1.234375,1.0478314902803379e+36,100.0
817800,1.0582560170862207e+36,1.234375,1.0583618426879294e+36,1.234375,1.0583618426879294e+36,100.0
817900,1.0688911324656895e+36,1.234375,1.068998021578936e+36,1.234375,1.068998021578936e+36,100.0
818000,1.0796331271610416e+36,1.234375,1.0797410904737577e+36,1.234375,1.0797410904737577e+36,100.0
818100,1.090483075273285e+36,1.234375,1.0905921235808124e+36,1.234375,1.0905921235808124e+36,100.0
818200,1.1014420616977819e+36,1.234375,1.1015522059039517e+36,1.234375,1.1015522059039517e+36,100.0
818300,1.1125111822327248e+36,1.234375,1.112622433350948e+36,1.234375,1.112622433350948e+36,100.0
818400,1.1236915436887094e+36,1.234375,1.1238039128430782e+36,1.234375,1.1238039128430782e+36,100.0
818500,1.1349842639994014e+36,1.234375,1.1350977624258013e+36,1.234375,1.1350977624258013e+36,100.0
818600,1.1463904723333271e+36,1.234375,1.1465051113805605e+36,1.234375,1.1465051113805605e+36,100.0
818700,1.157911309206769e+36,1.234375,1.1580271003376896e+36,1.234375,1.1580271003376896e+36,100.0
818800,1.1695479265978159e+36,1.234375,1.1696648813904757e+36,1.234375,1.1696648813904757e+36,100.0
818900,1.1813014880615466e+36,1.234375,1.1814196182103528e+36,1.234375,1.1814196182103528e+36,100.0
819000,1.1931731688463752e+36,1.234375,1.1932924861632598e+36,1.234375,1.1932924861632598e+36,100.0
819100,1.2051641560115665e+36,1.234375,1.2052846724271676e+36,1.234375,1.2052846724271676e+36,100.0
819200,1.2172756485459287e+36,1.234375,1.2173973761107833e+36,1.234375,1.2173973761107833e+36,100.0
819300,1.2295088574877017e+36,1.234375,1.2296318083734504e+36,1.234375,1.2296318083734504e+36,100.0
819400,1.2418650060456508e+36,1.234375,1.2419891925462553e+36,1.234375,1.2419891925462553e+36,100.0
819500,1.254345329721376e+36,1.234375,1.2544707642543482e+36,1.234375,1.2544707642543482e+36,100.0
819600,1.2669510764328529e+36,1.234375,1.2670777715404962e+36,1.234375,1.2670777715404962e+36,100.0
819700,1.2796835066392077e+36,1.234375,1.2798114749898716e+36,1.234375,1.2798114749898716e+36,100.0
819800,1.2925438934667573e+36,1.234375,1.292673147856104e+36,1.234375,1.292673147856104e+36,100.0
819900,1.3055335228363074e+36,1.234375,1.305664076188591e+36,1.234375,1.305664076188591e+36,100.0
820000,1.318653693591734e+36,1.234375,1.3187855589610932e+36,1.234375,1.3187855589610932e+36,100.0
820100,1.3319057176298535e+36,1.234375,1.3320389082016163e+36,1.234375,1.3320389082016163e+36,100.0
820200,1.3452909200316004e+36,1.234375,1.3454254491236034e+36,1.234375,1.3454254491236034e+36,100.0
820300,1.35881063919453e+36,1.234375,1.3589465202584495e+36,1.234375,1.3589465202584495e+36,100.0
820400,1.372466226966641e+36,1.234375,1.3726034735893378e+36,1.234375,1.3726034735893378e+36,100.0
820500,1.386259048781539e+36,1.234375,1.3863976746864173e+36,1.234375,1.3863976746864173e+36,100.0
820600,1.4001904837949855e+36,1.234375,1.400330502843365e+36,1.234375,1.400330502843365e+36,100.0
820700,1.4142619250227833e+36,1.234375,1.4144033512152857e+36,1.234375,1.4144033512152857e+36,100.0
820800,1.4284747794800804e+36,1.234375,1.4286176269580285e+36,1.234375,1.4286176269580285e+36,100.0
820900,1.44283046832205e+36,1.234375,1.4429747513688821e+36,1.234375,1.4429747513688821e+36,100.0
821000,1.45733042698599e+36,1.234375,1.4574761600286884e+36,1.234375,1.4574761600286884e+36,100.0
821100,1.4719761053348645e+36,1.234375,1.472123302945398e+36,1.234375,1.472123302945398e+36,100.0
821200,1.4867689678022674e+36,1.234375,1.4869176446990474e+36,1.234375,1.4869176446990474e+36,100.0
821300,1.501710493538855e+36,1.234375,1.5018606645882088e+36,1.234375,1.5018606645882088e+36,100.0
821400,1.5168021765602456e+36,1.234375,1.5169538567779015e+36,1.234375,1.5169538567779015e+36,100.0
821500,1.532045525896414e+36,1.234375,1.5321987304490035e+36,1.234375,1.5321987304490035e+36,100.0
821600,1.5474420657425743e+36,1.234375,1.5475968099491484e+36,1.234375,1.5475968099491484e+36,100.0
821700,1.5629933356115863e+36,1.234375,1.5631496349451476e+36,1.234375,1.5631496349451476e+36,100.0
821800,1.5787008904878987e+36,1.234375,1.5788587605769474e+36,1.234375,1.5788587605769474e+36,100.0
821900,1.5945663009830227e+36,1.234375,1.5947257576131212e+36,1.234375,1.5947257576131212e+36,100.0
822000,1.6105911534925886e+36,1.234375,1.610752212607938e+36,1.234375,1.610752212607938e+36,100.0
822100,1.6267770503549625e+36,1.234375,1.626939728059998e+36,1.234375,1.626939728059998e+36,100.0
822200,1.6431256100114738e+36,1.234375,1.643289922572475e+36,1.234375,1.643289922572475e+36,100.0
822300,1.659638467168238e+36,1.234375,1.659804431014955e+36,1.234375,1.659804431014955e+36,100.0
822400,1.676317272959617e+36,1.234375,1.6764849046869128e+36,1.234375,1.6764849046869128e+36,100.0
822500,1.693163695113311e+36,1.234375,1.6933330114828223e+36,1.234375,1.6933330114828223e+36,100.0
822600,1.7101794181171244e+36,1.234375,1.710350436058936e+36,1.234375,1.710350436058936e+36,100.0
822700,1.727366143387391e+36,1.234375,1.7275388800017298e+36,1.234375,1.7275388800017298e+36,100.0
822800,1.7447255894391065e+36,1.234375,1.7449000619980504e+36,1.234375,1.7449000619980504e+36,100.0
822900,1.762259492057763e+36,1.234375,1.7624357180069688e+36,1.234375,1.7624357180069688e+36,100.0
823000,1.7799696044729068e+36,1.234375,1.780147601433354e+36,1.234375,1.780147601433354e+36,100.0
823100,1.7978576975334487e+36,1.234375,1.798037483303202e+36,1.234375,1.798037483303202e+36,100.0
823200,1.8159255598847355e+36,1.234375,1.816107152440724e+36,1.234375,1.816107152440724e+36,100.0
823300,1.8341749981473934e+36,1.234375,1.834358415647208e+36,1.234375,1.834358415647208e+36,100.0
823400,1.8526078370979735e+36,1.234375,1.8527930978816832e+36,1.234375,1.8527930978816832e+36,100.0
823500,1.87122591985142e+36,1.234375,1.871413042443405e+36,1.234375,1.871413042443405e+36,100.0
823600,1.890031108045357e+36,1.234375,1.8902201111561616e+36,1.234375,1.8902201111561616e+36,100.0
823700,1.909025282026236e+36,1.234375,1.9092161845544385e+36,1.234375,1.9092161845544385e+36,100.0
823800,1.9282103410373566e+36,1.234375,1.9284031620714603e+36,1.234375,1.9284031620714603e+36,100.0
823900,1.9475882034087706e+36,1.234375,1.9477829622291114e+36,1.234375,1.9477829622291114e+36,100.0
824000,1.9671608067490996e+36,1.234375,1.9673575228297744e+36,1.234375,1.9673575228297744e+36,100.0
824100,1.9869301081392764e+36,1.234375,1.9871288011500903e+36,1.234375,1.9871288011500903e+36,100.0
824200,2.0068980843282356e+36,1.234375,2.0070987741366684e+36,1.234375,2.0070987741366684e+36,100.0
824300,2.0270667319305742e+36,1.234375,2.027269438603767e+36,1.234375,2.027269438603767e+36,100.0
824400,2.0474380676261853e+36,1.234375,2.047642811432948e+36,1.234375,2.047642811432948e+36,100.0
824500,2.0680141283619202e+36,1.234375,2.0682209297747564e+36,1.234375,2.0682209297747564e+36,100.0
824600,2.0887969715552496e+36,1.234375,2.089005851252405e+36,1.234375,2.089005851252405e+36,100.0
824700,2.1097886753000008e+36,1.234375,2.1099996541675307e+36,1.234375,2.1099996541675307e+36,100.0
824800,2.1309913385741428e+36,1.234375,2.131204437708e+36,1.234375,2.131204437708e+36,100.0
824900,2.1524070814496587e+36,1.234375,2.1526223221578035e+36,1.234375,2.1526223221578035e+36,100.0
825000,2.1740380453045395e+36,1.234375,2.17425544910907e+36,1.234375,2.17425544910907e+36,100.0
825100,2.1958863930369052e+36,1.234375,2.196105981676209e+36,1.234375,2.196105981676209e+36,100.0
825200,2.21795430928127e+36,1.234375,2.218176104712198e+36,1.234375,2.218176104712198e+36,100.0
825300,2.2402440006269832e+36,1.234375,2.240468025027046e+36,1.234375,2.240468025027046e+36,100.0
825400,2.2627576958388762e+36,1.234375,2.26298397160846e+36,1.234375,2.26298397160846e+36,100.0
825500,2.2854976460801104e+36,1.234375,2.2857261958447185e+36,1.234375,2.2857261958447185e+36,100.0
825600,2.3084661251372773e+36,1.234375,2.308696971749791e+36,1.234375,2.308696971749791e+36,100.0
825700,2.3316654296477566e+36,1.234375,2.3318985961907213e+36,1.234375,2.3318985961907213e+36,100.0
825800,2.3550978793293563e+36,1.234375,2.3553333891172892e+36,1.234375,2.3553333891172892e+36,100.0
825900,2.3787658172122643e+36,1.234375,2.3790036937939854e+36,1.234375,2.3790036937939854e+36,100.0
826000,2.4026716098733295e+36,1.234375,2.4029118770343168e+36,1.234375,2.4029118770343168e+36,100.0
826100,2.4268176476727014e+36,1.234375,2.4270603294374687e+36,1.234375,2.4270603294374687e+36,100.0
826200,2.4512063449928402e+36,1.234375,2.4514514656273395e+36,1.234375,2.4514514656273395e+36,100.0
826300,2.4758401404799302e+36,1.234375,2.476087724493978e+36,1.234375,2.476087724493978e+36,100.0
826400,2.5007214972877323e+36,1.234375,2.500971569437461e+36,1.234375,2.500971569437461e+36,100.0
826500,2.5258529033238636e+36,1.234375,2.526105488614196e+36,1.234375,2.526105488614196e+36,100.0
826600,2.5512368714985768e+36,1.234375,2.5514919951857268e+36,1.234375,2.5514919951857268e+36,100.0
826700,2.5768759399760212e+36,1.234375,2.577133627570019e+36,1.234375,2.577133627570019e+36,100.0
826800,2.6027726724280405e+36,1.234375,2.6030329496952833e+36,1.234375,2.6030329496952833e+36,100.0
826900,2.6289296582905134e+36,1.234375,2.6291925512563423e+36,1.234375,2.6291925512563423e+36,100.0
827000,2.655349513022273e+36,1.234375,2.655615047973575e+36,1.234375,2.655615047973575e+36,100.0
827100,2.6820348783666276e+36,1.234375,2.682303081854464e+36,1.234375,2.682303081854464e+36,100.0
827200,2.7089884226155176e+36,1.234375,2.709259321457779e+36,1.234375,2.709259321457779e+36,100.0
827300,2.736212840876314e+36,1.234375,2.736486462160401e+36,1.234375,2.736486462160401e+36,100.0
827400,2.763710855341307e+36,1.234375,2.763987226426841e+36,1.234375,2.763987226426841e+36,100.0
827500,2.7914852155598994e+36,1.234375,2.791764364081455e+36,1.234375,2.791764364081455e+36,100.0
827600,2.8195386987135335e+36,1.234375,2.819820652583405e+36,1.234375,2.819820652583405e+36,100.0
827700,2.847874109893389e+36,1.234375,2.848158897304378e+36,1.234375,2.848158897304378e+36,100.0
827800,2.876494282380865e+36,1.234375,2.876781931809103e+36,1.234375,2.876781931809103e+36,100.0
827900,2.90540207793088e+36,1.234375,2.905692618138673e+36,1.234375,2.905692618138673e+36,100.0
828000,2.934600387058022e+36,1.234375,2.934893847096728e+36,1.234375,2.934893847096728e+36,100.0
828100,2.964092129325578e+36,1.234375,2.9643885385385103e+36,1.234375,2.9643885385385103e+36,100.0
828200,2.9938802536374524e+36,1.234375,2.994179641662816e+36,1.234375,2.994179641662816e+36,100.0
828300,3.0239677385330414e+36,1.234375,3.0242701353068945e+36,1.234375,3.0242701353068945e+36,100.0
828400,3.054357592485052e+36,1.234375,3.0546630282443006e+36,1.234375,3.0546630282443006e+36,100.0
828500,3.085052854200334e+36,1.234375,3.085361359485754e+36,1.234375,3.085361359485754e+36,100.0
828600,3.116056592923709e+36,1.234375,3.1163681985830015e+36,1.234375,3.1163681985830015e+36,100.0
828700,3.1473719087448676e+36,1.234375,3.147686645935742e+36,1.234375,3.147686645935742e+36,100.0
828800,3.1790019329083615e+36,1.234375,3.1793198331016525e+36,1.234375,3.1793198331016525e+36,100.0
828900,3.2109498281266866e+36,1.234375,3.2112709231094994e+36,1.234375,3.2112709231094994e+36,100.0
829000,3.243218788896539e+36,1.234375,3.243543110775429e+36,1.234375,3.243543110775429e+36,100.0
829100,3.275812041818215e+36,1.234375,3.2761396230223965e+36,1.234375,3.2761396230223965e+36,100.0
829200,3.30873284591826e+36,1.234375,3.309063719202852e+36,1.234375,3.309063719202852e+36,100.0
829300,3.3419844929753367e+36,1.234375,3.3423186914246344e+36,1.234375,3.3423186914246344e+36,100.0
829400,3.3755703078493673e+36,1.234375,3.375907864880152e+36,1.234375,3.375907864880152e+36,100.0
829500,3.409493648813998e+36,1.234375,3.409834598178879e+36,1.234375,3.409834598178879e+36,100.0
829600,3.443757907892385e+36,1.234375,3.4441022836831737e+36,1.234375,3.4441022836831737e+36,100.0
829700,3.4783665111963705e+36,1.234375,3.47871434784749e+36,1.234375,3.47871434784749e+36,100.0
829800,3.5133229192690675e+36,1.234375,3.5136742515609944e+36,1.234375,3.5136742515609944e+36,100.0
829900,3.548630627430878e+36,1.234375,3.548985490493621e+36,1.234375,3.548985490493621e+36,100.0
830000,3.584293166128988e+36,1.234375,3.584651595445601e+36,1.234375,3.584651595445601e+36,100.0
830100,3.620314101290388e+36,1.234375,3.620676132700517e+36,1.234375,3.620676132700517e+36,100.0
830200,3.656697034678428e+36,1.234375,3.657062704381896e+36,1.234375,3.657062704381896e+36,100.0
830300,3.6934456042529654e+36,1.234375,3.693814948813391e+36,1.234375,3.693814948813391e+36,100.0
830400,3.7305634845341246e+36,1.234375,3.730936540882578e+36,1.234375,3.730936540882578e+36,100.0
830500,3.7680543869697125e+36,1.234375,3.7684311924084096e+36,1.234375,3.7684311924084096e+36,100.0
830600,3.8059220603063345e+36,1.234375,3.806302652512365e+36,1.234375,3.806302652512365e+36,100.0
830700,3.844170290964233e+36,1.234375,3.844554707993329e+36,1.234375,3.844554707993329e+36,100.0
830800,3.882802903415894e+36,1.234375,3.8831911837062357e+36,1.234375,3.8831911837062357e+36,100.0
830900,3.921823760568458e+36,1.234375,3.922215942944515e+36,1.234375,3.922215942944515e+36,100.0
831000,3.9612367641499855e+36,1.234375,3.9616328878264005e+36,1.234375,3.9616328878264005e+36,100.0
831100,4.001045855099569e+36,1.234375,4.001445959685079e+36,1.234375,4.001445959685079e+36,100.0
831200,4.041255013961419e+36,1.234375,4.041659139462815e+36,1.234375,4.041659139462815e+36,100.0
831300,4.08186826128287e+36,1.234375,4.0822764481089987e+36,1.234375,4.0822764481089987e+36,100.0
831400,4.1228896580163974e+36,1.234375,4.123301946982199e+36,1.234375,4.123301946982199e+36,100.0
831500,4.1643233059256745e+36,1.234375,4.1647397382562673e+36,1.234375,4.1647397382562673e+36,100.0
831600,4.2061733479957164e+36,1.234375,4.206593965330516e+36,1.234375,4.206593965330516e+36,100.0
831700,4.2484439688471306e+36,1.234375,4.248868813244015e+36,1.234375,4.248868813244015e+36,100.0
831800,4.291139395154561e+36,1.234375,4.291568509094076e+36,1.234375,4.291568509094076e+36,100.0
831900,4.33426389606929e+36,1.234375,4.3346973224588966e+36,1.234375,4.3346973224588966e+36,100.0
832000,4.3778217836461336e+36,1.234375,4.378259565824498e+36,1.234375,4.378259565824498e+36,100.0
832100,4.421817413274607e+36,1.234375,4.4222595950159344e+36,1.234375,4.4222595950159344e+36,100.0
832200,4.4662551841144076e+36,1.234375,4.466701809632819e+36,1.234375,4.466701809632819e+36,100.0
832300,4.511139539535308e+36,1.234375,4.511590653489262e+36,1.234375,4.511590653489262e+36,100.0
832400,4.5564749675614464e+36,1.234375,4.5569306150582027e+36,1.234375,4.5569306150582027e+36,100.0
832500,4.602266001320087e+36,1.234375,4.602726227920219e+36,1.234375,4.602726227920219e+36,100.0
832600,4.6485172194948817e+36,1.234375,4.648982071216831e+36,1.234375,4.648982071216831e+36,100.0
832700,4.69523324678372e+36,1.234375,4.6957027701083984e+36,1.234375,4.6957027701083984e+36,100.0
832800,4.7424187543611315e+36,1.234375,4.7428929962365675e+36,1.234375,4.7428929962365675e+36,100.0
832900,4.7900784603453765e+36,1.234375,4.790557468191411e+36,1.234375,4.790557468191411e+36,100.0
833000,4.838217130270206e+36,1.234375,4.8387009519832334e+36,1.234375,4.8387009519832334e+36,100.0
833100,4.8868395775613856e+36,1.234375,4.8873282615191417e+36,1.234375,4.8873282615191417e+36,100.0
833200,4.93595066401797e+36,1.234375,4.936444259084372e+36,1.234375,4.936444259084372e+36,100.0
833300,4.9855553002984565e+36,1.234375,4.986053855828486e+36,1.234375,4.986053855828486e+36,100.0
833400,5.0356584464118004e+36,1.234375,5.0361620122564415e+36,1.234375,5.0361620122564415e+36,100.0
833500,5.086265112213372e+36,1.234375,5.086773738724593e+36,1.234375,5.086773738724593e+36,100.0
833600,5.137380357905895e+36,1.234375,5.137894095941686e+36,1.234375,5.137894095941686e+36,100.0
833700,5.189009294545423e+36,1.234375,5.1895281954748777e+36,1.234375,5.1895281954748777e+36,100.0
833800,5.241157084552389e+36,1.234375,5.2416812002608444e+36,1.234375,5.2416812002608444e+36,100.0
833900,5.2938289422278205e+36,1.234375,5.294358325122043e+36,1.234375,5.294358325122043e+36,100.0
834000,5.34703013427469e+36,1.234375,5.347564837288117e+36,1.234375,5.347564837288117e+36,100.0
834100,5.400765980324571e+36,1.234375,5.401306056922603e+36,1.234375,5.401306056922603e+36,100.0
834200,5.455041853469532e+36,1.234375,5.455587357654879e+36,1.234375,5.455587357654879e+36,100.0
834300,5.50986318079939e+36,1.234375,5.51041416711747e+36,1.234375,5.51041416711747e+36,100.0
834400,5.565235443944404e+36,1.234375,5.565791967488799e+36,1.234375,5.565791967488799e+36,100.0
834500,5.621164179623341e+36,1.234375,5.621726296041304e+36,1.234375,5.621726296041304e+36,100.0
834600,5.677654980197132e+36,1.234375,5.678222745695152e+36,1.234375,5.678222745695152e+36,100.0
834700,5.734713494228051e+36,1.234375,5.735286965577473e+36,1.234375,5.735286965577473e+36,100.0
834800,5.792345427044492e+36,1.234375,5.792924661587196e+36,1.234375,5.792924661587196e+36,100.0
834900,5.850556541311504e+36,1.234375,5.851141596965635e+36,1.234375,5.851141596965635e+36,100.0
835000,5.909352657606946e+36,1.234375,5.909943592872707e+36,1.234375,5.909943592872707e+36,100.0
835100,5.96873965500353e+36,1.234375,5.96933652896903e+36,1.234375,5.96933652896903e+36,100.0
835200,6.028723471656656e+36,1.234375,6.029326344003822e+36,1.234375,6.029326344003822e+36,100.0
835300,6.089310105398188e+36,1.234375,6.089919036408727e+36,1.234375,6.089919036408727e+36,100.0
835400,6.150505614336176e+36,1.234375,6.151120664897609e+36,1.234375,6.151120664897609e+36,100.0
835500,6.212316117460586e+36,1.234375,6.212937349072332e+36,1.234375,6.212937349072332e+36,100.0
835600,6.27474779525519e+36,1.234375,6.275375270034716e+36,1.234375,6.275375270034716e+36,100.0
835700,6.33780689031552e+36,1.234375,6.338440671004551e+36,1.234375,6.338440671004551e+36,100.0
835800,6.40149970797309e+36,1.234375,6.402139857943887e+36,1.234375,6.402139857943887e+36,100.0
835900,6.465832616925864e+36,1.234375,6.466479200187557e+36,1.234375,6.466479200187557e+36,100.0
836000,6.530812049875067e+36,1.234375,6.531465131080055e+36,1.234375,6.531465131080055e+36,100.0
836100,6.596444504168387e+36,1.234375,6.597104148618804e+36,1.234375,6.597104148618804e+36,100.0
836200,6.662736542449688e+36,1.234375,6.663402816103933e+36,1.234375,6.663402816103933e+36,100.0
836300,6.729694793315162e+36,1.234375,6.730367762794493e+36,1.234375,6.730367762794493e+36,100.0
836400,6.797325951976164e+36,1.234375,6.798005684571362e+36,1.234375,6.798005684571362e+36,100.0
836500,6.865636780928659e+36,1.234375,6.866323344606752e+36,1.234375,6.866323344606752e+36,100.0
836600,6.934634110629405e+36,1.234375,6.935327574040469e+36,1.234375,6.935327574040469e+36,100.0
836700,7.004324840178953e+36,1.234375,7.005025272662971e+36,1.234375,7.005025272662971e+36,100.0
836800,7.074715938011486e+36,1.234375,7.075423409605287e+36,1.234375,7.075423409605287e+36,100.0
836900,7.145814442591575e+36,1.234375,7.146529024035834e+36,1.234375,7.146529024035834e+36,100.0
837000,7.217627463118009e+36,1.234375,7.218349225864321e+36,1.234375,7.218349225864321e+36,100.0
837100,7.290162180234605e+36,1.234375,7.290891196452629e+36,1.234375,7.290891196452629e+36,100.0
837200,7.363425846748224e+36,1.234375,7.364162189332899e+36,1.234375,7.364162189332899e+36,100.0
837300,7.437425788353987e+36,1.234375,7.438169530932822e+36,1.234375,7.438169530932822e+36,100.0
837400,7.512169404367779e+36,1.234375,7.512920621308215e+36,1.234375,7.512920621308215e+36,100.0
837500,7.587664168466109e+36,1.234375,7.588422934882955e+36,1.234375,7.588422934882955e+36,100.0
837600,7.663917629433412e+36,1.234375,7.664684021196355e+36,1.234375,7.664684021196355e+36,100.0
837700,7.740937411916848e+36,1.234375,7.74171150565804e+36,1.234375,7.74171150565804e+36,100.0
837800,7.818731217188716e+36,1.234375,7.819513090310434e+36,1.234375,7.819513090310434e+36,100.0
837900,7.897306823916475e+36,1.234375,7.898096554598867e+36,1.234375,7.898096554598867e+36,100.0
838000,7.976672088940599e+36,1.234375,7.977469756149493e+36,1.234375,7.977469756149493e+36,100.0
838100,8.056834948060126e+36,1.234375,8.057640631554932e+36,1.234375,8.057640631554932e+36,100.0
838200,8.137803416826197e+36,1.234375,8.138617197167879e+36,1.234375,8.138617197167879e+36,100.0
838300,8.219585591343546e+36,1.234375,8.22040754990268e+36,1.234375,8.22040754990268e+36,100.0
838400,8.30218964908002e+36,1.234375,8.303019868044928e+36,1.234375,8.303019868044928e+36,100.0
838500,8.385623849684246e+36,1.234375,8.386462412069214e+36,1.234375,8.386462412069214e+36,100.0
838600,8.469896535811529e+36,1.234375,8.47074352546511e+36,1.234375,8.47074352546511e+36,100.0
838700,8.555016133958055e+36,1.234375,8.555871635571451e+36,1.234375,8.555871635571451e+36,100.0
838800,8.64099115530343e+36,1.234375,8.64185525441896e+36,1.234375,8.64185525441896e+36,100.0
838900,8.727830196561752e+36,1.234375,8.728702979581408e+36,1.234375,8.728702979581408e+36,100.0
839000,8.81554194084119e+36,1.234375,8.816423495035273e+36,1.234375,8.816423495035273e+36,100.0
839100,8.904135158512216e+36,1.234375,8.905025572028067e+36,1.234375,8.905025572028067e+36,100.0
839200,8.993618708084555e+36,1.234375,8.994518069955364e+36,1.234375,8.994518069955364e+36,100.0
839300,9.084001537092969e+36,1.234375,9.084909937246679e+36,1.234375,9.084909937246679e+36,100.0
839400,9.17529268299192e+36,1.234375,9.176210212260219e+36,1.234375,9.176210212260219e+36,100.0
839500,9.267501274059222e+36,1.234375,9.268428024186628e+36,1.234375,9.268428024186628e+36,100.0
839600,9.360636530308809e+36,1.234375,9.361572593961839e+36,1.234375,9.361572593961839e+36,100.0
839700,9.454707764412639e+36,1.234375,9.455653235189081e+36,1.234375,9.455653235189081e+36,100.0
839800,9.549724382631872e+36,1.234375,9.550679355070135e+36,1.234375,9.550679355070135e+36,100.0
839900,9.645695885757416e+36,1.234375,9.646660455345991e+36,1.234375,9.646660455345991e+36,100.0
840000,9.742631870059918e+36,1.234375,9.743606133246924e+36,1.234375,9.743606133246924e+36,100.0
840100,9.840542028249302e+36,1.234375,9.841526082452128e+36,1.234375,9.841526082452128e+36,100.0
840200,9.939436150443944e+36,1.234375,9.940430094058989e+36,1.234375,9.940430094058989e+36,100.0
840300,1.003932412514961e+37,1.234375,1.0040328057562126e+37,1.234375,1.0040328057562126e+37,100.0
840400,1.0140215940248216e+37,1.234375,1.0141229961842241e+37,1.234375,1.0141229961842241e+37,100.0
840500,1.0242121683996503e+37,1.234375,1.0243145896164903e+37,1.234375,1.0243145896164903e+37,100.0
840600,1.0345051546034778e+37,1.234375,1.034608605118938e+37,1.234375,1.034608605118938e+37,100.0
840700,1.0449015818405812e+37,1.234375,1.0450060719987652e+37,1.234375,1.0450060719987652e+37,100.0
840800,1.0554024896583897e+37,1.234375,1.0555080299073556e+37,1.234375,1.0555080299073556e+37,100.0
840900,1.0660089280514364e+37,1.234375,1.0661155289442415e+37,1.234375,1.0661155289442415e+37,100.0
841000,1.0767219575663423e+37,1.234375,1.0768296297620988e+37,1.234375,1.0768296297620988e+37,100.0
841100,1.0875426494078636e+37,1.234375,1.0876514036728043e+37,1.234375,1.0876514036728043e+37,100.0
841200,1.0984720855460025e+37,1.234375,1.098581932754557e+37,1.234375,1.098581932754557e+37,100.0
841300,1.109511358824195e+37,1.234375,1.1096223099600772e+37,1.234375,1.1096223099600772e+37,100.0
841400,1.1206615730685852e+37,1.234375,1.120773639225892e+37,1.234375,1.120773639225892e+37,100.0
841500,1.1319238431983942e+37,1.234375,1.132037035582714e+37,1.234375,1.132037035582714e+37,100.0
841600,1.143299295337406e+37,1.234375,1.1434136252669399e+37,1.234375,1.1434136252669399e+37,100.0
841700,1.1547890669265694e+37,1.234375,1.154904545833262e+37,1.234375,1.154904545833262e+37,100.0
841800,1.1663943068377293e+37,1.234375,1.1665109462684132e+37,1.234375,1.1665109462684132e+37,100.0
841900,1.1781161754885028e+37,1.234375,1.1782339871060516e+37,1.234375,1.1782339871060516e+37,100.0
842000,1.1899558449583124e+37,1.234375,1.1900748405428083e+37,1.234375,1.1900748405428083e+37,100.0
842100,1.201914499105585e+37,1.234375,1.2020346905554954e+37,1.234375,1.2020346905554954e+37,100.0
842200,1.2139933336861234e+37,1.234375,1.214114733019492e+37,1.234375,1.214114733019492e+37,100.0
842300,1.226193556472672e+37,1.234375,1.2263161758283194e+37,1.234375,1.2263161758283194e+37,100.0
842400,1.2385163873756838e+37,1.234375,1.2386402390144214e+37,1.234375,1.2386402390144214e+37,100.0
842500,1.2509630585652988e+37,1.234375,1.2510881548711553e+37,1.234375,1.2510881548711553e+37,100.0
842600,1.2635348145945504e+37,1.234375,1.2636611680760098e+37,1.234375,1.2636611680760098e+37,100.0
842700,1.2762329125238104e+37,1.234375,1.2763605358150628e+37,1.234375,1.2763605358150628e+37,100.0
842800,1.28905862204648e+37,1.234375,1.2891875279086847e+37,1.234375,1.2891875279086847e+37,100.0
842900,1.3020132256159554e+37,1.234375,1.302143426938517e+37,1.234375,1.302143426938517e+37,100.0
843000,1.315098018573851e+37,1.234375,1.3152295283757083e+37,1.234375,1.3152295283757083e+37,100.0
843100,1.328314309279529e+37,1.234375,1.3284471407104567e+37,1.234375,1.3284471407104567e+37,100.0
843200,1.341663419240918e+37,1.234375,1.341797585582842e+37,1.234375,1.341797585582842e+37,100.0
843300,1.3551466832466612e+37,1.234375,1.3552821979149858e+37,1.234375,1.3552821979149858e+37,100.0
843400,1.368765449499572e+37,1.234375,1.368902326044522e+37,1.234375,1.368902326044522e+37,100.0
843500,1.3825210797514452e+37,1.234375,1.3826593318594202e+37,1.234375,1.3826593318594202e+37,100.0
843600,1.3964149494392241e+37,1.234375,1.396554590934168e+37,1.234375,1.396554590934168e+37,100.0
843700,1.4104484478225285e+37,1.234375,1.4105894926673109e+37,1.234375,1.4105894926673109e+37,100.0
843800,1.4246229781225668e+37,1.234375,1.4247654404203791e+37,1.234375,1.4247654404203791e+37,100.0
843900,1.4389399576624444e+37,1.234375,1.4390838516582105e+37,1.234375,1.4390838516582105e+37,100.0
844000,1.453400818008889e+37,1.234375,1.4535461580906899e+37,1.234375,1.4535461580906899e+37,100.0
844100,1.4680070051153886e+37,1.234375,1.4681538058159e+37,1.234375,1.4681538058159e+37,100.0
844200,1.4827599794667723e+37,1.234375,1.482908255464719e+37,1.234375,1.482908255464719e+37,100.0
844300,1.4976612162252509e+37,1.234375,1.4978109823468734e+37,1.234375,1.4978109823468734e+37,100.0
844400,1.5127122053779195e+37,1.234375,1.5128634765984572e+37,1.234375,1.5128634765984572e+37,100.0
844500,1.5279144518857355e+37,1.234375,1.5280672433309242e+37,1.234375,1.5280672433309242e+37,100.0
844600,1.5432694758340073e+37,1.234375,1.5434238027815907e+37,1.234375,1.5434238027815907e+37,100.0
844700,1.5587788125843884e+37,1.234375,1.5589346904656468e+37,1.234375,1.5589346904656468e+37,100.0
844800,1.5744440129283953e+37,1.234375,1.5746014573296882e+37,1.234375,1.5746014573296882e+37,100.0
844900,1.5902666432424755e+37,1.234375,1.5904256699067998e+37,1.234375,1.5904256699067998e+37,100.0
845000,1.606248285644634e+37,1.234375,1.6064089104731985e+37,1.234375,1.6064089104731985e+37,100.0
845100,1.6223905381526253e+37,1.234375,1.6225527772064404e+37,1.234375,1.6225527772064404e+37,100.0
845200,1.6386950148437368e+37,1.234375,1.6388588843452211e+37,1.234375,1.6388588843452211e+37,100.0
845300,1.6551633460161953e+37,1.234375,1.655328862350797e+37,1.234375,1.655328862350797e+37,100.0
845400,1.6717971783521715e+37,1.234375,1.6719643580700066e+37,1.234375,1.6719643580700066e+37,100.0
845500,1.6885981750824327e+37,1.234375,1.6887670348999409e+37,1.234375,1.6887670348999409e+37,100.0
845600,1.7055680161526573e+37,1.234375,1.7057385729542725e+37,1.234375,1.7057385729542725e+37,100.0
845700,1.722708398391407e+37,1.234375,1.7228806692312462e+37,1.234375,1.7228806692312462e+37,100.0
845800,1.740021035679799e+37,1.234375,1.740195037783367e+37,1.234375,1.740195037783367e+37,100.0
845900,1.7575076591228757e+37,1.234375,1.7576834098887878e+37,1.234375,1.7576834098887878e+37,100.0
846000,1.7751700172227004e+37,1.234375,1.7753475342244227e+37,1.234375,1.7753475342244227e+37,100.0
846100,1.7930098760531923e+37,1.234375,1.7931891770407977e+37,1.234375,1.7931891770407977e+37,100.0
846200,1.811029019436715e+37,1.234375,1.8112101223386585e+37,1.234375,1.8112101223386585e+37,100.0
846300,1.8292292491224443e+37,1.234375,1.8294121720473566e+37,1.234375,1.8294121720473566e+37,100.0
846400,1.847612384966529e+37,1.234375,1.8477971462050257e+37,1.234375,1.8477971462050257e+37,100.0
846500,1.8661802651140546e+37,1.234375,1.866366883140566e+37,1.234375,1.866366883140566e+37,100.0
846600,1.884934746182844e+37,1.234375,1.8851232396574623e+37,1.234375,1.8851232396574623e+37,100.0
846700,1.9038777034491014e+37,1.234375,1.9040680912194463e+37,1.234375,1.9040680912194463e+37,100.0
846800,1.923011031034924e+37,1.234375,1.9232033321380274e+37,1.234375,1.9232033321380274e+37,100.0
846900,1.9423366420976977e+37,1.234375,1.9425308757619075e+37,1.234375,1.9425308757619075e+37,100.0
847000,1.96185646902139e+37,1.234375,1.962052654668292e+37,1.234375,1.962052654668292e+37,100.0
847100,1.9815724636097756e+37,1.234375,1.9817706208561366e+37,1.234375,1.9817706208561366e+37,100.0
847200,2.0014865972816015e+37,1.234375,2.0016867459413297e+37,1.234375,2.0016867459413297e+37,100.0
847300,2.0216008612677004e+37,1.234375,2.0218030213538272e+37,1.234375,2.0218030213538272e+37,100.0
847400,2.0419172668101057e+37,1.234375,2.0421214585367868e+37,1.234375,2.0421214585367868e+37,100.0
847500,2.0624378453631553e+37,1.234375,2.0626440891476916e+37,1.234375,2.0626440891476916e+37,100.0
847600,2.0831646487966132e+37,1.234375,2.083372965261493e+37,1.234375,2.083372965261493e+37,100.0
847700,2.1040997496008425e+37,1.234375,2.1043101595758027e+37,1.234375,2.1043101595758027e+37,100.0
847800,2.1252452410940353e+37,1.234375,2.1254577656181447e+37,1.234375,2.1254577656181447e+37,100.0
847900,2.1466032376315176e+37,1.234375,2.1468178979552807e+37,1.234375,2.1468178979552807e+37,100.0
848000,2.1681758748171865e+37,1.234375,2.168392692404668e+37,1.234375,2.168392692404668e+37,100.0
848100,2.189965309717024e+37,1.234375,2.190184306247996e+37,1.234375,2.190184306247996e+37,100.0
848200,2.211973721074799e+37,1.234375,2.2121949184469067e+37,1.234375,2.2121949184469067e+37,100.0
848300,2.2342033095299195e+37,1.234375,2.2344267298608725e+37,1.234375,2.2344267298608725e+37,100.0
848400,2.256656297837479e+37,1.234375,2.2568819634672626e+37,1.234375,2.2568819634672626e+37,100.0
848500,2.2793349310905045e+37,1.234375,2.2795628645836134e+37,1.234375,2.2795628645836134e+37,100.0
848600,2.302241476944453e+37,1.234375,2.3024717010921473e+37,1.234375,2.3024717010921473e+37,100.0
848700,2.325378225843947e+37,1.234375,2.325610763666531e+37,1.234375,2.325610763666531e+37,100.0
848800,2.348747491251807e+37,1.234375,2.348982366000932e+37,1.234375,2.348982366000932e+37,100.0
848900,2.372351609880377e+37,1.234375,2.372588845041365e+37,1.234375,2.372588845041365e+37,100.0
849000,2.396192941925163e+37,1.234375,2.3964325612193552e+37,1.234375,2.3964325612193552e+37,100.0
849100,2.4202738713008456e+37,1.234375,2.420515898687976e+37,1.234375,2.420515898687976e+37,100.0
849200,2.444596805879635e+37,1.234375,2.444841265560223e+37,1.234375,2.444841265560223e+37,100.0
849300,2.4691641777320484e+37,1.234375,2.4694110941498217e+37,1.234375,2.4694110941498217e+37,100.0
849400,2.4939784433700887e+37,1.234375,2.4942278412144256e+37,1.234375,2.4942278412144256e+37,100.0
849500,2.5190420839928725e+37,1.234375,2.5192939882012716e+37,1.234375,2.5192939882012716e+37,100.0
849600,2.5443576057347316e+37,1.234375,2.5446120414953053e+37,1.234375,2.5446120414953053e+37,100.0
849700,2.569927539915803e+37,1.234375,2.5701845326697943e+37,1.234375,2.5701845326697943e+37,100.0
849800,2.5957544432951324e+37,1.234375,2.596014018739462e+37,1.234375,2.596014018739462e+37,100.0
849900,2.62184089832633e+37,1.234375,2.6221030824161624e+37,1.234375,2.6221030824161624e+37,100.0
850000,2.6481895134157894e+37,1.234375,2.648454332367131e+37,1.234375,2.648454332367131e+37,100.0
850100,2.674802923183515e+37,1.234375,2.6750704034758335e+37,1.234375,2.6750704034758335e+37,100.0
850200,2.7016837887265423e+37,1.234375,2.7019539571054147e+37,1.234375,2.7019539571054147e+37,100.0
850300,2.7288347978850433e+37,1.234375,2.729107681364832e+37,1.234375,2.729107681364832e+37,100.0
850400,2.75625866551107e+37,1.234375,2.756534291377621e+37,1.234375,2.756534291377621e+37,100.0
850500,2.7839581337400163e+37,1.234375,2.7842365295533904e+37,1.234375,2.7842365295533904e+37,100.0
850600,2.811935972264816e+37,1.234375,2.812217165862042e+37,1.234375,2.812217165862042e+37,100.0
850700,2.8401949786128764e+37,1.234375,2.8404789981107377e+37,1.234375,2.8404789981107377e+37,100.0
850800,2.8687379784258174e+37,1.234375,2.86902485222366e+37,1.234375,2.86902485222366e+37,100.0
850900,2.897567825741996e+37,1.234375,2.8978575825245705e+37,1.234375,2.8978575825245705e+37,100.0
851000,2.926687403281892e+37,1.234375,2.92698007202222e+37,1.234375,2.92698007202222e+37,100.0
851100,2.95609962273635e+37,1.234375,2.956395232698624e+37,1.234375,2.956395232698624e+37,100.0
851200,2.9858074250577275e+37,1.234375,2.986106005800233e+37,1.234375,2.986106005800233e+37,100.0
851300,3.0158137807539554e+37,1.234375,3.0161153621320306e+37,1.234375,3.0161153621320306e+37,100.0
851400,3.0461216901855694e+37,1.234375,3.046426302354588e+37,1.234375,3.046426302354588e+37,100.0
851500,3.0767341838657115e+37,1.234375,3.077041857284098e+37,1.234375,3.077041857284098e+37,100.0
851600,3.107654322763161e+37,1.234375,3.107965088195437e+37,1.234375,3.107965088195437e+37,100.0
851700,3.138885198608394e+37,1.234375,3.139199087128255e+37,1.234375,3.139199087128255e+37,100.0
851800,3.170429934202739e+37,1.234375,3.1707469771961595e+37,1.234375,3.1707469771961595e+37,100.0
851900,3.202291683730613e+37,1.234375,3.2026119128989856e+37,1.234375,3.2026119128989856e+37,100.0
852000,3.2344736330749286e+37,1.234375,3.234797080438236e+37,1.234375,3.234797080438236e+37,100.0
852100,3.266979000135648e+37,1.234375,3.2673056980356617e+37,1.234375,3.2673056980356617e+37,100.0
852200,3.2998110351515327e+37,1.234375,3.300141016255048e+37,1.234375,3.300141016255048e+37,100.0
852300,3.332973021025147e+37,1.234375,3.333306318327249e+37,1.234375,3.333306318327249e+37,100.0
852400,3.366468273651121e+37,1.234375,3.366804920478486e+37,1.234375,3.366804920478486e+37,100.0
852500,3.4003001422477023e+37,1.234375,3.400640172261927e+37,1.234375,3.400640172261927e+37,100.0
852600,3.4344720096916464e+37,1.234375,3.4348154568926156e+37,1.234375,3.4348154568926156e+37,100.0
852700,3.4689872928564845e+37,1.234375,3.46933419158577e+37,1.234375,3.46933419158577e+37,100.0
852800,3.5038494429541696e+37,1.234375,3.504199827898465e+37,1.234375,3.504199827898465e+37,100.0
852900,3.5390619458801686e+37,1.234375,3.539415852074757e+37,1.234375,3.539415852074757e+37,100.0
853000,3.57462832256202e+37,1.234375,3.5749857853942764e+37,1.234375,3.5749857853942764e+37,100.0
853100,3.6105521293113914e+37,1.234375,3.6109131845243223e+37,1.234375,3.6109131845243223e+37,100.0
853200,3.646836958179684e+37,1.234375,3.647201641875502e+37,1.234375,3.647201641875502e+37,100.0
853300,3.6834864373171984e+37,1.234375,3.68385478596093e+37,1.234375,3.68385478596093e+37,100.0
853400,3.720504231335927e+37,1.234375,3.7208762817590607e+37,1.234375,3.7208762817590607e+37,100.0
853500,3.7578940416759655e+37,1.234375,3.758269831080133e+37,1.234375,3.758269831080133e+37,100.0
853600,3.7956596069756376e+37,1.234375,3.7960391729363353e+37,1.234375,3.7960391729363353e+37,100.0
853700,3.8338047034453187e+37,1.234375,3.834188083915663e+37,1.234375,3.834188083915663e+37,100.0
853800,3.872333145245019e+37,1.234375,3.8727203785595437e+37,1.234375,3.8727203785595437e+37,100.0
853900,3.9112487848657737e+37,1.234375,3.91163990974426e+37,1.234375,3.91163990974426e+37,100.0
854000,3.950555513514843e+37,1.234375,3.9509505690661947e+37,1.234375,3.9509505690661947e+37,100.0
854100,3.990257261504813e+37,1.234375,3.9906562872309636e+37,1.234375,3.9906562872309636e+37,100.0
854200,4.030357998646579e+37,1.234375,4.0307610344464437e+37,1.234375,4.0307610344464437e+37,100.0
854300,4.070861734646294e+37,1.234375,4.0712688208197585e+37,1.234375,4.0712688208197585e+37,100.0
854400,4.111772519506306e+37,1.234375,4.1121836967582564e+37,1.234375,4.1121836967582564e+37,100.0
854500,4.153094443930114e+37,1.234375,4.153509753374507e+37,1.234375,4.153509753374507e+37,100.0
854600,4.1948316397314095e+37,1.234375,4.1952511228953825e+37,1.234375,4.1952511228953825e+37,100.0
854700,4.2369882802472113e+37,1.234375,4.237411979075236e+37,1.234375,4.237411979075236e+37,100.0
854800,4.279568580755169e+37,1.234375,4.279996537613245e+37,1.234375,4.279996537613245e+37,100.0
854900,4.322576798895049e+37,1.234375,4.323009056574939e+37,1.234375,4.323009056574939e+37,100.0
855000,4.366017235094449e+37,1.234375,4.3664538368179585e+37,1.234375,4.3664538368179585e+37,100.0
855100,4.409894232998818e+37,1.234375,4.410335222422118e+37,1.234375,4.410335222422118e+37,100.0
855200,4.454212179905782e+37,1.234375,4.454657601123772e+37,1.234375,4.454657601123772e+37,100.0
855300,4.498975507203806e+37,1.234375,4.499425404754526e+37,1.234375,4.499425404754526e+37,100.0
855400,4.5441886908153235e+37,1.234375,4.544643109684405e+37,1.234375,4.544643109684405e+37,100.0
855500,4.589856251644281e+37,1.234375,4.590315237269446e+37,1.234375,4.590315237269446e+37,100.0
855600,4.635982756028179e+37,1.234375,4.636446354303781e+37,1.234375,4.636446354303781e+37,100.0
855700,4.682572816194659e+37,1.234375,4.683041073476278e+37,1.234375,4.683041073476278e+37,100.0
855800,4.7296310907226975e+37,1.234375,4.73010405383177e+37,1.234375,4.73010405383177e+37,100.0
855900,4.777162285008417e+37,1.234375,4.777640001236918e+37,1.234375,4.777640001236918e+37,100.0
856000,4.825171151735583e+37,1.234375,4.825653668850757e+37,1.234375,4.825653668850757e+37,100.0
856100,4.873662491350819e+37,1.234375,4.874149857599953e+37,1.234375,4.874149857599953e+37,100.0
856200,4.922641152543614e+37,1.234375,4.923133416658868e+37,1.234375,4.923133416658868e+37,100.0
856300,4.972112032731162e+37,1.234375,4.972609243934435e+37,1.234375,4.972609243934435e+37,100.0
856400,5.022080078548027e+37,1.234375,5.022582286555882e+37,1.234375,5.022582286555882e+37,100.0
856500,5.072550286340792e+37,1.234375,5.0730575413694265e+37,1.234375,5.0730575413694265e+37,100.0
856600,5.123527702667638e+37,1.234375,5.124040055437905e+37,1.234375,5.124040055437905e+37,100.0
856700,5.175017424802931e+37,1.234375,5.175534926545412e+37,1.234375,5.175534926545412e+37,100.0
856800,5.227024601246945e+37,1.234375,5.22754730370707e+37,1.234375,5.22754730370707e+37,100.0
856900,5.279554432240622e+37,1.234375,5.280082387683846e+37,1.234375,5.280082387683846e+37,100.0
857000,5.33261217028558e+37,1.234375,5.333145431502608e+37,1.234375,5.333145431502608e+37,100.0
857100,5.386203120669305e+37,1.234375,5.386741740981371e+37,1.234375,5.386741740981371e+37,100.0
857200,5.440332641995623e+37,1.234375,5.440876675259823e+37,1.234375,5.440876675259823e+37,100.0
857300,5.495006146720518e+37,1.234375,5.495555647335191e+37,1.234375,5.495555647335191e+37,100.0
857400,5.550229101693338e+37,1.234375,5.550784124603507e+37,1.234375,5.550784124603507e+37,100.0
857500,5.606007028703399e+37,1.234375,5.606567629406269e+37,1.234375,5.606567629406269e+37,100.0
857600,5.662345505032155e+37,1.234375,5.662911739582657e+37,1.234375,5.662911739582657e+37,100.0
857700,5.719250164010842e+37,1.234375,5.719822089027243e+37,1.234375,5.719822089027243e+37,100.0
857800,5.776726695583775e+37,1.234375,5.777304368253333e+37,1.234375,5.777304368253333e+37,100.0
857900,5.834780846877286e+37,1.234375,5.835364324961974e+37,1.234375,5.835364324961974e+37,100.0
858000,5.89341842277438e+37,1.234375,5.894007764616658e+37,1.234375,5.894007764616658e+37,100.0
858100,5.952645286495185e+37,1.234375,5.953240551023834e+37,1.234375,5.953240551023834e+37,100.0
858200,6.01246736018321e+37,1.234375,6.013068606919228e+37,1.234375,6.013068606919228e+37,100.0
858300,6.072890625497495e+37,1.234375,6.073497914560044e+37,1.234375,6.073497914560044e+37,100.0
858400,6.133921124210737e+37,1.234375,6.134534516323158e+37,1.234375,6.134534516323158e+37,100.0
858500,6.195564958813406e+37,1.234375,6.196184515309287e+37,1.234375,6.196184515309287e+37,100.0
858600,6.257828293123942e+37,1.234375,6.258454075953254e+37,1.234375,6.258454075953254e+37,100.0
858700,6.3207173529050735e+37,1.234375,6.321349424640364e+37,1.234375,6.321349424640364e+37,100.0
858800,6.384238426486345e+37,1.234375,6.384876850328993e+37,1.234375,6.384876850328993e+37,100.0
858900,6.448397865392884e+37,1.234375,6.449042705179423e+37,1.234375,6.449042705179423e+37,100.0
859000,6.513202084980497e+37,1.234375,6.513853405188995e+37,1.234375,6.513853405188995e+37,100.0
859100,6.578657565077164e+37,1.234375,6.5793154308336715e+37,1.234375,6.5793154308336715e+37,100.0
859200,6.644770850630928e+37,1.234375,6.645435327715991e+37,1.234375,6.645435327715991e+37,100.0
859300,6.711548552364358e+37,1.234375,6.712219707219595e+37,1.234375,6.712219707219595e+37,100.0
859400,6.7789973474355475e+37,1.234375,6.779675247170291e+37,1.234375,6.779675247170291e+37,100.0
859500,6.84712398010577e+37,1.234375,6.84780869250378e+37,1.234375,6.84780869250378e+37,100.0
859600,6.915935262413857e+37,1.234375,6.916626855940098e+37,1.234375,6.916626855940098e+37,100.0
859700,6.985438074857318e+37,1.234375,6.986136618664804e+37,1.234375,6.986136618664804e+37,100.0
859800,7.055639367080339e+37,1.234375,7.056344931017047e+37,1.234375,7.056344931017047e+37,100.0
859900,7.126546158568682e+37,1.234375,7.127258813184538e+37,1.234375,7.127258813184538e+37,100.0
860000,7.198165539351568e+37,1.234375,7.198885355905504e+37,1.234375,7.198885355905504e+37,100.0
860100,7.270504670710632e+37,1.234375,7.271231721177703e+37,1.234375,7.271231721177703e+37,100.0
860200,7.34357078589595e+37,1.234375,7.344305142974539e+37,1.234375,7.344305142974539e+37,100.0
860300,7.417371190849317e+37,1.234375,7.418112927968402e+37,1.234375,7.418112927968402e+37,100.0
860400,7.491913264934785e+37,1.234375,7.492662456261278e+37,1.234375,7.492662456261278e+37,100.0
860500,7.567204461676508e+37,1.234375,7.567961182122676e+37,1.234375,7.567961182122676e+37,100.0
860600,7.643252309504058e+37,1.234375,7.644016634735008e+37,1.234375,7.644016634735008e+37,100.0
860700,7.7200644125051615e+37,1.234375,7.720836418946412e+37,1.234375,7.720836418946412e+37,100.0
860800,7.797648451186073e+37,1.234375,7.798428216031192e+37,1.234375,7.798428216031192e+37,100.0
860900,7.876012183239527e+37,1.234375,7.87679978445785e+37,1.234375,7.87679978445785e+37,100.0
861000,7.955163444320455e+37,1.234375,7.955958960664887e+37,1.234375,7.955958960664887e+37,100.0
861100,8.0351101488294745e+37,1.234375,8.035913659844357e+37,1.234375,8.035913659844357e+37,100.0
861200,8.115860290704242e+37,1.234375,8.116671876733312e+37,1.234375,8.116671876733312e+37,100.0
861300,8.197421944218806e+37,1.234375,8.1982416864132275e+37,1.234375,8.1982416864132275e+37,100.0
861400,8.279803264790926e+37,1.234375,8.280631245117405e+37,1.234375,8.280631245117405e+37,100.0
861500,8.363012489797558e+37,1.234375,8.363848791046538e+37,1.234375,8.363848791046538e+37,100.0
861600,8.44705793939852e+37,1.234375,8.447902645192459e+37,1.234375,8.447902645192459e+37,100.0
861700,8.53194801736842e+37,1.234375,8.532801212170158e+37,1.234375,8.532801212170158e+37,100.0
861800,8.617691211936954e+37,1.234375,8.618552981058148e+37,1.234375,8.618552981058148e+37,100.0
861900,8.704296096637654e+37,1.234375,8.705166526247318e+37,1.234375,8.705166526247318e+37,100.0
862000,8.791771331165185e+37,1.234375,8.792650508298302e+37,1.234375,8.792650508298302e+37,100.0
862100,8.880125662241226e+37,1.234375,8.88101367480745e+37,1.234375,8.88101367480745e+37,100.0
862200,8.969367924489022e+37,1.234375,8.97026486128147e+37,1.234375,8.97026486128147e+37,100.0
862300,9.059507041316827e+37,1.234375,9.060412992020958e+37,1.234375,9.060412992020958e+37,100.0
862400,9.150552025810083e+37,1.234375,9.151467081012664e+37,1.234375,9.151467081012664e+37,100.0
862500,9.24251198163275e+37,1.234375,9.243436232830915e+37,1.234375,9.243436232830915e+37,100.0
862600,9.335396103937526e+37,1.234375,9.336329643547919e+37,1.234375,9.336329643547919e+37,100.0
862700,9.42921368028525e+37,1.234375,9.43015660165328e+37,1.234375,9.43015660165328e+37,100.0
862800,9.523974091573636e+37,1.234375,9.524926488982792e+37,1.234375,9.524926488982792e+37,100.0
862900,9.619686812975235e+37,1.234375,9.620648781656533e+37,1.234375,9.620648781656533e+37,100.0
863000,9.716361414884926e+37,1.234375,9.717333051026415e+37,1.234375,9.717333051026415e+37,100.0
863100,9.814007563876771e+37,1.234375,9.814988964633158e+37,1.234375,9.814988964633158e+37,100.0
863200,9.912635023670654e+37,1.234375,9.91362628717302e+37,1.234375,9.91362628717302e+37,100.0
863300,1.0012253656108544e+38,1.234375,1.0013254881474155e+38,1.234375,1.0013254881474155e+38,100.0
863400,1.011287342214059e+38,1.234375,1.0113884709482804e+38,1.234375,1.0113884709482804e+38,100.0
863500,1.0214504382821127e+38,1.234375,1.021552583325941e+38,1.234375,1.021552583325941e+38,100.0
863600,1.0317156700314681e+38,1.234375,1.0318188415984713e+38,1.234375,1.0318188415984713e+38,100.0
863700,1.0420840638912087e+38,1.234375,1.0421882722975979e+38,1.234375,1.0421882722975979e+38,100.0
863800,1.0525566566056854e+38,1.234375,1.052661912271346e+38,1.234375,1.052661912271346e+38,100.0
863900,1.0631344953381798e+38,1.234375,1.0632408087877136e+38,1.234375,1.0632408087877136e+38,100.0
864000,1.0738186377756082e+38,1.234375,1.0739260196393857e+38,1.234375,1.0739260196393857e+38,100.0
864100,1.0846101522342853e+38,1.234375,1.0847186132495088e+38,1.234375,1.0847186132495088e+38,100.0
864200,1.0955101177667431e+38,1.234375,1.0956196687785197e+38,1.234375,1.0956196687785197e+38,100.0
864300,1.1065196242696245e+38,1.234375,1.1066302762320514e+38,1.234375,1.1066302762320514e+38,100.0
864400,1.1176397725926693e+38,1.234375,1.1177515365699285e+38,1.234375,1.1177515365699285e+38,100.0
864500,1.1288716746487842e+38,1.234375,1.128984561816249e+38,1.234375,1.128984561816249e+38,100.0
864600,1.1402164535252227e+38,1.234375,1.1403304751705753e+38,1.234375,1.1403304751705753e+38,100.0
864700,1.1516752435958885e+38,1.234375,1.151790411120248e+38,1.234375,1.151790411120248e+38,100.0
864800,1.1632491906347575e+38,1.234375,1.163365515553821e+38,1.234375,1.163365515553821e+38,100.0
864900,1.1749394519304468e+38,1.234375,1.17505694587564e+38,1.234375,1.17505694587564e+38,100.0
865000,1.1867471964019357e+38,1.234375,1.186865871121576e+38,1.234375,1.186865871121576e+38,100.0
865100,1.198673604715442e+38,1.234375,1.1987934720759135e+38,1.234375,1.1987934720759135e+38,100.0
865200,1.2107198694024807e+38,1.234375,1.210840941389421e+38,1.234375,1.210840941389421e+38,100.0
865300,1.222887194979106e+38,1.234375,1.2230094836986039e+38,1.234375,1.2230094836986039e+38,100.0
865400,1.2351767980663515e+38,1.234375,1.2353003157461582e+38,1.234375,1.2353003157461582e+38,100.0
865500,1.247589907511879e+38,1.234375,1.2477146665026303e+38,1.234375,1.2477146665026303e+38,100.0
865600,1.2601277645128561e+38,1.234375,1.2602537772893074e+38,1.234375,1.2602537772893074e+38,100.0
865700,1.2727916227400597e+38,1.234375,1.2729189019023336e+38,1.234375,1.2729189019023336e+38,100.0
865800,1.2855827484632393e+38,1.234375,1.2857113067380856e+38,1.234375,1.2857113067380856e+38,100.0
865900,1.2985024206777237e+38,1.234375,1.2986322709197915e+38,1.234375,1.2986322709197915e+38,100.0
866000,1.311551931232316e+38,1.234375,1.3116830864254393e+38,1.234375,1.3116830864254393e+38,100.0
866100,1.324732584958459e+38,1.234375,1.324865058216955e+38,1.234375,1.324865058216955e+38,100.0
866200,1.338045699800713e+38,1.234375,1.338179504370693e+38,1.234375,1.338179504370693e+38,100.0
866300,1.3514926069485354e+38,1.234375,1.3516277562092303e+38,1.234375,1.3516277562092303e+38,100.0
866400,1.3650746509693877e+38,1.234375,1.3652111584344846e+38,1.234375,1.3652111584344846e+38,100.0
866500,1.3787931899431802e+38,1.234375,1.3789310692621744e+38,1.234375,1.3789310692621744e+38,100.0
866600,1.392649595598067e+38,1.234375,1.3927888605576267e+38,1.234375,1.3927888605576267e+38,100.0
866700,1.4066452534476072e+38,1.234375,1.406785917972952e+38,1.234375,1.406785917972952e+38,100.0
866800,1.4207815629293026e+38,1.234375,1.4209236410855956e+38,1.234375,1.4209236410855956e+38,100.0
866900,1.4350599375445292e+38,1.234375,1.4352034435382835e+38,1.234375,1.4352034435382835e+38,100.0
867000,1.4494818049998747e+38,1.234375,1.4496267531803746e+38,1.234375,1.4496267531803746e+38,100.0
867100,1.4640486073498949e+38,1.234375,1.4641950122106298e+38,1.234375,1.4641950122106298e+38,100.0
867200,1.478761801141306e+38,1.234375,1.4789096773214201e+38,1.234375,1.4789096773214201e+38,100.0
867300,1.4936228575586278e+38,1.234375,1.4937722198443838e+38,1.234375,1.4937722198443838e+38,100.0
867400,1.5086332625712868e+38,1.234375,1.508784125897544e+38,1.234375,1.508784125897544e+38,100.0
867500,1.5237945170822e+38,1.234375,1.5239468965339083e+38,1.234375,1.5239468965339083e+38,100.0
867600,1.539108137077853e+38,1.234375,1.5392620478915606e+38,1.234375,1.5392620478915606e+38,100.0
867700,1.55457565377988e+38,1.234375,1.554731111345258e+38,1.234375,1.554731111345258e+38,100.0
867800,1.5701986137981788e+38,1.234375,1.5703556336595585e+38,1.234375,1.5703556336595585e+38,100.0
867900,1.5859785792855523e+38,1.234375,1.5861371771434809e+38,1.234375,1.5861371771434809e+38,100.0
868000,1.6019171280939113e+38,1.234375,1.6020773198067206e+38,1.234375,1.6020773198067206e+38,100.0
868100,1.618015853932044e+38,1.234375,1.6181776555174372e+38,1.234375,1.6181776555174372e+38,100.0
868200,1.6342763665249765e+38,1.234375,1.6344397941616289e+38,1.234375,1.6344397941616289e+38,100.0
868300,1.6507002917749244e+38,1.234375,1.6508653618041019e+38,1.234375,1.6508653618041019e+38,100.0
868400,1.6672892719238736e+38,1.234375,1.667456000851066e+38,1.234375,1.667456000851066e+38,100.0
868500,1.6840449657177848e+38,1.234375,1.6842133702143565e+38,1.234375,1.6842133702143565e+38,100.0
868600,1.700969048572456e+38,1.234375,1.7011391454773132e+38,1.234375,1.7011391454773132e+38,100.0
868700,1.7180632127410503e+38,1.234375,1.7182350190623243e+38,1.234375,1.7182350190623243e+38,100.0
868800,1.735329167483298e+38,1.234375,1.7355027004000464e+38,1.234375,1.7355027004000464e+38,100.0
868900,1.7527686392364133e+38,1.234375,1.7529439161003367e+38,1.234375,1.7529439161003367e+38,100.0
869000,1.7703833717877293e+38,1.234375,1.770560410124908e+38,1.234375,1.770560410124908e+38,100.0
869100,1.788175126449042e+38,1.234375,1.7883539439616867e+38,1.234375,1.7883539439616867e+38,100.0
869200,1.8061456822327405e+38,1.234375,1.806326296800964e+38,1.234375,1.806326296800964e+38,100.0
869300,1.8242968360296856e+38,1.234375,1.8244792657132887e+38,1.234375,1.8244792657132887e+38,100.0
869400,1.8426304027888852e+38,1.234375,1.842814665829164e+38,1.234375,1.842814665829164e+38,100.0
869500,1.8611482156989722e+38,1.234375,1.861334330520542e+38,1.234375,1.861334330520542e+38,100.0
869600,1.879852126371504e+38,1.234375,1.880040111584141e+38,1.234375,1.880040111584141e+38,100.0
869700,1.898744005026111e+38,1.234375,1.8989338794266136e+38,1.234375,1.8989338794266136e+38,100.0
869800,1.917825740677496e+38,1.234375,1.9180175232515636e+38,1.234375,1.9180175232515636e+38,100.0
869900,1.9370992413243235e+38,1.234375,1.937292951248456e+38,1.234375,1.937292951248456e+38,100.0
870000,1.9565664341399987e+38,1.234375,1.956762090783413e+38,1.234375,1.956762090783413e+38,100.0
870100,1.976229265665369e+38,1.234375,1.9764268885919356e+38,1.234375,1.9764268885919356e+38,100.0
870200,1.9960897020033584e+38,1.234375,1.9962893109735585e+38,1.234375,1.9962893109735585e+38,100.0
870300,2.0161497290155618e+38,1.234375,2.0163513439884634e+38,1.234375,2.0163513439884634e+38,100.0
870400,2.0364113525208133e+38,1.234375,2.0366149936560653e+38,1.234375,2.0366149936560653e+38,100.0
870500,2.056876598495742e+38,1.234375,2.057082286155592e+38,1.234375,2.057082286155592e+38,100.0
870600,2.077547513277368e+38,1.234375,2.077755268028696e+38,1.234375,2.077755268028696e+38,100.0
870700,2.0984261637677e+38,1.234375,2.0986360063840768e+38,1.234375,2.0986360063840768e+38,100.0
870800,2.119514637640413e+38,1.234375,2.119726589104177e+38,1.234375,2.119726589104177e+38,100.0
870900,2.1408150435496022e+38,1.234375,2.141029125053957e+38,1.234375,2.141029125053957e+38,100.0
871000,2.1623295113406193e+38,1.234375,2.1625457442917533e+38,1.234375,2.1625457442917533e+38,100.0
871100,2.1840601922630463e+38,1.234375,2.1842785982822724e+38,1.234375,2.1842785982822724e+38,100.0
871200,2.2060092591857884e+38,1.234375,2.2062298601117068e+38,1.234375,2.2062298601117068e+38,100.0
871300,2.22817890681436e+38,1.234375,2.2284017247050413e+38,1.234375,2.2284017247050413e+38,100.0
871400,2.2505713519103177e+38,1.234375,2.250796409045509e+38,1.234375,2.250796409045509e+38,100.0
871500,2.2731888335129216e+38,1.234375,2.2734161523962728e+38,1.234375,2.2734161523962728e+38,100.0
871600,2.2960336131630244e+38,1.234375,2.2962632165243406e+38,1.234375,2.2962632165243406e+38,100.0
871700,2.3191079751291952e+38,1.234375,2.319339885926708e+38,1.234375,2.319339885926708e+38,100.0
871800,2.3424142266361364e+38,1.234375,2.3426484680588e+38,1.234375,2.3426484680588e+38,100.0
871900,2.3659546980953723e+38,1.234375,2.366191293565182e+38,1.234375,2.366191293565182e+38,100.0
872000,2.3897317433382822e+38,1.234375,2.389970716512616e+38,1.234375,2.389970716512616e+38,100.0
872100,2.4137477398514507e+38,1.234375,2.413989114625436e+38,1.234375,2.413989114625436e+38,100.0
872200,2.438005089014398e+38,1.234375,2.4382488895232993e+38,1.234375,2.4382488895232993e+38,100.0
872300,2.462506216339703e+38,1.234375,2.462752466961337e+38,1.234375,2.462752466961337e+38,100.0
872400,2.487253571715523e+38,1.234375,2.4875022970726943e+38,1.234375,2.4875022970726943e+38,100.0
872500,2.5122496296505627e+38,1.234375,2.5125008546135278e+38,1.234375,2.5125008546135278e+38,100.0
872600,2.5374968895215e+38,1.234375,2.5377506392104522e+38,1.234375,2.5377506392104522e+38,100.0
872700,2.5629978758229126e+38,1.234375,2.5632541756104947e+38,1.234375,2.5632541756104947e+38,100.0
872800,2.5887551384196905e+38,1.234375,2.5890140139335323e+38,1.234375,2.5890140139335323e+38,100.0
872900,2.614771252802003e+38,1.234375,2.615032729927283e+38,1.234375,2.615032729927283e+38,100.0
873000,2.641048820342827e+38,1.234375,2.641312925224861e+38,1.234375,2.641312925224861e+38,100.0
873100,2.66759046855806e+38,1.234375,2.6678572276049156e+38,1.234375,2.6678572276049156e+38,100.0
873200,2.6943988513692424e+38,1.234375,2.6946682912543792e+38,1.234375,2.6946682912543792e+38,100.0
873300,2.721476649368935e+38,1.234375,2.721748797033872e+38,1.234375,2.721748797033872e+38,100.0
873400,2.7488265700887447e+38,1.234375,2.7491014527457535e+38,1.234375,2.7491014527457535e+38,100.0
873500,2.7764513482700555e+38,1.234375,2.7767289934048823e+38,1.234375,2.7767289934048823e+38,100.0
873600,2.8043537461374787e+38,1.234375,2.8046341815120923e+38,1.234375,2.8046341815120923e+38,100.0
873700,2.8325365536750502e+38,1.234375,2.8328198073304176e+38,1.234375,2.8328198073304176e+38,100.0
873800,2.8610025889052025e+38,1.234375,2.861288689164093e+38,1.234375,2.861288689164093e+38,100.0
873900,2.8897546981705423e+38,1.234375,2.890043673640359e+38,1.234375,2.890043673640359e+38,100.0
874000,2.9187957564184538e+38,1.234375,2.9190876359940958e+38,1.234375,2.9190876359940958e+38,100.0
874100,2.9481286674885768e+38,1.234375,2.9484234803553258e+38,1.234375,2.9484234803553258e+38,100.0
874200,2.9777563644031576e+38,1.234375,2.978054140039598e+38,1.234375,2.978054140039598e+38,100.0
874300,3.0076818096603195e+38,1.234375,3.0079825778412854e+38,1.234375,3.0079825778412854e+38,100.0
874400,3.037907995530294e+38,1.234375,3.038211786329847e+38,1.234375,3.038211786329847e+38,100.0
874500,3.068437944354618e+38,1.234375,3.0687447881490532e+38,1.234375,3.0687447881490532e+38,100.0
874600,3.0992747088483414e+38,1.234375,3.099584636319226e+38,1.234375,3.099584636319226e+38,100.0
874700,3.1304213724052615e+38,1.234375,3.130734414542502e+38,1.234375,3.130734414542502e+38,100.0
874800,3.161881049406249e+38,1.234375,3.1621972375111897e+38,1.234375,3.1621972375111897e+38,100.0
874900,3.1936568855306468e+38,1.234375,3.1939762512191997e+38,1.234375,3.1939762512191997e+38,100.0
875000,3.225752058070818e+38,1.234375,3.226074633276625e+38,1.234375,3.226074633276625e+38,100.0
875100,3.2581697762498275e+38,1.234375,3.2584955932274523e+38,1.234375,3.2584955932274523e+38,100.0
875200,3.2909132815423577e+38,1.234375,3.291242372870512e+38,1.234375,3.291242372870512e+38,100.0
875300,3.3239858479988136e+38,1.234375,3.3243182465836135e+38,1.234375,3.3243182465836135e+38,100.0
875400,3.3573907825727027e+38,1.234375,3.35772652165096e+38,1.234375,3.35772652165096e+38,100.0
875500,3.391131425451294e+38,1.234375,3.391470538593839e+38,1.234375,3.391470538593839e+38,100.0
875600,3.42521115038961e+38,1.234375,3.4255536715046485e+38,1.234375,3.4255536715046485e+38,100.0
875700,3.4596333650477754e+38,1.234375,3.45997932838428e+38,1.234375,3.45997932838428e+38,100.0
875800,3.4944015113317415e+38,1.234375,3.494750951482875e+38,1.234375,3.494750951482875e+38,100.0
875900,3.5295190657374605e+38,1.234375,3.529872017644034e+38,1.234375,3.529872017644034e+38,100.0
876000,3.564989539698481e+38,1.234375,3.565346038652451e+38,1.234375,3.565346038652451e+38,100.0
876100,3.600816479937088e+38,1.234375,3.6011765615850816e+38,1.234375,3.6011765615850816e+38,100.0
876200,3.637003468818912e+38,1.234375,3.637367169165794e+38,1.234375,3.637367169165794e+38,100.0
876300,3.67355412471116e+38,1.234375,3.673921480123631e+38,1.234375,3.673921480123631e+38,100.0
876400,3.7104721023443925e+38,1.234375,3.7108431495546266e+38,1.234375,3.7108431495546266e+38,100.0
876500,3.7477610931779975e+38,1.234375,3.748135869287315e+38,1.234375,3.748135869287315e+38,100.0
876600,3.78542482576926e+38,1.234375,3.785803368251836e+38,1.234375,3.785803368251836e+38,100.0
876700,3.823467066146223e+38,1.234375,3.823849412852838e+38,1.234375,3.823849412852838e+38,100.0
876800,3.861891618184233e+38,1.234375,3.862277807346051e+38,1.234375,3.862277807346051e+38,100.0
876900,3.900702323986293e+38,1.234375,3.901092394218692e+38,1.234375,3.901092394218692e+38,100.0
877000,3.939903064267251e+38,1.234375,3.940297054573678e+38,1.234375,3.940297054573678e+38,100.0
877100,3.9794977587418184e+38,1.234375,3.979895708517693e+38,1.234375,3.979895708517693e+38,100.0
877200,4.0194903665165276e+38,1.234375,4.019892315553179e+38,1.234375,4.019892315553179e+38,100.0
877300,4.059884886485584e+38,1.234375,4.0602908749742325e+38,1.234375,4.0602908749742325e+38,100.0
877400,4.100685357730732e+38,1.234375,4.101095426266505e+38,1.234375,4.101095426266505e+38,100.0
877500,4.141895859925127e+38,1.234375,4.142310049511119e+38,1.234375,4.142310049511119e+38,100.0
877600,4.183520513741255e+38,1.234375,4.1839388657926285e+38,1.234375,4.1839388657926285e+38,100.0
877700,4.225563481262964e+38,1.234375,4.22598603761109e+38,1.234375,4.22598603761109e+38,100.0
877800,4.2680289664016554e+38,1.234375,4.268455769298295e+38,1.234375,4.268455769298295e+38,100.0
877900,4.310921215316599e+38,1.234375,4.31135230743813e+38,1.234375,4.31135230743813e+38,100.0
878000,4.354244516839535e+38,1.234375,4.354679941291219e+38,1.234375,4.354679941291219e+38,100.0
878100,4.39800320290353e+38,1.234375,4.39844300322382e+38,1.234375,4.39844300322382e+38,100.0
878200,4.4422016489760924e+38,1.234375,4.44264586914099e+38,1.234375,4.44264586914099e+38,100.0
878300,4.486844274496713e+38,1.234375,4.4872929589241626e+38,1.234375,4.4872929589241626e+38,100.0
878400,4.531935543318759e+38,1.234375,4.532388736873091e+38,1.234375,4.532388736873091e+38,100.0
878500,4.577479964155804e+38,1.234375,4.57793771215222e+38,1.234375,4.57793771215222e+38,100.0
878600,4.6234820910324784e+38,1.234375,4.6239444392415816e+38,1.234375,4.6239444392415816e+38,100.0
878700,4.66994652373982e+38,1.234375,4.670413518392193e+38,1.234375,4.670413518392193e+38,100.0
878800,4.7168779082952e+38,1.234375,4.717349596086029e+38,1.234375,4.717349596086029e+38,100.0
878900,4.764280937406919e+38,1.234375,4.76475736550066e+38,1.234375,4.76475736550066e+38,100.0
879000,4.8121603509433866e+38,1.234375,4.8126415669784805e+38,1.234375,4.8126415669784805e+38,100.0
879100,4.8605209364070985e+38,1.234375,4.8610069885007394e+38,1.234375,4.8610069885007394e+38,100.0
879200,4.909367529413339e+38,1.234375,4.90985846616628e+38,1.234375,4.90985846616628e+38,100.0
879300,4.958705014173678e+38,1.234375,4.959200884675095e+38,1.234375,4.959200884675095e+38,100.0
879400,5.008538323984371e+38,1.234375,5.00903917781677e+38,1.234375,5.00903917781677e+38,100.0
879500,5.0588724417196316e+38,1.234375,5.0593783289638035e+38,1.234375,5.0593783289638035e+38,100.0
879600,5.109712400329871e+38,1.234375,5.1102233715699044e+38,1.234375,5.1102233715699044e+38,100.0
879700,5.1610632833449654e+38,1.234375,5.1615793896733e+38,1.234375,5.1615793896733e+38,100.0
879800,5.212930225382529e+38,1.234375,5.213451518405067e+38,1.234375,5.213451518405067e+38,100.0
879900,5.265318412661358e+38,1.234375,5.265844944502624e+38,1.234375,5.265844944502624e+38,100.0
880000,5.318233083519999e+38,1.234375,5.318764906828351e+38,1.234375,5.318764906828351e+38,100.0
880100,5.371679528940524e+38,1.234375,5.372216696893418e+38,1.234375,5.372216696893418e+38,100.0
880200,5.425663093077595e+38,1.234375,5.426205659386903e+38,1.234375,5.426205659386903e+38,100.0
880300,5.480189173792811e+38,1.234375,5.48073719271019e+38,1.234375,5.48073719271019e+38,100.0
880400,5.5352632231944595e+38,1.234375,5.535816749516779e+38,1.234375,5.535816749516779e+38,100.0
880500,5.5908907481826845e+38,1.234375,5.591449837257503e+38,1.234375,5.591449837257503e+38,100.0
880600,5.647077311000103e+38,1.234375,5.647642018731202e+38,1.234375,5.647642018731202e+38,100.0
880700,5.703828529787996e+38,1.234375,5.704398912640975e+38,1.234375,5.704398912640975e+38,100.0
880800,5.7611500791480715e+38,1.234375,5.7617261941559865e+38,1.234375,5.7617261941559865e+38,100.0
880900,5.819047690709853e+38,1.234375,5.819629595478924e+38,1.234375,5.819629595478924e+38,100.0
881000,5.877527153703813e+38,1.234375,5.8781149064191835e+38,1.234375,5.8781149064191835e+38,100.0
881100,5.936594315540237e+38,1.234375,5.9371879749717905e+38,1.234375,5.9371879749717905e+38,100.0
881200,5.996255082393901e+38,1.234375,5.996854707902141e+38,1.234375,5.996854707902141e+38,100.0
881300,6.056515419794646e+38,1.234375,6.057121071336626e+38,1.234375,6.057121071336626e+38,100.0
881400,6.1173813532238736e+38,1.234375,6.117993091359196e+38,1.234375,6.117993091359196e+38,100.0
881500,6.178858968717029e+38,1.234375,6.1794768546139e+38,1.234375,6.1794768546139e+38,100.0
881600,6.240954413472169e+38,1.234375,6.241578508913516e+38,1.234375,6.241578508913516e+38,100.0
881700,6.303673896464602e+38,1.234375,6.304304263854248e+38,1.234375,6.304304263854248e+38,100.0
881800,6.3670236890677514e+38,1.234375,6.367660391436658e+38,1.234375,6.367660391436658e+38,100.0
881900,6.431010125680215e+38,1.234375,6.431653226692783e+38,1.234375,6.431653226692783e+38,100.0
882000,6.495639604359161e+38,1.234375,6.4962891683195965e+38,1.234375,6.4962891683195965e+38,100.0
882100,6.560918587460068e+38,1.234375,6.5615746793188145e+38,1.234375,6.5615746793188145e+38,100.0
882200,6.62685360228291e+38,1.234375,6.627516287643139e+38,1.234375,6.627516287643139e+38,100.0
882300,6.693451241724809e+38,1.234375,6.694120586848982e+38,1.234375,6.694120586848982e+38,100.0
882400,6.760718164939283e+38,1.234375,6.7613942367557774e+38,1.234375,6.7613942367557774e+38,100.0
882500,6.828661098002092e+38,1.234375,6.829343964111893e+38,1.234375,6.829343964111893e+38,100.0
882600,6.897286834583782e+38,1.234375,6.897976563267241e+38,1.234375,6.897976563267241e+38,100.0
882700,6.966602236628991e+38,1.234375,6.967298896852654e+38,1.234375,6.967298896852654e+38,100.0
882800,7.036614235042587e+38,1.234375,7.03731789646609e+38,1.234375,7.03731789646609e+38,100.0
882900,7.107329830382684e+38,1.234375,7.108040563365722e+38,1.234375,7.108040563365722e+38,100.0
883000,7.178756093560644e+38,1.234375,7.17947396917e+38,1.234375,7.17947396917e+38,100.0
883100,7.2509001665481e+38,1.234375,7.251625256564754e+38,1.234375,7.251625256564754e+38,100.0
883200,7.323769263091082e+38,1.234375,7.324501640017391e+38,1.234375,7.324501640017391e+38,100.0
883300,7.39737066943133e+38,1.234375,7.398110406498273e+38,1.234375,7.398110406498273e+38,100.0
883400,7.471711745034862e+38,1.234375,7.472458916209365e+38,1.234375,7.472458916209365e+38,100.0
883500,7.546799923327831e+38,1.234375,7.547554603320163e+38,1.234375,7.547554603320163e+38,100.0
883600,7.622642712439806e+38,1.234375,7.62340497671105e+38,1.234375,7.62340497671105e+38,100.0
883700,7.699247695954551e+38,1.234375,7.700017620724147e+38,1.234375,7.700017620724147e+38,100.0
883800,7.776622533668249e+38,1.234375,7.777400195921615e+38,1.234375,7.777400195921615e+38,100.0
883900,7.854774962355461e+38,1.234375,7.855560439851696e+38,1.234375,7.855560439851696e+38,100.0
884000,7.933712796542706e+38,1.234375,7.93450616782236e+38,1.234375,7.93450616782236e+38,100.0
884100,8.013443929289883e+38,1.234375,8.014245273682812e+38,1.234375,8.014245273682812e+38,100.0
884200,8.093976332979445e+38,1.234375,8.094785730612743e+38,1.234375,8.094785730612743e+38,100.0
884300,8.175318060113624e+38,1.234375,8.176135591919635e+38,1.234375,8.176135591919635e+38,100.0
884400,8.257477244119535e+38,1.234375,8.258302991843947e+38,1.234375,8.258302991843947e+38,100.0
884500,8.34046210016254e+38,1.234375,8.341296146372556e+38,1.234375,8.341296146372556e+38,100.0
884600,8.424280925967607e+38,1.234375,8.425123354060204e+38,1.234375,8.425123354060204e+38,100.0
884700,8.508942102649046e+38,1.234375,8.509792996859311e+38,1.234375,8.509792996859311e+38,100.0
884800,8.594454095548507e+38,1.234375,8.595313540958061e+38,1.234375,8.595313540958061e+38,100.0
884900,8.680825455081498e+38,1.234375,8.681693537627006e+38,1.234375,8.681693537627006e+38,100.0
885000,8.768064817592296e+38,1.234375,8.768941624074056e+38,1.234375,8.768941624074056e+38,100.0
885100,8.856180906217528e+38,1.234375,8.85706652430815e+38,1.234375,8.85706652430815e+38,100.0
885200,8.945182531758386e+38,1.234375,8.946077050011562e+38,1.234375,8.946077050011562e+38,100.0
885300,9.035078593561644e+38,1.234375,9.035982101421e+38,1.234375,9.035982101421e+38,100.0
885400,9.12587808040951e+38,1.234375,9.12679066821755e+38,1.234375,9.12679066821755e+38,100.0
885500,9.2175900714184e+38,1.234375,9.218511830425542e+38,1.234375,9.218511830425542e+38,100.0
885600,9.310223736946802e+38,1.234375,9.311154759320497e+38,1.234375,9.311154759320497e+38,100.0
885700,9.403788339512189e+38,1.234375,9.40472871834614e+38,1.234375,9.40472871834614e+38,100.0
885800,9.498293234717208e+38,1.234375,9.49924306404068e+38,1.234375,9.49924306404068e+38,100.0
885900,9.593747872185163e+38,1.234375,9.59470724697238e+38,1.234375,9.59470724697238e+38,100.0
886000,9.69016179650487e+38,1.234375,9.69113081268452e+38,1.234375,9.69113081268452e+38,100.0
886100,9.787544648185026e+38,1.234375,9.788523402649844e+38,1.234375,9.788523402649844e+38,100.0
886200,9.88590616461821e+38,1.234375,9.886894755234672e+38,1.234375,9.886894755234672e+38,100.0
886300,9.985256181054506e+38,1.234375,9.986254706672611e+38,1.234375,9.986254706672611e+38,100.0
886400,1.0085604631584901e+39,1.234375,1.008661319204806e+39,1.234375,1.008661319204806e+39,100.0
886500,1.0186961550134666e+39,1.234375,1.0187980246289679e+39,1.234375,1.0187980246289679e+39,100.0
886600,1.0289337071466636e+39,1.234375,1.0290366005173782e+39,1.234375,1.0290366005173782e+39,100.0
886700,1.0392741432194568e+39,1.234375,1.0393780706337787e+39,1.234375,1.0393780706337787e+39,100.0
886800,1.0497184971806747e+39,1.234375,1.0498234690303927e+39,1.234375,1.0498234690303927e+39,100.0
886900,1.060267813369982e+39,1.234375,1.060373840151319e+39,1.234375,1.060373840151319e+39,100.0
887000,1.070923146622302e+39,1.234375,1.0710302389369642e+39,1.234375,1.0710302389369642e+39,100.0
887100,1.081685562373295e+39,1.234375,1.0817937309295323e+39,1.234375,1.0817937309295323e+39,100.0
887200,1.0925561367658891e+39,1.234375,1.0926653923795657e+39,1.234375,1.0926653923795657e+39,100.0
887300,1.1035359567578832e+39,1.234375,1.1036463103535589e+39,1.234375,1.1036463103535589e+39,100.0
887400,1.1146261202306385e+39,1.234375,1.1147375828426616e+39,1.234375,1.1147375828426616e+39,100.0
887500,1.1258277360988497e+39,1.234375,1.1259403188724595e+39,1.234375,1.1259403188724595e+39,100.0
887600,1.1371419244214296e+39,1.234375,1.1372556386138718e+39,1.234375,1.1372556386138718e+39,100.0
887700,1.1485698165135075e+39,1.234375,1.1486846734951589e+39,1.234375,1.1486846734951589e+39,100.0
887800,1.1601125550595446e+39,1.234375,1.1602285663150506e+39,1.234375,1.1602285663150506e+39,100.0
887900,1.1717712942275954e+39,1.234375,1.1718884713570181e+39,1.234375,1.1718884713570181e+39,100.0
888000,1.1835471997847143e+39,1.234375,1.1836655545046929e+39,1.234375,1.1836655545046929e+39,100.0
888100,1.1954414492135193e+39,1.234375,1.1955609933584406e+39,1.234375,1.1955609933584406e+39,100.0
888200,1.2074552318299331e+39,1.234375,1.207575977353116e+39,1.234375,1.207575977353116e+39,100.0
888300,1.2195897489020989e+39,1.234375,1.2197117078769891e+39,1.234375,1.2197117078769891e+39,100.0
888400,1.2318462137704998e+39,1.234375,1.2319693983918768e+39,1.234375,1.2319693983918768e+39,100.0
888500,1.2442258519692815e+39,1.234375,1.2443502745544784e+39,1.234375,1.2443502745544784e+39,100.0
888600,1.2567299013487933e+39,1.234375,1.2568555743389282e+39,1.234375,1.2568555743389282e+39,100.0
888700,1.2693596121993613e+39,1.234375,1.2694865481605812e+39,1.234375,1.2694865481605812e+39,100.0
888800,1.2821162473763092e+39,1.234375,1.2822444590010468e+39,1.234375,1.2822444590010468e+39,100.0
888900,1.295001082426226e+39,1.234375,1.2951305825344685e+39,1.234375,1.2951305825344685e+39,100.0
889000,1.3080154057145168e+39,1.234375,1.3081462072550882e+39,1.234375,1.3081462072550882e+39,100.0
889100,1.3211605185542227e+39,1.234375,1.3212926346060782e+39,1.234375,1.3212926346060782e+39,100.0
889200,1.3344377353361404e+39,1.234375,1.334571179109674e+39,1.234375,1.334571179109674e+39,100.0
889300,1.347848383660251e+39,1.234375,1.347983168498617e+39,1.234375,1.347983168498617e+39,100.0
889400,1.361393804468465e+39,1.234375,1.3615299438489118e+39,1.234375,1.3615299438489118e+39,100.0
889500,1.375075352178708e+39,1.234375,1.375212859713926e+39,1.234375,1.375212859713926e+39,100.0
889600,1.3888943948203472e+39,1.234375,1.3890332842598294e+39,1.234375,1.3890332842598294e+39,100.0
889700,1.402852314170981e+39,1.234375,1.402992599402398e+39,1.234375,1.402992599402398e+39,100.0
889800,1.416950505894608e+39,1.234375,1.4170922009451973e+39,1.234375,1.4170922009451973e+39,100.0
889900,1.4311903796811767e+39,1.234375,1.431333498719145e+39,1.234375,1.431333498719145e+39,100.0
890000,1.4455733593875483e+39,1.234375,1.445717916723487e+39,1.234375,1.445717916723487e+39,100.0
890100,1.4601008831798557e+39,1.234375,1.4602468932681736e+39,1.234375,1.4602468932681736e+39,100.0
890200,1.474774403677321e+39,1.234375,1.4749218811176886e+39,1.234375,1.4749218811176886e+39,100.0
890300,1.489595388097501e+39,1.234375,1.4897443476363106e+39,1.234375,1.4897443476363106e+39,100.0
890400,1.5045653184029868e+39,1.234375,1.504715774934827e+39,1.234375,1.504715774934827e+39,100.0
890500,1.519685691449597e+39,1.234375,1.5198376600187417e+39,1.234375,1.5198376600187417e+39,100.0
890600,1.5349580191360412e+39,1.234375,1.5351115149379548e+39,1.234375,1.5351115149379548e+39,100.0
890700,1.5503838285551074e+39,1.234375,1.550538866937963e+39,1.234375,1.550538866937963e+39,100.0
890800,1.565964662146345e+39,1.234375,1.5661212586125596e+39,1.234375,1.5661212586125596e+39,100.0
890900,1.5817020778503008e+39,1.234375,1.5818602480580858e+39,1.234375,1.5818602480580858e+39,100.0
891000,1.5975976492642964e+39,1.234375,1.597757409029223e+39,1.234375,1.597757409029223e+39,100.0
891100,1.613652965799774e+39,1.234375,1.6138143310963537e+39,1.234375,1.6138143310963537e+39,100.0
891200,1.629869632841228e+39,1.234375,1.630032619804512e+39,1.234375,1.630032619804512e+39,100.0
891300,1.646249271906721e+39,1.234375,1.6464138968339115e+39,1.234375,1.6464138968339115e+39,100.0
891400,1.662793520810025e+39,1.234375,1.662959800162106e+39,1.234375,1.662959800162106e+39,100.0
891500,1.6795040338243872e+39,1.234375,1.6796719842277697e+39,1.234375,1.6796719842277697e+39,100.0
891600,1.6963824818479435e+39,1.234375,1.6965521200961284e+39,1.234375,1.6965521200961284e+39,100.0
891700,1.7134305525707882e+39,1.234375,1.7136018956260452e+39,1.234375,1.7136018956260452e+39,100.0
891800,1.730649950643733e+39,1.234375,1.7308230156387974e+39,1.234375,1.7308230156387974e+39,100.0
891900,1.7480423978487547e+39,1.234375,1.7482172020885395e+39,1.234375,1.7482172020885395e+39,100.0
892000,1.7656096332711537e+39,1.234375,1.7657861942344807e+39,1.234375,1.7657861942344807e+39,100.0
892100,1.783353413473453e+39,1.234375,1.7835317488148004e+39,1.234375,1.7835317488148004e+39,100.0
892200,1.8012755126710366e+39,1.234375,1.8014556402223036e+39,1.234375,1.8014556402223036e+39,100.0
892300,1.8193777229095506e+39,1.234375,1.8195596606818417e+39,1.234375,1.8195596606818417e+39,100.0
892400,1.8376618542440972e+39,1.234375,1.8378456204295218e+39,1.234375,1.8378456204295218e+39,100.0
892500,1.8561297349202182e+39,1.234375,1.8563153478937104e+39,1.234375,1.8563153478937104e+39,100.0
892600,1.8747832115567053e+39,1.234375,1.874970689877861e+39,1.234375,1.874970689877861e+39,100.0
892700,1.8936241493302453e+39,1.234375,1.8938135117451782e+39,1.234375,1.8938135117451782e+39,100.0
892800,1.9126544321619227e+39,1.234375,1.9128456976051388e+39,1.234375,1.9128456976051388e+39,100.0
892900,1.9318759629055908e+39,1.234375,1.9320691505018813e+39,1.234375,1.9320691505018813e+39,100.0
893000,1.9512906635381425e+39,1.234375,1.9514857926044963e+39,1.234375,1.9514857926044963e+39,100.0
893100,1.970900475351683e+39,1.234375,1.971097565399218e+39,1.234375,1.971097565399218e+39,100.0
893200,1.990707359147654e+39,1.234375,1.9909064298835686e+39,1.234375,1.9909064298835686e+39,100.0
893300,2.0107132954328875e+39,1.234375,2.0109143667624308e+39,1.234375,2.0109143667624308e+39,100.0
893400,2.0309202846176406e+39,1.234375,2.0311233766461022e+39,1.234375,2.0311233766461022e+39,100.0
893500,2.051330347215615e+39,1.234375,2.0515354802503363e+39,1.234375,2.0515354802503363e+39,100.0
893600,2.0719455240459934e+39,1.234375,2.072152718598398e+39,1.234375,2.072152718598398e+39,100.0
893700,2.0927678764375004e+39,1.234375,2.092977153225144e+39,1.234375,2.092977153225144e+39,100.0
893800,2.1137994864345226e+39,1.234375,2.114010866383166e+39,1.234375,2.114010866383166e+39,100.0
893900,2.135042457005283e+39,1.234375,2.1352559612509836e+39,1.234375,2.1352559612509836e+39,100.0
894000,2.1564989122521288e+39,1.234375,2.156714562143354e+39,1.234375,2.156714562143354e+39,100.0
894100,2.178170997623917e+39,1.234375,2.1783888147236794e+39,1.234375,2.1783888147236794e+39,100.0
894200,2.200060880130539e+39,1.234375,2.200280886218552e+39,1.234375,2.200280886218552e+39,100.0
894300,2.2221707485596055e+39,1.234375,2.2223929656344613e+39,1.234375,2.2223929656344613e+39,100.0
894400,2.2445028136953013e+39,1.234375,2.244727263976671e+39,1.234375,2.244727263976671e+39,100.0
894500,2.267059308539447e+39,1.234375,2.2672860144703012e+39,1.234375,2.2672860144703012e+39,100.0
894600,2.2898424885347775e+39,1.234375,2.2900714727836308e+39,1.234375,2.2900714727836308e+39,100.0
894700,2.3128546317904612e+39,1.234375,2.3130859172536402e+39,1.234375,2.3130859172536402e+39,100.0
894800,2.3360980393098973e+39,1.234375,2.3363316491138282e+39,1.234375,2.3363316491138282e+39,100.0
894900,2.3595750352207913e+39,1.234375,2.3598109927243132e+39,1.234375,2.3598109927243132e+39,100.0
895000,2.3832879670075434e+39,1.234375,2.3835262958042442e+39,1.234375,2.3835262958042442e+39,100.0
895100,2.407239205745985e+39,1.234375,2.4074799296665596e+39,1.234375,2.4074799296665596e+39,100.0
895200,2.4314311463404528e+39,1.234375,2.4316742894550868e+39,1.234375,2.4316742894550868e+39,100.0
895300,2.455866207763268e+39,1.234375,2.4561117943840443e+39,1.234375,2.4561117943840443e+39,100.0
895400,2.4805468332965996e+39,1.234375,2.4807948879799292e+39,1.234375,2.4807948879799292e+39,100.0
895500,2.5054754907767812e+39,1.234375,2.505726038325859e+39,1.234375,2.505726038325859e+39,100.0
895600,2.53065467284107e+39,1.234375,2.530907738308354e+39,1.234375,2.530907738308354e+39,100.0
895700,2.5560868971768806e+39,1.234375,2.5563425058665983e+39,1.234375,2.5563425058665983e+39,100.0
895800,2.5817747067735343e+39,1.234375,2.5820328842442116e+39,1.234375,2.5820328842442116e+39,100.0
895900,2.6077206701765398e+39,1.234375,2.6079814422435572e+39,1.234375,2.6079814422435572e+39,100.0
896000,2.6339273817444213e+39,1.234375,2.6341907744825958e+39,1.234375,2.6341907744825958e+39,100.0
896100,2.660397461908125e+39,1.234375,2.6606635016543158e+39,1.234375,2.6606635016543158e+39,100.0
896200,2.6871335574330456e+39,1.234375,2.687402270788789e+39,1.234375,2.687402270788789e+39,100.0
896300,2.7141383416836735e+39,1.234375,2.7144097555178418e+39,1.234375,2.7144097555178418e+39,100.0
896400,2.741414514890912e+39,1.234375,2.7416886563424014e+39,1.234375,2.7416886563424014e+39,100.0
896500,2.7689648044220714e+39,1.234375,2.7692417009025137e+39,1.234375,2.7692417009025137e+39,100.0
896600,2.796791965053579e+39,1.234375,2.797071644250084e+39,1.234375,2.797071644250084e+39,100.0
896700,2.824898779246438e+39,1.234375,2.825181269124362e+39,1.234375,2.825181269124362e+39,100.0
896800,2.853288057424442e+39,1.234375,2.8535733862301846e+39,1.234375,2.8535733862301846e+39,100.0
896900,2.8819626382551945e+39,1.234375,2.88225083451902e+39,1.234375,2.88225083451902e+39,100.0
897000,2.910925388933948e+39,1.234375,2.9112164814728415e+39,1.234375,2.9112164814728415e+39,100.0
897100,2.940179205470304e+39,1.234375,2.940473223390851e+39,1.234375,2.940473223390851e+39,100.0
897200,2.9697270129777785e+39,1.234375,2.970023985679076e+39,1.234375,2.970023985679076e+39,100.0
897300,2.999571765966293e+39,1.234375,2.9998717231428895e+39,1.234375,2.9998717231428895e+39,100.0
897400,3.0297164486375854e+39,1.234375,3.030019420282449e+39,1.234375,3.030019420282449e+39,100.0
897500,3.060164075183619e+39,1.234375,3.060470091591138e+39,1.234375,3.060470091591138e+39,100.0
897600,3.0909176900879714e+39,1.234375,3.0912267818569804e+39,1.234375,3.0912267818569804e+39,100.0
897700,3.1219803684302473e+39,1.234375,3.12229256646709e+39,1.234375,3.12229256646709e+39,100.0
897800,3.153355216193562e+39,1.234375,3.1536705517151814e+39,1.234375,3.1536705517151814e+39,100.0
897900,3.1850453705751124e+39,1.234375,3.18536387511217e+39,1.234375,3.18536387511217e+39,100.0
898000,3.217054000299872e+39,1.234375,3.217375705699902e+39,1.234375,3.217375705699902e+39,100.0
898100,3.2493843059374215e+39,1.234375,3.249709244368015e+39,1.234375,3.249709244368015e+39,100.0
898200,3.2820395202219824e+39,1.234375,3.2823677241740046e+39,1.234375,3.2823677241740046e+39,100.0
898300,3.315022908375681e+39,1.234375,3.315354410666518e+39,1.234375,3.315354410666518e+39,100.0
898400,3.348337768434996e+39,1.234375,3.3486726022118394e+39,1.234375,3.3486726022118394e+39,100.0
898500,3.3819874315805807e+39,1.234375,3.3823256303237386e+39,1.234375,3.3823256303237386e+39,100.0
898600,3.415975262470318e+39,1.234375,3.416316859996565e+39,1.234375,3.416316859996565e+39,100.0
898700,3.450304659575766e+39,1.234375,3.450649690041723e+39,1.234375,3.450649690041723e+39,100.0
898800,3.484979055521977e+39,1.234375,3.4853275534275293e+39,1.234375,3.4853275534275293e+39,100.0
898900,3.520001917430722e+39,1.234375,3.520353917622465e+39,1.234375,3.520353917622465e+39,100.0
899000,3.555376747267176e+39,1.234375,3.5557322849419023e+39,1.234375,3.5557322849419023e+39,100.0
899100,3.59110708219008e+39,1.234375,3.5914661928982993e+39,1.234375,3.5914661928982993e+39,100.0
899200,3.6271964949054233e+39,1.234375,3.627559214554914e+39,1.234375,3.627559214554914e+39,100.0
899300,3.663648594023683e+39,1.234375,3.664014958883085e+39,1.234375,3.664014958883085e+39,100.0
899400,3.7004670244206604e+39,1.234375,3.700837071123102e+39,1.234375,3.700837071123102e+39,100.0
899500,3.737655467601917e+39,1.234375,3.7380292331486777e+39,1.234375,3.7380292331486777e+39,100.0
899600,3.775217642070906e+39,1.234375,3.7755951638351134e+39,1.234375,3.7755951638351134e+39,100.0
899700,3.8131573037007823e+39,1.234375,3.813538619431152e+39,1.234375,3.813538619431152e+39,100.0
899800,3.851478246109957e+39,1.234375,3.851863393934568e+39,1.234375,3.851863393934568e+39,100.0
899900,3.89018430104142e+39,1.234375,3.890573319471524e+39,1.234375,3.890573319471524e+39,100.0
900000,3.929279338745895e+39,1.234375,3.9296722666797695e+39,1.234375,3.9296722666797695e+39,100.0
900100,3.968767268368809e+39,1.234375,3.969164145095646e+39,1.234375,3.969164145095646e+39,100.0
900200,4.0086520383411767e+39,1.234375,4.0090529035450105e+39,1.234375,4.0090529035450105e+39,100.0
900300,4.0489376367744176e+39,1.234375,4.049342530538095e+39,1.234375,4.049342530538095e+39,100.0
900400,4.0896280918591247e+39,1.234375,4.090037054668311e+39,1.234375,4.090037054668311e+39,100.0
900500,4.130727472267841e+39,1.234375,4.131140545015068e+39,1.234375,4.131140545015068e+39,100.0
900600,4.1722398875618876e+39,1.234375,4.1726571115506436e+39,1.234375,4.1726571115506436e+39,100.0
900700,4.214169488602303e+39,1.234375,4.2145909055511635e+39,1.234375,4.2145909055511635e+39,100.0
900800,4.256520467964859e+39,1.234375,4.2569461200116553e+39,1.234375,4.2569461200116553e+39,100.0
900900,4.2992970603593145e+39,1.234375,4.2997269900653504e+39,1.234375,4.2997269900653504e+39,100.0
901000,4.342503543052818e+39,1.234375,4.342937793407123e+39,1.234375,4.342937793407123e+39,100.0
901100,4.3861442362976145e+39,1.234375,4.386582850721244e+39,1.234375,4.386582850721244e+39,100.0
901200,4.4302235037630195e+39,1.234375,4.430666526113396e+39,1.234375,4.430666526113396e+39,100.0
901300,4.4747457529717515e+39,1.234375,4.4751932275470484e+39,1.234375,4.4751932275470484e+39,100.0
901400,4.5197154357406497e+39,1.234375,4.5201674072842236e+39,1.234375,4.5201674072842236e+39,100.0
901500,4.565137048625799e+39,1.234375,4.565593562330662e+39,1.234375,4.565593562330662e+39,100.0
901600,4.611015133372154e+39,1.234375,4.6114762348854914e+39,1.234375,4.6114762348854914e+39,100.0
901700,4.657354277367682e+39,1.234375,4.657820012795419e+39,1.234375,4.657820012795419e+39,100.0
901800,4.704159114102036e+39,1.234375,4.704629530013446e+39,1.234375,4.704629530013446e+39,100.0
901900,4.751434323629882e+39,1.234375,4.751909467062245e+39,1.234375,4.751909467062245e+39,100.0
902000,4.799184633038851e+39,1.234375,4.7996645515021545e+39,1.234375,4.7996645515021545e+39,100.0
902100,4.847414816922211e+39,1.234375,4.847899558403903e+39,1.234375,4.847899558403903e+39,100.0
902200,4.896129697856281e+39,1.234375,4.8966193108260666e+39,1.234375,4.8966193108260666e+39,100.0
902300,4.945334146882631e+39,1.234375,4.9458286802973186e+39,1.234375,4.9458286802973186e+39,100.0
902400,4.995033083995158e+39,1.234375,4.995532587303557e+39,1.234375,4.995532587303557e+39,100.0
902500,5.045231478632043e+39,1.234375,5.045736001779906e+39,1.234375,5.045736001779906e+39,100.0
902600,5.0959343501726365e+39,1.234375,5.0964439436076537e+39,1.234375,5.0964439436076537e+39,100.0
902700,5.147146768439349e+39,1.234375,5.147661483116193e+39,1.234375,5.147661483116193e+39,100.0
902800,5.198873854204601e+39,1.234375,5.199393741590021e+39,1.234375,5.199393741590021e+39,100.0
902900,5.251120779702842e+39,1.234375,5.251645891780812e+39,1.234375,5.251645891780812e+39,100.0
903000,5.303892769147732e+39,1.234375,5.3044231584246467e+39,1.234375,5.3044231584246467e+39,100.0
903100,5.357195099254512e+39,1.234375,5.357730818764437e+39,1.234375,5.357730818764437e+39,100.0
903200,5.4110330997676284e+39,1.234375,5.411574203077605e+39,1.234375,5.411574203077605e+39,100.0
903300,5.465412153993651e+39,1.234375,5.46595869520905e+39,1.234375,5.46595869520905e+39,100.0
903400,5.520337699339587e+39,1.234375,5.520889733109521e+39,1.234375,5.520889733109521e+39,100.0
903500,5.575815227856521e+39,1.234375,5.576372809379307e+39,1.234375,5.576372809379307e+39,100.0
903600,5.631850286788788e+39,1.234375,5.632413471817466e+39,1.234375,5.632413471817466e+39,100.0
903700,5.688448479128674e+39,1.234375,5.689017323976586e+39,1.234375,5.689017323976586e+39,100.0
903800,5.745615464176645e+39,1.234375,5.746190025723063e+39,1.234375,5.746190025723063e+39,100.0
903900,5.803356958107219e+39,1.234375,5.80393729380303e+39,1.234375,5.80393729380303e+39,100.0
904000,5.861678734540538e+39,1.234375,5.862264902413992e+39,1.234375,5.862264902413992e+39,100.0
904100,5.920586625119666e+39,1.234375,5.921178683782178e+39,1.234375,5.921178683782178e+39,100.0
904200,5.980086520093713e+39,1.234375,5.980684528745722e+39,1.234375,5.980684528745722e+39,100.0
904300,6.040184368906809e+39,1.234375,6.0407883873437e+39,1.234375,6.0407883873437e+39,100.0
904400,6.100886180792991e+39,1.234375,6.10149626941107e+39,1.234375,6.10149626941107e+39,100.0
904500,6.162198025377048e+39,1.234375,6.162814245179585e+39,1.234375,6.162814245179585e+39,100.0
904600,6.224126033281478e+39,1.234375,6.224748445884806e+39,1.234375,6.224748445884806e+39,100.0
904700,6.286676396739429e+39,1.234375,6.287305064379104e+39,1.234375,6.287305064379104e+39,100.0
904800,6.349855370213919e+39,1.234375,6.350490355750941e+39,1.234375,6.350490355750941e+39,100.0
904900,6.413669271023198e+39,1.234375,6.4143106379503e+39,1.234375,6.4143106379503e+39,100.0
905000,6.478124479972441e+39,1.234375,6.478772292420439e+39,1.234375,6.478772292420439e+39,100.0
905100,6.543227441991757e+39,1.234375,6.543881764735956e+39,1.234375,6.543881764735956e+39,100.0
905200,6.608984666780601e+39,1.234375,6.609645565247279e+39,1.234375,6.609645565247279e+39,100.0
905300,6.675402729458742e+39,1.234375,6.676070269731688e+39,1.234375,6.676070269731688e+39,100.0
905400,6.742488271223663e+39,1.234375,6.743162520050785e+39,1.234375,6.743162520050785e+39,100.0
905500,6.810248000014639e+39,1.234375,6.810929024814641e+39,1.234375,6.810929024814641e+39,100.0
905600,6.878688691183473e+39,1.234375,6.87937656005259e+39,1.234375,6.87937656005259e+39,100.0
905700,6.94781718817195e+39,1.234375,6.948511969890767e+39,1.234375,6.948511969890767e+39,100.0
905800,7.017640403196148e+39,1.234375,7.018342167236468e+39,1.234375,7.018342167236468e+39,100.0
905900,7.088165317937576e+39,1.234375,7.08887413446937e+39,1.234375,7.08887413446937e+39,100.0
906000,7.159398984241285e+39,1.234375,7.160114924139709e+39,1.234375,7.160114924139709e+39,100.0
906100,7.231348524820989e+39,1.234375,7.232071659673472e+39,1.234375,7.232071659673472e+39,100.0
906200,7.304021133971256e+39,1.234375,7.304751536084653e+39,1.234375,7.304751536084653e+39,100.0
906300,7.377424078286885e+39,1.234375,7.378161820694713e+39,1.234375,7.378161820694713e+39,100.0
906400,7.45156469738951e+39,1.234375,7.452309853859248e+39,1.234375,7.452309853859248e+39,100.0
906500,7.526450404661476e+39,1.234375,7.527203049701943e+39,1.234375,7.527203049701943e+39,100.0
906600,7.602088687987115e+39,1.234375,7.602848896855913e+39,1.234375,7.602848896855913e+39,100.0
906700,7.678487110501463e+39,1.234375,7.679254959212513e+39,1.234375,7.679254959212513e+39,100.0
906800,7.755653311346504e+39,1.234375,7.756428876677639e+39,1.234375,7.756428876677639e+39,100.0
906900,7.833595006435028e+39,1.234375,7.83437836593567e+39,1.234375,7.83437836593567e+39,100.0
907000,7.912319989222139e+39,1.234375,7.913111221221061e+39,1.234375,7.913111221221061e+39,100.0
907100,7.99183613148452e+39,1.234375,7.992635315097668e+39,1.234375,7.992635315097668e+39,100.0
907200,8.072151384107566e+39,1.234375,8.072958599245978e+39,1.234375,8.072958599245978e+39,100.0
907300,8.153273777880381e+39,1.234375,8.15408910525817e+39,1.234375,8.15408910525817e+39,100.0
907400,8.235211424298787e+39,1.234375,8.236034945441216e+39,1.234375,8.236034945441216e+39,100.0
907500,8.317972516376374e+39,1.234375,8.318804313628011e+39,1.234375,8.318804313628011e+39,100.0
907600,8.401565329463784e+39,1.234375,8.402405485996731e+39,1.234375,8.402405485996731e+39,100.0
907700,8.485998222076117e+39,1.234375,8.486846821898324e+39,1.234375,8.486846821898324e+39,100.0
907800,8.571279636728721e+39,1.234375,8.572136764692394e+39,1.234375,8.572136764692394e+39,100.0
907900,8.657418100781392e+39,1.234375,8.65828384259147e+39,1.234375,8.65828384259147e+39,100.0
908000,8.744422227290987e+39,1.234375,8.745296669513715e+39,1.234375,8.745296669513715e+39,100.0
908100,8.832300715872692e+39,1.234375,8.833183945944279e+39,1.234375,8.833183945944279e+39,100.0
908200,8.921062353569875e+39,1.234375,8.921954459805232e+39,1.234375,8.921954459805232e+39,100.0
908300,9.010716015732728e+39,1.234375,9.011617087334301e+39,1.234375,9.011617087334301e+39,100.0
908400,9.101270666905703e+39,1.234375,9.102180793972393e+39,1.234375,9.102180793972393e+39,100.0
908500,9.192735361723904e+39,1.234375,9.193654635260076e+39,1.234375,9.193654635260076e+39,100.0
908600,9.285119245818462e+39,1.234375,9.286047757743044e+39,1.234375,9.286047757743044e+39,100.0
908700,9.378431556730987e+39,1.234375,9.37936939988666e+39,1.234375,9.37936939988666e+39,100.0
908800,9.472681624837291e+39,1.234375,9.473628892999775e+39,1.234375,9.473628892999775e+39,100.0
908900,9.567878874280296e+39,1.234375,9.568835662167724e+39,1.234375,9.568835662167724e+39,100.0
909000,9.664032823912366e+39,1.234375,9.664999227194758e+39,1.234375,9.664999227194758e+39,100.0
909100,9.761153088247142e+39,1.234375,9.762129203555967e+39,1.234375,9.762129203555967e+39,100.0
909200,9.859249378420855e+39,1.234375,9.860235303358696e+39,1.234375,9.860235303358696e+39,100.0
909300,9.958331503163383e+39,1.234375,9.959327336313699e+39,1.234375,9.959327336313699e+39,100.0
909400,1.0058409369779019e+40,1.234375,1.0059415210715997e+40,1.234375,1.0059415210715997e+40,100.0
909500,1.0159492985137107e+40,1.234375,1.016050893443562e+40,1.234375,1.016050893443562e+40,100.0
909600,1.026159245667267e+40,1.234375,1.0262618615918337e+40,1.234375,1.0262618615918337e+40,100.0
909700,1.036471799339703e+40,1.234375,1.036575446519637e+40,1.234375,1.036575446519637e+40,100.0
909800,1.0468879906918621e+40,1.234375,1.0469926794909313e+40,1.234375,1.0469926794909313e+40,100.0
909900,1.0574088612474046e+40,1.234375,1.0575146021335294e+40,1.234375,1.0575146021335294e+40,100.0
910000,1.0680354629969531e+40,1.234375,1.0681422665432528e+40,1.234375,1.0681422665432528e+40,100.0
910100,1.0787688585032797e+40,1.234375,1.07887673538913e+40,1.234375,1.07887673538913e+40,100.0
910200,1.0896101210075546e+40,1.234375,1.0897190820196552e+40,1.234375,1.0897190820196552e+40,100.0
910300,1.100560334536657e+40,1.234375,1.1006703905701107e+40,1.234375,1.1006703905701107e+40,100.0
910400,1.111620594011572e+40,1.234375,1.111731756070973e+40,1.234375,1.111731756070973e+40,100.0
910500,1.1227920053568702e+40,1.234375,1.1229042845574058e+40,1.234375,1.1229042845574058e+40,100.0
910600,1.1340756856112887e+40,1.234375,1.1341890931798499e+40,1.234375,1.1341890931798499e+40,100.0
910700,1.1454727630394297e+40,1.234375,1.1455873103157337e+40,1.234375,1.1455873103157337e+40,100.0
910800,1.1569843772445677e+40,1.234375,1.1571000756822923e+40,1.234375,1.1571000756822923e+40,100.0
910900,1.1686116792826123e+40,1.234375,1.1687285404505407e+40,1.234375,1.1687285404505407e+40,100.0
911000,1.1803558317771908e+40,1.234375,1.1804738673603686e+40,1.234375,1.1804738673603686e+40,100.0
911100,1.1922180090359072e+40,1.234375,1.1923372308368107e+40,1.234375,1.1923372308368107e+40,100.0
911200,1.204199397167759e+40,1.234375,1.204319817107476e+40,1.234375,1.204319817107476e+40,100.0
911300,1.216301194201739e+40,1.234375,1.2164228243211592e+40,1.234375,1.2164228243211592e+40,100.0
911400,1.2285246102066274e+40,1.234375,1.2286474626676482e+40,1.234375,1.2286474626676482e+40,100.0
911500,1.2408708674119858e+40,1.234375,1.2409949544987269e+40,1.234375,1.2409949544987269e+40,100.0
911600,1.2533412003303692e+40,1.234375,1.2534665344504024e+40,1.234375,1.2534665344504024e+40,100.0
911700,1.265936855880768e+40,1.234375,1.266063449566356e+40,1.234375,1.266063449566356e+40,100.0
911800,1.2786590935132882e+40,1.234375,1.2787869594226394e+40,1.234375,1.2787869594226394e+40,100.0
911900,1.2915091853350795e+40,1.234375,1.291638336253613e+40,1.234375,1.291638336253613e+40,100.0
912000,1.3044884162375428e+40,1.234375,1.3046188650791666e+40,1.234375,1.3046188650791666e+40,100.0
912100,1.3175980840247996e+40,1.234375,1.317729843833202e+40,1.234375,1.317729843833202e+40,100.0
912200,1.3308394995434684e+40,1.234375,1.3309725834934227e+40,1.234375,1.3309725834934227e+40,100.0
912300,1.3442139868137319e+40,1.234375,1.3443484082124131e+40,1.234375,1.3443484082124131e+40,100.0
912400,1.357722883161727e+40,1.234375,1.357858655450043e+40,1.234375,1.357858655450043e+40,100.0
912500,1.371367539353267e+40,1.234375,1.3715046761072023e+40,1.234375,1.3715046761072023e+40,100.0
912600,1.3851493197289055e+40,1.234375,1.3852878346608783e+40,1.234375,1.3852878346608783e+40,100.0
912700,1.3990696023403568e+40,1.234375,1.3992095093005908e+40,1.234375,1.3992095093005908e+40,100.0
912800,1.4131297790882915e+40,1.234375,1.4132710920662004e+40,1.234375,1.4132710920662004e+40,100.0
912900,1.4273312558615082e+40,1.234375,1.4274739889870944e+40,1.234375,1.4274739889870944e+40,100.0
913000,1.4416754526775153e+40,1.234375,1.441819620222783e+40,1.234375,1.441819620222783e+40,100.0
913100,1.4561638038245177e+40,1.234375,1.4563094202049e+40,1.234375,1.4563094202049e+40,100.0
913200,1.47079775800483e+40,1.234375,1.4709448377806304e+40,1.234375,1.4709448377806304e+40,100.0
913300,1.4855787784797374e+40,1.234375,1.4857273363575853e+40,1.234375,1.4857273363575853e+40,100.0
913400,1.5005083432158047e+40,1.234375,1.5006583940501262e+40,1.234375,1.5006583940501262e+40,100.0
913500,1.515587945032664e+40,1.234375,1.5157395038271672e+40,1.234375,1.5157395038271672e+40,100.0
913600,1.5308190917522778e+40,1.234375,1.530972173661453e+40,1.234375,1.530972173661453e+40,100.0
913700,1.5462033063497102e+40,1.234375,1.5463579266803452e+40,1.234375,1.5463579266803452e+40,100.0
913800,1.561742127105412e+40,1.234375,1.5618983013181225e+40,1.234375,1.5618983013181225e+40,100.0
913900,1.577437107759031e+40,1.234375,1.577594851469807e+40,1.234375,1.577594851469807e+40,100.0
914000,1.5932898176647721e+40,1.234375,1.5934491466465386e+40,1.234375,1.5934491466465386e+40,100.0
914100,1.609301841948322e+40,1.234375,1.609462772132517e+40,1.234375,1.609462772132517e+40,100.0
914200,1.6254747816653457e+40,1.234375,1.6256373291435123e+40,1.234375,1.6256373291435123e+40,100.0
914300,1.641810253961573e+40,1.234375,1.641974434986969e+40,1.234375,1.641974434986969e+40,100.0
914400,1.6583098922345043e+40,1.234375,1.6584757232237279e+40,1.234375,1.6584757232237279e+40,100.0
914500,1.6749753462967337e+40,1.234375,1.6751428438313632e+40,1.234375,1.6751428438313632e+40,100.0
914600,1.6918082825409126e+40,1.234375,1.6919774633691666e+40,1.234375,1.6919774633691666e+40,100.0
914700,1.7088103841063767e+40,1.234375,1.7089812651447873e+40,1.234375,1.7089812651447873e+40,100.0
914800,1.725983351047443e+40,1.234375,1.726155949382548e+40,1.234375,1.726155949382548e+40,100.0
914900,1.743328900503399e+40,1.234375,1.7435032333934493e+40,1.234375,1.7435032333934493e+40,100.0
915000,1.760848766870202e+40,1.234375,1.761024851746889e+40,1.234375,1.761024851746889e+40,100.0
915100,1.778544701973903e+40,1.234375,1.7787225564441005e+40,1.234375,1.7787225564441005e+40,100.0
915200,1.7964184752458162e+40,1.234375,1.7965981170933408e+40,1.234375,1.7965981170933408e+40,100.0
915300,1.8144718738994352e+40,1.234375,1.814653321086825e+40,1.234375,1.814653321086825e+40,100.0
915400,1.8327067031091515e+40,1.234375,1.8328899737794625e+40,1.234375,1.8328899737794625e+40,100.0
915500,1.851124786190746e+40,1.234375,1.851309898669365e+40,1.234375,1.851309898669365e+40,100.0
915600,1.8697279647837095e+40,1.234375,1.869914937580188e+40,1.234375,1.869914937580188e+40,100.0
915700,1.8885180990353865e+40,1.234375,1.88870695084529e+40,1.234375,1.88870695084529e+40,100.0
915800,1.9074970677869715e+40,1.234375,1.90768781749375e+40,1.234375,1.90768781749375e+40,100.0
915900,1.9266667687613804e+40,1.234375,1.9268594354382566e+40,1.234375,1.9268594354382566e+40,100.0
916000,1.9460291187530049e+40,1.234375,1.9462237216648801e+40,1.234375,1.9462237216648801e+40,100.0
916100,1.9655860538193675e+40,1.234375,1.9657826124247494e+40,1.234375,1.9657826124247494e+40,100.0
916200,1.9853395294747212e+40,1.234375,1.9855380634276686e+40,1.234375,1.9855380634276686e+40,100.0
916300,2.0052915208855697e+40,1.234375,2.0054920500376583e+40,1.234375,2.0054920500376583e+40,100.0
916400,2.0254440230681778e+40,1.234375,2.0256465674704847e+40,1.234375,2.0256465674704847e+40,100.0
916500,2.045799051088047e+40,1.234375,2.0460036309931558e+40,1.234375,2.0460036309931558e+40,100.0
916600,2.0663586402614063e+40,1.234375,2.0665652761254325e+40,1.234375,2.0665652761254325e+40,100.0
916700,2.0871248463587263e+40,1.234375,2.0873335588433622e+40,1.234375,2.0873335588433622e+40,100.0
916800,2.1080997458102757e+40,1.234375,2.1083105557848567e+40,1.234375,2.1083105557848567e+40,100.0
916900,2.1292854359137463e+40,1.234375,2.1294983644573377e+40,1.234375,2.1294983644573377e+40,100.0
917000,2.1506840350439604e+40,1.234375,2.1508991034474648e+40,1.234375,2.1508991034474648e+40,100.0
917100,2.172297682864694e+40,1.234375,2.1725149126329805e+40,1.234375,2.1725149126329805e+40,100.0
917200,2.1941285405426217e+40,1.234375,2.1943479533966757e+40,1.234375,2.1943479533966757e+40,100.0
917300,2.2161787909634074e+40,1.234375,2.2164004088425037e+40,1.234375,2.2164004088425037e+40,100.0
917400,2.2384506389499874e+40,1.234375,2.2386744840138824e+40,1.234375,2.2386744840138824e+40,100.0
917500,2.2609463114830154e+40,1.234375,2.2611724061141635e+40,1.234375,2.2611724061141635e+40,100.0
917600,2.2836680579235544e+40,1.234375,2.2838964247293466e+40,1.234375,2.2838964247293466e+40,100.0
917700,2.3066181502379796e+40,1.234375,2.3068488120530034e+40,1.234375,2.3068488120530034e+40,100.0
917800,2.3297988832251643e+40,1.234375,2.330031863113487e+40,1.234375,2.330031863113487e+40,100.0
917900,2.353212574745936e+40,1.234375,2.3534478960034104e+40,1.234375,2.3534478960034104e+40,100.0
918000,2.376861565954839e+40,1.234375,2.3770992521114346e+40,1.234375,2.3770992521114346e+40,100.0
918100,2.4007482215342293e+40,1.234375,2.400988296356383e+40,1.234375,2.400988296356383e+40,100.0
918200,2.424874929930719e+40,1.234375,2.425117417423712e+40,1.234375,2.425117417423712e+40,100.0
918300,2.4492441035940067e+40,1.234375,2.449489028004366e+40,1.234375,2.449489028004366e+40,100.0
918400,2.473858179218094e+40,1.234375,2.474105565036016e+40,1.234375,2.474105565036016e+40,100.0
918500,2.4987196179849323e+40,1.234375,2.498969489946731e+40,1.234375,2.498969489946731e+40,100.0
918600,2.5238309058105173e+40,1.234375,2.5240832889010983e+40,1.234375,2.5240832889010983e+40,100.0
918700,2.549194553593471e+40,1.234375,2.5494494730488305e+40,1.234375,2.5494494730488305e+40,100.0
918800,2.5748130974660836e+40,1.234375,2.5750705787758303e+40,1.234375,2.5750705787758303e+40,100.0
918900,2.6006890990479305e+40,1.234375,2.6009491679578355e+40,1.234375,2.6009491679578355e+40,100.0
919000,2.626825145701989e+40,1.234375,2.6270878282165595e+40,1.234375,2.6270878282165595e+40,100.0
919100,2.6532238507933653e+40,1.234375,2.6534891731784447e+40,1.234375,2.6534891731784447e+40,100.0
919200,2.679887853950596e+40,1.234375,2.680155842735991e+40,1.234375,2.680155842735991e+40,100.0
919300,2.7068198213296e+40,1.234375,2.707090503311733e+40,1.234375,2.707090503311733e+40,100.0
919400,2.734022445880263e+40,1.234375,2.734295848124851e+40,1.234375,2.734295848124851e+40,100.0
919500,2.761498447615699e+40,1.234375,2.7617745974604606e+40,1.234375,2.7617745974604606e+40,100.0
919600,2.7892505738842356e+40,1.234375,2.789529498941624e+40,1.234375,2.789529498941624e+40,100.0
919700,2.8172815996441315e+40,1.234375,2.817563327804096e+40,1.234375,2.817563327804096e+40,100.0
919800,2.8455943277410307e+40,1.234375,2.8458788871738046e+40,1.234375,2.8458788871738046e+40,100.0
919900,2.874191589188231e+40,1.234375,2.8744790083471497e+40,1.234375,2.8744790083471497e+40,100.0
920000,2.903076243449756e+40,1.234375,2.903366551074101e+40,1.234375,2.903366551074101e+40,100.0
920100,2.9322511787262794e+40,1.234375,2.9325444038441517e+40,1.234375,2.9325444038441517e+40,100.0
920200,2.9617193122439176e+40,1.234375,2.962015484175142e+40,1.234375,2.962015484175142e+40,100.0
920300,2.9914835905459133e+40,1.234375,2.9917827389049676e+40,1.234375,2.9917827389049676e+40,100.0
920400,3.0215469897872835e+40,1.234375,3.021849144486262e+40,1.234375,3.021849144486262e+40,100.0
920500,3.051912516032389e+40,1.234375,3.052217707283992e+40,1.234375,3.052217707283992e+40,100.0
920600,3.082583205555533e+40,1.234375,3.0828914638760887e+40,1.234375,3.0828914638760887e+40,100.0
920700,3.1135621251445395e+40,1.234375,3.113873481357054e+40,1.234375,3.113873481357054e+40,100.0
920800,3.144852372407417e+40,1.234375,3.145166857644658e+40,1.234375,3.145166857644658e+40,100.0
920900,3.176457076082087e+40,1.234375,3.176774721789695e+40,1.234375,3.176774721789695e+40,100.0
921000,3.2083793963492377e+40,1.234375,3.208700234288873e+40,1.234375,3.208700234288873e+40,100.0
921100,3.240622525148292e+40,1.234375,3.240946587400807e+40,1.234375,3.240946587400807e+40,100.0
921200,3.273189686496592e+40,1.234375,3.273517005465242e+40,1.234375,3.273517005465242e+40,100.0
921300,3.30608413681177e+40,1.234375,3.306414745225451e+40,1.234375,3.306414745225451e+40,100.0
921400,3.3393091652373434e+40,1.234375,3.339643096153867e+40,1.234375,3.339643096153867e+40,100.0
921500,3.3728680939716206e+40,1.234375,3.3732053807810177e+40,1.234375,3.3732053807810177e+40,100.0
921600,3.4067642785998754e+40,1.234375,3.4071049550277354e+40,1.234375,3.4071049550277354e+40,100.0
921700,3.441001108429883e+40,1.234375,3.4413452085407264e+40,1.234375,3.4413452085407264e+40,100.0
921800,3.475582006830815e+40,1.234375,3.475929565031498e+40,1.234375,3.475929565031498e+40,100.0
921900,3.5105104315755406e+40,1.234375,3.510861482618698e+40,1.234375,3.510861482618698e+40,100.0
922000,3.5457898751863885e+40,1.234375,3.546144454173907e+40,1.234375,3.546144454173907e+40,100.0
922100,3.581423865284351e+40,1.234375,3.5817820076708793e+40,1.234375,3.5817820076708793e+40,100.0
922200,3.617415964941817e+40,1.234375,3.6177777065383114e+40,1.234375,3.6177777065383114e+40,100.0
922300,3.6537697730388567e+40,1.234375,3.6541351500161604e+40,1.234375,3.6541351500161604e+40,100.0
922400,3.69048892462306e+40,1.234375,3.690857973515522e+40,1.234375,3.690857973515522e+40,100.0
922500,3.727577091273021e+40,1.234375,3.7279498489821482e+40,1.234375,3.7279498489821482e+40,100.0
922600,3.7650379814654575e+40,1.234375,3.765414485263604e+40,1.234375,3.765414485263604e+40,100.0
922700,3.8028753409460234e+40,1.234375,3.803255628480118e+40,1.234375,3.803255628480118e+40,100.0
922800,3.8410929531038594e+40,1.234375,3.8414770623991696e+40,1.234375,3.8414770623991696e+40,100.0
922900,3.8796946393498777e+40,1.234375,3.8800826088138126e+40,1.234375,3.8800826088138126e+40,100.0
923000,3.918684259498882e+40,1.234375,3.9190761279248315e+40,1.234375,3.9190761279248315e+40,100.0
923100,3.9580657121555157e+40,1.234375,3.958461518726731e+40,1.234375,3.958461518726731e+40,100.0
923200,3.9978429351040764e+40,1.234375,3.9982427193975866e+40,1.234375,3.9982427193975866e+40,100.0
923300,4.03801990570226e+40,1.234375,4.03842370769283e+40,1.234375,4.03842370769283e+40,100.0
923400,4.0786006412788734e+40,1.234375,4.0790085013430013e+40,1.234375,4.0790085013430013e+40,100.0
923500,4.1195891995355132e+40,1.234375,4.120001158455467e+40,1.234375,4.120001158455467e+40,100.0
923600,4.160989678952307e+40,1.234375,4.1614057779202023e+40,1.234375,4.1614057779202023e+40,100.0
923700,4.202806219197719e+40,1.234375,4.2032264998196387e+40,1.234375,4.2032264998196387e+40,100.0
923800,4.2450430015424923e+40,1.234375,4.2454675058426463e+40,1.234375,4.2454675058426463e+40,100.0
923900,4.2877042492777194e+40,1.234375,4.288133019702647e+40,1.234375,4.288133019702647e+40,100.0
924000,4.3307942281371476e+40,1.234375,4.3312273075599613e+40,1.234375,4.3312273075599613e+40,100.0
924100,4.3743172467236975e+40,1.234375,4.37475467844837e+40,1.234375,4.37475467844837e+40,100.0
924200,4.418277656940309e+40,1.234375,4.418719484706003e+40,1.234375,4.418719484706003e+40,100.0
924300,4.462679854425061e+40,1.234375,4.463126122410503e+40,1.234375,4.463126122410503e+40,100.0
924400,4.507528278990714e+40,1.234375,4.507979031818613e+40,1.234375,4.507979031818613e+40,100.0
924500,4.552827415068644e+40,1.234375,4.553282697810151e+40,1.234375,4.553282697810151e+40,100.0
924600,4.598581792157263e+40,1.234375,4.599041650336479e+40,1.234375,4.599041650336479e+40,100.0
924700,4.644795985274894e+40,1.234375,4.645260464873421e+40,1.234375,4.645260464873421e+40,100.0
924800,4.691474615417244e+40,1.234375,4.691943762878786e+40,1.234375,4.691943762878786e+40,100.0
924900,4.738622350019493e+40,1.234375,4.739096212254495e+40,1.234375,4.739096212254495e+40,100.0
925000,4.786243903422934e+40,1.234375,4.786722527813277e+40,1.234375,4.786722527813277e+40,100.0
925100,4.834344037346422e+40,1.234375,4.834827471750157e+40,1.234375,4.834827471750157e+40,100.0
925200,4.882927561362468e+40,1.234375,4.883415854118604e+40,1.234375,4.883415854118604e+40,100.0
925300,4.931999333378146e+40,1.234375,4.932492533311484e+40,1.234375,4.932492533311484e+40,100.0
925400,4.981564260120889e+40,1.234375,4.982062416546901e+40,1.234375,4.982062416546901e+40,100.0
925500,5.031627297629051e+40,1.234375,5.032130460358814e+40,1.234375,5.032130460358814e+40,100.0
925600,5.082193451747505e+40,1.234375,5.082701671092679e+40,1.234375,5.082701671092679e+40,100.0
925700,5.1332677786281945e+40,1.234375,5.133781105406057e+40,1.234375,5.133781105406057e+40,100.0
925800,5.184855385235659e+40,1.234375,5.185373870774183e+40,1.234375,5.185373870774183e+40,100.0
925900,5.236961429857704e+40,1.234375,5.237485126000689e+40,1.234375,5.237485126000689e+40,100.0
926000,5.289591122621193e+40,1.234375,5.290120081733456e+40,1.234375,5.290120081733456e+40,100.0
926100,5.342749726013016e+40,1.234375,5.343284000985617e+40,1.234375,5.343284000985617e+40,100.0
926200,5.396442555406251e+40,1.234375,5.396982199661791e+40,1.234375,5.396982199661791e+40,100.0
926300,5.450674979591696e+40,1.234375,5.4512200470896555e+40,1.234375,5.4512200470896555e+40,100.0
926400,5.505452421314685e+40,1.234375,5.506002966556817e+40,1.234375,5.506002966556817e+40,100.0
926500,5.560780357817295e+40,1.234375,5.561336435853076e+40,1.234375,5.561336435853076e+40,100.0
926600,5.616664321386061e+40,1.234375,5.6172259878182e+40,1.234375,5.6172259878182e+40,100.0
926700,5.673109899905103e+40,1.234375,5.673677210895093e+40,1.234375,5.673677210895093e+40,100.0
926800,5.730122737414892e+40,1.234375,5.730695749688633e+40,1.234375,5.730695749688633e+40,100.0
926900,5.787708534676615e+40,1.234375,5.788287305530083e+40,1.234375,5.788287305530083e+40,100.0
927000,5.845873049742169e+40,1.234375,5.846457637047143e+40,1.234375,5.846457637047143e+40,100.0
927100,5.90462209852993e+40,1.234375,5.905212560739782e+40,1.234375,5.905212560739782e+40,100.0
927200,5.963961555406281e+40,1.234375,5.964557951561821e+40,1.234375,5.964557951561821e+40,100.0
927300,6.023897353773013e+40,1.234375,6.02449974350839e+40,1.234375,6.02449974350839e+40,100.0
927400,6.084435486660597e+40,1.234375,6.085043930209264e+40,1.234375,6.085043930209264e+40,100.0
927500,6.145582007327436e+40,1.234375,6.146196565528168e+40,1.234375,6.146196565528168e+40,100.0
927600,6.207343029865129e+40,1.234375,6.207963764168115e+40,1.234375,6.207963764168115e+40,100.0
927700,6.269724729809834e+40,1.234375,6.270351702282816e+40,1.234375,6.270351702282816e+40,100.0
927800,6.332733344759773e+40,1.234375,6.333366618094249e+40,1.234375,6.333366618094249e+40,100.0
927900,6.396375174998897e+40,1.234375,6.397014812516397e+40,1.234375,6.397014812516397e+40,100.0
928000,6.460656584126893e+40,1.234375,6.461302649785305e+40,1.234375,6.461302649785305e+40,100.0
928100,6.525583999695479e+40,1.234375,6.526236558095448e+40,1.234375,6.526236558095448e+40,100.0
928200,6.591163913851092e+40,1.234375,6.591823030242477e+40,1.234375,6.591823030242477e+40,100.0
928300,6.657402883984051e+40,1.234375,6.658068624272449e+40,1.234375,6.658068624272449e+40,100.0
928400,6.724307533384222e+40,1.234375,6.72497996413756e+40,1.234375,6.72497996413756e+40,100.0
928500,6.791884551903313e+40,1.234375,6.792563740358503e+40,1.234375,6.792563740358503e+40,100.0
928600,6.860140696623765e+40,1.234375,6.860826710693427e+40,1.234375,6.860826710693427e+40,100.0
928700,6.929082792534413e+40,1.234375,6.929775700813666e+40,1.234375,6.929775700813666e+40,100.0
928800,6.998717733212941e+40,1.234375,6.999417604986262e+40,1.234375,6.999417604986262e+40,100.0
928900,7.069052481515147e+40,1.234375,7.069759386763299e+40,1.234375,7.069759386763299e+40,100.0
929000,7.140094070271178e+40,1.234375,7.140808079678205e+40,1.234375,7.140808079678205e+40,100.0
929100,7.211849602988746e+40,1.234375,7.212570787949044e+40,1.234375,7.212570787949044e+40,100.0
929200,7.284326254563422e+40,1.234375,7.285054687188879e+40,1.234375,7.285054687188879e+40,100.0
929300,7.357531271996051e+40,1.234375,7.358267025123251e+40,1.234375,7.358267025123251e+40,100.0
929400,7.431471975117378e+40,1.234375,7.432215122314889e+40,1.234375,7.432215122314889e+40,100.0
929500,7.5061557573199795e+40,1.234375,7.506906372895711e+40,1.234375,7.506906372895711e+40,100.0
929600,7.581590086297539e+40,1.234375,7.582348245306169e+40,1.234375,7.582348245306169e+40,100.0
929700,7.657782504791522e+40,1.234375,7.658548283042001e+40,1.234375,7.658548283042001e+40,100.0
929800,7.734740631345414e+40,1.234375,7.735514105408548e+40,1.234375,7.735514105408548e+40,100.0
929900,7.812472161066468e+40,1.234375,7.8132534082825745e+40,1.234375,7.8132534082825745e+40,100.0
930000,7.890984866395179e+40,1.234375,7.891773964881818e+40,1.234375,7.891773964881818e+40,100.0
930100,7.970286597882444e+40,1.234375,7.971083626542232e+40,1.234375,7.971083626542232e+40,100.0
930200,8.050385284974534e+40,1.234375,8.051190323503031e+40,1.234375,8.051190323503031e+40,100.0
930300,8.131288936805984e+40,1.234375,8.132102065699665e+40,1.234375,8.132102065699665e+40,100.0
930400,8.2130056430004215e+40,1.234375,8.213826943564722e+40,1.234375,8.213826943564722e+40,100.0
930500,8.2955435744794575e+40,1.234375,8.296373128836906e+40,1.234375,8.296373128836906e+40,100.0
930600,8.378910984279703e+40,1.234375,8.379748875378131e+40,1.234375,8.379748875378131e+40,100.0
930700,8.463116208377998e+40,1.234375,8.463962519998836e+40,1.234375,8.463962519998836e+40,100.0
930800,8.548167666524931e+40,1.234375,8.549022483291583e+40,1.234375,8.549022483291583e+40,100.0
930900,8.634073863086753e+40,1.234375,8.634937270473062e+40,1.234375,8.634937270473062e+40,100.0
931000,8.720843387895701e+40,1.234375,8.721715472234491e+40,1.234375,8.721715472234491e+40,100.0
931100,8.808484917108944e+40,1.234375,8.809365765600654e+40,1.234375,8.809365765600654e+40,100.0
931200,8.897007214076075e+40,1.234375,8.897896914797483e+40,1.234375,8.897896914797483e+40,100.0
931300,8.986419130215421e+40,1.234375,8.987317772128442e+40,1.234375,8.987317772128442e+40,100.0
931400,9.076729605899038e+40,1.234375,9.077637278859629e+40,1.234375,9.077637278859629e+40,100.0
931500,9.167947671346718e+40,1.234375,9.168864466113853e+40,1.234375,9.168864466113853e+40,100.0
931600,9.260082447528913e+40,1.234375,9.261008455773665e+40,1.234375,9.261008455773665e+40,100.0
931700,9.353143147078752e+40,1.234375,9.35407846139346e+40,1.234375,9.35407846139346e+40,100.0
931800,9.4471390752132e+40,1.234375,9.44808378912072e+40,1.234375,9.44808378912072e+40,100.0
931900,9.542079630663492e+40,1.234375,9.543033838626558e+40,1.234375,9.543033838626558e+40,100.0
932000,9.637974306614976e+40,1.234375,9.638938104045638e+40,1.234375,9.638938104045638e+40,100.0
932100,9.734832691656267e+40,1.234375,9.735806174925434e+40,1.234375,9.735806174925434e+40,100.0
932200,9.832664470738096e+40,1.234375,9.83364773718517e+40,1.234375,9.83364773718517e+40,100.0
932300,9.931479426141642e+40,1.234375,9.932472574084257e+40,1.234375,9.932472574084257e+40,100.0
932400,1.0031287438456705e+41,1.234375,1.003229056720055e+41,1.234375,1.003229056720055e+41,100.0
932500,1.0132098487569705e+41,1.234375,1.0133111697418461e+41,1.234375,1.0133111697418461e+41,100.0
932600,1.0233922653661507e+41,1.234375,1.0234946045926873e+41,1.234375,1.0234946045926873e+41,100.0
932700,1.0336770118215423e+41,1.234375,1.0337803795227245e+41,1.234375,1.0337803795227245e+41,100.0
932800,1.044065116503522e+41,1.234375,1.0441695230151723e+41,1.234375,1.0441695230151723e+41,100.0
932900,1.0545576181273409e+41,1.234375,1.0546630738891535e+41,1.234375,1.0546630738891535e+41,100.0
933000,1.0651555658469877e+41,1.234375,1.0652620814035723e+41,1.234375,1.0652620814035723e+41,100.0
933100,1.0758600193600941e+41,1.234375,1.0759676053620301e+41,1.234375,1.0759676053620301e+41,100.0
933200,1.0866720490138983e+41,1.234375,1.0867807162187996e+41,1.234375,1.0867807162187996e+41,100.0
933300,1.097592735912261e+41,1.234375,1.0977024951858522e+41,1.234375,1.0977024951858522e+41,100.0
933400,1.1086231720237743e+41,1.234375,1.1087340343409767e+41,1.234375,1.1087340343409767e+41,100.0
933500,1.119764460290946e+41,1.234375,1.1198764367369752e+41,1.234375,1.1198764367369752e+41,100.0
933600,1.1310177147404813e+41,1.234375,1.1311308165119554e+41,1.234375,1.1311308165119554e+41,100.0
933700,1.142384060594681e+41,1.234375,1.1424982990007404e+41,1.234375,1.1424982990007404e+41,100.0
933800,1.1538646343839441e+41,1.234375,1.1539800208473826e+41,1.234375,1.1539800208473826e+41,100.0
933900,1.1654605840604226e+41,1.234375,1.1655771301188285e+41,1.234375,1.1655771301188285e+41,100.0
934000,1.177173069112794e+41,1.234375,1.1772907864197051e+41,1.234375,1.1772907864197051e+41,100.0
934100,1.1890032606822104e+41,1.234375,1.1891221610082787e+41,1.234375,1.1891221610082787e+41,100.0
934200,1.2009523416793932e+41,1.234375,1.201072436913561e+41,1.234375,1.201072436913561e+41,100.0
934300,1.2130215069029185e+41,1.234375,1.2131428090536088e+41,1.234375,1.2131428090536088e+41,100.0
934400,1.2252119631586836e+41,1.234375,1.2253344843549993e+41,1.234375,1.2253344843549993e+41,100.0
934500,1.2375249293805768e+41,1.234375,1.2376486818735148e+41,1.234375,1.2376486818735148e+41,100.0
934600,1.2499616367523612e+41,1.234375,1.2500866329160365e+41,1.234375,1.2500866329160365e+41,100.0
934700,1.2625233288307798e+41,1.234375,1.2626495811636628e+41,1.234375,1.2626495811636628e+41,100.0
934800,1.2752112616699008e+41,1.234375,1.2753387827960679e+41,1.234375,1.2753387827960679e+41,100.0
934900,1.2880267039467121e+41,1.234375,1.2881555066171068e+41,1.234375,1.2881555066171068e+41,100.0
935000,1.3009709370879768e+41,1.234375,1.3011010341816856e+41,1.234375,1.3011010341816856e+41,100.0
935100,1.314045255398363e+41,1.234375,1.3141766599239029e+41,1.234375,1.3141766599239029e+41,100.0
935200,1.327250966189863e+41,1.234375,1.3273836912864818e+41,1.234375,1.3273836912864818e+41,100.0
935300,1.340589389912513e+41,1.234375,1.3407234488515043e+41,1.234375,1.3407234488515043e+41,100.0
935400,1.3540618602864274e+41,1.234375,1.354197266472456e+41,1.234375,1.354197266472456e+41,100.0
935500,1.3676697244351558e+41,1.234375,1.3678064914075993e+41,1.234375,1.3678064914075993e+41,100.0
935600,1.3814143430203855e+41,1.234375,1.3815524844546876e+41,1.234375,1.3815524844546876e+41,100.0
935700,1.3952970903779928e+41,1.234375,1.3954366200870305e+41,1.234375,1.3954366200870305e+41,100.0
935800,1.4093193546554641e+41,1.234375,1.4094602865909297e+41,1.234375,1.4094602865909297e+41,100.0
935900,1.4234825379507012e+41,1.234375,1.4236248862044963e+41,1.234375,1.4236248862044963e+41,100.0
936000,1.437788056452214e+41,1.234375,1.4379318352578591e+41,1.234375,1.4379318352578591e+41,100.0
936100,1.4522373405807306e+41,1.234375,1.4523825643147887e+41,1.234375,1.4523825643147887e+41,100.0
936200,1.4668318351322242e+41,1.234375,1.4669785183157375e+41,1.234375,1.4669785183157375e+41,100.0
936300,1.4815729994223764e+41,1.234375,1.4817211567223187e+41,1.234375,1.4817211567223187e+41,100.0
936400,1.4964623074324993e+41,1.234375,1.4966119536632426e+41,1.234375,1.4966119536632426e+41,100.0
936500,1.5115012479569208e+41,1.234375,1.5116523980817165e+41,1.234375,1.5116523980817165e+41,100.0
936600,1.5266913247518477e+41,1.234375,1.5268439938843229e+41,1.234375,1.5268439938843229e+41,100.0
936700,1.5420340566857286e+41,1.234375,1.5421882600913972e+41,1.234375,1.5421882600913972e+41,100.0
936800,1.557530977891126e+41,1.234375,1.557686730988915e+41,1.234375,1.557686730988915e+41,100.0
936900,1.573183637918118e+41,1.234375,1.5733409562819098e+41,1.234375,1.5733409562819098e+41,100.0
937000,1.588993601889236e+41,1.234375,1.5891525012494249e+41,1.234375,1.5891525012494249e+41,100.0
937100,1.6049624506559639e+41,1.234375,1.6051229469010294e+41,1.234375,1.6051229469010294e+41,100.0
937200,1.6210917809568098e+41,1.234375,1.6212538901349054e+41,1.234375,1.6212538901349054e+41,100.0
937300,1.6373832055769636e+41,1.234375,1.6375469438975213e+41,1.234375,1.6375469438975213e+41,100.0
937400,1.6538383535095618e+41,1.234375,1.6540037373449128e+41,1.234375,1.6540037373449128e+41,100.0
937500,1.6704588701185712e+41,1.234375,1.670625916005583e+41,1.234375,1.670625916005583e+41,100.0
937600,1.6872464173033096e+41,1.234375,1.6874151419450398e+41,1.234375,1.6874151419450398e+41,100.0
937700,1.7042026736646224e+41,1.234375,1.704373093931989e+41,1.234375,1.704373093931989e+41,100.0
937800,1.7213293346727274e+41,1.234375,1.7215014676061946e+41,1.234375,1.7215014676061946e+41,100.0
937900,1.7386281128367425e+41,1.234375,1.7388019756480261e+41,1.234375,1.7388019756480261e+41,100.0
938000,1.756100737875928e+41,1.234375,1.7562763479497155e+41,1.234375,1.7562763479497155e+41,100.0
938100,1.7737489568926296e+41,1.234375,1.773926331788319e+41,1.234375,1.773926331788319e+41,100.0
938200,1.7915745345469908e+41,1.234375,1.7917536920004456e+41,1.234375,1.7917536920004456e+41,100.0
938300,1.809579253233388e+41,1.234375,1.809760211158711e+41,1.234375,1.809760211158711e+41,100.0
938400,1.82776491325866e+41,1.234375,1.827947689749986e+41,1.234375,1.827947689749986e+41,100.0
938500,1.846133333022123e+41,1.234375,1.846317946355425e+41,1.234375,1.846317946355425e+41,100.0
938600,1.8646863491973886e+41,1.234375,1.8648728178323082e+41,1.234375,1.8648728178323082e+41,100.0
938700,1.883425816916022e+41,1.234375,1.8836141594977137e+41,1.234375,1.8836141594977137e+41,100.0
938800,1.9023536099530266e+41,1.234375,1.902543845314022e+41,1.234375,1.902543845314022e+41,100.0
938900,1.921471620914217e+41,1.234375,1.9216637680763083e+41,1.234375,1.9216637680763083e+41,100.0
939000,1.940781761425453e+41,1.234375,1.9409758396015954e+41,1.234375,1.9409758396015954e+41,100.0
939100,1.9602859623237944e+41,1.234375,1.960481990920027e+41,1.234375,1.960481990920027e+41,100.0
939200,1.9799861738505564e+41,1.234375,1.9801841724679413e+41,1.234375,1.9801841724679413e+41,100.0
939300,1.999884365846319e+41,1.234375,2.0000843542829034e+41,1.234375,2.0000843542829034e+41,100.0
939400,2.0199825279479002e+41,1.234375,2.020184526200695e+41,1.234375,2.020184526200695e+41,100.0
939500,2.0402826697872897e+41,1.234375,2.0404866980542684e+41,1.234375,2.0404866980542684e+41,100.0
939600,2.060786821192603e+41,1.234375,2.060992899874722e+41,1.234375,2.060992899874722e+41,100.0
939700,2.081497032391039e+41,1.234375,2.0817051820942783e+41,1.234375,2.0817051820942783e+41,100.0
939800,2.1024153742138924e+41,1.234375,2.1026256157513136e+41,1.234375,2.1026256157513136e+41,100.0
939900,2.123543938303609e+41,1.234375,2.1237562926974394e+41,1.234375,2.1237562926974394e+41,100.0
940000,2.144884837322935e+41,1.234375,2.1450993258066673e+41,1.234375,2.1450993258066673e+41,100.0
940100,2.1664402051661616e+41,1.234375,2.166656849186678e+41,1.234375,2.166656849186678e+41,100.0
940200,2.1882121971724997e+41,1.234375,2.188431018392217e+41,1.234375,2.188431018392217e+41,100.0
940300,2.2102029903415923e+41,1.234375,2.2104240106406265e+41,1.234375,2.2104240106406265e+41,100.0
940400,2.232414783551188e+41,1.234375,2.232638025029543e+41,1.234375,2.232638025029543e+41,100.0
940500,2.2548497977770184e+41,1.234375,2.255075282756796e+41,1.234375,2.255075282756796e+41,100.0
940600,2.2775102763148653e+41,1.234375,2.277738027342497e+41,1.234375,2.277738027342497e+41,100.0
940700,2.300398485004879e+41,1.234375,2.3006285248533795e+41,1.234375,2.3006285248533795e+41,100.0
940800,2.3235167124581403e+41,1.234375,2.323749064129386e+41,1.234375,2.323749064129386e+41,100.0
940900,2.3468672702854946e+41,1.234375,2.347101957012523e+41,1.234375,2.347101957012523e+41,100.0
941000,2.3704524933286914e+41,1.234375,2.3706895385780243e+41,1.234375,2.3706895385780243e+41,100.0
941100,2.3942747398938593e+41,1.234375,2.3945141673678486e+41,1.234375,2.3945141673678486e+41,100.0
941200,2.4183363919872993e+41,1.234375,2.418578225626498e+41,1.234375,2.418578225626498e+41,100.0
941300,2.442639855553676e+41,1.234375,2.442884119539231e+41,1.234375,2.442884119539231e+41,100.0
941400,2.467187560716579e+41,1.234375,2.4674342794726508e+41,1.234375,2.4674342794726508e+41,100.0
941500,2.491981962021528e+41,1.234375,2.49223116021773e+41,1.234375,2.49223116021773e+41,100.0
941600,2.517025538681383e+41,1.234375,2.5172772412352514e+41,1.234375,2.5172772412352514e+41,100.0
941700,2.5423207948242667e+41,1.234375,2.542575026903749e+41,1.234375,2.542575026903749e+41,100.0
941800,2.567870259743942e+41,1.234375,2.5681270467699166e+41,1.234375,2.5681270467699166e+41,100.0
941900,2.593676488152712e+41,1.234375,2.593935855801527e+41,1.234375,2.593935855801527e+41,100.0
942000,2.6197420604368818e+41,1.234375,2.6200040346429253e+41,1.234375,2.6200040346429253e+41,100.0
942100,2.6460695829147663e+41,1.234375,2.646334189873058e+41,1.234375,2.646334189873058e+41,100.0
942200,2.672661688097295e+41,1.234375,2.672928954266105e+41,1.234375,2.672928954266105e+41,100.0
942300,2.6995210349512464e+41,1.234375,2.6997909870547414e+41,1.234375,2.6997909870547414e+41,100.0
942400,2.7266503091651165e+41,1.234375,2.726922974196033e+41,1.234375,2.726922974196033e+41,100.0
942500,2.7540522234176587e+41,1.234375,2.7543276286400002e+41,1.234375,2.7543276286400002e+41,100.0
942600,2.781729517649139e+41,1.234375,2.782007690600904e+41,1.234375,2.782007690600904e+41,100.0
942700,2.809684959335291e+41,1.234375,2.8099659278312244e+41,1.234375,2.8099659278312244e+41,100.0
942800,2.8379213437640437e+41,1.234375,2.83820513589842e+41,1.234375,2.83820513589842e+41,100.0
942900,2.86644149431503e+41,1.234375,2.8667281384644614e+41,1.234375,2.8667281384644614e+41,100.0
943000,2.8952482627418927e+41,1.234375,2.895537787568167e+41,1.234375,2.895537787568167e+41,100.0
943100,2.9243445294574335e+41,1.234375,2.9246369639103794e+41,1.234375,2.9246369639103794e+41,100.0
943200,2.9537332038216317e+41,1.234375,2.9540285771420137e+41,1.234375,2.9540285771420137e+41,100.0
943300,2.9834172244325468e+41,1.234375,2.98371556615499e+41,1.234375,2.98371556615499e+41,100.0
943400,3.0133995594201596e+41,1.234375,3.0137008993761015e+41,1.234375,3.0137008993761015e+41,100.0
943500,3.043683206743152e+41,1.234375,3.0439875750638263e+41,1.234375,3.0439875750638263e+41,100.0
943600,3.074271194488681e+41,1.234375,3.07457862160813e+41,1.234375,3.07457862160813e+41,100.0
943700,3.1051665811751518e+41,1.234375,3.105477097833269e+41,1.234375,3.105477097833269e+41,100.0
943800,3.1363724560580505e+41,1.234375,3.136686093303656e+41,1.234375,3.136686093303656e+41,100.0
943900,3.1678919394388373e+41,1.234375,3.168208728632781e+41,1.234375,3.168208728632781e+41,100.0
944000,3.199728182976941e+41,1.234375,3.2000481557952384e+41,1.234375,3.2000481557952384e+41,100.0
944100,3.2318843700049083e+41,1.234375,3.2322075584419087e+41,1.234375,3.2322075584419087e+41,100.0
944200,3.264363715846702e+41,1.234375,3.264690152218287e+41,1.234375,3.264690152218287e+41,100.0
944300,3.297169468139203e+41,1.234375,3.2974991850860168e+41,1.234375,3.2974991850860168e+41,100.0
944400,3.3303049071569475e+41,1.234375,3.3306379376476632e+41,1.234375,3.3306379376476632e+41,100.0
944500,3.3637733461401205e+41,1.234375,3.3641097234747346e+41,1.234375,3.3641097234747346e+41,100.0
944600,3.3975781316258512e+41,1.234375,3.3979178894390138e+41,1.234375,3.3979178894390138e+41,100.0
944700,3.4317226437828335e+41,1.234375,3.4320658160472117e+41,1.234375,3.4320658160472117e+41,100.0
944800,3.4662102967493183e+41,1.234375,3.4665569177789932e+41,1.234375,3.4665569177789932e+41,100.0
944900,3.501044538974492e+41,1.234375,3.501394643428389e+41,1.234375,3.501394643428389e+41,100.0
945000,3.5362288535632905e+41,1.234375,3.5365824764486466e+41,1.234375,3.5365824764486466e+41,100.0
945100,3.5717667586246785e+41,1.234375,3.572123935300541e+41,1.234375,3.572123935300541e+41,100.0
945200,3.607661807623425e+41,1.234375,3.608022573804187e+41,1.234375,3.608022573804187e+41,100.0
945300,3.6439175897354135e+41,1.234375,3.644281981494387e+41,1.234375,3.644281981494387e+41,100.0
945400,3.680537730206536e+41,1.234375,3.680905783979556e+41,1.234375,3.680905783979556e+41,100.0
945500,3.71752589071519e+41,1.234375,3.717897643304262e+41,1.234375,3.717897643304262e+41,100.0
945600,3.754885769738394e+41,1.234375,3.755261258315368e+41,1.234375,3.755261258315368e+41,100.0
945700,3.792621102921612e+41,1.234375,3.793000365031905e+41,1.234375,3.793000365031905e+41,100.0
945800,3.8307356634522824e+41,1.234375,3.831118737018627e+41,1.234375,3.831118737018627e+41,100.0
945900,3.869233262437103e+41,1.234375,3.8696201857633466e+41,1.234375,3.8696201857633466e+41,100.0
946000,3.908117749283112e+41,1.234375,3.90850856105804e+41,1.234375,3.90850856105804e+41,100.0
946100,3.947393012082581e+41,1.234375,3.947787751383789e+41,1.234375,3.947787751383789e+41,100.0
946200,3.987062978001795e+41,1.234375,3.987461684299595e+41,1.234375,3.987461684299595e+41,100.0
946300,4.027131613673726e+41,1.234375,4.027534326835093e+41,1.234375,4.027534326835093e+41,100.0
946400,4.0676029255946825e+41,1.234375,4.068009685887242e+41,1.234375,4.068009685887242e+41,100.0
946500,4.1084809605249036e+41,1.234375,4.108891808620956e+41,1.234375,4.108891808620956e+41,100.0
946600,4.149769805893194e+41,1.234375,4.150184782873783e+41,1.234375,4.150184782873783e+41,100.0
946700,4.191473590205638e+41,1.234375,4.1918927375646584e+41,1.234375,4.1918927375646584e+41,100.0
946800,4.2335964834584145e+41,1.234375,4.23401984310676e+41,1.234375,4.23401984310676e+41,100.0
946900,4.2761426975547595e+41,1.234375,4.276570311824515e+41,1.234375,4.276570311824515e+41,100.0
947000,4.319116486726102e+41,1.234375,4.319548398374774e+41,1.234375,4.319548398374774e+41,100.0
947100,4.3625221479574656e+41,1.234375,4.362958400172261e+41,1.234375,4.362958400172261e+41,100.0
947200,4.4063640214171245e+41,1.234375,4.406804657819266e+41,1.234375,4.406804657819266e+41,100.0
947300,4.450646490890571e+41,1.234375,4.45109155553966e+41,1.234375,4.45109155553966e+41,100.0
947400,4.495373984218867e+41,1.234375,4.495823521617289e+41,1.234375,4.495823521617289e+41,100.0
947500,4.540550973741371e+41,1.234375,4.541005028838745e+41,1.234375,4.541005028838745e+41,100.0
947600,4.5861819767429476e+41,1.234375,4.586640594940622e+41,1.234375,4.586640594940622e+41,100.0
947700,4.632271555905651e+41,1.234375,4.6327347830612415e+41,1.234375,4.6327347830612415e+41,100.0
947800,4.678824319764946e+41,1.234375,4.679292202196922e+41,1.234375,4.679292202196922e+41,100.0
947900,4.725844923170507e+41,1.234375,4.7263175076628245e+41,1.234375,4.7263175076628245e+41,100.0
948000,4.773338067751704e+41,1.234375,4.773815401558479e+41,1.234375,4.773815401558479e+41,100.0
948100,4.82130850238767e+41,1.234375,4.821790633237909e+41,1.234375,4.821790633237909e+41,100.0
948200,4.869761023682172e+41,1.234375,4.87024799978454e+41,1.234375,4.87024799978454e+41,100.0
948300,4.9187004764432324e+41,1.234375,4.919192346490877e+41,1.234375,4.919192346490877e+41,100.0
948400,4.968131754167551e+41,1.234375,4.9686285673429675e+41,1.234375,4.9686285673429675e+41,100.0
948500,5.018059799529823e+41,1.234375,5.0185616055097764e+41,1.234375,5.0185616055097764e+41,100.0
948600,5.0684896048769445e+41,1.234375,5.0689964538374325e+41,1.234375,5.0689964538374325e+41,100.0
948700,5.11942621272721e+41,1.234375,5.119938155348483e+41,1.234375,5.119938155348483e+41,100.0
948800,5.170874716274527e+41,1.234375,5.171391803746155e+41,1.234375,5.171391803746155e+41,100.0
948900,5.222840259897681e+41,1.234375,5.223362543923671e+41,1.234375,5.223362543923671e+41,100.0
949000,5.275328039674722e+41,1.234375,5.27585557247869e+41,1.234375,5.27585557247869e+41,100.0
949100,5.3283433039025304e+41,1.234375,5.328876138232921e+41,1.234375,5.328876138232921e+41,100.0
949200,5.381891353621587e+41,1.234375,5.382429542756949e+41,1.234375,5.382429542756949e+41,100.0
949300,5.435977543146048e+41,1.234375,5.436521140900363e+41,1.234375,5.436521140900363e+41,100.0
949400,5.490607280599125e+41,1.234375,5.491156341327185e+41,1.234375,5.491156341327185e+41,100.0
949500,5.545786028453829e+41,1.234375,5.546340607056674e+41,1.234375,5.546340607056674e+41,100.0
949600,5.601519304079183e+41,1.234375,5.602079456009591e+41,1.234375,5.602079456009591e+41,100.0
949700,5.6578126802919e+41,1.234375,5.658378461559929e+41,1.234375,5.658378461559929e+41,100.0
949800,5.714671785913618e+41,1.234375,5.715243253092209e+41,1.234375,5.715243253092209e+41,100.0
949900,5.77210230633374e+41,1.234375,5.772679516564373e+41,1.234375,5.772679516564373e+41,100.0
950000,5.830109984077899e+41,1.234375,5.8306929950763066e+41,1.234375,5.8306929950763066e+41,100.0
950100,5.888700619382181e+41,1.234375,5.889289489444119e+41,1.234375,5.889289489444119e+41,100.0
950200,5.94788007077308e+41,1.234375,5.948474858780157e+41,1.234375,5.948474858780157e+41,100.0
950300,6.007654255653297e+41,1.234375,6.008255021078863e+41,1.234375,6.008255021078863e+41,100.0
950400,6.068029150893439e+41,1.234375,6.068635953808528e+41,1.234375,6.068635953808528e+41,100.0
950500,6.1290107934296364e+41,1.234375,6.129623694508979e+41,1.234375,6.129623694508979e+41,100.0
950600,6.190605280867185e+41,1.234375,6.191224341395272e+41,1.234375,6.191224341395272e+41,100.0
950700,6.252818772090267e+41,1.234375,6.253444053967476e+41,1.234375,6.253444053967476e+41,100.0
950800,6.315657487877764e+41,1.234375,6.316289053626551e+41,1.234375,6.316289053626551e+41,100.0
950900,6.379127711525276e+41,1.234375,6.3797656242964286e+41,1.234375,6.3797656242964286e+41,100.0
951000,6.443235789473406e+41,1.234375,6.4438801130523536e+41,1.234375,6.4438801130523536e+41,100.0
951100,6.5079881319423374e+41,1.234375,6.508638930755531e+41,1.234375,6.508638930755531e+41,100.0
951200,6.573391213572796e+41,1.234375,6.574048552694153e+41,1.234375,6.574048552694153e+41,100.0
951300,6.639451574073481e+41,1.234375,6.640115519230888e+41,1.234375,6.640115519230888e+41,100.0
951400,6.706175818874926e+41,1.234375,6.706846436456814e+41,1.234375,6.706846436456814e+41,100.0
951500,6.773570619790029e+41,1.234375,6.774247976852008e+41,1.234375,6.774247976852008e+41,100.0
951600,6.841642715681145e+41,1.234375,6.842326879952713e+41,1.234375,6.842326879952713e+41,100.0
951700,6.910398913133921e+41,1.234375,6.911089953025235e+41,1.234375,6.911089953025235e+41,100.0
951800,6.979846087137892e+41,1.234375,6.980544071746605e+41,1.234375,6.980544071746605e+41,100.0
951900,7.049991181773907e+41,1.234375,7.050696180892084e+41,1.234375,7.050696180892084e+41,100.0
952000,7.120841210908482e+41,1.234375,7.121553295029572e+41,1.234375,7.121553295029572e+41,100.0
952100,7.192403258895128e+41,1.234375,7.193122499221017e+41,1.234375,7.193122499221017e+41,100.0
952200,7.264684481282718e+41,1.234375,7.265410949730846e+41,1.234375,7.265410949730846e+41,100.0
952300,7.337692105530963e+41,1.234375,7.338425874741516e+41,1.234375,7.338425874741516e+41,100.0
952400,7.411433431733107e+41,1.234375,7.41217457507628e+41,1.234375,7.41217457507628e+41,100.0
952500,7.485915833345863e+41,1.234375,7.486664424929197e+41,1.234375,7.486664424929197e+41,100.0
952600,7.561146757926695e+41,1.234375,7.561902872602488e+41,1.234375,7.561902872602488e+41,100.0
952700,7.6371337278785e+41,1.234375,7.637897441251288e+41,1.234375,7.637897441251288e+41,100.0
952800,7.71388434120178e+41,1.234375,7.7146557296359e+41,1.234375,7.7146557296359e+41,100.0
952900,7.79140627225439e+41,1.234375,7.792185412881615e+41,1.234375,7.792185412881615e+41,100.0
953000,7.869707272518856e+41,1.234375,7.870494243246108e+41,1.234375,7.870494243246108e+41,100.0
953100,7.948795171377513e+41,1.234375,7.94959005089465e+41,1.234375,7.94959005089465e+41,100.0
953200,8.028677876895335e+41,1.234375,8.029480744683024e+41,1.234375,8.029480744683024e+41,100.0
953300,8.109363376610679e+41,1.234375,8.11017431294834e+41,1.234375,8.11017431294834e+41,100.0
953400,8.19085973833395e+41,1.234375,8.191678824307784e+41,1.234375,8.191678824307784e+41,100.0
953500,8.273175110954347e+41,1.234375,8.274002428465442e+41,1.234375,8.274002428465442e+41,100.0
953600,8.356317725254638e+41,1.234375,8.357153357027164e+41,1.234375,8.357153357027164e+41,100.0
953700,8.440295894734147e+41,1.234375,8.44113992432362e+41,1.234375,8.44113992432362e+41,100.0
953800,8.525118016440105e+41,1.234375,8.525970528241748e+41,1.234375,8.525970528241748e+41,100.0
953900,8.610792571807215e+41,1.234375,8.611653651064395e+41,1.234375,8.611653651064395e+41,100.0
954000,8.697328127505716e+41,1.234375,8.698197860318467e+41,1.234375,8.698197860318467e+41,100.0
954100,8.78473333629801e+41,1.234375,8.78561180963164e+41,1.234375,8.78561180963164e+41,100.0
954200,8.87301693790382e+41,1.234375,8.87390423959761e+41,1.234375,8.87390423959761e+41,100.0
954300,8.962187759874114e+41,1.234375,8.963083978650101e+41,1.234375,8.963083978650101e+41,100.0
954400,9.052254718473757e+41,1.234375,9.053159943945603e+41,1.234375,9.053159943945603e+41,100.0
954500,9.143226819573057e+41,1.234375,9.144141142255015e+41,1.234375,9.144141142255015e+41,100.0
954600,9.23511315954829e+41,1.234375,9.236036670864244e+41,1.234375,9.236036670864244e+41,100.0
954700,9.327922926191212e+41,1.234375,9.328855718483831e+41,1.234375,9.328855718483831e+41,100.0
954800,9.421665399627823e+41,1.234375,9.422607566167785e+41,1.234375,9.422607566167785e+41,100.0
954900,9.51634995324622e+41,1.234375,9.517301588241544e+41,1.234375,9.517301588241544e+41,100.0
955000,9.611986054633894e+41,1.234375,9.612947253239358e+41,1.234375,9.612947253239358e+41,100.0
955100,9.708583266524399e+41,1.234375,9.709554124851052e+41,1.234375,9.709554124851052e+41,100.0
955200,9.806151247753515e+41,1.234375,9.80713186287829e+41,1.234375,9.80713186287829e+41,100.0
955300,9.904699754225072e+41,1.234375,9.905690224200495e+41,1.234375,9.905690224200495e+41,100.0
955400,1.000423863988642e+42,1.234375,1.0005239063750408e+42,1.234375,1.0005239063750408e+42,100.0
955500,1.0104777857713761e+42,1.234375,1.0105788335499533e+42,1.234375,1.0105788335499533e+42,100.0
955600,1.0206327460707365e+42,1.234375,1.0207348093453434e+42,1.234375,1.0207348093453434e+42,100.0
955700,1.0308897602896712e+42,1.234375,1.0309928492657001e+42,1.234375,1.0309928492657001e+42,100.0
955800,1.0412498540355883e+42,1.234375,1.0413539790209919e+42,1.234375,1.0413539790209919e+42,100.0
955900,1.051714063222901e+42,1.234375,1.0518192346292234e+42,1.234375,1.0518192346292234e+42,100.0
956000,1.062283434176616e+42,1.234375,1.0623896625200337e+42,1.234375,1.0623896625200337e+42,100.0
956100,1.0729590237369502e+42,1.234375,1.0730663196393238e+42,1.234375,1.0730663196393238e+42,100.0
956200,1.0837418993650079e+42,1.234375,1.0838502735549444e+42,1.234375,1.0838502735549444e+42,100.0
956300,1.0946331392495166e+42,1.234375,1.0947426025634416e+42,1.234375,1.0947426025634416e+42,100.0
956400,1.1056338324146378e+42,1.234375,1.1057443957978792e+42,1.234375,1.1057443957978792e+42,100.0
956500,1.1167450788288558e+42,1.234375,1.1168567533367386e+42,1.234375,1.1168567533367386e+42,100.0
956600,1.1279679895149674e+42,1.234375,1.1280807863139188e+42,1.234375,1.1280807863139188e+42,100.0
956700,1.1393036866611723e+42,1.234375,1.1394176170298383e+42,1.234375,1.1394176170298383e+42,100.0
956800,1.150753303733284e+42,1.234375,1.1508683790636573e+42,1.234375,1.1508683790636573e+42,100.0
956900,1.1623179855880633e+42,1.234375,1.1624342173866221e+42,1.234375,1.1624342173866221e+42,100.0
957000,1.1739988885876947e+42,1.234375,1.1741162884765535e+42,1.234375,1.1741162884765535e+42,100.0
957100,1.1857971807154127e+42,1.234375,1.1859157604334843e+42,1.234375,1.1859157604334843e+42,100.0
957200,1.1977140416922875e+42,1.234375,1.1978338130964566e+42,1.234375,1.1978338130964566e+42,100.0
957300,1.2097506630951866e+42,1.234375,1.2098716381614961e+42,1.234375,1.2098716381614961e+42,100.0
957400,1.2219082484759246e+42,1.234375,1.2220304393007722e+42,1.234375,1.2220304393007722e+42,100.0
957500,1.2341880134816052e+42,1.234375,1.2343114322829533e+42,1.234375,1.2343114322829533e+42,100.0
957600,1.2465911859761717e+42,1.234375,1.2467158450947694e+42,1.234375,1.2467158450947694e+42,100.0
957700,1.2591190061631892e+42,1.234375,1.2592449180638055e+42,1.234375,1.2592449180638055e+42,100.0
957800,1.271772726709847e+42,1.234375,1.271899903982518e+42,1.234375,1.271899903982518e+42,100.0
957900,1.2845536128722162e+42,1.234375,1.2846820682335034e+42,1.234375,1.2846820682335034e+42,100.0
958000,1.297462942621764e+42,1.234375,1.2975926889160263e+42,1.234375,1.2975926889160263e+42,100.0
958100,1.3105020067731407e+42,1.234375,1.310633056973818e+42,1.234375,1.310633056973818e+42,100.0
958200,1.323672109113246e+42,1.234375,1.3238044763241572e+42,1.234375,1.3238044763241572e+42,100.0
958300,1.3369745665315977e+42,1.234375,1.3371082639882509e+42,1.234375,1.3371082639882509e+42,100.0
958400,1.35041070915201e+42,1.234375,1.3505457502229252e+42,1.234375,1.3505457502229252e+42,100.0
958500,1.3639818804655882e+42,1.234375,1.3641182786536348e+42,1.234375,1.3641182786536348e+42,100.0
958600,1.3776894374650725e+42,1.234375,1.377827206408819e+42,1.234375,1.377827206408819e+42,100.0
958700,1.3915347507805198e+42,1.234375,1.3916739042555979e+42,1.234375,1.3916739042555979e+42,100.0
958800,1.4055192048163588e+42,1.234375,1.4056597567368404e+42,1.234375,1.4056597567368404e+42,100.0
958900,1.4196441978898107e+42,1.234375,1.4197861623095996e+42,1.234375,1.4197861623095996e+42,100.0
959000,1.4339111423707162e+42,1.234375,1.4340545334849533e+42,1.234375,1.4340545334849533e+42,100.0
959100,1.4483214648227504e+42,1.234375,1.4484662969692328e+42,1.234375,1.4484662969692328e+42,100.0
959200,1.462876606146078e+42,1.234375,1.4630228938066924e+42,1.234375,1.4630228938066924e+42,100.0
959300,1.477578021721418e+42,1.234375,1.47772577952359e+42,1.234375,1.47772577952359e+42,100.0
959400,1.4924271815555766e+42,1.234375,1.4925764242737323e+42,1.234375,1.4925764242737323e+42,100.0
959500,1.5074255704284335e+42,1.234375,1.5075763129854763e+42,1.234375,1.5075763129854763e+42,100.0
959600,1.5225746880413988e+42,1.234375,1.522726945510203e+42,1.234375,1.522726945510203e+42,100.0
959700,1.5378760491673796e+42,1.234375,1.5380298367722963e+42,1.234375,1.5380298367722963e+42,100.0
959800,1.553331183802239e+42,1.234375,1.553486516920619e+42,1.234375,1.553486516920619e+42,100.0
959900,1.5689416373177777e+42,1.234375,1.5690985314815095e+42,1.234375,1.5690985314815095e+42,100.0
960000,1.5847089706162644e+42,1.234375,1.584867441513326e+42,1.234375,1.584867441513326e+42,100.0
960100,1.6006347602865075e+42,1.234375,1.600794823762536e+42,1.234375,1.600794823762536e+42,100.0
960200,1.6167205987614982e+42,1.234375,1.6168822708213744e+42,1.234375,1.6168822708213744e+42,100.0
960300,1.6329680944776416e+42,1.234375,1.6331313912870894e+42,1.234375,1.6331313912870894e+42,100.0
960400,1.6493788720355882e+42,1.234375,1.6495438099227918e+42,1.234375,1.6495438099227918e+42,100.0
960500,1.6659545723626736e+42,1.234375,1.66612116781991e+42,1.234375,1.66612116781991e+42,100.0
960600,1.6826968528770003e+42,1.234375,1.682865122562288e+42,1.234375,1.682865122562288e+42,100.0
960700,1.6996073876531593e+42,1.234375,1.6997773483919246e+42,1.234375,1.6997773483919246e+42,100.0
960800,1.7166878675896286e+42,1.234375,1.7168595363763874e+42,1.234375,1.7168595363763874e+42,100.0
960900,1.7339400005778434e+42,1.234375,1.7341133945779012e+42,1.234375,1.7341133945779012e+42,100.0
961000,1.7513655116729713e+42,1.234375,1.7515406482241385e+42,1.234375,1.7515406482241385e+42,100.0
961100,1.7689661432663994e+42,1.234375,1.769143039880726e+42,1.234375,1.769143039880726e+42,100.0
961200,1.786743655259964e+42,1.234375,1.78692232962549e+42,1.234375,1.78692232962549e+42,100.0
961300,1.804699825241915e+42,1.234375,1.8048802952244392e+42,1.234375,1.8048802952244392e+42,100.0
961400,1.8228364486646667e+42,1.234375,1.8230187323095333e+42,1.234375,1.8230187323095333e+42,100.0
961500,1.8411553390243227e+42,1.234375,1.841339454558225e+42,1.234375,1.841339454558225e+42,100.0
961600,1.8596583280420123e+42,1.234375,1.8598442938748164e+42,1.234375,1.8598442938748164e+42,100.0
961700,1.8783472658470367e+42,1.234375,1.8785351005736214e+42,1.234375,1.8785351005736214e+42,100.0
961800,1.8972240211618743e+42,1.234375,1.8974137435639904e+42,1.234375,1.8974137435639904e+42,100.0
961900,1.9162904814890377e+42,1.234375,1.9164821105371866e+42,1.234375,1.9164821105371866e+42,100.0
962000,1.935548553299795e+42,1.234375,1.935742108155125e+42,1.234375,1.935742108155125e+42,100.0
962100,1.955000162224811e+42,1.234375,1.9551956622410337e+42,1.234375,1.9551956622410337e+42,100.0
962200,1.9746472532466866e+42,1.234375,1.974844717972011e+42,1.234375,1.974844717972011e+42,100.0
962300,1.9944917908944404e+42,1.234375,1.99469124007353e+42,1.234375,1.99469124007353e+42,100.0
962400,2.014535759439944e+42,1.234375,2.014737213015888e+42,1.234375,2.014737213015888e+42,100.0
962500,2.0347811630963307e+42,1.234375,2.0349846412126403e+42,1.234375,2.0349846412126403e+42,100.0
962600,2.055230026218397e+42,1.234375,2.055435549221019e+42,1.234375,2.055435549221019e+42,100.0
962700,2.0758843935050226e+42,1.234375,2.076091981944373e+42,1.234375,2.076091981944373e+42,100.0
962800,2.096746330203622e+42,1.234375,2.0969560048366423e+42,1.234375,2.0969560048366423e+42,100.0
962900,2.1178179223166443e+42,1.234375,2.1180297041088758e+42,1.234375,2.1180297041088758e+42,100.0
963000,2.1391012768101635e+42,1.234375,2.1393151869378443e+42,1.234375,2.1393151869378443e+42,100.0
963100,2.160598521824543e+42,1.234375,2.1608145816767252e+42,1.234375,2.1608145816767252e+42,100.0
963200,2.1823118068872465e+42,1.234375,2.1825300380679353e+42,1.234375,2.1825300380679353e+42,100.0
963300,2.2042433031277552e+42,1.234375,2.204463727458068e+42,1.234375,2.204463727458068e+42,100.0
963400,2.2263952034946706e+42,1.234375,2.22661784301502e+42,1.234375,2.22661784301502e+42,100.0
963500,2.2487697229749897e+42,1.234375,2.248994599947287e+42,1.234375,2.248994599947287e+42,100.0
963600,2.2713690988155768e+42,1.234375,2.271596235725458e+42,1.234375,2.271596235725458e+42,100.0
963700,2.2941955907468732e+42,1.234375,2.294425010305948e+42,1.234375,2.294425010305948e+42,100.0
963800,2.3172514812088444e+42,1.234375,2.3174832063569653e+42,1.234375,2.3174832063569653e+42,100.0
963900,2.3405390755792074e+42,1.234375,2.3407731294867654e+42,1.234375,2.3407731294867654e+42,100.0
964000,2.3640607024039494e+42,1.234375,2.3642971084741898e+42,1.234375,2.3642971084741898e+42,100.0
964100,2.387818713630156e+42,1.234375,2.388057495501519e+42,1.234375,2.388057495501519e+42,100.0
964200,2.4118154848411834e+42,1.234375,2.4120566663896673e+42,1.234375,2.4120566663896673e+42,100.0
964300,2.4360534154941997e+42,1.234375,2.436297020835749e+42,1.234375,2.436297020835749e+42,100.0
964400,2.4605349291601113e+42,1.234375,2.4607809826530274e+42,1.234375,2.4607809826530274e+42,100.0
964500,2.4852624737658874e+42,1.234375,2.485511000013264e+42,1.234375,2.485511000013264e+42,100.0
964600,2.5102385218393376e+42,1.234375,2.5104895456915215e+42,1.234375,2.5104895456915215e+42,100.0
964700,2.5354655707563427e+42,1.234375,2.5357191173134182e+42,1.234375,2.5357191173134182e+42,100.0
964800,2.560946142990563e+42,1.234375,2.5612022376048618e+42,1.234375,2.5612022376048618e+42,100.0
964900,2.58668278636567e+42,1.234375,2.5869414546443066e+42,1.234375,2.5869414546443066e+42,100.0
965000,2.612678074310102e+42,1.234375,2.612939342117533e+42,1.234375,2.612939342117533e+42,100.0
965100,2.6389346061143835e+42,1.234375,2.6391984995749948e+42,1.234375,2.6391984995749948e+42,100.0
965200,2.6654550071910282e+42,1.234375,2.665721552691747e+42,1.234375,2.665721552691747e+42,100.0
965300,2.6922419293370605e+42,1.234375,2.6925111535299944e+42,1.234375,2.6925111535299944e+42,100.0
965400,2.7192980509991677e+42,1.234375,2.7195699808042677e+42,1.234375,2.7195699808042677e+42,100.0
965500,2.7466260775415238e+42,1.234375,2.746900740149278e+42,1.234375,2.746900740149278e+42,100.0
965600,2.7742287415162956e+42,1.234375,2.7745061643904473e+42,1.234375,2.7745061643904473e+42,100.0
965700,2.8021088029368754e+42,1.234375,2.802389013817169e+42,1.234375,2.802389013817169e+42,100.0
965800,2.8302690495538644e+42,1.234375,2.8305520764588196e+42,1.234375,2.8305520764588196e+42,100.0
965900,2.8587122971338033e+42,1.234375,2.858998168363517e+42,1.234375,2.858998168363517e+42,100.0
966000,2.8874413897407457e+42,1.234375,2.8877301338797195e+42,1.234375,2.8877301338797195e+42,100.0
966100,2.9164592000206235e+42,1.234375,2.916750845940626e+42,1.234375,2.916750845940626e+42,100.0
966200,2.945768629488488e+42,1.234375,2.946063206351437e+42,1.234375,2.946063206351437e+42,100.0
966300,2.97537260881864e+42,1.234375,2.9756701460795213e+42,1.234375,2.9756701460795213e+42,100.0
966400,3.0052740981376674e+42,1.234375,3.005574625547481e+42,1.234375,3.005574625547481e+42,100.0
966500,3.0354760873204196e+42,1.234375,3.0357796349291514e+42,1.234375,3.0357796349291514e+42,100.0
966600,3.0659815962889896e+42,1.234375,3.066288194448619e+42,1.234375,3.066288194448619e+42,100.0
966700,3.096793675314668e+42,1.234375,3.0971033546821995e+42,1.234375,3.0971033546821995e+42,100.0
966800,3.127915405322936e+42,1.234375,3.128228196863468e+42,1.234375,3.128228196863468e+42,100.0
966900,3.15934989820153e+42,1.234375,3.15966583319135e+42,1.234375,3.15966583319135e+42,100.0
967000,3.1911002971116174e+42,1.234375,3.1914194071413283e+42,1.234375,3.1914194071413283e+42,100.0
967100,3.223169776802065e+42,1.234375,3.223492093779745e+42,1.234375,3.223492093779745e+42,100.0
967200,3.2555615439268926e+42,1.234375,3.255887100081285e+42,1.234375,3.255887100081285e+42,100.0
967300,3.2882788373659166e+42,1.234375,3.288607665249653e+42,1.234375,3.288607665249653e+42,100.0
967400,3.3213249285485944e+42,1.234375,3.321657061041449e+42,1.234375,3.321657061041449e+42,100.0
967500,3.354703121781151e+42,1.234375,3.3550385920933295e+42,1.234375,3.3550385920933295e+42,100.0
967600,3.388416754576967e+42,1.234375,3.388755596252425e+42,1.234375,3.388755596252425e+42,100.0
967700,3.422469197990303e+42,1.234375,3.422811444910102e+42,1.234375,3.422811444910102e+42,100.0
967800,3.456863856953381e+42,1.234375,3.457209543339076e+42,1.234375,3.457209543339076e+42,100.0
967900,3.4916041706168365e+42,1.234375,3.491953331033898e+42,1.234375,3.491953331033898e+42,100.0
968000,3.52669361269361e+42,1.234375,3.5270462820548794e+42,1.234375,3.5270462820548794e+42,100.0
968100,3.5621356918062847e+42,1.234375,3.562491905375465e+42,1.234375,3.562491905375465e+42,100.0
968200,3.597933951837911e+42,1.234375,3.598293745233094e+42,1.234375,3.598293745233094e+42,100.0
968300,3.6340919722863636e+42,1.234375,3.634455381483592e+42,1.234375,3.634455381483592e+42,100.0
968400,3.670613368622272e+42,1.234375,3.670980429959134e+42,1.234375,3.670980429959134e+42,100.0
968500,3.707501792650516e+42,1.234375,3.707872542829781e+42,1.234375,3.707872542829781e+42,100.0
968600,3.7447609328753845e+42,1.234375,3.745135408968672e+42,1.234375,3.745135408968672e+42,100.0
968700,3.7823945148693846e+42,1.234375,3.7827727543208716e+42,1.234375,3.7827727543208716e+42,100.0
968800,3.820406301645771e+42,1.234375,3.8207883422759355e+42,1.234375,3.8207883422759355e+42,100.0
968900,3.858800094034803e+42,1.234375,3.859185974044207e+42,1.234375,3.859185974044207e+42,100.0
969000,3.8975797310638094e+42,1.234375,3.897969489036916e+42,1.234375,3.897969489036916e+42,100.0
969100,3.9367490903410414e+42,1.234375,3.9371427652500756e+42,1.234375,3.9371427652500756e+42,100.0
969200,3.976312088443405e+42,1.234375,3.976709719652249e+42,1.234375,3.976709719652249e+42,100.0
969300,4.0162726813080795e+42,1.234375,4.0166743085762105e+42,1.234375,4.0166743085762105e+42,100.0
969400,4.0566348646280715e+42,1.234375,4.057040528114534e+42,1.234375,4.057040528114534e+42,100.0
969500,4.0974026742517604e+42,1.234375,4.0978124145191857e+42,1.234375,4.0978124145191857e+42,100.0
969600,4.138580186586432e+42,1.234375,4.138994044605091e+42,1.234375,4.138994044605091e+42,100.0
969700,4.180171519005895e+42,1.234375,4.180589536157796e+42,1.234375,4.180589536157796e+42,100.0
969800,4.222180830262164e+42,1.234375,4.2226030483451905e+42,1.234375,4.2226030483451905e+42,100.0
969900,4.2646123209013134e+42,1.234375,4.2650387821334036e+42,1.234375,4.2650387821334036e+42,100.0
970000,4.307470233683487e+42,1.234375,4.307900980706855e+42,1.234375,4.307900980706855e+42,100.0
970100,4.3507588540071244e+42,1.234375,4.351193929892525e+42,1.234375,4.351193929892525e+42,100.0
970200,4.394482510337481e+42,1.234375,4.394921958588515e+42,1.234375,4.394921958588515e+42,100.0
970300,4.438645574639422e+42,1.234375,4.439089439196886e+42,1.234375,4.439089439196886e+42,100.0
970400,4.483252462814587e+42,1.234375,4.483700788060868e+42,1.234375,4.483700788060868e+42,100.0
970500,4.528307635142925e+42,1.234375,4.528760465906439e+42,1.234375,4.528760465906439e+42,100.0
970600,4.5738155967286996e+42,1.234375,4.5742729782883724e+42,1.234375,4.5742729782883724e+42,100.0
970700,4.619780897950945e+42,1.234375,4.62024287604074e+42,1.234375,4.62024287604074e+42,100.0
970800,4.666208134918471e+42,1.234375,4.666674755731963e+42,1.234375,4.666674755731963e+42,100.0
970900,4.713101949929428e+42,1.234375,4.713573260124421e+42,1.234375,4.713573260124421e+42,100.0
971000,4.760467031935491e+42,1.234375,4.760943078638684e+42,1.234375,4.760943078638684e+42,100.0
971100,4.808308117010713e+42,1.234375,4.808788947822414e+42,1.234375,4.808788947822414e+42,100.0
971200,4.856629988825104e+42,1.234375,4.8571156518239863e+42,1.234375,4.8571156518239863e+42,100.0
971300,4.90543747912292e+42,1.234375,4.905928022870832e+42,1.234375,4.905928022870832e+42,100.0
971400,4.9547354682058344e+42,1.234375,4.955230941752655e+42,1.234375,4.955230941752655e+42,100.0
971500,5.004528885420889e+42,1.234375,5.005029338309431e+42,1.234375,5.005029338309431e+42,100.0
971600,5.054822709653405e+42,1.234375,5.05532819192437e+42,1.234375,5.05532819192437e+42,100.0
971700,5.1056219698248176e+42,1.234375,5.1061325320218e+42,1.234375,5.1061325320218e+42,100.0
971800,5.1569317453955186e+42,1.234375,5.157447438570058e+42,1.234375,5.157447438570058e+42,100.0
971900,5.208757166872769e+42,1.234375,5.2092780425894564e+42,1.234375,5.2092780425894564e+42,100.0
972000,5.2611034163236845e+42,1.234375,5.261629526665317e+42,1.234375,5.261629526665317e+42,100.0
972100,5.31397572789341e+42,1.234375,5.314507125466199e+42,1.234375,5.314507125466199e+42,100.0
972200,5.367379388328484e+42,1.234375,5.367916126267317e+42,1.234375,5.367916126267317e+42,100.0
972300,5.4213197375054506e+42,1.234375,5.421861869479201e+42,1.234375,5.421861869479201e+42,100.0
972400,5.4758021689648173e+42,1.234375,5.476349749181714e+42,1.234375,5.476349749181714e+42,100.0
972500,5.5308321304503496e+42,1.234375,5.531385213663394e+42,1.234375,5.531385213663394e+42,100.0
972600,5.586415124453793e+42,1.234375,5.586973765966238e+42,1.234375,5.586973765966238e+42,100.0
972700,5.642556708765084e+42,1.234375,5.643120964435961e+42,1.234375,5.643120964435961e+42,100.0
972800,5.699262497028059e+42,1.234375,5.699832423277762e+42,1.234375,5.699832423277762e+42,100.0
972900,5.756538159301792e+42,1.234375,5.757113813117721e+42,1.234375,5.757113813117721e+42,100.0
973000,5.814389422627518e+42,1.234375,5.814970861569781e+42,1.234375,5.814970861569781e+42,100.0
973100,5.872822071601314e+42,1.234375,5.873409353808474e+42,1.234375,5.873409353808474e+42,100.0
973200,5.93184194895249e+42,1.234375,5.932435133147385e+42,1.234375,5.932435133147385e+42,100.0
973300,5.991454956127805e+42,1.234375,5.992054101623417e+42,1.234375,5.992054101623417e+42,100.0
973400,6.051667053881587e+42,1.234375,6.052272220586975e+42,1.234375,6.052272220586975e+42,100.0
973500,6.112484262871687e+42,1.234375,6.113095511297975e+42,1.234375,6.113095511297975e+42,100.0
973600,6.173912664261565e+42,1.234375,6.174530055527991e+42,1.234375,6.174530055527991e+42,100.0
973700,6.235958400328314e+42,1.234375,6.236581996168347e+42,1.234375,6.236581996168347e+42,100.0
973800,6.298627675076847e+42,1.234375,6.299257537844355e+42,1.234375,6.299257537844355e+42,100.0
973900,6.361926754860202e+42,1.234375,6.362562947535688e+42,1.234375,6.362562947535688e+42,100.0
974000,6.425861969006171e+42,1.234375,6.426504555203072e+42,1.234375,6.426504555203072e+42,100.0
974100,6.490439710450142e+42,1.234375,6.491088754421186e+42,1.234375,6.491088754421186e+42,100.0
974200,6.555666436374346e+42,1.234375,6.556322003017984e+42,1.234375,6.556322003017984e+42,100.0
974300,6.621548668853516e+42,1.234375,6.622210823720401e+42,1.234375,6.622210823720401e+42,100.0
974400,6.688092995507022e+42,1.234375,6.688761804806572e+42,1.234375,6.688761804806572e+42,100.0
974500,6.755306070157589e+42,1.234375,6.755981600764605e+42,1.234375,6.755981600764605e+42,100.0
974600,6.823194613496625e+42,1.234375,6.823876932957974e+42,1.234375,6.823876932957974e+42,100.0
974700,6.891765413756192e+42,1.234375,6.892454590297567e+42,1.234375,6.892454590297567e+42,100.0
974800,6.961025327387804e+42,1.234375,6.961721429920542e+42,1.234375,6.961721429920542e+42,100.0
974900,7.030981279748002e+42,1.234375,7.031684377875977e+42,1.234375,7.031684377875977e+42,100.0
975000,7.101640265790802e+42,1.234375,7.10235042981738e+42,1.234375,7.10235042981738e+42,100.0
975100,7.17300935076716e+42,1.234375,7.173726651702236e+42,1.234375,7.173726651702236e+42,100.0
975200,7.245095670931409e+42,1.234375,7.245820180498502e+42,1.234375,7.245820180498502e+42,100.0
975300,7.317906434254823e+42,1.234375,7.31863822489825e+42,1.234375,7.31863822489825e+42,100.0
975400,7.391448921146365e+42,1.234375,7.392188066038479e+42,1.234375,7.392188066038479e+42,100.0
975500,7.465730485180634e+42,1.234375,7.466477058229151e+42,1.234375,7.466477058229151e+42,100.0
975600,7.540758553833178e+42,1.234375,7.541512629688561e+42,1.234375,7.541512629688561e+42,100.0
975700,7.616540629223156e+42,1.234375,7.617302283286078e+42,1.234375,7.617302283286078e+42,100.0
975800,7.693084288863512e+42,1.234375,7.693853597292399e+42,1.234375,7.693853597292399e+42,100.0
975900,7.770397186418597e+42,1.234375,7.771174226137239e+42,1.234375,7.771174226137239e+42,100.0
976000,7.848487052469532e+42,1.234375,7.84927190117478e+42,1.234375,7.84927190117478e+42,100.0
976100,7.927361695287157e+42,1.234375,7.928154431456686e+42,1.234375,7.928154431456686e+42,100.0
976200,8.0070290016128e+42,1.234375,8.007829704512961e+42,1.234375,8.007829704512961e+42,100.0
976300,8.087496937446861e+42,1.234375,8.088305687140606e+42,1.234375,8.088305687140606e+42,100.0
976400,8.168773548845366e+42,1.234375,8.16959042620025e+42,1.234375,8.16959042620025e+42,100.0
976500,8.250866962724479e+42,1.234375,8.251692049420751e+42,1.234375,8.251692049420751e+42,100.0
976600,8.33378538767313e+42,1.234375,8.334618766211896e+42,1.234375,8.334618766211896e+42,100.0
976700,8.41753711477379e+42,1.234375,8.418378868485268e+42,1.234375,8.418378868485268e+42,100.0
976800,8.502130518431502e+42,1.234375,8.502980731483346e+42,1.234375,8.502980731483346e+42,100.0
976900,8.587574057211261e+42,1.234375,8.588432814616982e+42,1.234375,8.588432814616982e+42,100.0
977000,8.673876274683779e+42,1.234375,8.674743662311248e+42,1.234375,8.674743662311248e+42,100.0
977100,8.761045800279762e+42,1.234375,8.76192190485979e+42,1.234375,8.76192190485979e+42,100.0
977200,8.849091350152782e+42,1.234375,8.849976259287797e+42,1.234375,8.849976259287797e+42,100.0
977300,8.938021728050807e+42,1.234375,8.938915530223612e+42,1.234375,8.938915530223612e+42,100.0
977400,9.02784582619649e+42,1.234375,9.02874861077911e+42,1.234375,9.02874861077911e+42,100.0
977500,9.11857262617634e+42,1.234375,9.119484483438958e+42,1.234375,9.119484483438958e+42,100.0
977600,9.210211199838753e+42,1.234375,9.211132220958737e+42,1.234375,9.211132220958737e+42,100.0
977700,9.302770710201154e+42,1.234375,9.303700987272174e+42,1.234375,9.303700987272174e+42,100.0
977800,9.396260412366172e+42,1.234375,9.397200038407408e+42,1.234375,9.397200038407408e+42,100.0
977900,9.490689654447112e+42,1.234375,9.491638723412558e+42,1.234375,9.491638723412558e+42,100.0
978000,9.586067878502662e+42,1.234375,9.587026485290511e+42,1.234375,9.587026485290511e+42,100.0
978100,9.682404621480983e+42,1.234375,9.683372861943131e+42,1.234375,9.683372861943131e+42,100.0
978200,9.779709516173359e+42,1.234375,9.780687487124977e+42,1.234375,9.780687487124977e+42,100.0
978300,9.877992292177377e+42,1.234375,9.878980091406595e+42,1.234375,9.878980091406595e+42,100.0
978400,9.977262776869786e+42,1.234375,9.978260503147473e+42,1.234375,9.978260503147473e+42,100.0
978500,1.0077530896389154e+43,1.234375,1.0078538649478794e+43,1.234375,1.0078538649478794e+43,100.0
978600,1.0178806676628382e+43,1.234375,1.0179824557296045e+43,1.234375,1.0179824557296045e+43,100.0
978700,1.0281100244237197e+43,1.234375,1.028212835426162e+43,1.234375,1.028212835426162e+43,100.0
978800,1.038442182763476e+43,1.234375,1.0385460269817524e+43,1.234375,1.0385460269817524e+43,100.0
978900,1.0488781758032368e+43,1.234375,1.0489830636208171e+43,1.234375,1.0489830636208171e+43,100.0
979000,1.0594190470466512e+43,1.234375,1.0595249889513559e+43,1.234375,1.0595249889513559e+43,100.0
979100,1.0700658504842262e+43,1.234375,1.0701728570692746e+43,1.234375,1.0701728570692746e+43,100.0
979200,1.080819650698719e+43,1.234375,1.0809277326637888e+43,1.234375,1.0809277326637888e+43,100.0
979300,1.09168152297158e+43,1.234375,1.0917906911238772e+43,1.234375,1.0917906911238772e+43,100.0
979400,1.1026525533904797e+43,1.234375,1.1027628186458187e+43,1.234375,1.1027628186458187e+43,100.0
979500,1.1137338389578995e+43,1.234375,1.1138452123417953e+43,1.234375,1.1138452123417953e+43,100.0
979600,1.1249264877008277e+43,1.234375,1.1250389803495978e+43,1.234375,1.1250389803495978e+43,100.0
979700,1.1362316187815452e+43,1.234375,1.1363452419434232e+43,1.234375,1.1363452419434232e+43,100.0
979800,1.14765036260954e+43,1.234375,1.147765127645801e+43,1.234375,1.147765127645801e+43,100.0
979900,1.1591838609545329e+43,1.234375,1.1592997793406282e+43,1.234375,1.1592997793406282e+43,100.0
980000,1.1708332670606414e+43,1.234375,1.1709503503873474e+43,1.234375,1.1709503503873474e+43,100.0
980100,1.1825997457616985e+43,1.234375,1.1827180057362746e+43,1.234375,1.1827180057362746e+43,100.0
980200,1.194484473597724e+43,1.234375,1.1946039220450838e+43,1.234375,1.1946039220450838e+43,100.0
980300,1.206488638932568e+43,1.234375,1.2066092877964614e+43,1.234375,1.2066092877964614e+43,100.0
980400,1.218613442072734e+43,1.234375,1.2187353034169413e+43,1.234375,1.2187353034169413e+43,100.0
980500,1.2308600953874e+43,1.234375,1.2309831813969387e+43,1.234375,1.2309831813969387e+43,100.0
980600,1.2432298234296471e+43,1.234375,1.24335414641199e+43,1.234375,1.24335414641199e+43,100.0
980700,1.2557238630588998e+43,1.234375,1.2558494354452057e+43,1.234375,1.2558494354452057e+43,100.0
980800,1.2683434635646038e+43,1.234375,1.2684702979109603e+43,1.234375,1.2684702979109603e+43,100.0
980900,1.2810898867911355e+43,1.234375,1.2812179957798146e+43,1.234375,1.2812179957798146e+43,100.0
981000,1.2939644072639854e+43,1.234375,1.2940938037047119e+43,1.234375,1.2940938037047119e+43,100.0
981100,1.3069683123171967e+43,1.234375,1.3070990091484284e+43,1.234375,1.3070990091484284e+43,100.0
981200,1.320102902222079e+43,1.234375,1.3202349125123013e+43,1.234375,1.3202349125123013e+43,100.0
981300,1.3333694903172346e+43,1.234375,1.3335028272662662e+43,1.234375,1.3335028272662662e+43,100.0
981400,1.346769403139872e+43,1.234375,1.346904080080186e+43,1.234375,1.346904080080186e+43,100.0
981500,1.360303980558451e+43,1.234375,1.3604400109565068e+43,1.234375,1.3604400109565068e+43,100.0
981600,1.3739745759066568e+43,1.234375,1.3741119733642475e+43,1.234375,1.3741119733642475e+43,100.0
981700,1.38778255611872e+43,1.234375,1.3879213343743319e+43,1.234375,1.3879213343743319e+43,100.0
981800,1.4017293018660998e+43,1.234375,1.4018694747962865e+43,1.234375,1.4018694747962865e+43,100.0
981900,1.415816207695537e+43,1.234375,1.4159577893163065e+43,1.234375,1.4159577893163065e+43,100.0
982000,1.4300446821684937e+43,1.234375,1.4301876866367106e+43,1.234375,1.4301876866367106e+43,100.0
982100,1.444416148002001e+43,1.234375,1.4445605896168013e+43,1.234375,1.4445605896168013e+43,100.0
982200,1.4589320422109135e+43,1.234375,1.4590779354151346e+43,1.234375,1.4590779354151346e+43,100.0
982300,1.4735938162516022e+43,1.234375,1.4737411756332273e+43,1.234375,1.4737411756332273e+43,100.0
982400,1.488402936167082e+43,1.234375,1.4885517764606988e+43,1.234375,1.4885517764606988e+43,100.0
982500,1.5033608827336052e+43,1.234375,1.5035112188218785e+43,1.234375,1.5035112188218785e+43,100.0
982600,1.5184691516087245e+43,1.234375,1.5186209985238854e+43,1.234375,1.5186209985238854e+43,100.0
982700,1.5337292534808488e+43,1.234375,1.533882626406197e+43,1.234375,1.533882626406197e+43,100.0
982800,1.5491427142202897e+43,1.234375,1.5492976284917116e+43,1.234375,1.5492976284917116e+43,100.0
982900,1.564711075031844e+43,1.234375,1.564867546139347e+43,1.234375,1.564867546139347e+43,100.0
983000,1.5804358926088937e+43,1.234375,1.5805939361981545e+43,1.234375,1.5805939361981545e+43,100.0
983100,1.5963187392890665e+43,1.234375,1.5964783711629954e+43,1.234375,1.5964783711629954e+43,100.0
983200,1.612361203211446e+43,1.234375,1.6125224393317672e+43,1.234375,1.6125224393317672e+43,100.0
983300,1.6285648884753824e+43,1.234375,1.6287277449642298e+43,1.234375,1.6287277449642298e+43,100.0
983400,1.6449314153008824e+43,1.234375,1.6450959084424125e+43,1.234375,1.6450959084424125e+43,100.0
983500,1.6614624201906112e+43,1.234375,1.66162856643263e+43,1.234375,1.66162856643263e+43,100.0
983600,1.6781595560935382e+43,1.234375,1.6783273720491475e+43,1.234375,1.6783273720491475e+43,100.0
983700,1.6950244925702078e+43,1.234375,1.6951939950194647e+43,1.234375,1.6951939950194647e+43,100.0
983800,1.7120589159596858e+43,1.234375,1.7122301218512819e+43,1.234375,1.7122301218512819e+43,100.0
983900,1.729264529548175e+43,1.234375,1.7294374560011298e+43,1.234375,1.7294374560011298e+43,100.0
984000,1.7466430537393287e+43,1.234375,1.7468177180447026e+43,1.234375,1.7468177180447026e+43,100.0
984100,1.7641962262262779e+43,1.234375,1.7643726458489004e+43,1.234375,1.7643726458489004e+43,100.0
984200,1.781925802165377e+43,1.234375,1.7821039947455934e+43,1.234375,1.7821039947455934e+43,100.0
984300,1.7998335543517153e+43,1.234375,1.8000135377071506e+43,1.234375,1.8000135377071506e+43,100.0
984400,1.8179212733963697e+43,1.234375,1.8181030655237093e+43,1.234375,1.8181030655237093e+43,100.0
984500,1.8361907679054536e+43,1.234375,1.8363743869822441e+43,1.234375,1.8363743869822441e+43,100.0
984600,1.8546438646609608e+43,1.234375,1.854829329047427e+43,1.234375,1.854829329047427e+43,100.0
984700,1.8732824088034278e+43,1.234375,1.873469737044308e+43,1.234375,1.873469737044308e+43,100.0
984800,1.8921082640164283e+43,1.234375,1.89229747484283e+43,1.234375,1.89229747484283e+43,100.0
984900,1.911123312712931e+43,1.234375,1.9113144250442022e+43,1.234375,1.9113144250442022e+43,100.0
985000,1.9303294562235131e+43,1.234375,1.9305224891691355e+43,1.234375,1.9305224891691355e+43,100.0
985100,1.9497286149864824e+43,1.234375,1.949923587847981e+43,1.234375,1.949923587847981e+43,100.0
985200,1.9693227287399063e+43,1.234375,1.9695196610127804e+43,1.234375,1.9695196610127804e+43,100.0
985300,1.9891137567155625e+43,1.234375,1.989312668091234e+43,1.234375,1.989312668091234e+43,100.0
985400,2.0091036778348448e+43,1.234375,2.0093045882026282e+43,1.234375,2.0093045882026282e+43,100.0
985500,2.029294490906639e+43,1.234375,2.0294974203557298e+43,1.234375,2.0294974203557298e+43,100.0
985600,2.0496882148271845e+43,1.234375,2.049893183648667e+43,1.234375,2.049893183648667e+43,100.0
985700,2.0702868887819476e+43,1.234375,2.0704939174708258e+43,1.234375,2.0704939174708258e+43,100.0
985800,2.0910925724495162e+43,1.234375,2.0913016817067612e+43,1.234375,2.0913016817067612e+43,100.0
985900,2.1121073462075553e+43,1.234375,2.112318556942176e+43,1.234375,2.112318556942176e+43,100.0
986000,2.1333333113408212e+43,1.234375,2.1335466446719553e+43,1.234375,2.1335466446719553e+43,100.0
986100,2.1547725902512722e+43,1.234375,2.1549880675102975e+43,1.234375,2.1549880675102975e+43,100.0
986200,2.1764273266702874e+43,1.234375,2.1766449694029544e+43,1.234375,2.1766449694029544e+43,100.0
986300,2.1982996858730244e+43,1.234375,2.1985195158416117e+43,1.234375,2.1985195158416117e+43,100.0
986400,2.2203918548949233e+43,1.234375,2.2206138940804128e+43,1.234375,2.2206138940804128e+43,100.0
986500,2.242706042750391e+43,1.234375,2.242930313354666e+43,1.234375,2.242930313354666e+43,100.0
986600,2.265244480653681e+43,1.234375,2.2654710051017464e+43,1.234375,2.2654710051017464e+43,100.0
986700,2.2880094222420037e+43,1.234375,2.288238223184228e+43,1.234375,2.288238223184228e+43,100.0
986800,2.3110031438008494e+43,1.234375,2.3112342441152296e+43,1.234375,2.3112342441152296e+43,100.0
986900,2.334227944491619e+43,1.234375,2.3344613672860683e+43,1.234375,2.3344613672860683e+43,100.0
987000,2.3576861465815053e+43,1.234375,2.3579219151961636e+43,1.234375,2.3579219151961636e+43,100.0
987100,2.381380095675704e+43,1.234375,2.3816182336852715e+43,1.234375,2.3816182336852715e+43,100.0
987200,2.405312160951944e+43,1.234375,2.4055526921680394e+43,1.234375,2.4055526921680394e+43,100.0
987300,2.4294847353973957e+43,1.234375,2.4297276838709354e+43,1.234375,2.4297276838709354e+43,100.0
987400,2.453900236047938e+43,1.234375,2.454145626071543e+43,1.234375,2.454145626071543e+43,100.0
987500,2.4785611042298514e+43,1.234375,2.4788089603402744e+43,1.234375,2.4788089603402744e+43,100.0
987600,2.5034698058039074e+43,1.234375,2.5037201527844877e+43,1.234375,2.5037201527844877e+43,100.0
987700,2.528628831411954e+43,1.234375,2.528881694295095e+43,1.234375,2.528881694295095e+43,100.0
987800,2.5540406967259477e+43,1.234375,2.5542961007956205e+43,1.234375,2.5542961007956205e+43,100.0
987900,2.5797079426994957e+43,1.234375,2.5799659134937655e+43,1.234375,2.5799659134937655e+43,100.0
988000,2.6056331358219323e+43,1.234375,2.6058936991355146e+43,1.234375,2.6058936991355146e+43,100.0
988100,2.631818868374943e+43,1.234375,2.6320820502617804e+43,1.234375,2.6320820502617804e+43,100.0
988200,2.658267758691766e+43,1.234375,2.6585335854676353e+43,1.234375,2.6585335854676353e+43,100.0
988300,2.6849824514190036e+43,1.234375,2.6852509496641455e+43,1.234375,2.6852509496641455e+43,100.0
988400,2.7119656177810643e+43,1.234375,2.7122368143428425e+43,1.234375,2.7122368143428425e+43,100.0
988500,2.7392199558472587e+43,1.234375,2.7394938778428434e+43,1.234375,2.7394938778428434e+43,100.0
988600,2.7667481908015857e+43,1.234375,2.7670248656206656e+43,1.234375,2.7670248656206656e+43,100.0
988700,2.7945530752152154e+43,1.234375,2.794832530522737e+43,1.234375,2.794832530522737e+43,100.0
988800,2.822637389321734e+43,1.234375,2.8229196530606664e+43,1.234375,2.8229196530606664e+43,100.0
988900,2.8510039412951347e+43,1.234375,2.851289041689264e+43,1.234375,2.851289041689264e+43,100.0
989000,2.87965556753061e+43,1.234375,2.879943533087363e+43,1.234375,2.879943533087363e+43,100.0
989100,2.908595132928159e+43,1.234375,2.908885992441452e+43,1.234375,2.908885992441452e+43,100.0
989200,2.9378255311790696e+43,1.234375,2.9381193137321874e+43,1.234375,2.9381193137321874e+43,100.0
989300,2.9673496850552385e+43,1.234375,2.967646420023744e+43,1.234375,2.967646420023744e+43,100.0
989400,2.9971705467014424e+43,1.234375,2.9974702637561127e+43,1.234375,2.9974702637561127e+43,100.0
989500,3.0272910979305093e+43,1.234375,3.027593827040302e+43,1.234375,3.027593827040302e+43,100.0
989600,3.057714350521479e+43,1.234375,3.058020121956531e+43,1.234375,3.058020121956531e+43,100.0
989700,3.0884433465207555e+43,1.234375,3.0887521908554074e+43,1.234375,3.0887521908554074e+43,100.0
989800,3.11948115854628e+43,1.234375,3.1197931066621345e+43,1.234375,3.1197931066621345e+43,100.0
989900,3.1508308900947617e+43,1.234375,3.1511459731837714e+43,1.234375,3.1511459731837714e+43,100.0
990000,3.182495675852011e+43,1.234375,3.182813925419596e+43,1.234375,3.182813925419596e+43,100.0
990100,3.2144786820063624e+43,1.234375,3.214800129874563e+43,1.234375,3.214800129874563e+43,100.0
990200,3.246783106565277e+43,1.234375,3.2471077848759336e+43,1.234375,3.2471077848759336e+43,100.0
990300,3.279412179675113e+43,1.234375,3.2797401208930807e+43,1.234375,3.2797401208930807e+43,100.0
990400,3.3123691639441067e+43,1.234375,3.312700400860501e+43,1.234375,3.312700400860501e+43,100.0
990500,3.3456573547686076e+43,1.234375,3.3459919205040843e+43,1.234375,3.3459919205040843e+43,100.0
990600,3.3792800806625757e+43,1.234375,3.379618008670642e+43,1.234375,3.379618008670642e+43,100.0
990700,3.41324070359042e+43,1.234375,3.413582027660779e+43,1.234375,3.413582027660779e+43,100.0
990800,3.4475426193031517e+43,1.234375,3.447887373565082e+43,1.234375,3.447887373565082e+43,100.0
990900,3.4821892576779334e+43,1.234375,3.482537476603701e+43,1.234375,3.482537476603701e+43,100.0
991000,3.517184083061039e+43,1.234375,3.5175358014693453e+43,1.234375,3.5175358014693453e+43,100.0
991100,3.552530594614243e+43,1.234375,3.5528858476737045e+43,1.234375,3.5528858476737045e+43,100.0
991200,3.588232326664718e+43,1.234375,3.5885911498973846e+43,1.234375,3.5885911498973846e+43,100.0
991300,3.6242928490584325e+43,1.234375,3.6246552783433385e+43,1.234375,3.6246552783433385e+43,100.0
991400,3.660715767517095e+43,1.234375,3.6610818390938466e+43,1.234375,3.6610818390938466e+43,100.0
991500,3.697504723998704e+43,1.234375,3.697874474471104e+43,1.234375,3.697874474471104e+43,100.0
991600,3.7346633970617017e+43,1.234375,3.735036863401408e+43,1.234375,3.735036863401408e+43,100.0
991700,3.7721955022328003e+43,1.234375,3.7725727217830236e+43,1.234375,3.7725727217830236e+43,100.0
991800,3.810104792378506e+43,1.234375,3.810485802857744e+43,1.234375,3.810485802857744e+43,100.0
991900,3.8483950580803545e+43,1.234375,3.8487798975861623e+43,1.234375,3.8487798975861623e+43,100.0
992000,3.887070128013955e+43,1.234375,3.887458835026757e+43,1.234375,3.887458835026757e+43,100.0
992100,3.926133869331804e+43,1.234375,3.926526482718737e+43,1.234375,3.926526482718737e+43,100.0
992200,3.965590188049984e+43,1.234375,3.965986747068789e+43,1.234375,3.965986747068789e+43,100.0
992300,4.005443029438707e+43,1.234375,4.005843573741651e+43,1.234375,4.005843573741651e+43,100.0
992400,4.0456963784168274e+43,1.234375,4.046100948054669e+43,1.234375,4.046100948054669e+43,100.0
992500,4.0863542599502884e+43,1.234375,4.0867628953762835e+43,1.234375,4.0867628953762835e+43,100.0
992600,4.127420739454572e+43,1.234375,4.1278334815285176e+43,1.234375,4.1278334815285176e+43,100.0
992700,4.1688999232012176e+43,1.234375,4.1693168131935376e+43,1.234375,4.1693168131935376e+43,100.0
992800,4.210795958728406e+43,1.234375,4.211217038324279e+43,1.234375,4.211217038324279e+43,100.0
992900,4.253113035255671e+43,1.234375,4.253538346559197e+43,1.234375,4.253538346559197e+43,100.0
993000,4.295855384102793e+43,1.234375,4.296284969641203e+43,1.234375,4.296284969641203e+43,100.0
993100,4.339027279112887e+43,1.234375,4.3394611818407983e+43,1.234375,4.3394611818407983e+43,100.0
993200,4.382633037079742e+43,1.234375,4.38307130038345e+43,1.234375,4.38307130038345e+43,100.0
993300,4.426677018179468e+43,1.234375,4.427119685881286e+43,1.234375,4.427119685881286e+43,100.0
993400,4.471163626406469e+43,1.234375,4.471610742769109e+43,1.234375,4.471610742769109e+43,100.0
993500,4.516097310013812e+43,1.234375,4.516548919744813e+43,1.234375,4.516548919744813e+43,100.0
993600,4.561482561957995e+43,1.234375,4.561938710214191e+43,1.234375,4.561938710214191e+43,100.0
993700,4.607323920348214e+43,1.234375,4.607784652740249e+43,1.234375,4.607784652740249e+43,100.0
993800,4.653625968900136e+43,1.234375,4.654091331497026e+43,1.234375,4.654091331497026e+43,100.0
993900,4.700393337394208e+43,1.234375,4.700863376727948e+43,1.234375,4.700863376727948e+43,100.0
994000,4.747630702138621e+43,1.234375,4.748105465208835e+43,1.234375,4.748105465208835e+43,100.0
994100,4.795342786436872e+43,1.234375,4.795822320715515e+43,1.234375,4.795822320715515e+43,100.0
994200,4.84353436106007e+43,1.234375,4.844018714496176e+43,1.234375,4.844018714496176e+43,100.0
994300,4.892210244723956e+43,1.234375,4.892699465748429e+43,1.234375,4.892699465748429e+43,100.0
994400,4.941375304570737e+43,1.234375,4.941869442101193e+43,1.234375,4.941869442101193e+43,100.0
994500,4.991034456655749e+43,1.234375,4.991533560101415e+43,1.234375,4.991533560101415e+43,100.0
994600,5.041192666439038e+43,1.234375,5.041696785705682e+43,1.234375,5.041696785705682e+43,100.0
994700,5.091854949281832e+43,1.234375,5.092364134776761e+43,1.234375,5.092364134776761e+43,100.0
994800,5.14302637094805e+43,1.234375,5.143540673585145e+43,1.234375,5.143540673585145e+43,100.0
994900,5.194712048110822e+43,1.234375,5.195231519315633e+43,1.234375,5.195231519315633e+43,100.0
995000,5.246917148864123e+43,1.234375,5.247441840579009e+43,1.234375,5.247441840579009e+43,100.0
995100,5.299646893239523e+43,1.234375,5.300176857928847e+43,1.234375,5.300176857928847e+43,100.0
995200,5.352906553728142e+43,1.234375,5.353441844383515e+43,1.234375,5.353441844383515e+43,100.0
995300,5.406701455807849e+43,1.234375,5.40724212595343e+43,1.234375,5.40724212595343e+43,100.0
995400,5.461036978475777e+43,1.234375,5.461583082173625e+43,1.234375,5.461583082173625e+43,100.0
995500,5.515918554786157e+43,1.234375,5.516470146641635e+43,1.234375,5.516470146641635e+43,100.0
995600,5.571351672393577e+43,1.234375,5.571908807560816e+43,1.234375,5.571908807560816e+43,100.0
995700,5.627341874101712e+43,1.234375,5.627904608289121e+43,1.234375,5.627904608289121e+43,100.0
995800,5.683894758417523e+43,1.234375,5.684463147893365e+43,1.234375,5.684463147893365e+43,100.0
995900,5.741015980111087e+43,1.234375,5.741590081709099e+43,1.234375,5.741590081709099e+43,100.0
996000,5.798711250781002e+43,1.234375,5.799291121906081e+43,1.234375,5.799291121906081e+43,100.0
996100,5.856986339425501e+43,1.234375,5.857572038059443e+43,1.234375,5.857572038059443e+43,100.0
996200,5.915847073019317e+43,1.234375,5.916438657726619e+43,1.234375,5.916438657726619e+43,100.0
996300,5.975299337096289e+43,1.234375,5.975896867029999e+43,1.234375,5.975896867029999e+43,100.0
996400,6.03534907633789e+43,1.234375,6.035952611245524e+43,1.234375,6.035952611245524e+43,100.0
996500,6.09600229516764e+43,1.234375,6.096611895397157e+43,1.234375,6.096611895397157e+43,100.0
996600,6.157265058351468e+43,1.234375,6.157880784857303e+43,1.234375,6.157880784857303e+43,100.0
996700,6.219143491604167e+43,1.234375,6.219765405953327e+43,1.234375,6.219765405953327e+43,100.0
996800,6.281643782201895e+43,1.234375,6.282271946580115e+43,1.234375,6.282271946580115e+43,100.0
996900,6.344772179600839e+43,1.234375,6.3454066568188e+43,1.234375,6.3454066568188e+43,100.0
997000,6.408534996062103e+43,1.234375,6.409175849561709e+43,1.234375,6.409175849561709e+43,100.0
997100,6.472938607282893e+43,1.234375,6.473585901143622e+43,1.234375,6.473585901143622e+43,100.0
997200,6.537989453034015e+43,1.234375,6.538643251979318e+43,1.234375,6.538643251979318e+43,100.0
997300,6.60369403780379e+43,1.234375,6.60435440720757e+43,1.234375,6.60435440720757e+43,100.0
997400,6.670058931448451e+43,1.234375,6.670725937341595e+43,1.234375,6.670725937341595e+43,100.0
997500,6.737090769849075e+43,1.234375,6.73776447892606e+43,1.234375,6.73776447892606e+43,100.0
997600,6.804796255575086e+43,1.234375,6.805476735200643e+43,1.234375,6.805476735200643e+43,100.0
997700,6.873182158554482e+43,1.234375,6.873869476770338e+43,1.234375,6.873869476770338e+43,100.0
997800,6.942255316750734e+43,1.234375,6.942949542282409e+43,1.234375,6.942949542282409e+43,100.0
997900,7.012022636846548e+43,1.234375,7.012723839110233e+43,1.234375,7.012723839110233e+43,100.0
998000,7.082491094934451e+43,1.234375,7.083199344043944e+43,1.234375,7.083199344043944e+43,100.0
998100,7.15366773721434e+43,1.234375,7.154383103988061e+43,1.234375,7.154383103988061e+43,100.0
998200,7.225559680698049e+43,1.234375,7.226282236666119e+43,1.234375,7.226282236666119e+43,100.0
998300,7.298174113920972e+43,1.234375,7.298903931332364e+43,1.234375,7.298903931332364e+43,100.0
998400,7.371518297660851e+43,1.234375,7.372255449490617e+43,1.234375,7.372255449490617e+43,100.0
998500,7.445599565663793e+43,1.234375,7.446344125620359e+43,1.234375,7.446344125620359e+43,100.0
998600,7.520425325377572e+43,1.234375,7.521177367910109e+43,1.234375,7.521177367910109e+43,100.0
998700,7.596003058692318e+43,1.234375,7.596762658998186e+43,1.234375,7.596762658998186e+43,100.0
998800,7.672340322688626e+43,1.234375,7.673107556720895e+43,1.234375,7.673107556720895e+43,100.0
998900,7.749444750393194e+43,1.234375,7.750219694868234e+43,1.234375,7.750219694868234e+43,100.0
999000,7.827324051542055e+43,1.234375,7.828106783947209e+43,1.234375,7.828106783947209e+43,100.0
999100,7.905986013351489e+43,1.234375,7.906776611952824e+43,1.234375,7.906776611952824e+43,100.0
999200,7.985438501296672e+43,1.234375,7.986237045146802e+43,1.234375,7.986237045146802e+43,100.0
999300,8.065689459898145e+43,1.234375,8.066496028844134e+43,1.234375,8.066496028844134e+43,100.0
999400,8.146746913516185e+43,1.234375,8.147561588207537e+43,1.234375,8.147561588207537e+43,100.0
999500,8.228618967153206e+43,1.234375,8.229441829049922e+43,1.234375,8.229441829049922e+43,100.0
999600,8.311313807264122e+43,1.234375,8.312144938644848e+43,1.234375,8.312144938644848e+43,100.0
999700,8.394839702574982e+43,1.234375,8.39567918654524e+43,1.234375,8.39567918654524e+43,100.0
999800,8.479205004909714e+43,1.234375,8.480052925410205e+43,1.234375,8.480052925410205e+43,100.0
999900,8.564418150025271e+43,1.234375,8.565274591840273e+43,1.234375,8.565274591840273e+43,100.0
1000000,8.650487658455109e+43,1.234375,8.651352707220955e+43,1.234375,8.651352707220955e+43,100.0
